variant,method,seed,threshold,sample_id,tp,fp,fn,tn
paper,S1-only,42,0.3,SID03,334361,29777,22543,661895
paper,S1-only,43,0.3,SID03,336602,33915,20302,657757
paper,S1-only,44,0.3,SID03,333807,30382,23097,661290
paper,S1+AEF(t),42,0.3,SID03,341095,20577,15809,671095
paper,S1+AEF(t),43,0.3,SID03,343228,28657,13676,663015
paper,S1+AEF(t),44,0.3,SID03,340531,19029,16373,672643
paper,OPERA,,0.3,SID03,310497,41513,46407,650159
paper,S1-only,42,0.5,SID03,331085,23465,25819,668207
paper,S1-only,43,0.5,SID03,333527,27255,23377,664417
paper,S1-only,44,0.5,SID03,330295,23978,26609,667694
paper,S1+AEF(t),42,0.5,SID03,337575,14020,19329,677652
paper,S1+AEF(t),43,0.5,SID03,340193,20685,16711,670987
paper,S1+AEF(t),44,0.5,SID03,336846,12685,20058,678987
paper,OPERA,,0.5,SID03,310497,41513,46407,650159
g1_average,S1-only,42,0.3,SID03,3341,337,194,6532
g1_average,S1-only,43,0.3,SID03,3370,381,165,6488
g1_average,S1-only,44,0.3,SID03,3341,343,194,6526
g1_average,S1+AEF(t),42,0.3,SID03,3419,259,116,6610
g1_average,S1+AEF(t),43,0.3,SID03,3436,342,99,6527
g1_average,S1+AEF(t),44,0.3,SID03,3411,242,124,6627
g1_average,OPERA,,0.3,SID03,3098,407,437,6462
g1_average,S1-only,42,0.5,SID03,3309,219,226,6650
g1_average,S1-only,43,0.5,SID03,3322,258,213,6611
g1_average,S1-only,44,0.5,SID03,3297,230,238,6639
g1_average,S1+AEF(t),42,0.5,SID03,3351,136,184,6733
g1_average,S1+AEF(t),43,0.5,SID03,3382,202,153,6667
g1_average,S1+AEF(t),44,0.5,SID03,3352,125,183,6744
g1_average,OPERA,,0.5,SID03,3098,407,437,6462
g3_30m,S1-only,42,0.3,SID03,2885,56,37,6054
g3_30m,S1-only,43,0.3,SID03,2892,72,30,6038
g3_30m,S1-only,44,0.3,SID03,2884,53,38,6057
g3_30m,S1+AEF(t),42,0.3,SID03,2915,8,7,6102
g3_30m,S1+AEF(t),43,0.3,SID03,2917,26,5,6084
g3_30m,S1+AEF(t),44,0.3,SID03,2914,4,8,6106
g3_30m,OPERA,,0.3,SID03,2830,209,92,5901
g3_30m,S1-only,42,0.5,SID03,2879,18,43,6092
g3_30m,S1-only,43,0.5,SID03,2887,25,35,6085
g3_30m,S1-only,44,0.5,SID03,2869,21,53,6089
g3_30m,S1+AEF(t),42,0.5,SID03,2908,0,14,6110
g3_30m,S1+AEF(t),43,0.5,SID03,2910,3,12,6107
g3_30m,S1+AEF(t),44,0.5,SID03,2910,0,12,6110
g3_30m,OPERA,,0.5,SID03,2830,209,92,5901
g2,S1-only,42,0.3,SID03,331560,36240,23677,648923
g2,S1-only,43,0.3,SID03,334610,40490,20627,644673
g2,S1-only,44,0.3,SID03,331724,36676,23513,648487
g2,S1+AEF(t),42,0.3,SID03,338431,29369,16806,655794
g2,S1+AEF(t),43,0.3,SID03,340854,36946,14383,648217
g2,S1+AEF(t),44,0.3,SID03,337568,27732,17669,657431
g2,OPERA,,0.3,SID03,309160,41280,46077,643883
g2,S1-only,42,0.5,SID03,327511,25289,27726,659874
g2,S1-only,43,0.5,SID03,329361,28639,25876,656524
g2,S1-only,44,0.5,SID03,326450,26250,28787,658913
g2,S1+AEF(t),42,0.5,SID03,330865,17835,24372,667328
g2,S1+AEF(t),43,0.5,SID03,334663,23737,20574,661426
g2,S1+AEF(t),44,0.5,SID03,330647,17053,24590,668110
g2,OPERA,,0.5,SID03,309160,41280,46077,643883
g1_bilinear,S1-only,42,0.3,SID03,3345,364,190,6505
g1_bilinear,S1-only,43,0.3,SID03,3370,408,165,6461
g1_bilinear,S1-only,44,0.3,SID03,3343,375,192,6494
g1_bilinear,S1+AEF(t),42,0.3,SID03,3423,286,112,6583
g1_bilinear,S1+AEF(t),43,0.3,SID03,3435,372,100,6497
g1_bilinear,S1+AEF(t),44,0.3,SID03,3415,274,120,6595
g1_bilinear,OPERA,,0.3,SID03,3098,407,437,6462
g1_bilinear,S1-only,42,0.5,SID03,3306,221,229,6648
g1_bilinear,S1-only,43,0.5,SID03,3318,257,217,6612
g1_bilinear,S1-only,44,0.5,SID03,3292,227,243,6642
g1_bilinear,S1+AEF(t),42,0.5,SID03,3351,133,184,6736
g1_bilinear,S1+AEF(t),43,0.5,SID03,3377,200,158,6669
g1_bilinear,S1+AEF(t),44,0.5,SID03,3347,124,188,6745
g1_bilinear,OPERA,,0.5,SID03,3098,407,437,6462
g3_3m,S1-only,42,0.3,SID03,288361,6210,3839,604790
g3_3m,S1-only,43,0.3,SID03,288868,7453,3332,603547
g3_3m,S1-only,44,0.3,SID03,287581,6287,4619,604713
g3_3m,S1+AEF(t),42,0.3,SID03,291137,2277,1063,608723
g3_3m,S1+AEF(t),43,0.3,SID03,291340,4179,860,606821
g3_3m,S1+AEF(t),44,0.3,SID03,291116,1901,1084,609099
g3_3m,OPERA,,0.3,SID03,282130,21340,10070,589660
g3_3m,S1-only,42,0.5,SID03,287281,4173,4919,606827
g3_3m,S1-only,43,0.5,SID03,288004,5087,4196,605913
g3_3m,S1-only,44,0.5,SID03,286115,4237,6085,606763
g3_3m,S1+AEF(t),42,0.5,SID03,290647,1096,1553,609904
g3_3m,S1+AEF(t),43,0.5,SID03,290826,2243,1374,608757
g3_3m,S1+AEF(t),44,0.5,SID03,290743,841,1457,610159
g3_3m,OPERA,,0.5,SID03,282130,21340,10070,589660
g4,S1-only,42,0.3,SID03,3346,341,195,6522
g4,S1-only,43,0.3,SID03,3368,386,173,6477
g4,S1-only,44,0.3,SID03,3340,343,201,6520
g4,S1+AEF(t),42,0.3,SID03,3424,250,117,6613
g4,S1+AEF(t),43,0.3,SID03,3439,334,102,6529
g4,S1+AEF(t),44,0.3,SID03,3417,228,124,6635
g4,OPERA,,0.3,SID03,3105,400,436,6463
g4,S1-only,42,0.5,SID03,3307,219,234,6644
g4,S1-only,43,0.5,SID03,3336,260,205,6603
g4,S1-only,44,0.5,SID03,3300,230,241,6633
g4,S1+AEF(t),42,0.5,SID03,3361,130,180,6733
g4,S1+AEF(t),43,0.5,SID03,3390,192,151,6671
g4,S1+AEF(t),44,0.5,SID03,3353,118,188,6745
g4,OPERA,,0.5,SID03,3105,400,436,6463
paper,S1-only,42,0.3,SID04,139208,17064,24218,868086
paper,S1-only,43,0.3,SID04,139932,19161,23494,865989
paper,S1-only,44,0.3,SID04,139281,17451,24145,867699
paper,S1+AEF(t),42,0.3,SID04,145214,24872,18212,860278
paper,S1+AEF(t),43,0.3,SID04,144043,22449,19383,862701
paper,S1+AEF(t),44,0.3,SID04,143378,22248,20048,862902
paper,OPERA,,0.3,SID04,112169,41701,51257,843449
paper,S1-only,42,0.5,SID04,137998,13091,25428,872059
paper,S1-only,43,0.5,SID04,139005,14995,24421,870155
paper,S1-only,44,0.5,SID04,138091,13668,25335,871482
paper,S1+AEF(t),42,0.5,SID04,143667,19879,19759,865271
paper,S1+AEF(t),43,0.5,SID04,142478,17838,20948,867312
paper,S1+AEF(t),44,0.5,SID04,142083,17667,21343,867483
paper,OPERA,,0.5,SID04,112169,41701,51257,843449
g1_average,S1-only,42,0.3,SID04,1380,211,141,8672
g1_average,S1-only,43,0.3,SID04,1389,241,132,8642
g1_average,S1-only,44,0.3,SID04,1383,219,138,8664
g1_average,S1+AEF(t),42,0.3,SID04,1435,294,86,8589
g1_average,S1+AEF(t),43,0.3,SID04,1423,273,98,8610
g1_average,S1+AEF(t),44,0.3,SID04,1418,274,103,8609
g1_average,OPERA,,0.3,SID04,1111,430,410,8453
g1_average,S1-only,42,0.5,SID04,1360,119,161,8764
g1_average,S1-only,43,0.5,SID04,1375,146,146,8737
g1_average,S1-only,44,0.5,SID04,1364,127,157,8756
g1_average,S1+AEF(t),42,0.5,SID04,1415,203,106,8680
g1_average,S1+AEF(t),43,0.5,SID04,1401,185,120,8698
g1_average,S1+AEF(t),44,0.5,SID04,1400,177,121,8706
g1_average,OPERA,,0.5,SID04,1111,430,410,8453
g3_30m,S1-only,42,0.3,SID04,1085,19,2,7830
g3_30m,S1-only,43,0.3,SID04,1087,25,0,7824
g3_30m,S1-only,44,0.3,SID04,1085,22,2,7827
g3_30m,S1+AEF(t),42,0.3,SID04,1087,43,0,7806
g3_30m,S1+AEF(t),43,0.3,SID04,1087,34,0,7815
g3_30m,S1+AEF(t),44,0.3,SID04,1087,35,0,7814
g3_30m,OPERA,,0.3,SID04,984,355,103,7494
g3_30m,S1-only,42,0.5,SID04,1085,1,2,7848
g3_30m,S1-only,43,0.5,SID04,1085,5,2,7844
g3_30m,S1-only,44,0.5,SID04,1085,0,2,7849
g3_30m,S1+AEF(t),42,0.5,SID04,1087,6,0,7843
g3_30m,S1+AEF(t),43,0.5,SID04,1087,5,0,7844
g3_30m,S1+AEF(t),44,0.5,SID04,1087,4,0,7845
g3_30m,OPERA,,0.5,SID04,984,355,103,7494
g2,S1-only,42,0.3,SID04,136739,22361,24851,856449
g2,S1-only,43,0.3,SID04,137991,25009,23599,853801
g2,S1-only,44,0.3,SID04,137006,23194,24584,855616
g2,S1+AEF(t),42,0.3,SID04,142175,30725,19415,848085
g2,S1+AEF(t),43,0.3,SID04,141104,28496,20486,850314
g2,S1+AEF(t),44,0.3,SID04,140814,28386,20776,850424
g2,OPERA,,0.3,SID04,110559,41379,51031,837431
g2,S1-only,42,0.5,SID04,134000,13900,27590,864910
g2,S1-only,43,0.5,SID04,135487,16613,26103,862197
g2,S1-only,44,0.5,SID04,134427,14673,27163,864137
g2,S1+AEF(t),42,0.5,SID04,139878,21922,21712,856888
g2,S1+AEF(t),43,0.5,SID04,138434,20166,23156,858644
g2,S1+AEF(t),44,0.5,SID04,138294,19406,23296,859404
g2,OPERA,,0.5,SID04,110559,41379,51031,837431
g1_bilinear,S1-only,42,0.3,SID04,1383,231,138,8652
g1_bilinear,S1-only,43,0.3,SID04,1392,255,129,8628
g1_bilinear,S1-only,44,0.3,SID04,1384,239,137,8644
g1_bilinear,S1+AEF(t),42,0.3,SID04,1436,322,85,8561
g1_bilinear,S1+AEF(t),43,0.3,SID04,1421,302,100,8581
g1_bilinear,S1+AEF(t),44,0.3,SID04,1416,294,105,8589
g1_bilinear,OPERA,,0.3,SID04,1111,430,410,8453
g1_bilinear,S1-only,42,0.5,SID04,1360,121,161,8762
g1_bilinear,S1-only,43,0.5,SID04,1375,146,146,8737
g1_bilinear,S1-only,44,0.5,SID04,1364,130,157,8753
g1_bilinear,S1+AEF(t),42,0.5,SID04,1408,205,113,8678
g1_bilinear,S1+AEF(t),43,0.5,SID04,1399,184,122,8699
g1_bilinear,S1+AEF(t),44,0.5,SID04,1395,177,126,8706
g1_bilinear,OPERA,,0.5,SID04,1111,430,410,8453
g3_3m,S1-only,42,0.3,SID04,108510,2512,190,782388
g3_3m,S1-only,43,0.3,SID04,108569,3031,131,781869
g3_3m,S1-only,44,0.3,SID04,108498,2549,202,782351
g3_3m,S1+AEF(t),42,0.3,SID04,108699,4139,1,780761
g3_3m,S1+AEF(t),43,0.3,SID04,108700,3556,0,781344
g3_3m,S1+AEF(t),44,0.3,SID04,108699,3580,1,781320
g3_3m,OPERA,,0.3,SID04,98200,34714,10500,750186
g3_3m,S1-only,42,0.5,SID04,108350,1585,350,783315
g3_3m,S1-only,43,0.5,SID04,108475,2015,225,782885
g3_3m,S1-only,44,0.5,SID04,108365,1661,335,783239
g3_3m,S1+AEF(t),42,0.5,SID04,108695,2788,5,782112
g3_3m,S1+AEF(t),43,0.5,SID04,108693,2403,7,782497
g3_3m,S1+AEF(t),44,0.5,SID04,108691,2398,9,782502
g3_3m,OPERA,,0.5,SID04,98200,34714,10500,750186
g4,S1-only,42,0.3,SID04,1397,187,140,8578
g4,S1-only,43,0.3,SID04,1402,216,135,8549
g4,S1-only,44,0.3,SID04,1398,193,139,8572
g4,S1+AEF(t),42,0.3,SID04,1455,268,82,8497
g4,S1+AEF(t),43,0.3,SID04,1439,244,98,8521
g4,S1+AEF(t),44,0.3,SID04,1437,245,100,8520
g4,OPERA,,0.3,SID04,1117,403,420,8362
g4,S1-only,42,0.5,SID04,1377,108,160,8657
g4,S1-only,43,0.5,SID04,1391,135,146,8630
g4,S1-only,44,0.5,SID04,1380,119,157,8646
g4,S1+AEF(t),42,0.5,SID04,1427,184,110,8581
g4,S1+AEF(t),43,0.5,SID04,1421,163,116,8602
g4,S1+AEF(t),44,0.5,SID04,1416,166,121,8599
g4,OPERA,,0.5,SID04,1117,403,420,8362
paper,S1-only,42,0.3,SID05,552231,48996,4512,442837
paper,S1-only,43,0.3,SID05,553325,52022,3418,439811
paper,S1-only,44,0.3,SID05,552085,47189,4658,444644
paper,S1+AEF(t),42,0.3,SID05,553838,34143,2905,457690
paper,S1+AEF(t),43,0.3,SID05,554938,38310,1805,453523
paper,S1+AEF(t),44,0.3,SID05,554586,36505,2157,455328
paper,OPERA,,0.3,SID05,532571,23168,24172,468665
paper,S1-only,42,0.5,SID05,550892,44607,5851,447226
paper,S1-only,43,0.5,SID05,552256,47456,4487,444377
paper,S1-only,44,0.5,SID05,550627,42620,6116,449213
paper,S1+AEF(t),42,0.5,SID05,552685,29836,4058,461997
paper,S1+AEF(t),43,0.5,SID05,553979,33415,2764,458418
paper,S1+AEF(t),44,0.5,SID05,553533,31846,3210,459987
paper,OPERA,,0.5,SID05,532571,23168,24172,468665
g1_average,S1-only,42,0.3,SID05,5502,507,34,4361
g1_average,S1-only,43,0.3,SID05,5513,537,23,4331
g1_average,S1-only,44,0.3,SID05,5502,481,34,4387
g1_average,S1+AEF(t),42,0.3,SID05,5516,355,20,4513
g1_average,S1+AEF(t),43,0.3,SID05,5521,395,15,4473
g1_average,S1+AEF(t),44,0.3,SID05,5521,385,15,4483
g1_average,OPERA,,0.3,SID05,5321,234,215,4634
g1_average,S1-only,42,0.5,SID05,5483,431,53,4437
g1_average,S1-only,43,0.5,SID05,5493,460,43,4408
g1_average,S1-only,44,0.5,SID05,5482,419,54,4449
g1_average,S1+AEF(t),42,0.5,SID05,5497,293,39,4575
g1_average,S1+AEF(t),43,0.5,SID05,5513,326,23,4542
g1_average,S1+AEF(t),44,0.5,SID05,5506,313,30,4555
g1_average,OPERA,,0.5,SID05,5321,234,215,4634
g3_30m,S1-only,42,0.3,SID05,5148,253,5,4282
g3_30m,S1-only,43,0.3,SID05,5152,272,1,4263
g3_30m,S1-only,44,0.3,SID05,5148,234,5,4301
g3_30m,S1+AEF(t),42,0.3,SID05,5153,139,0,4396
g3_30m,S1+AEF(t),43,0.3,SID05,5153,154,0,4381
g3_30m,S1+AEF(t),44,0.3,SID05,5153,152,0,4383
g3_30m,OPERA,,0.3,SID05,5109,132,44,4403
g3_30m,S1-only,42,0.5,SID05,5144,201,9,4334
g3_30m,S1-only,43,0.5,SID05,5147,220,6,4315
g3_30m,S1-only,44,0.5,SID05,5144,192,9,4343
g3_30m,S1+AEF(t),42,0.5,SID05,5151,109,2,4426
g3_30m,S1+AEF(t),43,0.5,SID05,5153,124,0,4411
g3_30m,S1+AEF(t),44,0.5,SID05,5152,114,1,4421
g3_30m,OPERA,,0.5,SID05,5109,132,44,4403
g2,S1-only,42,0.3,SID05,548777,52123,3979,435521
g2,S1-only,43,0.3,SID05,549984,55016,2772,432628
g2,S1-only,44,0.3,SID05,548724,49576,4032,438068
g2,S1+AEF(t),42,0.3,SID05,549650,37450,3106,450194
g2,S1+AEF(t),43,0.3,SID05,550564,41036,2192,446608
g2,S1+AEF(t),44,0.3,SID05,550336,40264,2420,447380
g2,OPERA,,0.3,SID05,528896,23167,23860,464477
g2,S1-only,42,0.5,SID05,546762,44638,5994,443006
g2,S1-only,43,0.5,SID05,547827,47473,4929,440171
g2,S1-only,44,0.5,SID05,546666,43434,6090,444210
g2,S1+AEF(t),42,0.5,SID05,547614,31386,5142,456258
g2,S1+AEF(t),43,0.5,SID05,549219,34681,3537,452963
g2,S1+AEF(t),44,0.5,SID05,548704,33196,4052,454448
g2,OPERA,,0.5,SID05,528896,23167,23860,464477
g1_bilinear,S1-only,42,0.3,SID05,5507,519,29,4349
g1_bilinear,S1-only,43,0.3,SID05,5516,541,20,4327
g1_bilinear,S1-only,44,0.3,SID05,5507,495,29,4373
g1_bilinear,S1+AEF(t),42,0.3,SID05,5517,378,19,4490
g1_bilinear,S1+AEF(t),43,0.3,SID05,5526,412,10,4456
g1_bilinear,S1+AEF(t),44,0.3,SID05,5524,394,12,4474
g1_bilinear,OPERA,,0.3,SID05,5321,234,215,4634
g1_bilinear,S1-only,42,0.5,SID05,5484,433,52,4435
g1_bilinear,S1-only,43,0.5,SID05,5495,464,41,4404
g1_bilinear,S1-only,44,0.5,SID05,5484,420,52,4448
g1_bilinear,S1+AEF(t),42,0.5,SID05,5496,294,40,4574
g1_bilinear,S1+AEF(t),43,0.5,SID05,5513,332,23,4536
g1_bilinear,S1+AEF(t),44,0.5,SID05,5506,310,30,4558
g1_bilinear,OPERA,,0.5,SID05,5321,234,215,4634
g3_3m,S1-only,42,0.3,SID05,514502,23791,798,429709
g3_3m,S1-only,43,0.3,SID05,514842,25736,458,427764
g3_3m,S1-only,44,0.3,SID05,514554,22241,746,431259
g3_3m,S1+AEF(t),42,0.3,SID05,515141,13319,159,440181
g3_3m,S1+AEF(t),43,0.3,SID05,515251,15216,49,438284
g3_3m,S1+AEF(t),44,0.3,SID05,515230,14196,70,439304
g3_3m,OPERA,,0.3,SID05,508901,12898,6399,440602
g3_3m,S1-only,42,0.5,SID05,514161,20720,1139,432780
g3_3m,S1-only,43,0.5,SID05,514586,22370,714,431130
g3_3m,S1-only,44,0.5,SID05,514219,19125,1081,434375
g3_3m,S1+AEF(t),42,0.5,SID05,515031,11557,269,441943
g3_3m,S1+AEF(t),43,0.5,SID05,515175,12831,125,440669
g3_3m,S1+AEF(t),44,0.5,SID05,515143,11981,157,441519
g3_3m,OPERA,,0.5,SID05,508901,12898,6399,440602
g4,S1-only,42,0.3,SID05,5470,489,33,4310
g4,S1-only,43,0.3,SID05,5479,518,24,4281
g4,S1-only,44,0.3,SID05,5469,473,34,4326
g4,S1+AEF(t),42,0.3,SID05,5486,339,17,4460
g4,S1+AEF(t),43,0.3,SID05,5489,384,14,4415
g4,S1+AEF(t),44,0.3,SID05,5489,374,14,4425
g4,OPERA,,0.3,SID05,5265,219,238,4580
g4,S1-only,42,0.5,SID05,5450,432,53,4367
g4,S1-only,43,0.5,SID05,5462,446,41,4353
g4,S1-only,44,0.5,SID05,5450,404,53,4395
g4,S1+AEF(t),42,0.5,SID05,5470,275,33,4524
g4,S1+AEF(t),43,0.5,SID05,5483,310,20,4489
g4,S1+AEF(t),44,0.5,SID05,5478,288,25,4511
g4,OPERA,,0.5,SID05,5265,219,238,4580
paper,S1-only,42,0.3,SID06,738052,31173,12505,266846
paper,S1-only,43,0.3,SID06,741190,34862,9367,263157
paper,S1-only,44,0.3,SID06,733863,28420,16694,269599
paper,S1+AEF(t),42,0.3,SID06,738246,11003,12311,287016
paper,S1+AEF(t),43,0.3,SID06,742404,14749,8153,283270
paper,S1+AEF(t),44,0.3,SID06,741738,13568,8819,284451
paper,OPERA,,0.3,SID06,722076,8536,28481,289483
paper,S1-only,42,0.5,SID06,734734,28145,15823,269874
paper,S1-only,43,0.5,SID06,738853,31742,11704,266277
paper,S1-only,44,0.5,SID06,728306,24991,22251,273028
paper,S1+AEF(t),42,0.5,SID06,733350,7658,17207,290361
paper,S1+AEF(t),43,0.5,SID06,738642,10987,11915,287032
paper,S1+AEF(t),44,0.5,SID06,737544,9937,13013,288082
paper,OPERA,,0.5,SID06,722076,8536,28481,289483
g1_average,S1-only,42,0.3,SID06,7399,291,101,2613
g1_average,S1-only,43,0.3,SID06,7428,329,72,2575
g1_average,S1-only,44,0.3,SID06,7363,264,137,2640
g1_average,S1+AEF(t),42,0.3,SID06,7408,97,92,2807
g1_average,S1+AEF(t),43,0.3,SID06,7438,124,62,2780
g1_average,S1+AEF(t),44,0.3,SID06,7439,115,61,2789
g1_average,OPERA,,0.3,SID06,7193,73,307,2831
g1_average,S1-only,42,0.5,SID06,7349,252,151,2652
g1_average,S1-only,43,0.5,SID06,7392,279,108,2625
g1_average,S1-only,44,0.5,SID06,7279,220,221,2684
g1_average,S1+AEF(t),42,0.5,SID06,7327,55,173,2849
g1_average,S1+AEF(t),43,0.5,SID06,7388,79,112,2825
g1_average,S1+AEF(t),44,0.5,SID06,7377,76,123,2828
g1_average,OPERA,,0.5,SID06,7193,73,307,2831
g3_30m,S1-only,42,0.3,SID06,6991,101,21,2464
g3_30m,S1-only,43,0.3,SID06,7001,125,11,2440
g3_30m,S1-only,44,0.3,SID06,6974,91,38,2474
g3_30m,S1+AEF(t),42,0.3,SID06,7005,2,7,2563
g3_30m,S1+AEF(t),43,0.3,SID06,7009,7,3,2558
g3_30m,S1+AEF(t),44,0.3,SID06,7009,5,3,2560
g3_30m,OPERA,,0.3,SID06,6914,12,98,2553
g3_30m,S1-only,42,0.5,SID06,6969,81,43,2484
g3_30m,S1-only,43,0.5,SID06,6983,99,29,2466
g3_30m,S1-only,44,0.5,SID06,6935,68,77,2497
g3_30m,S1+AEF(t),42,0.5,SID06,6999,0,13,2565
g3_30m,S1+AEF(t),43,0.5,SID06,7006,1,6,2564
g3_30m,S1+AEF(t),44,0.5,SID06,7006,0,6,2565
g3_30m,OPERA,,0.5,SID06,6914,12,98,2553
g2,S1-only,42,0.3,SID06,736308,32692,11157,260243
g2,S1-only,43,0.3,SID06,739087,36613,8378,256322
g2,S1-only,44,0.3,SID06,732525,30175,14940,262760
g2,S1+AEF(t),42,0.3,SID06,736093,14407,11372,278528
g2,S1+AEF(t),43,0.3,SID06,738805,17395,8660,275540
g2,S1+AEF(t),44,0.3,SID06,738736,16664,8729,276271
g2,OPERA,,0.3,SID06,719461,8531,28004,284404
g2,S1-only,42,0.5,SID06,731449,28651,16016,264284
g2,S1-only,43,0.5,SID06,735354,31746,12111,261189
g2,S1-only,44,0.5,SID06,724645,25255,22820,267680
g2,S1+AEF(t),42,0.5,SID06,728749,9451,18716,283484
g2,S1+AEF(t),43,0.5,SID06,734132,12568,13333,280367
g2,S1+AEF(t),44,0.5,SID06,733343,11957,14122,280978
g2,OPERA,,0.5,SID06,719461,8531,28004,284404
g1_bilinear,S1-only,42,0.3,SID06,7410,298,90,2606
g1_bilinear,S1-only,43,0.3,SID06,7435,345,65,2559
g1_bilinear,S1-only,44,0.3,SID06,7373,271,127,2633
g1_bilinear,S1+AEF(t),42,0.3,SID06,7420,108,80,2796
g1_bilinear,S1+AEF(t),43,0.3,SID06,7446,139,54,2765
g1_bilinear,S1+AEF(t),44,0.3,SID06,7444,129,56,2775
g1_bilinear,OPERA,,0.3,SID06,7193,73,307,2831
g1_bilinear,S1-only,42,0.5,SID06,7353,251,147,2653
g1_bilinear,S1-only,43,0.5,SID06,7394,280,106,2624
g1_bilinear,S1-only,44,0.5,SID06,7277,224,223,2680
g1_bilinear,S1+AEF(t),42,0.5,SID06,7330,57,170,2847
g1_bilinear,S1+AEF(t),43,0.5,SID06,7387,82,113,2822
g1_bilinear,S1+AEF(t),44,0.5,SID06,7375,80,125,2824
g1_bilinear,OPERA,,0.5,SID06,7193,73,307,2831
g3_3m,S1-only,42,0.3,SID06,697958,9867,3242,246633
g3_3m,S1-only,43,0.3,SID06,699117,11897,2083,244603
g3_3m,S1-only,44,0.3,SID06,695945,8659,5255,247841
g3_3m,S1+AEF(t),42,0.3,SID06,699798,454,1402,256046
g3_3m,S1+AEF(t),43,0.3,SID06,700465,977,735,255523
g3_3m,S1+AEF(t),44,0.3,SID06,700441,747,759,255753
g3_3m,OPERA,,0.3,SID06,692118,1366,9082,255134
g3_3m,S1-only,42,0.5,SID06,696560,8299,4640,248201
g3_3m,S1-only,43,0.5,SID06,698219,10185,2981,246315
g3_3m,S1-only,44,0.5,SID06,693278,7160,7922,249340
g3_3m,S1+AEF(t),42,0.5,SID06,698756,150,2444,256350
g3_3m,S1+AEF(t),43,0.5,SID06,699806,453,1394,256047
g3_3m,S1+AEF(t),44,0.5,SID06,699773,258,1427,256242
g3_3m,OPERA,,0.5,SID06,692118,1366,9082,255134
g4,S1-only,42,0.3,SID06,7380,304,105,2615
g4,S1-only,43,0.3,SID06,7417,344,68,2575
g4,S1-only,44,0.3,SID06,7340,271,145,2648
g4,S1+AEF(t),42,0.3,SID06,7388,86,97,2833
g4,S1+AEF(t),43,0.3,SID06,7431,129,54,2790
g4,S1+AEF(t),44,0.3,SID06,7422,120,63,2799
g4,OPERA,,0.3,SID06,7216,50,269,2869
g4,S1-only,42,0.5,SID06,7334,248,151,2671
g4,S1-only,43,0.5,SID06,7371,294,114,2625
g4,S1-only,44,0.5,SID06,7263,221,222,2698
g4,S1+AEF(t),42,0.5,SID06,7320,55,165,2864
g4,S1+AEF(t),43,0.5,SID06,7374,75,111,2844
g4,S1+AEF(t),44,0.5,SID06,7366,70,119,2849
g4,OPERA,,0.5,SID06,7216,50,269,2869
paper,S1-only,42,0.3,SID14,115202,10934,12195,910245
paper,S1-only,43,0.3,SID14,117052,13145,10345,908034
paper,S1-only,44,0.3,SID14,114388,9927,13009,911252
paper,S1+AEF(t),42,0.3,SID14,117048,10875,10349,910304
paper,S1+AEF(t),43,0.3,SID14,116602,10090,10795,911089
paper,S1+AEF(t),44,0.3,SID14,116970,10827,10427,910352
paper,OPERA,,0.3,SID14,104766,15690,22631,905489
paper,S1-only,42,0.5,SID14,113147,8465,14250,912714
paper,S1-only,43,0.5,SID14,115534,10451,11863,910728
paper,S1-only,44,0.5,SID14,112032,7483,15365,913696
paper,S1+AEF(t),42,0.5,SID14,116069,7888,11328,913291
paper,S1+AEF(t),43,0.5,SID14,115391,7090,12006,914089
paper,S1+AEF(t),44,0.5,SID14,115985,7808,11412,913371
paper,OPERA,,0.5,SID14,104766,15690,22631,905489
g1_average,S1-only,42,0.3,SID14,1160,117,115,9012
g1_average,S1-only,43,0.3,SID14,1181,131,94,8998
g1_average,S1-only,44,0.3,SID14,1151,109,124,9020
g1_average,S1+AEF(t),42,0.3,SID14,1178,117,97,9012
g1_average,S1+AEF(t),43,0.3,SID14,1173,113,102,9016
g1_average,S1+AEF(t),44,0.3,SID14,1176,115,99,9014
g1_average,OPERA,,0.3,SID14,1005,175,270,8954
g1_average,S1-only,42,0.5,SID14,1134,70,141,9059
g1_average,S1-only,43,0.5,SID14,1151,83,124,9046
g1_average,S1-only,44,0.5,SID14,1117,61,158,9068
g1_average,S1+AEF(t),42,0.5,SID14,1162,65,113,9064
g1_average,S1+AEF(t),43,0.5,SID14,1150,59,125,9070
g1_average,S1+AEF(t),44,0.5,SID14,1158,66,117,9063
g1_average,OPERA,,0.5,SID14,1005,175,270,8954
g3_30m,S1-only,42,0.3,SID14,883,14,12,8802
g3_30m,S1-only,43,0.3,SID14,884,17,11,8799
g3_30m,S1-only,44,0.3,SID14,884,13,11,8803
g3_30m,S1+AEF(t),42,0.3,SID14,884,4,11,8812
g3_30m,S1+AEF(t),43,0.3,SID14,884,3,11,8813
g3_30m,S1+AEF(t),44,0.3,SID14,884,3,11,8813
g3_30m,OPERA,,0.3,SID14,807,114,88,8702
g3_30m,S1-only,42,0.5,SID14,882,2,13,8814
g3_30m,S1-only,43,0.5,SID14,884,4,11,8812
g3_30m,S1-only,44,0.5,SID14,882,1,13,8815
g3_30m,S1+AEF(t),42,0.5,SID14,884,2,11,8814
g3_30m,S1+AEF(t),43,0.5,SID14,883,2,12,8814
g3_30m,S1+AEF(t),44,0.5,SID14,884,2,11,8814
g3_30m,OPERA,,0.5,SID14,807,114,88,8702
g2,S1-only,42,0.3,SID14,113670,14030,12395,900305
g2,S1-only,43,0.3,SID14,115388,15812,10677,898523
g2,S1-only,44,0.3,SID14,112891,13109,13174,901226
g2,S1+AEF(t),42,0.3,SID14,115354,14146,10711,900189
g2,S1+AEF(t),43,0.3,SID14,114954,13646,11111,900689
g2,S1+AEF(t),44,0.3,SID14,115213,13887,10852,900448
g2,OPERA,,0.3,SID14,103566,15610,22499,898725
g2,S1-only,42,0.5,SID14,111078,9322,14987,905013
g2,S1-only,43,0.5,SID14,112629,10771,13436,903564
g2,S1-only,44,0.5,SID14,109638,8162,16427,906173
g2,S1+AEF(t),42,0.5,SID14,113085,9615,12980,904720
g2,S1+AEF(t),43,0.5,SID14,112095,8805,13970,905530
g2,S1+AEF(t),44,0.5,SID14,112866,9534,13199,904801
g2,OPERA,,0.5,SID14,103566,15610,22499,898725
g1_bilinear,S1-only,42,0.3,SID14,1164,123,111,9006
g1_bilinear,S1-only,43,0.3,SID14,1183,147,92,8982
g1_bilinear,S1-only,44,0.3,SID14,1159,119,116,9010
g1_bilinear,S1+AEF(t),42,0.3,SID14,1178,135,97,8994
g1_bilinear,S1+AEF(t),43,0.3,SID14,1175,128,100,9001
g1_bilinear,S1+AEF(t),44,0.3,SID14,1177,135,98,8994
g1_bilinear,OPERA,,0.3,SID14,1005,175,270,8954
g1_bilinear,S1-only,42,0.5,SID14,1132,69,143,9060
g1_bilinear,S1-only,43,0.5,SID14,1152,82,123,9047
g1_bilinear,S1-only,44,0.5,SID14,1116,63,159,9066
g1_bilinear,S1+AEF(t),42,0.5,SID14,1161,68,114,9061
g1_bilinear,S1+AEF(t),43,0.5,SID14,1150,60,125,9069
g1_bilinear,S1+AEF(t),44,0.5,SID14,1157,66,118,9063
g1_bilinear,OPERA,,0.5,SID14,1005,175,270,8954
g3_3m,S1-only,42,0.3,SID14,88120,1596,1380,880004
g3_3m,S1-only,43,0.3,SID14,88360,2205,1140,879395
g3_3m,S1-only,44,0.3,SID14,88189,1537,1311,880063
g3_3m,S1+AEF(t),42,0.3,SID14,88376,1181,1124,880419
g3_3m,S1+AEF(t),43,0.3,SID14,88336,1062,1164,880538
g3_3m,S1+AEF(t),44,0.3,SID14,88363,1164,1137,880436
g3_3m,OPERA,,0.3,SID14,83356,10392,6144,871208
g3_3m,S1-only,42,0.5,SID14,87873,994,1627,880606
g3_3m,S1-only,43,0.5,SID14,88260,1468,1240,880132
g3_3m,S1-only,44,0.5,SID14,87770,963,1730,880637
g3_3m,S1+AEF(t),42,0.5,SID14,88339,702,1161,880898
g3_3m,S1+AEF(t),43,0.5,SID14,88291,625,1209,880975
g3_3m,S1+AEF(t),44,0.5,SID14,88328,685,1172,880915
g3_3m,OPERA,,0.5,SID14,83356,10392,6144,871208
g4,S1-only,42,0.3,SID14,1141,129,108,9026
g4,S1-only,43,0.3,SID14,1163,150,86,9005
g4,S1-only,44,0.3,SID14,1133,119,116,9036
g4,S1+AEF(t),42,0.3,SID14,1154,138,95,9017
g4,S1+AEF(t),43,0.3,SID14,1150,124,99,9031
g4,S1+AEF(t),44,0.3,SID14,1157,136,92,9019
g4,OPERA,,0.3,SID14,1036,144,213,9011
g4,S1-only,42,0.5,SID14,1112,76,137,9079
g4,S1-only,43,0.5,SID14,1133,98,116,9057
g4,S1-only,44,0.5,SID14,1094,66,155,9089
g4,S1+AEF(t),42,0.5,SID14,1138,70,111,9085
g4,S1+AEF(t),43,0.5,SID14,1132,67,117,9088
g4,S1+AEF(t),44,0.5,SID14,1140,70,109,9085
g4,OPERA,,0.5,SID14,1036,144,213,9011
paper,S1-only,42,0.3,SID15,715269,6885,73016,253406
paper,S1-only,43,0.3,SID15,737599,10941,50686,249350
paper,S1-only,44,0.3,SID15,705585,6827,82700,253464
paper,S1+AEF(t),42,0.3,SID15,787077,62237,1208,198054
paper,S1+AEF(t),43,0.3,SID15,788175,83960,110,176331
paper,S1+AEF(t),44,0.3,SID15,788178,85099,107,175192
paper,OPERA,,0.3,SID15,734708,101677,53577,158614
paper,S1-only,42,0.5,SID15,703640,4562,84645,255729
paper,S1-only,43,0.5,SID15,726621,7636,61664,252655
paper,S1-only,44,0.5,SID15,694618,4545,93667,255746
paper,S1+AEF(t),42,0.5,SID15,785723,49234,2562,211057
paper,S1+AEF(t),43,0.5,SID15,787962,69940,323,190351
paper,S1+AEF(t),44,0.5,SID15,787952,71742,333,188549
paper,OPERA,,0.5,SID15,734708,101677,53577,158614
g1_average,S1-only,42,0.3,SID15,7120,57,722,2505
g1_average,S1-only,43,0.3,SID15,7345,108,497,2454
g1_average,S1-only,44,0.3,SID15,7016,56,826,2506
g1_average,S1+AEF(t),42,0.3,SID15,7838,608,4,1954
g1_average,S1+AEF(t),43,0.3,SID15,7842,828,0,1734
g1_average,S1+AEF(t),44,0.3,SID15,7842,842,0,1720
g1_average,OPERA,,0.3,SID15,7306,996,536,1566
g1_average,S1-only,42,0.5,SID15,6975,26,867,2536
g1_average,S1-only,43,0.5,SID15,7210,49,632,2513
g1_average,S1-only,44,0.5,SID15,6884,26,958,2536
g1_average,S1+AEF(t),42,0.5,SID15,7824,450,18,2112
g1_average,S1+AEF(t),43,0.5,SID15,7842,658,0,1904
g1_average,S1+AEF(t),44,0.5,SID15,7842,671,0,1891
g1_average,OPERA,,0.5,SID15,7306,996,536,1566
g3_30m,S1-only,42,0.3,SID15,6825,4,362,2063
g3_30m,S1-only,43,0.3,SID15,6971,6,216,2061
g3_30m,S1-only,44,0.3,SID15,6726,3,461,2064
g3_30m,S1+AEF(t),42,0.3,SID15,7187,187,0,1880
g3_30m,S1+AEF(t),43,0.3,SID15,7187,353,0,1714
g3_30m,S1+AEF(t),44,0.3,SID15,7187,357,0,1710
g3_30m,OPERA,,0.3,SID15,7031,898,156,1169
g3_30m,S1-only,42,0.5,SID15,6737,0,450,2067
g3_30m,S1-only,43,0.5,SID15,6896,0,291,2067
g3_30m,S1-only,44,0.5,SID15,6656,0,531,2067
g3_30m,S1+AEF(t),42,0.5,SID15,7187,95,0,1972
g3_30m,S1+AEF(t),43,0.5,SID15,7187,224,0,1843
g3_30m,S1+AEF(t),44,0.5,SID15,7187,232,0,1835
g3_30m,OPERA,,0.5,SID15,7031,898,156,1169
g2,S1-only,42,0.3,SID15,708003,9697,73146,249554
g2,S1-only,43,0.3,SID15,730130,15170,51019,244081
g2,S1-only,44,0.3,SID15,697797,9403,83352,249848
g2,S1+AEF(t),42,0.3,SID15,779663,64937,1486,194314
g2,S1+AEF(t),43,0.3,SID15,780869,86131,280,173120
g2,S1+AEF(t),44,0.3,SID15,780964,87436,185,171815
g2,OPERA,,0.3,SID15,727618,101511,53531,157740
g2,S1-only,42,0.5,SID15,694146,5954,87003,253297
g2,S1-only,43,0.5,SID15,716841,9059,64308,250192
g2,S1-only,44,0.5,SID15,685223,5777,95926,253474
g2,S1+AEF(t),42,0.5,SID15,777502,49898,3647,209353
g2,S1+AEF(t),43,0.5,SID15,780314,69686,835,189565
g2,S1+AEF(t),44,0.5,SID15,780346,70954,803,188297
g2,OPERA,,0.5,SID15,727618,101511,53531,157740
g1_bilinear,S1-only,42,0.3,SID15,7123,64,719,2498
g1_bilinear,S1-only,43,0.3,SID15,7356,120,486,2442
g1_bilinear,S1-only,44,0.3,SID15,7024,66,818,2496
g1_bilinear,S1+AEF(t),42,0.3,SID15,7838,637,4,1925
g1_bilinear,S1+AEF(t),43,0.3,SID15,7842,858,0,1704
g1_bilinear,S1+AEF(t),44,0.3,SID15,7842,851,0,1711
g1_bilinear,OPERA,,0.3,SID15,7306,996,536,1566
g1_bilinear,S1-only,42,0.5,SID15,6967,25,875,2537
g1_bilinear,S1-only,43,0.5,SID15,7196,51,646,2511
g1_bilinear,S1-only,44,0.5,SID15,6879,26,963,2536
g1_bilinear,S1+AEF(t),42,0.5,SID15,7824,461,18,2101
g1_bilinear,S1+AEF(t),43,0.5,SID15,7842,659,0,1903
g1_bilinear,S1+AEF(t),44,0.5,SID15,7842,680,0,1882
g1_bilinear,OPERA,,0.5,SID15,7306,996,536,1566
g3_3m,S1-only,42,0.3,SID15,681243,500,37457,206200
g3_3m,S1-only,43,0.3,SID15,696606,802,22094,205898
g3_3m,S1-only,44,0.3,SID15,671761,519,46939,206181
g3_3m,S1+AEF(t),42,0.3,SID15,718697,19169,3,187531
g3_3m,S1+AEF(t),43,0.3,SID15,718700,35092,0,171608
g3_3m,S1+AEF(t),44,0.3,SID15,718700,35609,0,171091
g3_3m,OPERA,,0.3,SID15,700391,91237,18309,115463
g3_3m,S1-only,42,0.5,SID15,673534,285,45166,206415
g3_3m,S1-only,43,0.5,SID15,689478,421,29222,206279
g3_3m,S1-only,44,0.5,SID15,664654,275,54046,206425
g3_3m,S1+AEF(t),42,0.5,SID15,718688,11548,12,195152
g3_3m,S1+AEF(t),43,0.5,SID15,718700,24150,0,182550
g3_3m,S1+AEF(t),44,0.5,SID15,718697,25236,3,181464
g3_3m,OPERA,,0.5,SID15,700391,91237,18309,115463
g4,S1-only,42,0.3,SID15,7040,70,721,2471
g4,S1-only,43,0.3,SID15,7275,116,486,2425
g4,S1-only,44,0.3,SID15,6945,73,816,2468
g4,S1+AEF(t),42,0.3,SID15,7752,638,9,1903
g4,S1+AEF(t),43,0.3,SID15,7761,837,0,1704
g4,S1+AEF(t),44,0.3,SID15,7761,858,0,1683
g4,OPERA,,0.3,SID15,7228,983,533,1558
g4,S1-only,42,0.5,SID15,6909,30,852,2511
g4,S1-only,43,0.5,SID15,7127,60,634,2481
g4,S1-only,44,0.5,SID15,6815,31,946,2510
g4,S1+AEF(t),42,0.5,SID15,7739,460,22,2081
g4,S1+AEF(t),43,0.5,SID15,7761,669,0,1872
g4,S1+AEF(t),44,0.5,SID15,7761,696,0,1845
g4,OPERA,,0.5,SID15,7228,983,533,1558
paper,S1-only,42,0.3,SID17,34968,17204,2320,994084
paper,S1-only,43,0.3,SID17,35189,18646,2099,992642
paper,S1-only,44,0.3,SID17,34878,17133,2410,994155
paper,S1+AEF(t),42,0.3,SID17,36721,23334,567,987954
paper,S1+AEF(t),43,0.3,SID17,36655,21878,633,989410
paper,S1+AEF(t),44,0.3,SID17,36689,22256,599,989032
paper,OPERA,,0.3,SID17,10752,1978,26536,1009310
paper,S1-only,42,0.5,SID17,34478,14065,2810,997223
paper,S1-only,43,0.5,SID17,34811,15100,2477,996188
paper,S1-only,44,0.5,SID17,34292,13930,2996,997358
paper,S1+AEF(t),42,0.5,SID17,36544,20122,744,991166
paper,S1+AEF(t),43,0.5,SID17,36469,18619,819,992669
paper,S1+AEF(t),44,0.5,SID17,36511,19036,777,992252
paper,OPERA,,0.5,SID17,10752,1978,26536,1009310
g1_average,S1-only,42,0.3,SID17,354,189,15,9846
g1_average,S1-only,43,0.3,SID17,356,207,13,9828
g1_average,S1-only,44,0.3,SID17,355,188,14,9847
g1_average,S1+AEF(t),42,0.3,SID17,367,268,2,9767
g1_average,S1+AEF(t),43,0.3,SID17,367,244,2,9791
g1_average,S1+AEF(t),44,0.3,SID17,367,253,2,9782
g1_average,OPERA,,0.3,SID17,109,18,260,10017
g1_average,S1-only,42,0.5,SID17,349,132,20,9903
g1_average,S1-only,43,0.5,SID17,352,142,17,9893
g1_average,S1-only,44,0.5,SID17,348,135,21,9900
g1_average,S1+AEF(t),42,0.5,SID17,367,204,2,9831
g1_average,S1+AEF(t),43,0.5,SID17,365,188,4,9847
g1_average,S1+AEF(t),44,0.5,SID17,367,191,2,9844
g1_average,OPERA,,0.5,SID17,109,18,260,10017
g3_30m,S1-only,42,0.3,SID17,138,34,1,9761
g3_30m,S1-only,43,0.3,SID17,139,47,0,9748
g3_30m,S1-only,44,0.3,SID17,139,40,0,9755
g3_30m,S1+AEF(t),42,0.3,SID17,139,64,0,9731
g3_30m,S1+AEF(t),43,0.3,SID17,139,47,0,9748
g3_30m,S1+AEF(t),44,0.3,SID17,139,51,0,9744
g3_30m,OPERA,,0.3,SID17,62,1,77,9794
g3_30m,S1-only,42,0.5,SID17,136,14,3,9781
g3_30m,S1-only,43,0.5,SID17,137,22,2,9773
g3_30m,S1-only,44,0.5,SID17,137,19,2,9776
g3_30m,S1+AEF(t),42,0.5,SID17,139,28,0,9767
g3_30m,S1+AEF(t),43,0.5,SID17,139,21,0,9774
g3_30m,S1+AEF(t),44,0.5,SID17,139,20,0,9775
g3_30m,OPERA,,0.5,SID17,62,1,77,9794
g2,S1-only,42,0.3,SID17,34772,19528,2440,983660
g2,S1-only,43,0.3,SID17,35036,21264,2176,981924
g2,S1-only,44,0.3,SID17,34768,19532,2444,983656
g2,S1+AEF(t),42,0.3,SID17,36535,26965,677,976223
g2,S1+AEF(t),43,0.3,SID17,36411,24689,801,978499
g2,S1+AEF(t),44,0.3,SID17,36515,25485,697,977703
g2,OPERA,,0.3,SID17,10715,1975,26497,1001213
g2,S1-only,42,0.5,SID17,33746,14354,3466,988834
g2,S1-only,43,0.5,SID17,34082,15318,3130,987870
g2,S1-only,44,0.5,SID17,33733,14567,3479,988621
g2,S1+AEF(t),42,0.5,SID17,36127,20973,1085,982215
g2,S1+AEF(t),43,0.5,SID17,35825,19475,1387,983713
g2,S1+AEF(t),44,0.5,SID17,35995,19805,1217,983383
g2,OPERA,,0.5,SID17,10715,1975,26497,1001213
g1_bilinear,S1-only,42,0.3,SID17,354,201,15,9834
g1_bilinear,S1-only,43,0.3,SID17,356,221,13,9814
g1_bilinear,S1-only,44,0.3,SID17,355,202,14,9833
g1_bilinear,S1+AEF(t),42,0.3,SID17,367,279,2,9756
g1_bilinear,S1+AEF(t),43,0.3,SID17,367,258,2,9777
g1_bilinear,S1+AEF(t),44,0.3,SID17,367,264,2,9771
g1_bilinear,OPERA,,0.3,SID17,109,18,260,10017
g1_bilinear,S1-only,42,0.5,SID17,348,133,21,9902
g1_bilinear,S1-only,43,0.5,SID17,351,142,18,9893
g1_bilinear,S1-only,44,0.5,SID17,347,135,22,9900
g1_bilinear,S1+AEF(t),42,0.5,SID17,367,205,2,9830
g1_bilinear,S1+AEF(t),43,0.5,SID17,365,189,4,9846
g1_bilinear,S1+AEF(t),44,0.5,SID17,367,191,2,9844
g1_bilinear,OPERA,,0.5,SID17,109,18,260,10017
g3_3m,S1-only,42,0.3,SID17,13712,3954,188,975546
g3_3m,S1-only,43,0.3,SID17,13761,5087,139,974413
g3_3m,S1-only,44,0.3,SID17,13705,4408,195,975092
g3_3m,S1+AEF(t),42,0.3,SID17,13892,5850,8,973650
g3_3m,S1+AEF(t),43,0.3,SID17,13891,5002,9,974498
g3_3m,S1+AEF(t),44,0.3,SID17,13893,5226,7,974274
g3_3m,OPERA,,0.3,SID17,5898,140,8002,979360
g3_3m,S1-only,42,0.5,SID17,13617,2744,283,976756
g3_3m,S1-only,43,0.5,SID17,13683,3514,217,975986
g3_3m,S1-only,44,0.5,SID17,13602,3132,298,976368
g3_3m,S1+AEF(t),42,0.5,SID17,13879,4287,21,975213
g3_3m,S1+AEF(t),43,0.5,SID17,13876,3520,24,975980
g3_3m,S1+AEF(t),44,0.5,SID17,13880,3696,20,975804
g3_3m,OPERA,,0.5,SID17,5898,140,8002,979360
g4,S1-only,42,0.3,SID17,361,182,19,9740
g4,S1-only,43,0.3,SID17,364,197,16,9725
g4,S1-only,44,0.3,SID17,359,178,21,9744
g4,S1+AEF(t),42,0.3,SID17,377,253,3,9669
g4,S1+AEF(t),43,0.3,SID17,376,233,4,9689
g4,S1+AEF(t),44,0.3,SID17,377,236,3,9686
g4,OPERA,,0.3,SID17,111,16,269,9906
g4,S1-only,42,0.5,SID17,352,126,28,9796
g4,S1-only,43,0.5,SID17,356,132,24,9790
g4,S1-only,44,0.5,SID17,351,125,29,9797
g4,S1+AEF(t),42,0.5,SID17,376,189,4,9733
g4,S1+AEF(t),43,0.5,SID17,376,167,4,9755
g4,S1+AEF(t),44,0.5,SID17,376,173,4,9749
g4,OPERA,,0.5,SID17,111,16,269,9906
paper,S1-only,42,0.3,SID18,54243,7542,82,986709
paper,S1-only,43,0.3,SID18,54241,10868,84,983383
paper,S1-only,44,0.3,SID18,54200,6554,125,987697
paper,S1+AEF(t),42,0.3,SID18,54325,11889,0,982362
paper,S1+AEF(t),43,0.3,SID18,54325,10450,0,983801
paper,S1+AEF(t),44,0.3,SID18,54325,9787,0,984464
paper,OPERA,,0.3,SID18,40559,20241,13766,974010
paper,S1-only,42,0.5,SID18,54024,5360,301,988891
paper,S1-only,43,0.5,SID18,53975,6992,350,987259
paper,S1-only,44,0.5,SID18,53956,4819,369,989432
paper,S1+AEF(t),42,0.5,SID18,54325,8359,0,985892
paper,S1+AEF(t),43,0.5,SID18,54325,8510,0,985741
paper,S1+AEF(t),44,0.5,SID18,54325,7914,0,986337
paper,OPERA,,0.5,SID18,40559,20241,13766,974010
g1_average,S1-only,42,0.3,SID18,539,91,0,9774
g1_average,S1-only,43,0.3,SID18,539,117,0,9748
g1_average,S1-only,44,0.3,SID18,539,82,0,9783
g1_average,S1+AEF(t),42,0.3,SID18,539,136,0,9729
g1_average,S1+AEF(t),43,0.3,SID18,539,122,0,9743
g1_average,S1+AEF(t),44,0.3,SID18,539,114,0,9751
g1_average,OPERA,,0.3,SID18,403,197,136,9668
g1_average,S1-only,42,0.5,SID18,536,49,3,9816
g1_average,S1-only,43,0.5,SID18,534,67,5,9798
g1_average,S1-only,44,0.5,SID18,534,45,5,9820
g1_average,S1+AEF(t),42,0.5,SID18,539,78,0,9787
g1_average,S1+AEF(t),43,0.5,SID18,539,86,0,9779
g1_average,S1+AEF(t),44,0.5,SID18,539,77,0,9788
g1_average,OPERA,,0.5,SID18,403,197,136,9668
g3_30m,S1-only,42,0.3,SID18,432,24,0,9735
g3_30m,S1-only,43,0.3,SID18,432,55,0,9704
g3_30m,S1-only,44,0.3,SID18,432,16,0,9743
g3_30m,S1+AEF(t),42,0.3,SID18,432,39,0,9720
g3_30m,S1+AEF(t),43,0.3,SID18,432,24,0,9735
g3_30m,S1+AEF(t),44,0.3,SID18,432,20,0,9739
g3_30m,OPERA,,0.3,SID18,380,195,52,9564
g3_30m,S1-only,42,0.5,SID18,432,4,0,9755
g3_30m,S1-only,43,0.5,SID18,432,23,0,9736
g3_30m,S1-only,44,0.5,SID18,432,2,0,9757
g3_30m,S1+AEF(t),42,0.5,SID18,432,5,0,9754
g3_30m,S1+AEF(t),43,0.5,SID18,432,11,0,9748
g3_30m,S1+AEF(t),44,0.5,SID18,432,6,0,9753
g3_30m,OPERA,,0.5,SID18,380,195,52,9564
g2,S1-only,42,0.3,SID18,53604,9396,395,977005
g2,S1-only,43,0.3,SID18,53564,12036,435,974365
g2,S1-only,44,0.3,SID18,53582,8518,417,977883
g2,S1+AEF(t),42,0.3,SID18,53967,13533,32,972868
g2,S1+AEF(t),43,0.3,SID18,53972,12128,27,974273
g2,S1+AEF(t),44,0.3,SID18,53954,11346,45,975055
g2,OPERA,,0.3,SID18,40342,20198,13657,966203
g2,S1-only,42,0.5,SID18,52915,5585,1084,980816
g2,S1-only,43,0.5,SID18,52765,7335,1234,979066
g2,S1-only,44,0.5,SID18,52782,5118,1217,981283
g2,S1+AEF(t),42,0.5,SID18,53750,7950,249,978451
g2,S1+AEF(t),43,0.5,SID18,53770,8730,229,977671
g2,S1+AEF(t),44,0.5,SID18,53737,7863,262,978538
g2,OPERA,,0.5,SID18,40342,20198,13657,966203
g1_bilinear,S1-only,42,0.3,SID18,539,97,0,9768
g1_bilinear,S1-only,43,0.3,SID18,539,130,0,9735
g1_bilinear,S1-only,44,0.3,SID18,539,89,0,9776
g1_bilinear,S1+AEF(t),42,0.3,SID18,539,141,0,9724
g1_bilinear,S1+AEF(t),43,0.3,SID18,539,126,0,9739
g1_bilinear,S1+AEF(t),44,0.3,SID18,539,123,0,9742
g1_bilinear,OPERA,,0.3,SID18,403,197,136,9668
g1_bilinear,S1-only,42,0.5,SID18,536,48,3,9817
g1_bilinear,S1-only,43,0.5,SID18,534,64,5,9801
g1_bilinear,S1-only,44,0.5,SID18,534,46,5,9819
g1_bilinear,S1+AEF(t),42,0.5,SID18,539,78,0,9787
g1_bilinear,S1+AEF(t),43,0.5,SID18,539,84,0,9781
g1_bilinear,S1+AEF(t),44,0.5,SID18,539,76,0,9789
g1_bilinear,OPERA,,0.5,SID18,403,197,136,9668
g3_3m,S1-only,42,0.3,SID18,43200,2371,0,973529
g3_3m,S1-only,43,0.3,SID18,43200,5948,0,969952
g3_3m,S1-only,44,0.3,SID18,43200,1551,0,974349
g3_3m,S1+AEF(t),42,0.3,SID18,43200,4258,0,971642
g3_3m,S1+AEF(t),43,0.3,SID18,43200,2693,0,973207
g3_3m,S1+AEF(t),44,0.3,SID18,43200,2356,0,973544
g3_3m,OPERA,,0.3,SID18,37187,19932,6013,955968
g3_3m,S1-only,42,0.5,SID18,43197,1243,3,974657
g3_3m,S1-only,43,0.5,SID18,43198,3095,2,972805
g3_3m,S1-only,44,0.5,SID18,43197,831,3,975069
g3_3m,S1+AEF(t),42,0.5,SID18,43200,1745,0,974155
g3_3m,S1+AEF(t),43,0.5,SID18,43200,1746,0,974154
g3_3m,S1+AEF(t),44,0.5,SID18,43200,1516,0,974384
g3_3m,OPERA,,0.5,SID18,37187,19932,6013,955968
g4,S1-only,42,0.3,SID18,534,87,0,9783
g4,S1-only,43,0.3,SID18,534,120,0,9750
g4,S1-only,44,0.3,SID18,534,80,0,9790
g4,S1+AEF(t),42,0.3,SID18,534,135,0,9735
g4,S1+AEF(t),43,0.3,SID18,534,117,0,9753
g4,S1+AEF(t),44,0.3,SID18,534,111,0,9759
g4,OPERA,,0.3,SID18,403,197,131,9673
g4,S1-only,42,0.5,SID18,533,55,1,9815
g4,S1-only,43,0.5,SID18,532,71,2,9799
g4,S1-only,44,0.5,SID18,532,51,2,9819
g4,S1+AEF(t),42,0.5,SID18,534,87,0,9783
g4,S1+AEF(t),43,0.5,SID18,534,88,0,9782
g4,S1+AEF(t),44,0.5,SID18,534,85,0,9785
g4,OPERA,,0.5,SID18,403,197,131,9673
paper,S1-only,42,0.3,SID21,295600,26210,8027,696638
paper,S1-only,43,0.3,SID21,296859,28805,6768,694043
paper,S1-only,44,0.3,SID21,294684,25442,8943,697406
paper,S1+AEF(t),42,0.3,SID21,297239,22519,6388,700329
paper,S1+AEF(t),43,0.3,SID21,298362,25731,5265,697117
paper,S1+AEF(t),44,0.3,SID21,297436,22634,6191,700214
paper,OPERA,,0.3,SID21,278014,28275,25613,694573
paper,S1-only,42,0.5,SID21,294337,24010,9290,698838
paper,S1-only,43,0.5,SID21,295723,26377,7904,696471
paper,S1-only,44,0.5,SID21,293339,23283,10288,699565
paper,S1+AEF(t),42,0.5,SID21,296278,20691,7349,702157
paper,S1+AEF(t),43,0.5,SID21,297570,23541,6057,699307
paper,S1+AEF(t),44,0.5,SID21,296546,20698,7081,702150
paper,OPERA,,0.5,SID21,278014,28275,25613,694573
g1_average,S1-only,42,0.3,SID21,2956,269,62,6897
g1_average,S1-only,43,0.3,SID21,2967,295,51,6871
g1_average,S1-only,44,0.3,SID21,2947,265,71,6901
g1_average,S1+AEF(t),42,0.3,SID21,2969,231,49,6935
g1_average,S1+AEF(t),43,0.3,SID21,2976,264,42,6902
g1_average,S1+AEF(t),44,0.3,SID21,2970,236,48,6930
g1_average,OPERA,,0.3,SID21,2789,293,229,6873
g1_average,S1-only,42,0.5,SID21,2936,237,82,6929
g1_average,S1-only,43,0.5,SID21,2954,254,64,6912
g1_average,S1-only,44,0.5,SID21,2927,224,91,6942
g1_average,S1+AEF(t),42,0.5,SID21,2952,201,66,6965
g1_average,S1+AEF(t),43,0.5,SID21,2967,224,51,6942
g1_average,S1+AEF(t),44,0.5,SID21,2954,202,64,6964
g1_average,OPERA,,0.5,SID21,2789,293,229,6873
g3_30m,S1-only,42,0.3,SID21,2769,138,15,6785
g3_30m,S1-only,43,0.3,SID21,2772,158,12,6765
g3_30m,S1-only,44,0.3,SID21,2767,134,17,6789
g3_30m,S1+AEF(t),42,0.3,SID21,2775,99,9,6824
g3_30m,S1+AEF(t),43,0.3,SID21,2777,123,7,6800
g3_30m,S1+AEF(t),44,0.3,SID21,2775,101,9,6822
g3_30m,OPERA,,0.3,SID21,2677,202,107,6721
g3_30m,S1-only,42,0.5,SID21,2759,115,25,6808
g3_30m,S1-only,43,0.5,SID21,2770,127,14,6796
g3_30m,S1-only,44,0.5,SID21,2759,106,25,6817
g3_30m,S1+AEF(t),42,0.5,SID21,2770,79,14,6844
g3_30m,S1+AEF(t),43,0.5,SID21,2773,95,11,6828
g3_30m,S1+AEF(t),44,0.5,SID21,2770,80,14,6843
g3_30m,OPERA,,0.5,SID21,2677,202,107,6721
g2,S1-only,42,0.3,SID21,294903,27597,6724,689075
g2,S1-only,43,0.3,SID21,295892,30308,5735,686364
g2,S1-only,44,0.3,SID21,294153,27047,7474,689625
g2,S1+AEF(t),42,0.3,SID21,296036,23964,5591,692708
g2,S1+AEF(t),43,0.3,SID21,296765,27235,4862,689437
g2,S1+AEF(t),44,0.3,SID21,296164,24436,5463,692236
g2,OPERA,,0.3,SID21,276546,27999,25081,688673
g2,S1-only,42,0.5,SID21,292839,24461,8788,692211
g2,S1-only,43,0.5,SID21,294685,26115,6942,690557
g2,S1-only,44,0.5,SID21,292084,23016,9543,693656
g2,S1+AEF(t),42,0.5,SID21,294549,20751,7078,695921
g2,S1+AEF(t),43,0.5,SID21,295853,23247,5774,693425
g2,S1+AEF(t),44,0.5,SID21,294713,20887,6914,695785
g2,OPERA,,0.5,SID21,276546,27999,25081,688673
g1_bilinear,S1-only,42,0.3,SID21,2958,273,60,6893
g1_bilinear,S1-only,43,0.3,SID21,2967,298,51,6868
g1_bilinear,S1-only,44,0.3,SID21,2952,269,66,6897
g1_bilinear,S1+AEF(t),42,0.3,SID21,2971,242,47,6924
g1_bilinear,S1+AEF(t),43,0.3,SID21,2976,269,42,6897
g1_bilinear,S1+AEF(t),44,0.3,SID21,2973,241,45,6925
g1_bilinear,OPERA,,0.3,SID21,2789,293,229,6873
g1_bilinear,S1-only,42,0.5,SID21,2935,238,83,6928
g1_bilinear,S1-only,43,0.5,SID21,2954,255,64,6911
g1_bilinear,S1-only,44,0.5,SID21,2925,225,93,6941
g1_bilinear,S1+AEF(t),42,0.5,SID21,2952,202,66,6964
g1_bilinear,S1+AEF(t),43,0.5,SID21,2966,224,52,6942
g1_bilinear,S1+AEF(t),44,0.5,SID21,2955,202,63,6964
g1_bilinear,OPERA,,0.5,SID21,2789,293,229,6873
g3_3m,S1-only,42,0.3,SID21,276340,12998,2060,679201
g3_3m,S1-only,43,0.3,SID21,276902,14965,1498,677234
g3_3m,S1-only,44,0.3,SID21,276226,12362,2174,679837
g3_3m,S1+AEF(t),42,0.3,SID21,277238,9464,1162,682735
g3_3m,S1+AEF(t),43,0.3,SID21,277554,11640,846,680559
g3_3m,S1+AEF(t),44,0.3,SID21,277297,9419,1103,682780
g3_3m,OPERA,,0.3,SID21,266160,18398,12240,673801
g3_3m,S1-only,42,0.5,SID21,275922,11503,2478,680696
g3_3m,S1-only,43,0.5,SID21,276552,13073,1848,679126
g3_3m,S1-only,44,0.5,SID21,275751,10884,2649,681315
g3_3m,S1+AEF(t),42,0.5,SID21,276935,8364,1465,683835
g3_3m,S1+AEF(t),43,0.5,SID21,277349,10205,1051,681994
g3_3m,S1+AEF(t),44,0.5,SID21,277018,8275,1382,683924
g3_3m,OPERA,,0.5,SID21,266160,18398,12240,673801
g4,S1-only,42,0.3,SID21,2912,272,56,6838
g4,S1-only,43,0.3,SID21,2920,291,48,6819
g4,S1-only,44,0.3,SID21,2899,263,69,6847
g4,S1+AEF(t),42,0.3,SID21,2919,233,49,6877
g4,S1+AEF(t),43,0.3,SID21,2933,268,35,6842
g4,S1+AEF(t),44,0.3,SID21,2923,232,45,6878
g4,OPERA,,0.3,SID21,2731,275,237,6835
g4,S1-only,42,0.5,SID21,2893,241,75,6869
g4,S1-only,43,0.5,SID21,2909,264,59,6846
g4,S1-only,44,0.5,SID21,2886,231,82,6879
g4,S1+AEF(t),42,0.5,SID21,2912,203,56,6907
g4,S1+AEF(t),43,0.5,SID21,2920,229,48,6881
g4,S1+AEF(t),44,0.5,SID21,2916,204,52,6906
g4,OPERA,,0.5,SID21,2731,275,237,6835
paper,S1-only,42,0.3,SID22,251436,19520,15401,566211
paper,S1-only,43,0.3,SID22,256279,35961,10558,549770
paper,S1-only,44,0.3,SID22,253428,21521,13409,564210
paper,S1+AEF(t),42,0.3,SID22,262695,28791,4142,556940
paper,S1+AEF(t),43,0.3,SID22,262500,27812,4337,557919
paper,S1+AEF(t),44,0.3,SID22,262701,29386,4136,556345
paper,OPERA,,0.3,SID22,206865,3915,59972,581816
paper,S1-only,42,0.5,SID22,247559,15159,19278,570572
paper,S1-only,43,0.5,SID22,254570,28652,12267,557079
paper,S1-only,44,0.5,SID22,250251,16895,16586,568836
paper,S1+AEF(t),42,0.5,SID22,262040,23829,4797,561902
paper,S1+AEF(t),43,0.5,SID22,261733,22875,5104,562856
paper,S1+AEF(t),44,0.5,SID22,262041,24137,4796,561594
paper,OPERA,,0.5,SID22,206865,3915,59972,581816
g1_average,S1-only,42,0.3,SID22,2538,203,135,5592
g1_average,S1-only,43,0.3,SID22,2581,378,92,5417
g1_average,S1-only,44,0.3,SID22,2555,224,118,5571
g1_average,S1+AEF(t),42,0.3,SID22,2639,307,34,5488
g1_average,S1+AEF(t),43,0.3,SID22,2636,300,37,5495
g1_average,S1+AEF(t),44,0.3,SID22,2637,320,36,5475
g1_average,OPERA,,0.3,SID22,2074,29,599,5766
g1_average,S1-only,42,0.5,SID22,2485,144,188,5651
g1_average,S1-only,43,0.5,SID22,2547,274,126,5521
g1_average,S1-only,44,0.5,SID22,2506,157,167,5638
g1_average,S1+AEF(t),42,0.5,SID22,2622,228,51,5567
g1_average,S1+AEF(t),43,0.5,SID22,2622,221,51,5574
g1_average,S1+AEF(t),44,0.5,SID22,2624,231,49,5564
g1_average,OPERA,,0.5,SID22,2074,29,599,5766
g3_30m,S1-only,42,0.3,SID22,2253,58,70,5427
g3_30m,S1-only,43,0.3,SID22,2269,182,54,5303
g3_30m,S1-only,44,0.3,SID22,2257,66,66,5419
g3_30m,S1+AEF(t),42,0.3,SID22,2302,73,21,5412
g3_30m,S1+AEF(t),43,0.3,SID22,2299,72,24,5413
g3_30m,S1+AEF(t),44,0.3,SID22,2300,84,23,5401
g3_30m,OPERA,,0.3,SID22,1993,10,330,5475
g3_30m,S1-only,42,0.5,SID22,2230,35,93,5450
g3_30m,S1-only,43,0.5,SID22,2254,115,69,5370
g3_30m,S1-only,44,0.5,SID22,2238,38,85,5447
g3_30m,S1+AEF(t),42,0.5,SID22,2297,37,26,5448
g3_30m,S1+AEF(t),43,0.5,SID22,2297,37,26,5448
g3_30m,S1+AEF(t),44,0.5,SID22,2298,38,25,5447
g3_30m,OPERA,,0.5,SID22,1993,10,330,5475
g2,S1-only,42,0.3,SID22,251429,22165,14489,558613
g2,S1-only,43,0.3,SID22,255958,39480,9960,541298
g2,S1-only,44,0.3,SID22,253145,24329,12773,556449
g2,S1+AEF(t),42,0.3,SID22,261576,32152,4342,548626
g2,S1+AEF(t),43,0.3,SID22,261244,31426,4674,549352
g2,S1+AEF(t),44,0.3,SID22,261420,33376,4498,547402
g2,OPERA,,0.3,SID22,206648,3912,59270,576866
g2,S1-only,42,0.5,SID22,246073,16437,19845,564341
g2,S1-only,43,0.5,SID22,252567,29271,13351,551507
g2,S1-only,44,0.5,SID22,248283,17675,17635,563103
g2,S1+AEF(t),42,0.5,SID22,259640,24362,6278,556416
g2,S1+AEF(t),43,0.5,SID22,259468,23660,6450,557118
g2,S1+AEF(t),44,0.5,SID22,259785,24615,6133,556163
g2,OPERA,,0.5,SID22,206648,3912,59270,576866
g1_bilinear,S1-only,42,0.3,SID22,2545,211,128,5584
g1_bilinear,S1-only,43,0.3,SID22,2582,390,91,5405
g1_bilinear,S1-only,44,0.3,SID22,2563,243,110,5552
g1_bilinear,S1+AEF(t),42,0.3,SID22,2639,325,34,5470
g1_bilinear,S1+AEF(t),43,0.3,SID22,2636,316,37,5479
g1_bilinear,S1+AEF(t),44,0.3,SID22,2638,332,35,5463
g1_bilinear,OPERA,,0.3,SID22,2074,29,599,5766
g1_bilinear,S1-only,42,0.5,SID22,2486,142,187,5653
g1_bilinear,S1-only,43,0.5,SID22,2547,274,126,5521
g1_bilinear,S1-only,44,0.5,SID22,2509,156,164,5639
g1_bilinear,S1+AEF(t),42,0.5,SID22,2623,228,50,5567
g1_bilinear,S1+AEF(t),43,0.5,SID22,2622,220,51,5575
g1_bilinear,S1+AEF(t),44,0.5,SID22,2625,231,48,5564
g1_bilinear,OPERA,,0.5,SID22,2074,29,599,5766
g3_3m,S1-only,42,0.3,SID22,223830,6288,7806,542922
g3_3m,S1-only,43,0.3,SID22,225751,17510,5885,531700
g3_3m,S1-only,44,0.3,SID22,224614,7280,7022,541930
g3_3m,S1+AEF(t),42,0.3,SID22,229374,7752,2262,541458
g3_3m,S1+AEF(t),43,0.3,SID22,229244,7562,2392,541648
g3_3m,S1+AEF(t),44,0.3,SID22,229358,8152,2278,541058
g3_3m,OPERA,,0.3,SID22,197240,1400,34396,547810
g3_3m,S1-only,42,0.5,SID22,221947,4311,9689,544899
g3_3m,S1-only,43,0.5,SID22,224991,12737,6645,536473
g3_3m,S1-only,44,0.5,SID22,223063,5132,8573,544078
g3_3m,S1+AEF(t),42,0.5,SID22,229234,5511,2402,543699
g3_3m,S1+AEF(t),43,0.5,SID22,229096,5436,2540,543774
g3_3m,S1+AEF(t),44,0.5,SID22,229220,5722,2416,543488
g3_3m,OPERA,,0.5,SID22,197240,1400,34396,547810
g4,S1-only,42,0.3,SID22,2518,206,130,5521
g4,S1-only,43,0.3,SID22,2558,381,90,5346
g4,S1-only,44,0.3,SID22,2540,233,108,5494
g4,S1+AEF(t),42,0.3,SID22,2613,311,35,5416
g4,S1+AEF(t),43,0.3,SID22,2611,298,37,5429
g4,S1+AEF(t),44,0.3,SID22,2615,320,33,5407
g4,OPERA,,0.3,SID22,2068,30,580,5697
g4,S1-only,42,0.5,SID22,2467,141,181,5586
g4,S1-only,43,0.5,SID22,2543,276,105,5451
g4,S1-only,44,0.5,SID22,2493,159,155,5568
g4,S1+AEF(t),42,0.5,SID22,2604,224,44,5503
g4,S1+AEF(t),43,0.5,SID22,2603,213,45,5514
g4,S1+AEF(t),44,0.5,SID22,2604,232,44,5495
g4,OPERA,,0.5,SID22,2068,30,580,5697
paper,S1-only,42,0.3,SID23,3102,2524,127776,890810
paper,S1-only,43,0.3,SID23,5178,4563,125700,888771
paper,S1-only,44,0.3,SID23,1995,2113,128883,891221
paper,S1+AEF(t),42,0.3,SID23,121366,8709,9512,884625
paper,S1+AEF(t),43,0.3,SID23,119234,7296,11644,886038
paper,S1+AEF(t),44,0.3,SID23,117446,6578,13432,886756
paper,OPERA,,0.3,SID23,123067,13773,7811,879561
paper,S1-only,42,0.5,SID23,2063,1754,128815,891580
paper,S1-only,43,0.5,SID23,4016,3323,126862,890011
paper,S1-only,44,0.5,SID23,1061,1174,129817,892160
paper,S1+AEF(t),42,0.5,SID23,117885,6474,12993,886860
paper,S1+AEF(t),43,0.5,SID23,115664,5354,15214,887980
paper,S1+AEF(t),44,0.5,SID23,113714,4920,17164,888414
paper,OPERA,,0.5,SID23,123067,13773,7811,879561
g1_average,S1-only,42,0.3,SID23,32,25,1274,8830
g1_average,S1-only,43,0.3,SID23,54,48,1252,8807
g1_average,S1-only,44,0.3,SID23,20,19,1286,8836
g1_average,S1+AEF(t),42,0.3,SID23,1223,94,83,8761
g1_average,S1+AEF(t),43,0.3,SID23,1198,79,108,8776
g1_average,S1+AEF(t),44,0.3,SID23,1183,73,123,8782
g1_average,OPERA,,0.3,SID23,1256,113,50,8742
g1_average,S1-only,42,0.5,SID23,21,16,1285,8839
g1_average,S1-only,43,0.5,SID23,36,35,1270,8820
g1_average,S1-only,44,0.5,SID23,9,11,1297,8844
g1_average,S1+AEF(t),42,0.5,SID23,1182,54,124,8801
g1_average,S1+AEF(t),43,0.5,SID23,1158,48,148,8807
g1_average,S1+AEF(t),44,0.5,SID23,1146,46,160,8809
g1_average,OPERA,,0.5,SID23,1256,113,50,8742
g3_30m,S1-only,42,0.3,SID23,18,9,1117,8658
g3_30m,S1-only,43,0.3,SID23,37,28,1098,8639
g3_30m,S1-only,44,0.3,SID23,8,4,1127,8663
g3_30m,S1+AEF(t),42,0.3,SID23,1099,30,36,8637
g3_30m,S1+AEF(t),43,0.3,SID23,1086,25,49,8642
g3_30m,S1+AEF(t),44,0.3,SID23,1078,26,57,8641
g3_30m,OPERA,,0.3,SID23,1127,37,8,8630
g3_30m,S1-only,42,0.5,SID23,10,3,1125,8664
g3_30m,S1-only,43,0.5,SID23,23,17,1112,8650
g3_30m,S1-only,44,0.5,SID23,5,2,1130,8665
g3_30m,S1+AEF(t),42,0.5,SID23,1075,18,60,8649
g3_30m,S1+AEF(t),43,0.5,SID23,1066,17,69,8650
g3_30m,S1+AEF(t),44,0.5,SID23,1053,17,82,8650
g3_30m,OPERA,,0.5,SID23,1127,37,8,8630
g2,S1-only,42,0.3,SID23,3149,2551,127729,882931
g2,S1-only,43,0.3,SID23,5415,4785,125463,880697
g2,S1-only,44,0.3,SID23,1975,1925,128903,883557
g2,S1+AEF(t),42,0.3,SID23,121286,10374,9592,875108
g2,S1+AEF(t),43,0.3,SID23,118790,8870,12088,876612
g2,S1+AEF(t),44,0.3,SID23,117390,8170,13488,877312
g2,OPERA,,0.3,SID23,123067,13533,7811,871949
g2,S1-only,42,0.5,SID23,2116,1584,128762,883898
g2,S1-only,43,0.5,SID23,3727,3373,127151,882109
g2,S1-only,44,0.5,SID23,1022,978,129856,884504
g2,S1+AEF(t),42,0.5,SID23,116928,6632,13950,878850
g2,S1+AEF(t),43,0.5,SID23,114765,5795,16113,879687
g2,S1+AEF(t),44,0.5,SID23,113457,5703,17421,879779
g2,OPERA,,0.5,SID23,123067,13533,7811,871949
g1_bilinear,S1-only,42,0.3,SID23,32,26,1274,8829
g1_bilinear,S1-only,43,0.3,SID23,55,48,1251,8807
g1_bilinear,S1-only,44,0.3,SID23,20,19,1286,8836
g1_bilinear,S1+AEF(t),42,0.3,SID23,1223,101,83,8754
g1_bilinear,S1+AEF(t),43,0.3,SID23,1204,84,102,8771
g1_bilinear,S1+AEF(t),44,0.3,SID23,1186,75,120,8780
g1_bilinear,OPERA,,0.3,SID23,1256,113,50,8742
g1_bilinear,S1-only,42,0.5,SID23,18,16,1288,8839
g1_bilinear,S1-only,43,0.5,SID23,35,31,1271,8824
g1_bilinear,S1-only,44,0.5,SID23,8,10,1298,8845
g1_bilinear,S1+AEF(t),42,0.5,SID23,1182,53,124,8802
g1_bilinear,S1+AEF(t),43,0.5,SID23,1155,49,151,8806
g1_bilinear,S1+AEF(t),44,0.5,SID23,1140,45,166,8810
g1_bilinear,OPERA,,0.5,SID23,1256,113,50,8742
g3_3m,S1-only,42,0.3,SID23,1791,989,111709,865971
g3_3m,S1-only,43,0.3,SID23,3496,2625,110004,864335
g3_3m,S1-only,44,0.3,SID23,954,700,112546,866260
g3_3m,S1+AEF(t),42,0.3,SID23,109502,3163,3998,863797
g3_3m,S1+AEF(t),43,0.3,SID23,108351,2625,5149,864335
g3_3m,S1+AEF(t),44,0.3,SID23,107286,2572,6214,864388
g3_3m,OPERA,,0.3,SID23,110790,5630,2710,861330
g3_3m,S1-only,42,0.5,SID23,1047,549,112453,866411
g3_3m,S1-only,43,0.5,SID23,2585,1679,110915,865281
g3_3m,S1-only,44,0.5,SID23,515,313,112985,866647
g3_3m,S1+AEF(t),42,0.5,SID23,107408,2434,6092,864526
g3_3m,S1+AEF(t),43,0.5,SID23,106364,1997,7136,864963
g3_3m,S1+AEF(t),44,0.5,SID23,104988,2070,8512,864890
g3_3m,OPERA,,0.5,SID23,110790,5630,2710,861330
g4,S1-only,42,0.3,SID23,29,27,1278,8632
g4,S1-only,43,0.3,SID23,51,50,1256,8609
g4,S1-only,44,0.3,SID23,17,22,1290,8637
g4,S1+AEF(t),42,0.3,SID23,1213,99,94,8560
g4,S1+AEF(t),43,0.3,SID23,1191,82,116,8577
g4,S1+AEF(t),44,0.3,SID23,1175,79,132,8580
g4,OPERA,,0.3,SID23,1235,128,72,8531
g4,S1-only,42,0.5,SID23,19,19,1288,8640
g4,S1-only,43,0.5,SID23,34,32,1273,8627
g4,S1-only,44,0.5,SID23,10,14,1297,8645
g4,S1+AEF(t),42,0.5,SID23,1173,69,134,8590
g4,S1+AEF(t),43,0.5,SID23,1151,58,156,8601
g4,S1+AEF(t),44,0.5,SID23,1129,52,178,8607
g4,OPERA,,0.5,SID23,1235,128,72,8531
paper,S1-only,42,0.3,SID25,28977,8485,4773,253734
paper,S1-only,43,0.3,SID25,28771,7762,4979,254457
paper,S1-only,44,0.3,SID25,28035,6175,5715,256044
paper,S1+AEF(t),42,0.3,SID25,31163,5752,2587,256467
paper,S1+AEF(t),43,0.3,SID25,31533,6640,2217,255579
paper,S1+AEF(t),44,0.3,SID25,31381,5938,2369,256281
paper,OPERA,,0.3,SID25,25761,3454,7989,258765
paper,S1-only,42,0.5,SID25,28593,6731,5157,255488
paper,S1-only,43,0.5,SID25,28425,6289,5325,255930
paper,S1-only,44,0.5,SID25,27037,4981,6713,257238
paper,S1+AEF(t),42,0.5,SID25,30605,4214,3145,258005
paper,S1+AEF(t),43,0.5,SID25,30951,5414,2799,256805
paper,S1+AEF(t),44,0.5,SID25,30746,4682,3004,257537
paper,OPERA,,0.5,SID25,25761,3454,7989,258765
g1_average,S1-only,42,0.3,SID25,304,91,44,2561
g1_average,S1-only,43,0.3,SID25,300,86,48,2566
g1_average,S1-only,44,0.3,SID25,293,67,55,2585
g1_average,S1+AEF(t),42,0.3,SID25,326,64,22,2588
g1_average,S1+AEF(t),43,0.3,SID25,331,72,17,2580
g1_average,S1+AEF(t),44,0.3,SID25,329,66,19,2586
g1_average,OPERA,,0.3,SID25,265,37,83,2615
g1_average,S1-only,42,0.5,SID25,296,69,52,2583
g1_average,S1-only,43,0.5,SID25,296,63,52,2589
g1_average,S1-only,44,0.5,SID25,283,47,65,2605
g1_average,S1+AEF(t),42,0.5,SID25,316,45,32,2607
g1_average,S1+AEF(t),43,0.5,SID25,320,57,28,2595
g1_average,S1+AEF(t),44,0.5,SID25,318,46,30,2606
g1_average,OPERA,,0.5,SID25,265,37,83,2615
g3_30m,S1-only,42,0.3,SID25,225,23,12,2501
g3_30m,S1-only,43,0.3,SID25,222,21,15,2503
g3_30m,S1-only,44,0.3,SID25,217,11,20,2513
g3_30m,S1+AEF(t),42,0.3,SID25,236,3,1,2521
g3_30m,S1+AEF(t),43,0.3,SID25,236,6,1,2518
g3_30m,S1+AEF(t),44,0.3,SID25,236,3,1,2521
g3_30m,OPERA,,0.3,SID25,213,7,24,2517
g3_30m,S1-only,42,0.5,SID25,220,14,17,2510
g3_30m,S1-only,43,0.5,SID25,220,8,17,2516
g3_30m,S1-only,44,0.5,SID25,212,5,25,2519
g3_30m,S1+AEF(t),42,0.5,SID25,235,1,2,2523
g3_30m,S1+AEF(t),43,0.5,SID25,235,2,2,2522
g3_30m,S1+AEF(t),44,0.5,SID25,235,2,2,2522
g3_30m,OPERA,,0.5,SID25,213,7,24,2517
g2,S1-only,42,0.3,SID25,30172,9328,4695,255805
g2,S1-only,43,0.3,SID25,29788,8812,5079,256321
g2,S1-only,44,0.3,SID25,28947,7053,5920,258080
g2,S1+AEF(t),42,0.3,SID25,32126,6874,2741,258259
g2,S1+AEF(t),43,0.3,SID25,32552,7748,2315,257385
g2,S1+AEF(t),44,0.3,SID25,32367,7133,2500,258000
g2,OPERA,,0.3,SID25,26789,3620,8078,261513
g2,S1-only,42,0.5,SID25,29336,7164,5531,257969
g2,S1-only,43,0.5,SID25,29298,6602,5569,258531
g2,S1-only,44,0.5,SID25,27863,5137,7004,259996
g2,S1+AEF(t),42,0.5,SID25,31061,5039,3806,260094
g2,S1+AEF(t),43,0.5,SID25,31586,6114,3281,259019
g2,S1+AEF(t),44,0.5,SID25,31174,5226,3693,259907
g2,OPERA,,0.5,SID25,26789,3620,8078,261513
g1_bilinear,S1-only,42,0.3,SID25,291,92,42,2504
g1_bilinear,S1-only,43,0.3,SID25,288,85,45,2511
g1_bilinear,S1-only,44,0.3,SID25,282,67,51,2529
g1_bilinear,S1+AEF(t),42,0.3,SID25,313,67,20,2529
g1_bilinear,S1+AEF(t),43,0.3,SID25,318,75,15,2521
g1_bilinear,S1+AEF(t),44,0.3,SID25,317,70,16,2526
g1_bilinear,OPERA,,0.3,SID25,250,35,83,2561
g1_bilinear,S1-only,42,0.5,SID25,283,65,50,2531
g1_bilinear,S1-only,43,0.5,SID25,283,60,50,2536
g1_bilinear,S1-only,44,0.5,SID25,269,45,64,2551
g1_bilinear,S1+AEF(t),42,0.5,SID25,302,45,31,2551
g1_bilinear,S1+AEF(t),43,0.5,SID25,305,56,28,2540
g1_bilinear,S1+AEF(t),44,0.5,SID25,304,44,29,2552
g1_bilinear,OPERA,,0.5,SID25,250,35,83,2561
g3_3m,S1-only,42,0.3,SID25,21423,2477,1397,246052
g3_3m,S1-only,43,0.3,SID25,21292,2045,1528,246484
g3_3m,S1-only,44,0.3,SID25,20880,1418,1940,247111
g3_3m,S1+AEF(t),42,0.3,SID25,22568,554,252,247975
g3_3m,S1+AEF(t),43,0.3,SID25,22613,793,207,247736
g3_3m,S1+AEF(t),44,0.3,SID25,22572,613,248,247916
g3_3m,OPERA,,0.3,SID25,20405,471,2415,248058
g3_3m,S1-only,42,0.5,SID25,21302,1561,1518,246968
g3_3m,S1-only,43,0.5,SID25,21142,1348,1678,247181
g3_3m,S1-only,44,0.5,SID25,20306,892,2514,247637
g3_3m,S1+AEF(t),42,0.5,SID25,22452,294,368,248235
g3_3m,S1+AEF(t),43,0.5,SID25,22491,511,329,248018
g3_3m,S1+AEF(t),44,0.5,SID25,22442,369,378,248160
g3_3m,OPERA,,0.5,SID25,20405,471,2415,248058
paper,S1-only,42,0.3,SID26,0,2646,20453,1025477
paper,S1-only,43,0.3,SID26,0,12029,20453,1016094
paper,S1-only,44,0.3,SID26,0,1536,20453,1026587
paper,S1+AEF(t),42,0.3,SID26,5867,1413,14586,1026710
paper,S1+AEF(t),43,0.3,SID26,5027,1191,15426,1026932
paper,S1+AEF(t),44,0.3,SID26,5833,1360,14620,1026763
paper,OPERA,,0.3,SID26,11646,41806,8807,986317
paper,S1-only,42,0.5,SID26,0,1620,20453,1026503
paper,S1-only,43,0.5,SID26,0,6792,20453,1021331
paper,S1-only,44,0.5,SID26,0,713,20453,1027410
paper,S1+AEF(t),42,0.5,SID26,4191,647,16262,1027476
paper,S1+AEF(t),43,0.5,SID26,3462,446,16991,1027677
paper,S1+AEF(t),44,0.5,SID26,4141,656,16312,1027467
paper,OPERA,,0.5,SID26,11646,41806,8807,986317
g1_average,S1-only,42,0.3,SID26,0,26,208,10170
g1_average,S1-only,43,0.3,SID26,0,125,208,10071
g1_average,S1-only,44,0.3,SID26,0,14,208,10182
g1_average,S1+AEF(t),42,0.3,SID26,57,18,151,10178
g1_average,S1+AEF(t),43,0.3,SID26,45,13,163,10183
g1_average,S1+AEF(t),44,0.3,SID26,56,15,152,10181
g1_average,OPERA,,0.3,SID26,118,418,90,9778
g1_average,S1-only,42,0.5,SID26,0,14,208,10182
g1_average,S1-only,43,0.5,SID26,0,69,208,10127
g1_average,S1-only,44,0.5,SID26,0,6,208,10190
g1_average,S1+AEF(t),42,0.5,SID26,36,5,172,10191
g1_average,S1+AEF(t),43,0.5,SID26,32,3,176,10193
g1_average,S1+AEF(t),44,0.5,SID26,36,3,172,10193
g1_average,OPERA,,0.5,SID26,118,418,90,9778
g3_30m,S1-only,42,0.3,SID26,0,26,18,9959
g3_30m,S1-only,43,0.3,SID26,0,125,18,9860
g3_30m,S1-only,44,0.3,SID26,0,14,18,9971
g3_30m,S1+AEF(t),42,0.3,SID26,7,4,11,9981
g3_30m,S1+AEF(t),43,0.3,SID26,7,3,11,9982
g3_30m,S1+AEF(t),44,0.3,SID26,7,4,11,9981
g3_30m,OPERA,,0.3,SID26,5,306,13,9679
g3_30m,S1-only,42,0.5,SID26,0,14,18,9971
g3_30m,S1-only,43,0.5,SID26,0,69,18,9916
g3_30m,S1-only,44,0.5,SID26,0,6,18,9979
g3_30m,S1+AEF(t),42,0.5,SID26,7,1,11,9984
g3_30m,S1+AEF(t),43,0.5,SID26,5,1,13,9984
g3_30m,S1+AEF(t),44,0.5,SID26,6,1,12,9984
g3_30m,OPERA,,0.5,SID26,5,306,13,9679
g2,S1-only,42,0.3,SID26,0,2600,20406,1017394
g2,S1-only,43,0.3,SID26,0,12500,20406,1007494
g2,S1-only,44,0.3,SID26,0,1400,20406,1018594
g2,S1+AEF(t),42,0.3,SID26,5005,2495,15401,1017499
g2,S1+AEF(t),43,0.3,SID26,4053,1747,16353,1018247
g2,S1+AEF(t),44,0.3,SID26,4949,2151,15457,1017843
g2,OPERA,,0.3,SID26,11606,41789,8800,978205
g2,S1-only,42,0.5,SID26,0,1400,20406,1018594
g2,S1-only,43,0.5,SID26,0,6900,20406,1013094
g2,S1-only,44,0.5,SID26,0,600,20406,1019394
g2,S1+AEF(t),42,0.5,SID26,3190,910,17216,1019084
g2,S1+AEF(t),43,0.5,SID26,2740,760,17666,1019234
g2,S1+AEF(t),44,0.5,SID26,3119,781,17287,1019213
g2,OPERA,,0.5,SID26,11606,41789,8800,978205
g1_bilinear,S1-only,42,0.3,SID26,0,26,208,10170
g1_bilinear,S1-only,43,0.3,SID26,0,125,208,10071
g1_bilinear,S1-only,44,0.3,SID26,0,14,208,10182
g1_bilinear,S1+AEF(t),42,0.3,SID26,54,17,154,10179
g1_bilinear,S1+AEF(t),43,0.3,SID26,46,13,162,10183
g1_bilinear,S1+AEF(t),44,0.3,SID26,55,17,153,10179
g1_bilinear,OPERA,,0.3,SID26,118,418,90,9778
g1_bilinear,S1-only,42,0.5,SID26,0,14,208,10182
g1_bilinear,S1-only,43,0.5,SID26,0,67,208,10129
g1_bilinear,S1-only,44,0.5,SID26,0,6,208,10190
g1_bilinear,S1+AEF(t),42,0.5,SID26,34,4,174,10192
g1_bilinear,S1+AEF(t),43,0.5,SID26,24,2,184,10194
g1_bilinear,S1+AEF(t),44,0.5,SID26,32,3,176,10193
g1_bilinear,OPERA,,0.5,SID26,118,418,90,9778
g3_3m,S1-only,42,0.3,SID26,0,2646,1800,995854
g3_3m,S1-only,43,0.3,SID26,0,12029,1800,986471
g3_3m,S1-only,44,0.3,SID26,0,1536,1800,996964
g3_3m,S1+AEF(t),42,0.3,SID26,766,394,1034,998106
g3_3m,S1+AEF(t),43,0.3,SID26,693,355,1107,998145
g3_3m,S1+AEF(t),44,0.3,SID26,690,402,1110,998098
g3_3m,OPERA,,0.3,SID26,537,30819,1263,967681
g3_3m,S1-only,42,0.5,SID26,0,1620,1800,996880
g3_3m,S1-only,43,0.5,SID26,0,6792,1800,991708
g3_3m,S1-only,44,0.5,SID26,0,713,1800,997787
g3_3m,S1+AEF(t),42,0.5,SID26,660,244,1140,998256
g3_3m,S1+AEF(t),43,0.5,SID26,531,211,1269,998289
g3_3m,S1+AEF(t),44,0.5,SID26,546,252,1254,998248
g3_3m,OPERA,,0.5,SID26,537,30819,1263,967681
paper,S1-only,42,0.3,SID27,1616,4144,8214,770512
paper,S1-only,43,0.3,SID27,1550,7530,8280,767126
paper,S1-only,44,0.3,SID27,943,2425,8887,772231
paper,S1+AEF(t),42,0.3,SID27,9175,9522,655,765134
paper,S1+AEF(t),43,0.3,SID27,8707,7429,1123,767227
paper,S1+AEF(t),44,0.3,SID27,9237,9380,593,765276
paper,OPERA,,0.3,SID27,989,691,8841,773965
paper,S1-only,42,0.5,SID27,1221,2987,8609,771669
paper,S1-only,43,0.5,SID27,1246,5956,8584,768700
paper,S1-only,44,0.5,SID27,519,1705,9311,772951
paper,S1+AEF(t),42,0.5,SID27,8850,7187,980,767469
paper,S1+AEF(t),43,0.5,SID27,7975,5276,1855,769380
paper,S1+AEF(t),44,0.5,SID27,8817,6910,1013,767746
paper,OPERA,,0.5,SID27,989,691,8841,773965
g1_average,S1-only,42,0.3,SID27,15,46,79,7636
g1_average,S1-only,43,0.3,SID27,16,80,78,7602
g1_average,S1-only,44,0.3,SID27,9,23,85,7659
g1_average,S1+AEF(t),42,0.3,SID27,90,111,4,7571
g1_average,S1+AEF(t),43,0.3,SID27,86,91,8,7591
g1_average,S1+AEF(t),44,0.3,SID27,92,112,2,7570
g1_average,OPERA,,0.3,SID27,12,4,82,7678
g1_average,S1-only,42,0.5,SID27,10,25,84,7657
g1_average,S1-only,43,0.5,SID27,11,56,83,7626
g1_average,S1-only,44,0.5,SID27,5,14,89,7668
g1_average,S1+AEF(t),42,0.5,SID27,83,74,11,7608
g1_average,S1+AEF(t),43,0.5,SID27,73,54,21,7628
g1_average,S1+AEF(t),44,0.5,SID27,82,66,12,7616
g1_average,OPERA,,0.5,SID27,12,4,82,7678
g3_30m,S1-only,42,0.3,SID27,0,36,1,7498
g3_30m,S1-only,43,0.3,SID27,0,70,1,7464
g3_30m,S1-only,44,0.3,SID27,0,21,1,7513
g3_30m,S1+AEF(t),42,0.3,SID27,1,17,0,7517
g3_30m,S1+AEF(t),43,0.3,SID27,1,16,0,7518
g3_30m,S1+AEF(t),44,0.3,SID27,1,20,0,7514
g3_30m,OPERA,,0.3,SID27,0,2,1,7532
g3_30m,S1-only,42,0.5,SID27,0,22,1,7512
g3_30m,S1-only,43,0.5,SID27,0,51,1,7483
g3_30m,S1-only,44,0.5,SID27,0,14,1,7520
g3_30m,S1+AEF(t),42,0.5,SID27,1,11,0,7523
g3_30m,S1+AEF(t),43,0.5,SID27,1,8,0,7526
g3_30m,S1+AEF(t),44,0.5,SID27,1,8,0,7526
g3_30m,OPERA,,0.5,SID27,0,2,1,7532
g2,S1-only,42,0.3,SID27,1356,4744,8416,763134
g2,S1-only,43,0.3,SID27,1368,8222,8404,759656
g2,S1-only,44,0.3,SID27,693,2527,9079,765351
g2,S1+AEF(t),42,0.3,SID27,8914,11186,858,756692
g2,S1+AEF(t),43,0.3,SID27,8312,9388,1460,758490
g2,S1+AEF(t),44,0.3,SID27,9002,11398,770,756480
g2,OPERA,,0.3,SID27,931,669,8841,767209
g2,S1-only,42,0.5,SID27,847,2673,8925,765205
g2,S1-only,43,0.5,SID27,956,5734,8816,762144
g2,S1-only,44,0.5,SID27,331,1599,9441,766279
g2,S1+AEF(t),42,0.5,SID27,7869,7831,1903,760047
g2,S1+AEF(t),43,0.5,SID27,6747,5953,3025,761925
g2,S1+AEF(t),44,0.5,SID27,7689,7111,2083,760767
g2,OPERA,,0.5,SID27,931,669,8841,767209
g1_bilinear,S1-only,42,0.3,SID27,15,49,79,7633
g1_bilinear,S1-only,43,0.3,SID27,15,79,79,7603
g1_bilinear,S1-only,44,0.3,SID27,9,23,85,7659
g1_bilinear,S1+AEF(t),42,0.3,SID27,91,117,3,7565
g1_bilinear,S1+AEF(t),43,0.3,SID27,86,99,8,7583
g1_bilinear,S1+AEF(t),44,0.3,SID27,91,117,3,7565
g1_bilinear,OPERA,,0.3,SID27,12,4,82,7678
g1_bilinear,S1-only,42,0.5,SID27,9,23,85,7659
g1_bilinear,S1-only,43,0.5,SID27,10,56,84,7626
g1_bilinear,S1-only,44,0.5,SID27,2,14,92,7668
g1_bilinear,S1+AEF(t),42,0.5,SID27,83,71,11,7611
g1_bilinear,S1+AEF(t),43,0.5,SID27,70,51,24,7631
g1_bilinear,S1+AEF(t),44,0.5,SID27,81,65,13,7617
g1_bilinear,OPERA,,0.5,SID27,12,4,82,7678
g3_3m,S1-only,42,0.3,SID27,0,3406,100,750044
g3_3m,S1-only,43,0.3,SID27,0,6612,100,746838
g3_3m,S1-only,44,0.3,SID27,0,2114,100,751336
g3_3m,S1+AEF(t),42,0.3,SID27,100,2275,0,751175
g3_3m,S1+AEF(t),43,0.3,SID27,100,1807,0,751643
g3_3m,S1+AEF(t),44,0.3,SID27,100,2280,0,751170
g3_3m,OPERA,,0.3,SID27,0,250,100,753200
g3_3m,S1-only,42,0.5,SID27,0,2573,100,750877
g3_3m,S1-only,43,0.5,SID27,0,5393,100,748057
g3_3m,S1-only,44,0.5,SID27,0,1562,100,751888
g3_3m,S1+AEF(t),42,0.5,SID27,100,1488,0,751962
g3_3m,S1+AEF(t),43,0.5,SID27,100,1219,0,752231
g3_3m,S1+AEF(t),44,0.5,SID27,100,1471,0,751979
g3_3m,OPERA,,0.5,SID27,0,250,100,753200
g4,S1-only,42,0.3,SID27,14,44,79,7560
g4,S1-only,43,0.3,SID27,17,79,76,7525
g4,S1-only,44,0.3,SID27,9,21,84,7583
g4,S1+AEF(t),42,0.3,SID27,90,111,3,7493
g4,S1+AEF(t),43,0.3,SID27,86,93,7,7511
g4,S1+AEF(t),44,0.3,SID27,91,111,2,7493
g4,OPERA,,0.3,SID27,11,5,82,7599
g4,S1-only,42,0.5,SID27,10,28,83,7576
g4,S1-only,43,0.5,SID27,11,57,82,7547
g4,S1-only,44,0.5,SID27,4,16,89,7588
g4,S1+AEF(t),42,0.5,SID27,85,75,8,7529
g4,S1+AEF(t),43,0.5,SID27,73,50,20,7554
g4,S1+AEF(t),44,0.5,SID27,86,72,7,7532
g4,OPERA,,0.5,SID27,11,5,82,7599
paper,S1-only,42,0.3,SID28,519223,11538,5421,511654
paper,S1-only,43,0.3,SID28,522022,16492,2622,506700
paper,S1-only,44,0.3,SID28,518700,11557,5944,511635
paper,S1+AEF(t),42,0.3,SID28,524644,155684,0,367508
paper,S1+AEF(t),43,0.3,SID28,524644,157940,0,365252
paper,S1+AEF(t),44,0.3,SID28,524644,163005,0,360187
paper,OPERA,,0.3,SID28,512251,122997,12393,400195
paper,S1-only,42,0.5,SID28,517176,8480,7468,514712
paper,S1-only,43,0.5,SID28,520906,12587,3738,510605
paper,S1-only,44,0.5,SID28,515860,8530,8784,514662
paper,S1+AEF(t),42,0.5,SID28,524644,130645,0,392547
paper,S1+AEF(t),43,0.5,SID28,524644,134079,0,389113
paper,S1+AEF(t),44,0.5,SID28,524644,133979,0,389213
paper,OPERA,,0.5,SID28,512251,122997,12393,400195
g1_average,S1-only,42,0.3,SID28,5173,128,44,5052
g1_average,S1-only,43,0.3,SID28,5197,182,20,4998
g1_average,S1-only,44,0.3,SID28,5170,127,47,5053
g1_average,S1+AEF(t),42,0.3,SID28,5217,1564,0,3616
g1_average,S1+AEF(t),43,0.3,SID28,5217,1575,0,3605
g1_average,S1+AEF(t),44,0.3,SID28,5217,1633,0,3547
g1_average,OPERA,,0.3,SID28,5097,1191,120,3989
g1_average,S1-only,42,0.5,SID28,5145,76,72,5104
g1_average,S1-only,43,0.5,SID28,5186,114,31,5066
g1_average,S1-only,44,0.5,SID28,5130,73,87,5107
g1_average,S1+AEF(t),42,0.5,SID28,5217,1296,0,3884
g1_average,S1+AEF(t),43,0.5,SID28,5217,1328,0,3852
g1_average,S1+AEF(t),44,0.5,SID28,5217,1324,0,3856
g1_average,OPERA,,0.5,SID28,5097,1191,120,3989
g3_30m,S1-only,42,0.3,SID28,4958,16,4,4904
g3_30m,S1-only,43,0.3,SID28,4962,31,0,4889
g3_30m,S1-only,44,0.3,SID28,4956,17,6,4903
g3_30m,S1+AEF(t),42,0.3,SID28,4962,1304,0,3616
g3_30m,S1+AEF(t),43,0.3,SID28,4962,1315,0,3605
g3_30m,S1+AEF(t),44,0.3,SID28,4962,1373,0,3547
g3_30m,OPERA,,0.3,SID28,4920,1042,42,3878
g3_30m,S1-only,42,0.5,SID28,4953,6,9,4914
g3_30m,S1-only,43,0.5,SID28,4962,16,0,4904
g3_30m,S1-only,44,0.5,SID28,4945,7,17,4913
g3_30m,S1+AEF(t),42,0.5,SID28,4962,1036,0,3884
g3_30m,S1+AEF(t),43,0.5,SID28,4962,1068,0,3852
g3_30m,S1+AEF(t),44,0.5,SID28,4962,1064,0,3856
g3_30m,OPERA,,0.5,SID28,4920,1042,42,3878
g2,S1-only,42,0.3,SID28,515675,14425,5768,503832
g2,S1-only,43,0.3,SID28,518447,19453,2996,498804
g2,S1-only,44,0.3,SID28,515346,14354,6097,503903
g2,S1+AEF(t),42,0.3,SID28,521443,156657,0,361600
g2,S1+AEF(t),43,0.3,SID28,521443,157757,0,360500
g2,S1+AEF(t),44,0.3,SID28,521443,163557,0,354700
g2,OPERA,,0.3,SID28,509113,121375,12330,396882
g2,S1-only,42,0.5,SID28,512664,9436,8779,508821
g2,S1-only,43,0.5,SID28,516715,13285,4728,504972
g2,S1-only,44,0.5,SID28,511096,9204,10347,509053
g2,S1+AEF(t),42,0.5,SID28,521443,129857,0,388400
g2,S1+AEF(t),43,0.5,SID28,521443,133057,0,385200
g2,S1+AEF(t),44,0.5,SID28,521443,132657,0,385600
g2,OPERA,,0.5,SID28,509113,121375,12330,396882
g1_bilinear,S1-only,42,0.3,SID28,5174,136,43,5044
g1_bilinear,S1-only,43,0.3,SID28,5198,198,19,4982
g1_bilinear,S1-only,44,0.3,SID28,5173,138,44,5042
g1_bilinear,S1+AEF(t),42,0.3,SID28,5217,1580,0,3600
g1_bilinear,S1+AEF(t),43,0.3,SID28,5217,1588,0,3592
g1_bilinear,S1+AEF(t),44,0.3,SID28,5217,1647,0,3533
g1_bilinear,OPERA,,0.3,SID28,5097,1191,120,3989
g1_bilinear,S1-only,42,0.5,SID28,5145,78,72,5102
g1_bilinear,S1-only,43,0.5,SID28,5186,115,31,5065
g1_bilinear,S1-only,44,0.5,SID28,5131,72,86,5108
g1_bilinear,S1+AEF(t),42,0.5,SID28,5217,1297,0,3883
g1_bilinear,S1+AEF(t),43,0.5,SID28,5217,1331,0,3849
g1_bilinear,S1+AEF(t),44,0.5,SID28,5217,1329,0,3851
g1_bilinear,OPERA,,0.5,SID28,5097,1191,120,3989
g3_3m,S1-only,42,0.3,SID28,495623,2110,577,489890
g3_3m,S1-only,43,0.3,SID28,496136,3843,64,488157
g3_3m,S1-only,44,0.3,SID28,495359,2216,841,489784
g3_3m,S1+AEF(t),42,0.3,SID28,496200,128215,0,363785
g3_3m,S1+AEF(t),43,0.3,SID28,496200,130521,0,361479
g3_3m,S1+AEF(t),44,0.3,SID28,496200,135516,0,356484
g3_3m,OPERA,,0.3,SID28,491338,105432,4862,386568
g3_3m,S1-only,42,0.5,SID28,495081,1313,1119,490687
g3_3m,S1-only,43,0.5,SID28,496018,2541,182,489459
g3_3m,S1-only,44,0.5,SID28,494310,1337,1890,490663
g3_3m,S1+AEF(t),42,0.5,SID28,496200,103408,0,388592
g3_3m,S1+AEF(t),43,0.5,SID28,496200,106979,0,385021
g3_3m,S1+AEF(t),44,0.5,SID28,496200,106941,0,385059
g3_3m,OPERA,,0.5,SID28,491338,105432,4862,386568
g4,S1-only,42,0.3,SID28,5121,127,41,5006
g4,S1-only,43,0.3,SID28,5145,186,17,4947
g4,S1-only,44,0.3,SID28,5113,136,49,4997
g4,S1+AEF(t),42,0.3,SID28,5162,1544,0,3589
g4,S1+AEF(t),43,0.3,SID28,5162,1572,0,3561
g4,S1+AEF(t),44,0.3,SID28,5162,1620,0,3513
g4,OPERA,,0.3,SID28,5046,1204,116,3929
g4,S1-only,42,0.5,SID28,5092,79,70,5054
g4,S1-only,43,0.5,SID28,5131,120,31,5013
g4,S1-only,44,0.5,SID28,5083,86,79,5047
g4,S1+AEF(t),42,0.5,SID28,5162,1293,0,3840
g4,S1+AEF(t),43,0.5,SID28,5162,1320,0,3813
g4,S1+AEF(t),44,0.5,SID28,5162,1336,0,3797
g4,OPERA,,0.5,SID28,5046,1204,116,3929
paper,S1-only,42,0.3,SID31,6369,3595,27742,1010870
paper,S1-only,43,0.3,SID31,5984,4594,28127,1009871
paper,S1-only,44,0.3,SID31,5861,4214,28250,1010251
paper,S1+AEF(t),42,0.3,SID31,12932,10174,21179,1004291
paper,S1+AEF(t),43,0.3,SID31,12253,8083,21858,1006382
paper,S1+AEF(t),44,0.3,SID31,12503,8936,21608,1005529
paper,OPERA,,0.3,SID31,0,3400,34111,1011065
paper,S1-only,42,0.5,SID31,5629,2492,28482,1011973
paper,S1-only,43,0.5,SID31,5366,3010,28745,1011455
paper,S1-only,44,0.5,SID31,5311,2942,28800,1011523
paper,S1+AEF(t),42,0.5,SID31,11995,7944,22116,1006521
paper,S1+AEF(t),43,0.5,SID31,11318,6179,22793,1008286
paper,S1+AEF(t),44,0.5,SID31,11443,6938,22668,1007527
paper,OPERA,,0.5,SID31,0,3400,34111,1011065
g1_average,S1-only,42,0.3,SID31,66,39,229,10070
g1_average,S1-only,43,0.3,SID31,62,45,233,10064
g1_average,S1-only,44,0.3,SID31,59,51,236,10058
g1_average,S1+AEF(t),42,0.3,SID31,130,116,165,9993
g1_average,S1+AEF(t),43,0.3,SID31,126,93,169,10016
g1_average,S1+AEF(t),44,0.3,SID31,125,102,170,10007
g1_average,OPERA,,0.3,SID31,0,34,295,10075
g1_average,S1-only,42,0.5,SID31,54,21,241,10088
g1_average,S1-only,43,0.5,SID31,55,23,240,10086
g1_average,S1-only,44,0.5,SID31,53,25,242,10084
g1_average,S1+AEF(t),42,0.5,SID31,119,78,176,10031
g1_average,S1+AEF(t),43,0.5,SID31,113,59,182,10050
g1_average,S1+AEF(t),44,0.5,SID31,114,72,181,10037
g1_average,OPERA,,0.5,SID31,0,34,295,10075
g3_30m,S1-only,42,0.3,SID31,6,4,7,9507
g3_30m,S1-only,43,0.3,SID31,7,14,6,9497
g3_30m,S1-only,44,0.3,SID31,6,14,7,9497
g3_30m,S1+AEF(t),42,0.3,SID31,9,7,4,9504
g3_30m,S1+AEF(t),43,0.3,SID31,9,3,4,9508
g3_30m,S1+AEF(t),44,0.3,SID31,9,5,4,9506
g3_30m,OPERA,,0.3,SID31,0,34,13,9477
g3_30m,S1-only,42,0.5,SID31,6,1,7,9510
g3_30m,S1-only,43,0.5,SID31,6,6,7,9505
g3_30m,S1-only,44,0.5,SID31,6,3,7,9508
g3_30m,S1+AEF(t),42,0.5,SID31,8,2,5,9509
g3_30m,S1+AEF(t),43,0.5,SID31,9,0,4,9511
g3_30m,S1+AEF(t),44,0.5,SID31,8,1,5,9510
g3_30m,OPERA,,0.5,SID31,0,34,13,9477
g2,S1-only,42,0.3,SID31,6022,4478,28042,1001858
g2,S1-only,43,0.3,SID31,5716,4984,28348,1001352
g2,S1-only,44,0.3,SID31,5587,5413,28477,1000923
g2,S1+AEF(t),42,0.3,SID31,12671,11929,21393,994407
g2,S1+AEF(t),43,0.3,SID31,12018,9882,22046,996454
g2,S1+AEF(t),44,0.3,SID31,12122,10578,21942,995758
g2,OPERA,,0.3,SID31,0,3400,34064,1002936
g2,S1-only,42,0.5,SID31,4913,2587,29151,1003749
g2,S1-only,43,0.5,SID31,4902,2898,29162,1003438
g2,S1-only,44,0.5,SID31,4934,2866,29130,1003470
g2,S1+AEF(t),42,0.5,SID31,11227,8473,22837,997863
g2,S1+AEF(t),43,0.5,SID31,10446,6754,23618,999582
g2,S1+AEF(t),44,0.5,SID31,10793,7807,23271,998529
g2,OPERA,,0.5,SID31,0,3400,34064,1002936
g1_bilinear,S1-only,42,0.3,SID31,65,41,230,10068
g1_bilinear,S1-only,43,0.3,SID31,61,48,234,10061
g1_bilinear,S1-only,44,0.3,SID31,59,52,236,10057
g1_bilinear,S1+AEF(t),42,0.3,SID31,131,128,164,9981
g1_bilinear,S1+AEF(t),43,0.3,SID31,126,100,169,10009
g1_bilinear,S1+AEF(t),44,0.3,SID31,125,109,170,10000
g1_bilinear,OPERA,,0.3,SID31,0,34,295,10075
g1_bilinear,S1-only,42,0.5,SID31,53,21,242,10088
g1_bilinear,S1-only,43,0.5,SID31,53,20,242,10089
g1_bilinear,S1-only,44,0.5,SID31,52,23,243,10086
g1_bilinear,S1+AEF(t),42,0.5,SID31,119,77,176,10032
g1_bilinear,S1+AEF(t),43,0.5,SID31,111,58,184,10051
g1_bilinear,S1+AEF(t),44,0.5,SID31,110,69,185,10040
g1_bilinear,OPERA,,0.5,SID31,0,34,295,10075
g3_3m,S1-only,42,0.3,SID31,599,534,701,950566
g3_3m,S1-only,43,0.3,SID31,686,1690,614,949410
g3_3m,S1-only,44,0.3,SID31,611,1204,689,949896
g3_3m,S1+AEF(t),42,0.3,SID31,855,893,445,950207
g3_3m,S1+AEF(t),43,0.3,SID31,861,601,439,950499
g3_3m,S1+AEF(t),44,0.3,SID31,842,719,458,950381
g3_3m,OPERA,,0.3,SID31,0,3400,1300,947700
g3_3m,S1-only,42,0.5,SID31,580,254,720,950846
g3_3m,S1-only,43,0.5,SID31,616,827,684,950273
g3_3m,S1-only,44,0.5,SID31,567,698,733,950402
g3_3m,S1+AEF(t),42,0.5,SID31,823,539,477,950561
g3_3m,S1+AEF(t),43,0.5,SID31,830,355,470,950745
g3_3m,S1+AEF(t),44,0.5,SID31,809,424,491,950676
g3_3m,OPERA,,0.5,SID31,0,3400,1300,947700
g4,S1-only,42,0.3,SID31,60,43,232,9866
g4,S1-only,43,0.3,SID31,55,55,237,9854
g4,S1-only,44,0.3,SID31,55,50,237,9859
g4,S1+AEF(t),42,0.3,SID31,122,124,170,9785
g4,S1+AEF(t),43,0.3,SID31,116,103,176,9806
g4,S1+AEF(t),44,0.3,SID31,118,112,174,9797
g4,OPERA,,0.3,SID31,0,34,292,9875
g4,S1-only,42,0.5,SID31,52,27,240,9882
g4,S1-only,43,0.5,SID31,49,26,243,9883
g4,S1-only,44,0.5,SID31,48,32,244,9877
g4,S1+AEF(t),42,0.5,SID31,113,78,179,9831
g4,S1+AEF(t),43,0.5,SID31,109,67,183,9842
g4,S1+AEF(t),44,0.5,SID31,108,71,184,9838
g4,OPERA,,0.5,SID31,0,34,292,9875
paper,S1-only,42,0.3,SID33,44692,2271,237669,763744
paper,S1-only,43,0.3,SID33,89177,3653,193184,762362
paper,S1-only,44,0.3,SID33,57470,2798,224891,763217
paper,S1+AEF(t),42,0.3,SID33,182282,1104,100079,764911
paper,S1+AEF(t),43,0.3,SID33,166577,498,115784,765517
paper,S1+AEF(t),44,0.3,SID33,175504,683,106857,765332
paper,OPERA,,0.3,SID33,177637,7873,104724,758142
paper,S1-only,42,0.5,SID33,33598,1223,248763,764792
paper,S1-only,43,0.5,SID33,72340,2321,210021,763694
paper,S1-only,44,0.5,SID33,43650,1731,238711,764284
paper,S1+AEF(t),42,0.5,SID33,167758,575,114603,765440
paper,S1+AEF(t),43,0.5,SID33,149687,232,132674,765783
paper,S1+AEF(t),44,0.5,SID33,159000,339,123361,765676
paper,OPERA,,0.5,SID33,177637,7873,104724,758142
g1_average,S1-only,42,0.3,SID33,453,33,2359,7557
g1_average,S1-only,43,0.3,SID33,888,47,1924,7543
g1_average,S1-only,44,0.3,SID33,571,37,2241,7553
g1_average,S1+AEF(t),42,0.3,SID33,1843,20,969,7570
g1_average,S1+AEF(t),43,0.3,SID33,1667,7,1145,7583
g1_average,S1+AEF(t),44,0.3,SID33,1773,14,1039,7576
g1_average,OPERA,,0.3,SID33,1762,74,1050,7516
g1_average,S1-only,42,0.5,SID33,325,12,2487,7578
g1_average,S1-only,43,0.5,SID33,697,21,2115,7569
g1_average,S1-only,44,0.5,SID33,425,17,2387,7573
g1_average,S1+AEF(t),42,0.5,SID33,1642,2,1170,7588
g1_average,S1+AEF(t),43,0.5,SID33,1474,2,1338,7588
g1_average,S1+AEF(t),44,0.5,SID33,1551,2,1261,7588
g1_average,OPERA,,0.5,SID33,1762,74,1050,7516
g3_30m,S1-only,42,0.3,SID33,350,0,1771,7033
g3_30m,S1-only,43,0.3,SID33,763,2,1358,7031
g3_30m,S1-only,44,0.3,SID33,468,0,1653,7033
g3_30m,S1+AEF(t),42,0.3,SID33,1658,0,463,7033
g3_30m,S1+AEF(t),43,0.3,SID33,1531,0,590,7033
g3_30m,S1+AEF(t),44,0.3,SID33,1614,0,507,7033
g3_30m,OPERA,,0.3,SID33,1620,38,501,6995
g3_30m,S1-only,42,0.5,SID33,242,0,1879,7033
g3_30m,S1-only,43,0.5,SID33,603,0,1518,7033
g3_30m,S1-only,44,0.5,SID33,338,0,1783,7033
g3_30m,S1+AEF(t),42,0.5,SID33,1524,0,597,7033
g3_30m,S1+AEF(t),43,0.5,SID33,1391,0,730,7033
g3_30m,S1+AEF(t),44,0.5,SID33,1455,0,666,7033
g3_30m,OPERA,,0.5,SID33,1620,38,501,6995
g2,S1-only,42,0.3,SID33,44351,4249,235088,756512
g2,S1-only,43,0.3,SID33,87831,5669,191608,755092
g2,S1-only,44,0.3,SID33,56228,4572,223211,756189
g2,S1+AEF(t),42,0.3,SID33,182087,4223,97352,756538
g2,S1+AEF(t),43,0.3,SID33,165007,2393,114432,758368
g2,S1+AEF(t),44,0.3,SID33,175456,3300,103983,757461
g2,OPERA,,0.3,SID33,175634,7770,103805,752991
g2,S1-only,42,0.5,SID33,31285,2415,248154,758346
g2,S1-only,43,0.5,SID33,68577,3223,210862,757538
g2,S1-only,44,0.5,SID33,41380,2820,238059,757941
g2,S1+AEF(t),42,0.5,SID33,162747,1653,116692,759108
g2,S1+AEF(t),43,0.5,SID33,146508,1092,132931,759669
g2,S1+AEF(t),44,0.5,SID33,154024,1276,125415,759485
g2,OPERA,,0.5,SID33,175634,7770,103805,752991
g1_bilinear,S1-only,42,0.3,SID33,459,36,2353,7554
g1_bilinear,S1-only,43,0.3,SID33,893,53,1919,7537
g1_bilinear,S1-only,44,0.3,SID33,571,40,2241,7550
g1_bilinear,S1+AEF(t),42,0.3,SID33,1865,24,947,7566
g1_bilinear,S1+AEF(t),43,0.3,SID33,1692,14,1120,7576
g1_bilinear,S1+AEF(t),44,0.3,SID33,1793,17,1019,7573
g1_bilinear,OPERA,,0.3,SID33,1762,74,1050,7516
g1_bilinear,S1-only,42,0.5,SID33,321,12,2491,7578
g1_bilinear,S1-only,43,0.5,SID33,689,21,2123,7569
g1_bilinear,S1-only,44,0.5,SID33,421,17,2391,7573
g1_bilinear,S1+AEF(t),42,0.5,SID33,1635,3,1177,7587
g1_bilinear,S1+AEF(t),43,0.5,SID33,1471,2,1341,7588
g1_bilinear,S1+AEF(t),44,0.5,SID33,1549,2,1263,7588
g1_bilinear,OPERA,,0.5,SID33,1762,74,1050,7516
g3_3m,S1-only,42,0.3,SID33,34311,114,177805,703186
g3_3m,S1-only,43,0.3,SID33,75189,421,136927,702879
g3_3m,S1-only,44,0.3,SID33,45873,250,166243,703050
g3_3m,S1+AEF(t),42,0.3,SID33,162812,66,49304,703234
g3_3m,S1+AEF(t),43,0.3,SID33,151076,32,61040,703268
g3_3m,S1+AEF(t),44,0.3,SID33,158155,43,53961,703257
g3_3m,OPERA,,0.3,SID33,161792,3870,50324,699430
g3_3m,S1-only,42,0.5,SID33,24982,40,187134,703260
g3_3m,S1-only,43,0.5,SID33,60490,195,151626,703105
g3_3m,S1-only,44,0.5,SID33,33970,103,178146,703197
g3_3m,S1+AEF(t),42,0.5,SID33,151545,31,60571,703269
g3_3m,S1+AEF(t),43,0.5,SID33,137184,18,74932,703282
g3_3m,S1+AEF(t),44,0.5,SID33,144811,22,67305,703278
g3_3m,OPERA,,0.5,SID33,161792,3870,50324,699430
g4,S1-only,42,0.3,SID33,448,28,2371,7555
g4,S1-only,43,0.3,SID33,905,39,1914,7544
g4,S1-only,44,0.3,SID33,578,28,2241,7555
g4,S1+AEF(t),42,0.3,SID33,1842,10,977,7573
g4,S1+AEF(t),43,0.3,SID33,1693,4,1126,7579
g4,S1+AEF(t),44,0.3,SID33,1791,5,1028,7578
g4,OPERA,,0.3,SID33,1768,68,1051,7515
g4,S1-only,42,0.5,SID33,324,7,2495,7576
g4,S1-only,43,0.5,SID33,706,15,2113,7568
g4,S1-only,44,0.5,SID33,415,11,2404,7572
g4,S1+AEF(t),42,0.5,SID33,1658,4,1161,7579
g4,S1+AEF(t),43,0.5,SID33,1467,1,1352,7582
g4,S1+AEF(t),44,0.5,SID33,1561,2,1258,7581
g4,OPERA,,0.5,SID33,1768,68,1051,7515
paper,S1-only,42,0.3,SID36,140895,30216,20875,856590
paper,S1-only,43,0.3,SID36,143479,33413,18291,853393
paper,S1-only,44,0.3,SID36,141678,31753,20092,855053
paper,S1+AEF(t),42,0.3,SID36,133212,6132,28558,880674
paper,S1+AEF(t),43,0.3,SID36,135981,8506,25789,878300
paper,S1+AEF(t),44,0.3,SID36,132376,5465,29394,881341
paper,OPERA,,0.3,SID36,114835,102983,46935,783823
paper,S1-only,42,0.5,SID36,138124,25432,23646,861374
paper,S1-only,43,0.5,SID36,140917,28458,20853,858348
paper,S1-only,44,0.5,SID36,139010,26885,22760,859921
paper,S1+AEF(t),42,0.5,SID36,127461,2888,34309,883918
paper,S1+AEF(t),43,0.5,SID36,130367,4541,31403,882265
paper,S1+AEF(t),44,0.5,SID36,126260,2477,35510,884329
paper,OPERA,,0.5,SID36,114835,102983,46935,783823
g1_average,S1-only,42,0.3,SID36,1424,346,169,8465
g1_average,S1-only,43,0.3,SID36,1450,380,143,8431
g1_average,S1-only,44,0.3,SID36,1426,359,167,8452
g1_average,S1+AEF(t),42,0.3,SID36,1342,73,251,8738
g1_average,S1+AEF(t),43,0.3,SID36,1363,104,230,8707
g1_average,S1+AEF(t),44,0.3,SID36,1331,65,262,8746
g1_average,OPERA,,0.3,SID36,1126,1016,467,7795
g1_average,S1-only,42,0.5,SID36,1365,253,228,8558
g1_average,S1-only,43,0.5,SID36,1391,286,202,8525
g1_average,S1-only,44,0.5,SID36,1370,265,223,8546
g1_average,S1+AEF(t),42,0.5,SID36,1258,15,335,8796
g1_average,S1+AEF(t),43,0.5,SID36,1279,36,314,8775
g1_average,S1+AEF(t),44,0.5,SID36,1245,18,348,8793
g1_average,OPERA,,0.5,SID36,1126,1016,467,7795
g3_30m,S1-only,42,0.3,SID36,1038,104,15,8102
g3_30m,S1-only,43,0.3,SID36,1046,116,7,8090
g3_30m,S1-only,44,0.3,SID36,1040,110,13,8096
g3_30m,S1+AEF(t),42,0.3,SID36,1025,0,28,8206
g3_30m,S1+AEF(t),43,0.3,SID36,1029,1,24,8205
g3_30m,S1+AEF(t),44,0.3,SID36,1025,0,28,8206
g3_30m,OPERA,,0.3,SID36,972,974,81,7232
g3_30m,S1-only,42,0.5,SID36,1026,65,27,8141
g3_30m,S1-only,43,0.5,SID36,1036,77,17,8129
g3_30m,S1-only,44,0.5,SID36,1028,73,25,8133
g3_30m,S1+AEF(t),42,0.5,SID36,1006,0,47,8206
g3_30m,S1+AEF(t),43,0.5,SID36,1014,0,39,8206
g3_30m,S1+AEF(t),44,0.5,SID36,1008,0,45,8206
g3_30m,OPERA,,0.5,SID36,972,974,81,7232
g2,S1-only,42,0.3,SID36,140461,36539,19691,843709
g2,S1-only,43,0.3,SID36,143177,39823,16975,840425
g2,S1-only,44,0.3,SID36,140810,37690,19342,842558
g2,S1+AEF(t),42,0.3,SID36,130719,10781,29433,869467
g2,S1+AEF(t),43,0.3,SID36,132988,13712,27164,866536
g2,S1+AEF(t),44,0.3,SID36,129648,9952,30504,870296
g2,OPERA,,0.3,SID36,113354,101850,46798,778398
g2,S1-only,42,0.5,SID36,134622,27178,25530,853070
g2,S1-only,43,0.5,SID36,137239,30461,22913,849787
g2,S1-only,44,0.5,SID36,135179,28321,24973,851927
g2,S1+AEF(t),42,0.5,SID36,122300,5000,37852,875248
g2,S1+AEF(t),43,0.5,SID36,124624,6876,35528,873372
g2,S1+AEF(t),44,0.5,SID36,121405,4895,38747,875353
g2,OPERA,,0.5,SID36,113354,101850,46798,778398
g1_bilinear,S1-only,42,0.3,SID36,1429,360,164,8451
g1_bilinear,S1-only,43,0.3,SID36,1451,395,142,8416
g1_bilinear,S1-only,44,0.3,SID36,1430,373,163,8438
g1_bilinear,S1+AEF(t),42,0.3,SID36,1346,87,247,8724
g1_bilinear,S1+AEF(t),43,0.3,SID36,1367,126,226,8685
g1_bilinear,S1+AEF(t),44,0.3,SID36,1339,82,254,8729
g1_bilinear,OPERA,,0.3,SID36,1126,1016,467,7795
g1_bilinear,S1-only,42,0.5,SID36,1362,250,231,8561
g1_bilinear,S1-only,43,0.5,SID36,1388,283,205,8528
g1_bilinear,S1-only,44,0.5,SID36,1368,261,225,8550
g1_bilinear,S1+AEF(t),42,0.5,SID36,1247,17,346,8794
g1_bilinear,S1+AEF(t),43,0.5,SID36,1274,36,319,8775
g1_bilinear,S1+AEF(t),44,0.5,SID36,1237,18,356,8793
g1_bilinear,OPERA,,0.5,SID36,1126,1016,467,7795
g3_3m,S1-only,42,0.3,SID36,102976,9700,2324,810900
g3_3m,S1-only,43,0.3,SID36,103745,10986,1555,809614
g3_3m,S1-only,44,0.3,SID36,103169,10586,2131,810014
g3_3m,S1+AEF(t),42,0.3,SID36,101551,307,3749,820293
g3_3m,S1+AEF(t),43,0.3,SID36,102134,565,3166,820035
g3_3m,S1+AEF(t),44,0.3,SID36,101495,218,3805,820382
g3_3m,OPERA,,0.3,SID36,95744,97672,9556,722928
g3_3m,S1-only,42,0.5,SID36,102270,7638,3030,812962
g3_3m,S1-only,43,0.5,SID36,103188,8747,2112,811853
g3_3m,S1-only,44,0.5,SID36,102509,8457,2791,812143
g3_3m,S1+AEF(t),42,0.5,SID36,100163,80,5137,820520
g3_3m,S1+AEF(t),43,0.5,SID36,100794,186,4506,820414
g3_3m,S1+AEF(t),44,0.5,SID36,99852,49,5448,820551
g3_3m,OPERA,,0.5,SID36,95744,97672,9556,722928
g4,S1-only,42,0.3,SID36,1400,320,183,8399
g4,S1-only,43,0.3,SID36,1425,368,158,8351
g4,S1-only,44,0.3,SID36,1406,340,177,8379
g4,S1+AEF(t),42,0.3,SID36,1334,69,249,8650
g4,S1+AEF(t),43,0.3,SID36,1348,95,235,8624
g4,S1+AEF(t),44,0.3,SID36,1321,63,262,8656
g4,OPERA,,0.3,SID36,1129,1005,454,7714
g4,S1-only,42,0.5,SID36,1356,228,227,8491
g4,S1-only,43,0.5,SID36,1382,254,201,8465
g4,S1-only,44,0.5,SID36,1368,243,215,8476
g4,S1+AEF(t),42,0.5,SID36,1242,26,341,8693
g4,S1+AEF(t),43,0.5,SID36,1271,36,312,8683
g4,S1+AEF(t),44,0.5,SID36,1227,20,356,8699
g4,OPERA,,0.5,SID36,1129,1005,454,7714
paper,S1-only,42,0.3,SID37,895264,31350,7154,114808
paper,S1-only,43,0.3,SID37,899875,37522,2543,108636
paper,S1-only,44,0.3,SID37,895549,32167,6869,113991
paper,S1+AEF(t),42,0.3,SID37,881747,5518,20671,140640
paper,S1+AEF(t),43,0.3,SID37,884741,7635,17677,138523
paper,S1+AEF(t),44,0.3,SID37,881456,5142,20962,141016
paper,OPERA,,0.3,SID37,854622,32730,47796,113428
paper,S1-only,42,0.5,SID37,891664,27948,10754,118210
paper,S1-only,43,0.5,SID37,898041,33801,4377,112357
paper,S1-only,44,0.5,SID37,891811,28445,10607,117713
paper,S1+AEF(t),42,0.5,SID37,875020,3579,27398,142579
paper,S1+AEF(t),43,0.5,SID37,877802,5082,24616,141076
paper,S1+AEF(t),44,0.5,SID37,874524,3394,27894,142764
paper,OPERA,,0.5,SID37,854622,32730,47796,113428
g1_average,S1-only,42,0.3,SID37,8904,324,67,1109
g1_average,S1-only,43,0.3,SID37,8951,388,20,1045
g1_average,S1-only,44,0.3,SID37,8911,331,60,1102
g1_average,S1+AEF(t),42,0.3,SID37,8774,53,197,1380
g1_average,S1+AEF(t),43,0.3,SID37,8805,70,166,1363
g1_average,S1+AEF(t),44,0.3,SID37,8773,49,198,1384
g1_average,OPERA,,0.3,SID37,8468,285,503,1148
g1_average,S1-only,42,0.5,SID37,8864,272,107,1161
g1_average,S1-only,43,0.5,SID37,8933,333,38,1100
g1_average,S1-only,44,0.5,SID37,8875,280,96,1153
g1_average,S1+AEF(t),42,0.5,SID37,8693,33,278,1400
g1_average,S1+AEF(t),43,0.5,SID37,8716,48,255,1385
g1_average,S1+AEF(t),44,0.5,SID37,8687,31,284,1402
g1_average,OPERA,,0.5,SID37,8468,285,503,1148
g3_30m,S1-only,42,0.3,SID37,8750,203,39,1045
g3_30m,S1-only,43,0.3,SID37,8785,247,4,1001
g3_30m,S1-only,44,0.3,SID37,8755,209,34,1039
g3_30m,S1+AEF(t),42,0.3,SID37,8701,29,88,1219
g3_30m,S1+AEF(t),43,0.3,SID37,8716,40,73,1208
g3_30m,S1+AEF(t),44,0.3,SID37,8690,25,99,1223
g3_30m,OPERA,,0.3,SID37,8350,199,439,1049
g3_30m,S1-only,42,0.5,SID37,8720,170,69,1078
g3_30m,S1-only,43,0.5,SID37,8774,208,15,1040
g3_30m,S1-only,44,0.5,SID37,8723,180,66,1068
g3_30m,S1+AEF(t),42,0.5,SID37,8650,17,139,1231
g3_30m,S1+AEF(t),43,0.5,SID37,8659,27,130,1221
g3_30m,S1+AEF(t),44,0.5,SID37,8637,13,152,1235
g3_30m,OPERA,,0.5,SID37,8350,199,439,1049
g2,S1-only,42,0.3,SID37,889553,33247,7470,110130
g2,S1-only,43,0.3,SID37,894511,39389,2512,103988
g2,S1-only,44,0.3,SID37,890219,33981,6804,109396
g2,S1+AEF(t),42,0.3,SID37,876697,6003,20326,137374
g2,S1+AEF(t),43,0.3,SID37,879439,8061,17584,135316
g2,S1+AEF(t),44,0.3,SID37,876344,5856,20679,137521
g2,OPERA,,0.3,SID37,849270,32690,47753,110687
g2,S1-only,42,0.5,SID37,885458,28142,11565,115235
g2,S1-only,43,0.5,SID37,892448,34152,4575,109225
g2,S1-only,44,0.5,SID37,886271,29229,10752,114148
g2,S1+AEF(t),42,0.5,SID37,868887,3713,28136,139664
g2,S1+AEF(t),43,0.5,SID37,871053,5347,25970,138030
g2,S1+AEF(t),44,0.5,SID37,868234,3566,28789,139811
g2,OPERA,,0.5,SID37,849270,32690,47753,110687
g1_bilinear,S1-only,42,0.3,SID37,8907,328,64,1105
g1_bilinear,S1-only,43,0.3,SID37,8951,395,20,1038
g1_bilinear,S1-only,44,0.3,SID37,8911,333,60,1100
g1_bilinear,S1+AEF(t),42,0.3,SID37,8779,54,192,1379
g1_bilinear,S1+AEF(t),43,0.3,SID37,8809,73,162,1360
g1_bilinear,S1+AEF(t),44,0.3,SID37,8783,53,188,1380
g1_bilinear,OPERA,,0.3,SID37,8468,285,503,1148
g1_bilinear,S1-only,42,0.5,SID37,8864,272,107,1161
g1_bilinear,S1-only,43,0.5,SID37,8933,332,38,1101
g1_bilinear,S1-only,44,0.5,SID37,8874,279,97,1154
g1_bilinear,S1+AEF(t),42,0.5,SID37,8692,33,279,1400
g1_bilinear,S1+AEF(t),43,0.5,SID37,8713,48,258,1385
g1_bilinear,S1+AEF(t),44,0.5,SID37,8685,31,286,1402
g1_bilinear,OPERA,,0.5,SID37,8468,285,503,1148
g3_3m,S1-only,42,0.3,SID37,875121,19704,3779,105096
g3_3m,S1-only,43,0.3,SID37,878409,23854,491,100946
g3_3m,S1-only,44,0.3,SID37,875332,20325,3568,104475
g3_3m,S1+AEF(t),42,0.3,SID37,869309,3031,9591,121769
g3_3m,S1+AEF(t),43,0.3,SID37,870921,4261,7979,120539
g3_3m,S1+AEF(t),44,0.3,SID37,868528,2414,10372,122386
g3_3m,OPERA,,0.3,SID37,836530,23120,42370,101680
g3_3m,S1-only,42,0.5,SID37,872125,17402,6775,107398
g3_3m,S1-only,43,0.5,SID37,877320,21252,1580,103548
g3_3m,S1-only,44,0.5,SID37,872087,18006,6813,106794
g3_3m,S1+AEF(t),42,0.5,SID37,864543,1773,14357,123027
g3_3m,S1+AEF(t),43,0.5,SID37,866100,2702,12800,122098
g3_3m,S1+AEF(t),44,0.5,SID37,863491,1431,15409,123369
g3_3m,OPERA,,0.5,SID37,836530,23120,42370,101680
g4,S1-only,42,0.3,SID37,8806,307,66,1022
g4,S1-only,43,0.3,SID37,8849,373,23,956
g4,S1-only,44,0.3,SID37,8809,316,63,1013
g4,S1+AEF(t),42,0.3,SID37,8672,56,200,1273
g4,S1+AEF(t),43,0.3,SID37,8696,73,176,1256
g4,S1+AEF(t),44,0.3,SID37,8669,49,203,1280
g4,OPERA,,0.3,SID37,8403,310,469,1019
g4,S1-only,42,0.5,SID37,8773,268,99,1061
g4,S1-only,43,0.5,SID37,8829,327,43,1002
g4,S1-only,44,0.5,SID37,8768,273,104,1056
g4,S1+AEF(t),42,0.5,SID37,8599,31,273,1298
g4,S1+AEF(t),43,0.5,SID37,8623,46,249,1283
g4,S1+AEF(t),44,0.5,SID37,8590,28,282,1301
g4,OPERA,,0.5,SID37,8403,310,469,1019
paper,S1-only,42,0.3,SID39,314328,23509,9838,700901
paper,S1-only,43,0.3,SID39,316599,30833,7567,693577
paper,S1-only,44,0.3,SID39,315070,24061,9096,700349
paper,S1+AEF(t),42,0.3,SID39,315212,11953,8954,712457
paper,S1+AEF(t),43,0.3,SID39,315016,11717,9150,712693
paper,S1+AEF(t),44,0.3,SID39,315039,10362,9127,714048
paper,OPERA,,0.3,SID39,298170,13140,25996,711270
paper,S1-only,42,0.5,SID39,312644,17788,11522,706622
paper,S1-only,43,0.5,SID39,315755,24585,8411,699825
paper,S1-only,44,0.5,SID39,313087,18618,11079,705792
paper,S1+AEF(t),42,0.5,SID39,312640,7323,11526,717087
paper,S1+AEF(t),43,0.5,SID39,312077,7010,12089,717400
paper,S1+AEF(t),44,0.5,SID39,312136,5788,12030,718622
paper,OPERA,,0.5,SID39,298170,13140,25996,711270
g1_average,S1-only,42,0.3,SID39,3155,254,67,6928
g1_average,S1-only,43,0.3,SID39,3173,338,49,6844
g1_average,S1-only,44,0.3,SID39,3160,266,62,6916
g1_average,S1+AEF(t),42,0.3,SID39,3161,156,61,7026
g1_average,S1+AEF(t),43,0.3,SID39,3158,153,64,7029
g1_average,S1+AEF(t),44,0.3,SID39,3160,133,62,7049
g1_average,OPERA,,0.3,SID39,2981,127,241,7055
g1_average,S1-only,42,0.5,SID39,3129,165,93,7017
g1_average,S1-only,43,0.5,SID39,3166,226,56,6956
g1_average,S1-only,44,0.5,SID39,3138,176,84,7006
g1_average,S1+AEF(t),42,0.5,SID39,3125,73,97,7109
g1_average,S1+AEF(t),43,0.5,SID39,3120,67,102,7115
g1_average,S1+AEF(t),44,0.5,SID39,3114,49,108,7133
g1_average,OPERA,,0.5,SID39,2981,127,241,7055
g3_30m,S1-only,42,0.3,SID39,2830,41,18,6646
g3_30m,S1-only,43,0.3,SID39,2839,77,9,6610
g3_30m,S1-only,44,0.3,SID39,2835,48,13,6639
g3_30m,S1+AEF(t),42,0.3,SID39,2840,6,8,6681
g3_30m,S1+AEF(t),43,0.3,SID39,2839,6,9,6681
g3_30m,S1+AEF(t),44,0.3,SID39,2840,4,8,6683
g3_30m,OPERA,,0.3,SID39,2823,60,25,6627
g3_30m,S1-only,42,0.5,SID39,2823,9,25,6678
g3_30m,S1-only,43,0.5,SID39,2839,24,9,6663
g3_30m,S1-only,44,0.5,SID39,2827,16,21,6671
g3_30m,S1+AEF(t),42,0.5,SID39,2838,1,10,6686
g3_30m,S1+AEF(t),43,0.5,SID39,2836,1,12,6686
g3_30m,S1+AEF(t),44,0.5,SID39,2838,1,10,6686
g3_30m,OPERA,,0.5,SID39,2823,60,25,6627
g2,S1-only,42,0.3,SID39,313596,27304,10524,688976
g2,S1-only,43,0.3,SID39,316205,34895,7915,681385
g2,S1-only,44,0.3,SID39,314134,28466,9986,687814
g2,S1+AEF(t),42,0.3,SID39,313386,18314,10734,697966
g2,S1+AEF(t),43,0.3,SID39,313151,17949,10969,698331
g2,S1+AEF(t),44,0.3,SID39,312953,16347,11167,699933
g2,OPERA,,0.3,SID39,298165,12785,25955,703495
g2,S1-only,42,0.5,SID39,310586,18814,13534,697466
g2,S1-only,43,0.5,SID39,314657,24543,9463,691737
g2,S1-only,44,0.5,SID39,311381,20019,12739,696261
g2,S1+AEF(t),42,0.5,SID39,309073,10727,15047,705553
g2,S1+AEF(t),43,0.5,SID39,308540,10160,15580,706120
g2,S1+AEF(t),44,0.5,SID39,307640,8660,16480,707620
g2,OPERA,,0.5,SID39,298165,12785,25955,703495
g1_bilinear,S1-only,42,0.3,SID39,3156,282,66,6900
g1_bilinear,S1-only,43,0.3,SID39,3173,360,49,6822
g1_bilinear,S1-only,44,0.3,SID39,3159,284,63,6898
g1_bilinear,S1+AEF(t),42,0.3,SID39,3164,174,58,7008
g1_bilinear,S1+AEF(t),43,0.3,SID39,3159,170,63,7012
g1_bilinear,S1+AEF(t),44,0.3,SID39,3162,152,60,7030
g1_bilinear,OPERA,,0.3,SID39,2981,127,241,7055
g1_bilinear,S1-only,42,0.5,SID39,3129,166,93,7016
g1_bilinear,S1-only,43,0.5,SID39,3164,226,58,6956
g1_bilinear,S1-only,44,0.5,SID39,3136,177,86,7005
g1_bilinear,S1+AEF(t),42,0.5,SID39,3125,71,97,7111
g1_bilinear,S1+AEF(t),43,0.5,SID39,3112,67,110,7115
g1_bilinear,S1+AEF(t),44,0.5,SID39,3113,49,109,7133
g1_bilinear,OPERA,,0.5,SID39,2981,127,241,7055
g3_3m,S1-only,42,0.3,SID39,282809,5178,1991,663522
g3_3m,S1-only,43,0.3,SID39,283954,8183,846,660517
g3_3m,S1-only,44,0.3,SID39,283308,5407,1492,663293
g3_3m,S1+AEF(t),42,0.3,SID39,284010,1311,790,667389
g3_3m,S1+AEF(t),43,0.3,SID39,283944,1246,856,667454
g3_3m,S1+AEF(t),44,0.3,SID39,284055,1021,745,667679
g3_3m,OPERA,,0.3,SID39,280580,6508,4220,662192
g3_3m,S1-only,42,0.5,SID39,282314,3149,2486,665551
g3_3m,S1-only,43,0.5,SID39,283681,5423,1119,663277
g3_3m,S1-only,44,0.5,SID39,282522,3434,2278,665266
g3_3m,S1+AEF(t),42,0.5,SID39,283570,691,1230,668009
g3_3m,S1+AEF(t),43,0.5,SID39,283330,594,1470,668106
g3_3m,S1+AEF(t),44,0.5,SID39,283634,433,1166,668267
g3_3m,OPERA,,0.5,SID39,280580,6508,4220,662192
g4,S1-only,42,0.3,SID39,3128,249,82,6843
g4,S1-only,43,0.3,SID39,3148,317,62,6775
g4,S1-only,44,0.3,SID39,3136,257,74,6835
g4,S1+AEF(t),42,0.3,SID39,3145,141,65,6951
g4,S1+AEF(t),43,0.3,SID39,3141,140,69,6952
g4,S1+AEF(t),44,0.3,SID39,3144,123,66,6969
g4,OPERA,,0.3,SID39,2967,111,243,6981
g4,S1-only,42,0.5,SID39,3108,161,102,6931
g4,S1-only,43,0.5,SID39,3140,226,70,6866
g4,S1-only,44,0.5,SID39,3111,171,99,6921
g4,S1+AEF(t),42,0.5,SID39,3111,59,99,7033
g4,S1+AEF(t),43,0.5,SID39,3105,62,105,7030
g4,S1+AEF(t),44,0.5,SID39,3103,48,107,7044
g4,OPERA,,0.5,SID39,2967,111,243,6981
paper,S1-only,42,0.3,SID40,611647,17011,648,419270
paper,S1-only,43,0.3,SID40,612028,21227,267,415054
paper,S1-only,44,0.3,SID40,611889,18901,406,417380
paper,S1+AEF(t),42,0.3,SID40,612113,11340,182,424941
paper,S1+AEF(t),43,0.3,SID40,612091,10058,204,426223
paper,S1+AEF(t),44,0.3,SID40,612128,10802,167,425479
paper,OPERA,,0.3,SID40,590293,26923,22002,409358
paper,S1-only,42,0.5,SID40,610995,13566,1300,422715
paper,S1-only,43,0.5,SID40,611632,17430,663,418851
paper,S1-only,44,0.5,SID40,611430,15432,865,420849
paper,S1+AEF(t),42,0.5,SID40,611830,8034,465,428247
paper,S1+AEF(t),43,0.5,SID40,611700,6802,595,429479
paper,S1+AEF(t),44,0.5,SID40,611777,7496,518,428785
paper,OPERA,,0.5,SID40,590293,26923,22002,409358
g1_average,S1-only,42,0.3,SID40,6093,199,3,4109
g1_average,S1-only,43,0.3,SID40,6095,245,1,4063
g1_average,S1-only,44,0.3,SID40,6094,221,2,4087
g1_average,S1+AEF(t),42,0.3,SID40,6096,139,0,4169
g1_average,S1+AEF(t),43,0.3,SID40,6096,128,0,4180
g1_average,S1+AEF(t),44,0.3,SID40,6096,132,0,4176
g1_average,OPERA,,0.3,SID40,5859,258,237,4050
g1_average,S1-only,42,0.5,SID40,6084,126,12,4182
g1_average,S1-only,43,0.5,SID40,6091,165,5,4143
g1_average,S1-only,44,0.5,SID40,6088,146,8,4162
g1_average,S1+AEF(t),42,0.5,SID40,6095,70,1,4238
g1_average,S1+AEF(t),43,0.5,SID40,6093,58,3,4250
g1_average,S1+AEF(t),44,0.5,SID40,6094,67,2,4241
g1_average,OPERA,,0.5,SID40,5859,258,237,4050
g3_30m,S1-only,42,0.3,SID40,5859,47,0,4042
g3_30m,S1-only,43,0.3,SID40,5859,71,0,4018
g3_30m,S1-only,44,0.3,SID40,5859,60,0,4029
g3_30m,S1+AEF(t),42,0.3,SID40,5859,10,0,4079
g3_30m,S1+AEF(t),43,0.3,SID40,5859,9,0,4080
g3_30m,S1+AEF(t),44,0.3,SID40,5859,9,0,4080
g3_30m,OPERA,,0.3,SID40,5763,227,96,3862
g3_30m,S1-only,42,0.5,SID40,5859,22,0,4067
g3_30m,S1-only,43,0.5,SID40,5859,34,0,4055
g3_30m,S1-only,44,0.5,SID40,5859,26,0,4063
g3_30m,S1+AEF(t),42,0.5,SID40,5859,7,0,4082
g3_30m,S1+AEF(t),43,0.5,SID40,5859,6,0,4083
g3_30m,S1+AEF(t),44,0.5,SID40,5859,7,0,4082
g3_30m,OPERA,,0.5,SID40,5763,227,96,3862
g2,S1-only,42,0.3,SID40,608217,20983,962,410238
g2,S1-only,43,0.3,SID40,608649,25351,530,405870
g2,S1-only,44,0.3,SID40,608410,23090,769,408131
g2,S1+AEF(t),42,0.3,SID40,608439,15061,740,416160
g2,S1+AEF(t),43,0.3,SID40,608289,14111,890,417110
g2,S1+AEF(t),44,0.3,SID40,608338,14462,841,416759
g2,OPERA,,0.3,SID40,587251,26587,21928,404634
g2,S1-only,42,0.5,SID40,606792,14208,2387,417013
g2,S1-only,43,0.5,SID40,607750,17850,1429,413371
g2,S1-only,44,0.5,SID40,607430,15970,1749,415251
g2,S1+AEF(t),42,0.5,SID40,606790,9710,2389,421511
g2,S1+AEF(t),43,0.5,SID40,606378,8722,2801,422499
g2,S1+AEF(t),44,0.5,SID40,606647,9453,2532,421768
g2,OPERA,,0.5,SID40,587251,26587,21928,404634
g1_bilinear,S1-only,42,0.3,SID40,6094,211,2,4097
g1_bilinear,S1-only,43,0.3,SID40,6095,254,1,4054
g1_bilinear,S1-only,44,0.3,SID40,6095,230,1,4078
g1_bilinear,S1+AEF(t),42,0.3,SID40,6096,158,0,4150
g1_bilinear,S1+AEF(t),43,0.3,SID40,6096,137,0,4171
g1_bilinear,S1+AEF(t),44,0.3,SID40,6096,149,0,4159
g1_bilinear,OPERA,,0.3,SID40,5859,258,237,4050
g1_bilinear,S1-only,42,0.5,SID40,6084,126,12,4182
g1_bilinear,S1-only,43,0.5,SID40,6090,166,6,4142
g1_bilinear,S1-only,44,0.5,SID40,6088,145,8,4163
g1_bilinear,S1+AEF(t),42,0.5,SID40,6094,68,2,4240
g1_bilinear,S1+AEF(t),43,0.5,SID40,6093,58,3,4250
g1_bilinear,S1+AEF(t),44,0.5,SID40,6094,67,2,4241
g1_bilinear,OPERA,,0.5,SID40,5859,258,237,4050
g3_3m,S1-only,42,0.3,SID40,585893,4794,7,404106
g3_3m,S1-only,43,0.3,SID40,585900,6754,0,402146
g3_3m,S1-only,44,0.3,SID40,585895,5665,5,403235
g3_3m,S1+AEF(t),42,0.3,SID40,585900,1817,0,407083
g3_3m,S1+AEF(t),43,0.3,SID40,585900,1537,0,407363
g3_3m,S1+AEF(t),44,0.3,SID40,585900,1717,0,407183
g3_3m,OPERA,,0.3,SID40,576824,23286,9076,385614
g3_3m,S1-only,42,0.5,SID40,585861,3428,39,405472
g3_3m,S1-only,43,0.5,SID40,585888,4947,12,403953
g3_3m,S1-only,44,0.5,SID40,585879,4173,21,404727
g3_3m,S1+AEF(t),42,0.5,SID40,585899,1153,1,407747
g3_3m,S1+AEF(t),43,0.5,SID40,585893,984,7,407916
g3_3m,S1+AEF(t),44,0.5,SID40,585898,1080,2,407820
g3_3m,OPERA,,0.5,SID40,576824,23286,9076,385614
g4,S1-only,42,0.3,SID40,6067,190,1,4146
g4,S1-only,43,0.3,SID40,6068,234,0,4102
g4,S1-only,44,0.3,SID40,6068,215,0,4121
g4,S1+AEF(t),42,0.3,SID40,6068,150,0,4186
g4,S1+AEF(t),43,0.3,SID40,6068,131,0,4205
g4,S1+AEF(t),44,0.3,SID40,6068,146,0,4190
g4,OPERA,,0.3,SID40,5854,263,214,4073
g4,S1-only,42,0.5,SID40,6061,136,7,4200
g4,S1-only,43,0.5,SID40,6064,172,4,4164
g4,S1-only,44,0.5,SID40,6063,153,5,4183
g4,S1+AEF(t),42,0.5,SID40,6066,78,2,4258
g4,S1+AEF(t),43,0.5,SID40,6066,61,2,4275
g4,S1+AEF(t),44,0.5,SID40,6066,68,2,4268
g4,OPERA,,0.5,SID40,5854,263,214,4073
paper,S1-only,42,0.3,SID44,136837,11419,51619,707401
paper,S1-only,43,0.3,SID44,157346,20560,31110,698260
paper,S1-only,44,0.3,SID44,143961,13663,44495,705157
paper,S1+AEF(t),42,0.3,SID44,187950,21997,506,696823
paper,S1+AEF(t),43,0.3,SID44,187750,21657,706,697163
paper,S1+AEF(t),44,0.3,SID44,188166,25120,290,693700
paper,OPERA,,0.3,SID44,134855,2641,53601,716179
paper,S1-only,42,0.5,SID44,128228,8422,60228,710398
paper,S1-only,43,0.5,SID44,151781,17436,36675,701384
paper,S1-only,44,0.5,SID44,135922,10369,52534,708451
paper,S1+AEF(t),42,0.5,SID44,187527,18520,929,700300
paper,S1+AEF(t),43,0.5,SID44,187185,18317,1271,700503
paper,S1+AEF(t),44,0.5,SID44,187835,21380,621,697440
paper,OPERA,,0.5,SID44,134855,2641,53601,716179
g1_average,S1-only,42,0.3,SID44,1383,131,491,6997
g1_average,S1-only,43,0.3,SID44,1587,229,287,6899
g1_average,S1-only,44,0.3,SID44,1454,155,420,6973
g1_average,S1+AEF(t),42,0.3,SID44,1872,238,2,6890
g1_average,S1+AEF(t),43,0.3,SID44,1872,239,2,6889
g1_average,S1+AEF(t),44,0.3,SID44,1874,270,0,6858
g1_average,OPERA,,0.3,SID44,1349,28,525,7100
g1_average,S1-only,42,0.5,SID44,1276,80,598,7048
g1_average,S1-only,43,0.5,SID44,1519,185,355,6943
g1_average,S1-only,44,0.5,SID44,1360,97,514,7031
g1_average,S1+AEF(t),42,0.5,SID44,1867,191,7,6937
g1_average,S1+AEF(t),43,0.5,SID44,1864,193,10,6935
g1_average,S1+AEF(t),44,0.5,SID44,1870,215,4,6913
g1_average,OPERA,,0.5,SID44,1349,28,525,7100
g3_30m,S1-only,42,0.3,SID44,1231,49,393,6858
g3_30m,S1-only,43,0.3,SID44,1391,107,233,6800
g3_30m,S1-only,44,0.3,SID44,1288,64,336,6843
g3_30m,S1+AEF(t),42,0.3,SID44,1624,66,0,6841
g3_30m,S1+AEF(t),43,0.3,SID44,1624,66,0,6841
g3_30m,S1+AEF(t),44,0.3,SID44,1624,87,0,6820
g3_30m,OPERA,,0.3,SID44,1269,3,355,6904
g3_30m,S1-only,42,0.5,SID44,1150,33,474,6874
g3_30m,S1-only,43,0.5,SID44,1339,88,285,6819
g3_30m,S1-only,44,0.5,SID44,1215,38,409,6869
g3_30m,S1+AEF(t),42,0.5,SID44,1624,40,0,6867
g3_30m,S1+AEF(t),43,0.5,SID44,1623,40,1,6867
g3_30m,S1+AEF(t),44,0.5,SID44,1624,55,0,6852
g3_30m,OPERA,,0.5,SID44,1269,3,355,6904
g2,S1-only,42,0.3,SID44,137539,13195,50591,698795
g2,S1-only,43,0.3,SID44,158045,23033,30085,688957
g2,S1-only,44,0.3,SID44,144462,15752,43668,696238
g2,S1+AEF(t),42,0.3,SID44,187414,24032,716,687958
g2,S1+AEF(t),43,0.3,SID44,187371,24177,759,687813
g2,S1+AEF(t),44,0.3,SID44,187661,27255,469,684735
g2,OPERA,,0.3,SID44,134699,2641,53431,709349
g2,S1-only,42,0.5,SID44,126521,8479,61609,703511
g2,S1-only,43,0.5,SID44,150886,18672,37244,693318
g2,S1-only,44,0.5,SID44,134870,10174,53260,701816
g2,S1+AEF(t),42,0.5,SID44,186572,19700,1558,692290
g2,S1+AEF(t),43,0.5,SID44,186306,19814,1824,692176
g2,S1+AEF(t),44,0.5,SID44,187005,21911,1125,690079
g2,OPERA,,0.5,SID44,134699,2641,53431,709349
g1_bilinear,S1-only,42,0.3,SID44,1387,139,487,6989
g1_bilinear,S1-only,43,0.3,SID44,1588,238,286,6890
g1_bilinear,S1-only,44,0.3,SID44,1460,163,414,6965
g1_bilinear,S1+AEF(t),42,0.3,SID44,1872,247,2,6881
g1_bilinear,S1+AEF(t),43,0.3,SID44,1872,250,2,6878
g1_bilinear,S1+AEF(t),44,0.3,SID44,1874,277,0,6851
g1_bilinear,OPERA,,0.3,SID44,1349,28,525,7100
g1_bilinear,S1-only,42,0.5,SID44,1275,81,599,7047
g1_bilinear,S1-only,43,0.5,SID44,1521,186,353,6942
g1_bilinear,S1-only,44,0.5,SID44,1356,99,518,7029
g1_bilinear,S1+AEF(t),42,0.5,SID44,1867,191,7,6937
g1_bilinear,S1+AEF(t),43,0.5,SID44,1863,193,11,6935
g1_bilinear,S1+AEF(t),44,0.5,SID44,1870,215,4,6913
g1_bilinear,OPERA,,0.5,SID44,1349,28,525,7100
g3_3m,S1-only,42,0.3,SID44,121733,4787,41071,684935
g3_3m,S1-only,43,0.3,SID44,137925,9947,24879,679775
g3_3m,S1-only,44,0.3,SID44,127115,6152,35689,683570
g3_3m,S1+AEF(t),42,0.3,SID44,162744,6515,60,683207
g3_3m,S1+AEF(t),43,0.3,SID44,162709,6298,95,683424
g3_3m,S1+AEF(t),44,0.3,SID44,162804,8391,0,681331
g3_3m,OPERA,,0.3,SID44,126964,392,35840,689330
g3_3m,S1-only,42,0.5,SID44,114999,3352,47805,686370
g3_3m,S1-only,43,0.5,SID44,133467,8309,29337,681413
g3_3m,S1-only,44,0.5,SID44,121001,4339,41803,685383
g3_3m,S1+AEF(t),42,0.5,SID44,162658,4882,146,684840
g3_3m,S1+AEF(t),43,0.5,SID44,162573,4705,231,685017
g3_3m,S1+AEF(t),44,0.5,SID44,162757,6346,47,683376
g3_3m,OPERA,,0.5,SID44,126964,392,35840,689330
g4,S1-only,42,0.3,SID44,1335,111,501,6978
g4,S1-only,43,0.3,SID44,1545,204,291,6885
g4,S1-only,44,0.3,SID44,1410,129,426,6960
g4,S1+AEF(t),42,0.3,SID44,1833,226,3,6863
g4,S1+AEF(t),43,0.3,SID44,1833,225,3,6864
g4,S1+AEF(t),44,0.3,SID44,1835,253,1,6836
g4,OPERA,,0.3,SID44,1309,18,527,7071
g4,S1-only,42,0.5,SID44,1236,70,600,7019
g4,S1-only,43,0.5,SID44,1473,159,363,6930
g4,S1-only,44,0.5,SID44,1317,90,519,6999
g4,S1+AEF(t),42,0.5,SID44,1825,169,11,6920
g4,S1+AEF(t),43,0.5,SID44,1821,169,15,6920
g4,S1+AEF(t),44,0.5,SID44,1831,204,5,6885
g4,OPERA,,0.5,SID44,1309,18,527,7071
paper,S1-only,42,0.3,SID46,243413,20367,386439,398357
paper,S1-only,43,0.3,SID46,272892,23055,356960,395669
paper,S1-only,44,0.3,SID46,214061,18150,415791,400574
paper,S1+AEF(t),42,0.3,SID46,578963,93144,50889,325580
paper,S1+AEF(t),43,0.3,SID46,593266,99867,36586,318857
paper,S1+AEF(t),44,0.3,SID46,589816,101486,40036,317238
paper,OPERA,,0.3,SID46,316745,36813,313107,381911
paper,S1-only,42,0.5,SID46,220782,15360,409070,403364
paper,S1-only,43,0.5,SID46,245043,17565,384809,401159
paper,S1-only,44,0.5,SID46,194487,13428,435365,405296
paper,S1+AEF(t),42,0.5,SID46,565889,83685,63963,335039
paper,S1+AEF(t),43,0.5,SID46,581888,89685,47964,329039
paper,S1+AEF(t),44,0.5,SID46,577320,90066,52532,328658
paper,OPERA,,0.5,SID46,316745,36813,313107,381911
g1_average,S1-only,42,0.3,SID46,2539,141,4166,3558
g1_average,S1-only,43,0.3,SID46,2830,157,3875,3542
g1_average,S1-only,44,0.3,SID46,2216,135,4489,3564
g1_average,S1+AEF(t),42,0.3,SID46,6244,511,461,3188
g1_average,S1+AEF(t),43,0.3,SID46,6406,559,299,3140
g1_average,S1+AEF(t),44,0.3,SID46,6358,576,347,3123
g1_average,OPERA,,0.3,SID46,3255,243,3450,3456
g1_average,S1-only,42,0.5,SID46,2220,81,4485,3618
g1_average,S1-only,43,0.5,SID46,2486,82,4219,3617
g1_average,S1-only,44,0.5,SID46,1938,79,4767,3620
g1_average,S1+AEF(t),42,0.5,SID46,6070,387,635,3312
g1_average,S1+AEF(t),43,0.5,SID46,6264,428,441,3271
g1_average,S1+AEF(t),44,0.5,SID46,6194,441,511,3258
g1_average,OPERA,,0.5,SID46,3255,243,3450,3456
g3_30m,S1-only,42,0.3,SID46,1790,11,1519,2469
g3_30m,S1-only,43,0.3,SID46,1997,10,1312,2470
g3_30m,S1-only,44,0.3,SID46,1596,8,1713,2472
g3_30m,S1+AEF(t),42,0.3,SID46,3251,46,58,2434
g3_30m,S1+AEF(t),43,0.3,SID46,3282,52,27,2428
g3_30m,S1+AEF(t),44,0.3,SID46,3272,59,37,2421
g3_30m,OPERA,,0.3,SID46,2326,61,983,2419
g3_30m,S1-only,42,0.5,SID46,1630,5,1679,2475
g3_30m,S1-only,43,0.5,SID46,1805,4,1504,2476
g3_30m,S1-only,44,0.5,SID46,1457,5,1852,2475
g3_30m,S1+AEF(t),42,0.5,SID46,3230,17,79,2463
g3_30m,S1+AEF(t),43,0.5,SID46,3262,20,47,2460
g3_30m,S1+AEF(t),44,0.5,SID46,3249,26,60,2454
g3_30m,OPERA,,0.5,SID46,2326,61,983,2419
g2,S1-only,42,0.3,SID46,242764,25236,382267,390133
g2,S1-only,43,0.3,SID46,270669,28031,354362,387338
g2,S1-only,44,0.3,SID46,212801,22299,412230,393070
g2,S1+AEF(t),42,0.3,SID46,575146,100354,49885,315015
g2,S1+AEF(t),43,0.3,SID46,588882,107618,36149,307751
g2,S1+AEF(t),44,0.3,SID46,585148,108252,39883,307117
g2,OPERA,,0.3,SID46,313121,36689,311910,378680
g2,S1-only,42,0.5,SID46,212844,17256,412187,398113
g2,S1-only,43,0.5,SID46,237765,19035,387266,396334
g2,S1-only,44,0.5,SID46,186568,15132,438463,400237
g2,S1+AEF(t),42,0.5,SID46,559325,86375,65706,328994
g2,S1+AEF(t),43,0.5,SID46,575857,93343,49174,322026
g2,S1+AEF(t),44,0.5,SID46,570324,93176,54707,322193
g2,OPERA,,0.5,SID46,313121,36689,311910,378680
g1_bilinear,S1-only,42,0.3,SID46,2552,148,4153,3551
g1_bilinear,S1-only,43,0.3,SID46,2858,166,3847,3533
g1_bilinear,S1-only,44,0.3,SID46,2224,149,4481,3550
g1_bilinear,S1+AEF(t),42,0.3,SID46,6257,542,448,3157
g1_bilinear,S1+AEF(t),43,0.3,SID46,6416,592,289,3107
g1_bilinear,S1+AEF(t),44,0.3,SID46,6368,606,337,3093
g1_bilinear,OPERA,,0.3,SID46,3255,243,3450,3456
g1_bilinear,S1-only,42,0.5,SID46,2206,82,4499,3617
g1_bilinear,S1-only,43,0.5,SID46,2465,84,4240,3615
g1_bilinear,S1-only,44,0.5,SID46,1920,78,4785,3621
g1_bilinear,S1+AEF(t),42,0.5,SID46,6068,392,637,3307
g1_bilinear,S1+AEF(t),43,0.5,SID46,6259,429,446,3270
g1_bilinear,S1+AEF(t),44,0.5,SID46,6195,443,510,3256
g1_bilinear,OPERA,,0.5,SID46,3255,243,3450,3456
g3_3m,S1-only,42,0.3,SID46,176173,1329,154727,246671
g3_3m,S1-only,43,0.3,SID46,197532,1459,133368,246541
g3_3m,S1-only,44,0.3,SID46,157463,1412,173437,246588
g3_3m,S1+AEF(t),42,0.3,SID46,324946,4954,5954,243046
g3_3m,S1+AEF(t),43,0.3,SID46,327780,5311,3120,242689
g3_3m,S1+AEF(t),44,0.3,SID46,326871,6196,4029,241804
g3_3m,OPERA,,0.3,SID46,226472,7238,104428,240762
g3_3m,S1-only,42,0.5,SID46,163401,909,167499,247091
g3_3m,S1-only,43,0.5,SID46,179737,983,151163,247017
g3_3m,S1-only,44,0.5,SID46,146004,949,184896,247051
g3_3m,S1+AEF(t),42,0.5,SID46,322667,3438,8233,244562
g3_3m,S1+AEF(t),43,0.5,SID46,326027,3711,4873,244289
g3_3m,S1+AEF(t),44,0.5,SID46,324645,4226,6255,243774
g3_3m,OPERA,,0.5,SID46,226472,7238,104428,240762
g4,S1-only,42,0.3,SID46,2453,140,4090,3518
g4,S1-only,43,0.3,SID46,2733,153,3810,3505
g4,S1-only,44,0.3,SID46,2147,131,4396,3527
g4,S1+AEF(t),42,0.3,SID46,6082,499,461,3159
g4,S1+AEF(t),43,0.3,SID46,6248,550,295,3108
g4,S1+AEF(t),44,0.3,SID46,6207,564,336,3094
g4,OPERA,,0.3,SID46,3168,226,3375,3432
g4,S1-only,42,0.5,SID46,2169,83,4374,3575
g4,S1-only,43,0.5,SID46,2404,88,4139,3570
g4,S1-only,44,0.5,SID46,1899,77,4644,3581
g4,S1+AEF(t),42,0.5,SID46,5917,381,626,3277
g4,S1+AEF(t),43,0.5,SID46,6092,411,451,3247
g4,S1+AEF(t),44,0.5,SID46,6024,421,519,3237
g4,OPERA,,0.5,SID46,3168,226,3375,3432
paper,S1-only,42,0.3,SID50,0,0,4662,595703
paper,S1-only,43,0.3,SID50,0,0,4662,595703
paper,S1-only,44,0.3,SID50,0,0,4662,595703
paper,S1+AEF(t),42,0.3,SID50,155,0,4507,595703
paper,S1+AEF(t),43,0.3,SID50,121,0,4541,595703
paper,S1+AEF(t),44,0.3,SID50,220,2,4442,595701
paper,OPERA,,0.3,SID50,0,0,4662,595703
paper,S1-only,42,0.5,SID50,0,0,4662,595703
paper,S1-only,43,0.5,SID50,0,0,4662,595703
paper,S1-only,44,0.5,SID50,0,0,4662,595703
paper,S1+AEF(t),42,0.5,SID50,80,0,4582,595703
paper,S1+AEF(t),43,0.5,SID50,41,0,4621,595703
paper,S1+AEF(t),44,0.5,SID50,126,0,4536,595703
paper,OPERA,,0.5,SID50,0,0,4662,595703
g1_average,S1-only,42,0.3,SID50,0,0,47,5934
g1_average,S1-only,43,0.3,SID50,0,0,47,5934
g1_average,S1-only,44,0.3,SID50,0,0,47,5934
g1_average,S1+AEF(t),42,0.3,SID50,2,0,45,5934
g1_average,S1+AEF(t),43,0.3,SID50,1,0,46,5934
g1_average,S1+AEF(t),44,0.3,SID50,2,0,45,5934
g1_average,OPERA,,0.3,SID50,0,0,47,5934
g1_average,S1-only,42,0.5,SID50,0,0,47,5934
g1_average,S1-only,43,0.5,SID50,0,0,47,5934
g1_average,S1-only,44,0.5,SID50,0,0,47,5934
g1_average,S1+AEF(t),42,0.5,SID50,0,0,47,5934
g1_average,S1+AEF(t),43,0.5,SID50,0,0,47,5934
g1_average,S1+AEF(t),44,0.5,SID50,1,0,46,5934
g1_average,OPERA,,0.5,SID50,0,0,47,5934
g3_30m,S1-only,42,0.3,SID50,0,0,1,5867
g3_30m,S1-only,43,0.3,SID50,0,0,1,5867
g3_30m,S1-only,44,0.3,SID50,0,0,1,5867
g3_30m,S1+AEF(t),42,0.3,SID50,1,0,0,5867
g3_30m,S1+AEF(t),43,0.3,SID50,1,0,0,5867
g3_30m,S1+AEF(t),44,0.3,SID50,1,0,0,5867
g3_30m,OPERA,,0.3,SID50,0,0,1,5867
g3_30m,S1-only,42,0.5,SID50,0,0,1,5867
g3_30m,S1-only,43,0.5,SID50,0,0,1,5867
g3_30m,S1-only,44,0.5,SID50,0,0,1,5867
g3_30m,S1+AEF(t),42,0.5,SID50,0,0,1,5867
g3_30m,S1+AEF(t),43,0.5,SID50,0,0,1,5867
g3_30m,S1+AEF(t),44,0.5,SID50,1,0,0,5867
g3_30m,OPERA,,0.5,SID50,0,0,1,5867
g2,S1-only,42,0.3,SID50,0,0,4662,594302
g2,S1-only,43,0.3,SID50,0,0,4662,594302
g2,S1-only,44,0.3,SID50,0,0,4662,594302
g2,S1+AEF(t),42,0.3,SID50,168,32,4494,594270
g2,S1+AEF(t),43,0.3,SID50,100,0,4562,594302
g2,S1+AEF(t),44,0.3,SID50,168,32,4494,594270
g2,OPERA,,0.3,SID50,0,0,4662,594302
g2,S1-only,42,0.5,SID50,0,0,4662,594302
g2,S1-only,43,0.5,SID50,0,0,4662,594302
g2,S1-only,44,0.5,SID50,0,0,4662,594302
g2,S1+AEF(t),42,0.5,SID50,0,0,4662,594302
g2,S1+AEF(t),43,0.5,SID50,0,0,4662,594302
g2,S1+AEF(t),44,0.5,SID50,100,0,4562,594302
g2,OPERA,,0.5,SID50,0,0,4662,594302
g1_bilinear,S1-only,42,0.3,SID50,0,0,47,5917
g1_bilinear,S1-only,43,0.3,SID50,0,0,47,5917
g1_bilinear,S1-only,44,0.3,SID50,0,0,47,5917
g1_bilinear,S1+AEF(t),42,0.3,SID50,2,0,45,5917
g1_bilinear,S1+AEF(t),43,0.3,SID50,0,0,47,5917
g1_bilinear,S1+AEF(t),44,0.3,SID50,2,0,45,5917
g1_bilinear,OPERA,,0.3,SID50,0,0,47,5917
g1_bilinear,S1-only,42,0.5,SID50,0,0,47,5917
g1_bilinear,S1-only,43,0.5,SID50,0,0,47,5917
g1_bilinear,S1-only,44,0.5,SID50,0,0,47,5917
g1_bilinear,S1+AEF(t),42,0.5,SID50,0,0,47,5917
g1_bilinear,S1+AEF(t),43,0.5,SID50,0,0,47,5917
g1_bilinear,S1+AEF(t),44,0.5,SID50,0,0,47,5917
g1_bilinear,OPERA,,0.5,SID50,0,0,47,5917
g3_3m,S1-only,42,0.3,SID50,0,0,100,586045
g3_3m,S1-only,43,0.3,SID50,0,0,100,586045
g3_3m,S1-only,44,0.3,SID50,0,0,100,586045
g3_3m,S1+AEF(t),42,0.3,SID50,68,0,32,586045
g3_3m,S1+AEF(t),43,0.3,SID50,47,0,53,586045
g3_3m,S1+AEF(t),44,0.3,SID50,82,0,18,586045
g3_3m,OPERA,,0.3,SID50,0,0,100,586045
g3_3m,S1-only,42,0.5,SID50,0,0,100,586045
g3_3m,S1-only,43,0.5,SID50,0,0,100,586045
g3_3m,S1-only,44,0.5,SID50,0,0,100,586045
g3_3m,S1+AEF(t),42,0.5,SID50,35,0,65,586045
g3_3m,S1+AEF(t),43,0.5,SID50,17,0,83,586045
g3_3m,S1+AEF(t),44,0.5,SID50,55,0,45,586045
g3_3m,OPERA,,0.5,SID50,0,0,100,586045
paper,S1-only,42,0.3,SID51,25728,12637,6571,1003440
paper,S1-only,43,0.3,SID51,26113,12763,6186,1003314
paper,S1-only,44,0.3,SID51,25780,12053,6519,1004024
paper,S1+AEF(t),42,0.3,SID51,28369,10094,3930,1005983
paper,S1+AEF(t),43,0.3,SID51,28241,10218,4058,1005859
paper,S1+AEF(t),44,0.3,SID51,28168,9037,4131,1007040
paper,OPERA,,0.3,SID51,11323,1237,20976,1014840
paper,S1-only,42,0.5,SID51,24614,9610,7685,1006467
paper,S1-only,43,0.5,SID51,25298,9765,7001,1006312
paper,S1-only,44,0.5,SID51,24817,9308,7482,1006769
paper,S1+AEF(t),42,0.5,SID51,27946,7861,4353,1008216
paper,S1+AEF(t),43,0.5,SID51,27891,7895,4408,1008182
paper,S1+AEF(t),44,0.5,SID51,27678,6867,4621,1009210
paper,OPERA,,0.5,SID51,11323,1237,20976,1014840
g1_average,S1-only,42,0.3,SID51,266,133,61,9942
g1_average,S1-only,43,0.3,SID51,271,138,56,9937
g1_average,S1-only,44,0.3,SID51,267,125,60,9950
g1_average,S1+AEF(t),42,0.3,SID51,293,107,34,9968
g1_average,S1+AEF(t),43,0.3,SID51,292,108,35,9967
g1_average,S1+AEF(t),44,0.3,SID51,291,95,36,9980
g1_average,OPERA,,0.3,SID51,115,9,212,10066
g1_average,S1-only,42,0.5,SID51,248,90,79,9985
g1_average,S1-only,43,0.5,SID51,256,91,71,9984
g1_average,S1-only,44,0.5,SID51,248,85,79,9990
g1_average,S1+AEF(t),42,0.5,SID51,288,63,39,10012
g1_average,S1+AEF(t),43,0.5,SID51,287,63,40,10012
g1_average,S1+AEF(t),44,0.5,SID51,284,56,43,10019
g1_average,OPERA,,0.5,SID51,115,9,212,10066
g3_30m,S1-only,42,0.3,SID51,109,43,23,9857
g3_30m,S1-only,43,0.3,SID51,110,46,22,9854
g3_30m,S1-only,44,0.3,SID51,110,39,22,9861
g3_30m,S1+AEF(t),42,0.3,SID51,120,9,12,9891
g3_30m,S1+AEF(t),43,0.3,SID51,119,10,13,9890
g3_30m,S1+AEF(t),44,0.3,SID51,119,7,13,9893
g3_30m,OPERA,,0.3,SID51,84,1,48,9899
g3_30m,S1-only,42,0.5,SID51,108,28,24,9872
g3_30m,S1-only,43,0.5,SID51,108,27,24,9873
g3_30m,S1-only,44,0.5,SID51,108,23,24,9877
g3_30m,S1+AEF(t),42,0.5,SID51,119,0,13,9900
g3_30m,S1+AEF(t),43,0.5,SID51,119,0,13,9900
g3_30m,S1+AEF(t),44,0.5,SID51,118,0,14,9900
g3_30m,OPERA,,0.5,SID51,84,1,48,9899
g2,S1-only,42,0.3,SID51,25450,14400,6726,993624
g2,S1-only,43,0.3,SID51,25928,14922,6248,993102
g2,S1-only,44,0.3,SID51,25533,13617,6643,994407
g2,S1+AEF(t),42,0.3,SID51,27998,11952,4178,996072
g2,S1+AEF(t),43,0.3,SID51,27898,12052,4278,995972
g2,S1+AEF(t),44,0.3,SID51,27708,10842,4468,997182
g2,OPERA,,0.3,SID51,11243,1237,20933,1006787
g2,S1-only,42,0.5,SID51,23689,10091,8487,997933
g2,S1-only,43,0.5,SID51,24333,10347,7843,997677
g2,S1-only,44,0.5,SID51,23641,9639,8535,998385
g2,S1+AEF(t),42,0.5,SID51,27058,7992,5118,1000032
g2,S1+AEF(t),43,0.5,SID51,26957,7993,5219,1000031
g2,S1+AEF(t),44,0.5,SID51,26541,7409,5635,1000615
g2,OPERA,,0.5,SID51,11243,1237,20933,1006787
g1_bilinear,S1-only,42,0.3,SID51,269,140,58,9935
g1_bilinear,S1-only,43,0.3,SID51,273,146,54,9929
g1_bilinear,S1-only,44,0.3,SID51,268,138,59,9937
g1_bilinear,S1+AEF(t),42,0.3,SID51,291,121,36,9954
g1_bilinear,S1+AEF(t),43,0.3,SID51,291,120,36,9955
g1_bilinear,S1+AEF(t),44,0.3,SID51,290,110,37,9965
g1_bilinear,OPERA,,0.3,SID51,115,9,212,10066
g1_bilinear,S1-only,42,0.5,SID51,248,88,79,9987
g1_bilinear,S1-only,43,0.5,SID51,254,88,73,9987
g1_bilinear,S1-only,44,0.5,SID51,246,83,81,9992
g1_bilinear,S1+AEF(t),42,0.5,SID51,287,64,40,10011
g1_bilinear,S1+AEF(t),43,0.5,SID51,287,65,40,10010
g1_bilinear,S1+AEF(t),44,0.5,SID51,284,56,43,10019
g1_bilinear,OPERA,,0.5,SID51,115,9,212,10066
g3_3m,S1-only,42,0.3,SID51,10854,4867,2346,985183
g3_3m,S1-only,43,0.3,SID51,11012,4636,2188,985414
g3_3m,S1-only,44,0.3,SID51,11017,4419,2183,985631
g3_3m,S1+AEF(t),42,0.3,SID51,11978,1724,1222,988326
g3_3m,S1+AEF(t),43,0.3,SID51,11924,1771,1276,988279
g3_3m,S1+AEF(t),44,0.3,SID51,11940,1367,1260,988683
g3_3m,OPERA,,0.3,SID51,5990,340,7210,989710
g3_3m,S1-only,42,0.5,SID51,10654,3272,2546,986778
g3_3m,S1-only,43,0.5,SID51,10862,3085,2338,986965
g3_3m,S1-only,44,0.5,SID51,10808,3022,2392,987028
g3_3m,S1+AEF(t),42,0.5,SID51,11894,1027,1306,989023
g3_3m,S1+AEF(t),43,0.5,SID51,11880,1027,1320,989023
g3_3m,S1+AEF(t),44,0.5,SID51,11837,753,1363,989297
g3_3m,OPERA,,0.5,SID51,5990,340,7210,989710
g4,S1-only,42,0.3,SID51,251,134,60,9754
g4,S1-only,43,0.3,SID51,254,139,57,9749
g4,S1-only,44,0.3,SID51,252,133,59,9755
g4,S1+AEF(t),42,0.3,SID51,271,128,40,9760
g4,S1+AEF(t),43,0.3,SID51,271,130,40,9758
g4,S1+AEF(t),44,0.3,SID51,270,124,41,9764
g4,OPERA,,0.3,SID51,114,10,197,9878
g4,S1-only,42,0.5,SID51,240,96,71,9792
g4,S1-only,43,0.5,SID51,249,100,62,9788
g4,S1-only,44,0.5,SID51,238,95,73,9793
g4,S1+AEF(t),42,0.5,SID51,270,82,41,9806
g4,S1+AEF(t),43,0.5,SID51,268,86,43,9802
g4,S1+AEF(t),44,0.5,SID51,265,70,46,9818
g4,OPERA,,0.5,SID51,114,10,197,9878
paper,S1-only,42,0.3,SID52,143722,16444,9583,878827
paper,S1-only,43,0.3,SID52,146671,23975,6634,871296
paper,S1-only,44,0.3,SID52,144469,18145,8836,877126
paper,S1+AEF(t),42,0.3,SID52,148299,16479,5006,878792
paper,S1+AEF(t),43,0.3,SID52,148454,18289,4851,876982
paper,S1+AEF(t),44,0.3,SID52,148177,15715,5128,879556
paper,OPERA,,0.3,SID52,137079,22845,16226,872426
paper,S1-only,42,0.5,SID52,141328,12486,11977,882785
paper,S1-only,43,0.5,SID52,145776,19022,7529,876249
paper,S1-only,44,0.5,SID52,142441,13946,10864,881325
paper,S1+AEF(t),42,0.5,SID52,147648,12535,5657,882736
paper,S1+AEF(t),43,0.5,SID52,147830,14233,5475,881038
paper,S1+AEF(t),44,0.5,SID52,147414,11891,5891,883380
paper,OPERA,,0.5,SID52,137079,22845,16226,872426
g1_average,S1-only,42,0.3,SID52,1451,168,82,8703
g1_average,S1-only,43,0.3,SID52,1481,248,52,8623
g1_average,S1-only,44,0.3,SID52,1460,183,73,8688
g1_average,S1+AEF(t),42,0.3,SID52,1498,179,35,8692
g1_average,S1+AEF(t),43,0.3,SID52,1499,195,34,8676
g1_average,S1+AEF(t),44,0.3,SID52,1499,173,34,8698
g1_average,OPERA,,0.3,SID52,1360,195,173,8676
g1_average,S1-only,42,0.5,SID52,1421,111,112,8760
g1_average,S1-only,43,0.5,SID52,1466,170,67,8701
g1_average,S1-only,44,0.5,SID52,1430,124,103,8747
g1_average,S1+AEF(t),42,0.5,SID52,1485,106,48,8765
g1_average,S1+AEF(t),43,0.5,SID52,1488,120,45,8751
g1_average,S1+AEF(t),44,0.5,SID52,1481,100,52,8771
g1_average,OPERA,,0.5,SID52,1360,195,173,8676
g3_30m,S1-only,42,0.3,SID52,1212,36,12,8484
g3_30m,S1-only,43,0.3,SID52,1220,68,4,8452
g3_30m,S1-only,44,0.3,SID52,1213,44,11,8476
g3_30m,S1+AEF(t),42,0.3,SID52,1224,15,0,8505
g3_30m,S1+AEF(t),43,0.3,SID52,1224,25,0,8495
g3_30m,S1+AEF(t),44,0.3,SID52,1224,18,0,8502
g3_30m,OPERA,,0.3,SID52,1193,120,31,8400
g3_30m,S1-only,42,0.5,SID52,1208,10,16,8510
g3_30m,S1-only,43,0.5,SID52,1219,33,5,8487
g3_30m,S1-only,44,0.5,SID52,1206,15,18,8505
g3_30m,S1+AEF(t),42,0.5,SID52,1224,3,0,8517
g3_30m,S1+AEF(t),43,0.5,SID52,1224,3,0,8517
g3_30m,S1+AEF(t),44,0.5,SID52,1224,2,0,8518
g3_30m,OPERA,,0.5,SID52,1193,120,31,8400
g2,S1-only,42,0.3,SID52,142885,19015,9879,868621
g2,S1-only,43,0.3,SID52,146125,26775,6639,860861
g2,S1-only,44,0.3,SID52,143752,20548,9012,867088
g2,S1+AEF(t),42,0.3,SID52,147341,20359,5423,867277
g2,S1+AEF(t),43,0.3,SID52,147476,21924,5288,865712
g2,S1+AEF(t),44,0.3,SID52,147262,19938,5502,867698
g2,OPERA,,0.3,SID52,136690,22713,16074,864923
g2,S1-only,42,0.5,SID52,139737,13463,13027,874173
g2,S1-only,43,0.5,SID52,144358,19242,8406,868394
g2,S1-only,44,0.5,SID52,140616,14784,12148,872852
g2,S1+AEF(t),42,0.5,SID52,145474,13626,7290,874010
g2,S1+AEF(t),43,0.5,SID52,145870,14930,6894,872706
g2,S1+AEF(t),44,0.5,SID52,145150,12950,7614,874686
g2,OPERA,,0.5,SID52,136690,22713,16074,864923
g1_bilinear,S1-only,42,0.3,SID52,1453,179,80,8692
g1_bilinear,S1-only,43,0.3,SID52,1483,266,50,8605
g1_bilinear,S1-only,44,0.3,SID52,1460,198,73,8673
g1_bilinear,S1+AEF(t),42,0.3,SID52,1498,192,35,8679
g1_bilinear,S1+AEF(t),43,0.3,SID52,1499,206,34,8665
g1_bilinear,S1+AEF(t),44,0.3,SID52,1498,186,35,8685
g1_bilinear,OPERA,,0.3,SID52,1360,195,173,8676
g1_bilinear,S1-only,42,0.5,SID52,1419,111,114,8760
g1_bilinear,S1-only,43,0.5,SID52,1466,171,67,8700
g1_bilinear,S1-only,44,0.5,SID52,1428,124,105,8747
g1_bilinear,S1+AEF(t),42,0.5,SID52,1484,105,49,8766
g1_bilinear,S1+AEF(t),43,0.5,SID52,1486,122,47,8749
g1_bilinear,S1+AEF(t),44,0.5,SID52,1480,101,53,8770
g1_bilinear,OPERA,,0.5,SID52,1360,195,173,8676
g3_3m,S1-only,42,0.3,SID52,121057,4098,1343,847902
g3_3m,S1-only,43,0.3,SID52,122007,7147,393,844853
g3_3m,S1-only,44,0.3,SID52,121075,4806,1325,847194
g3_3m,S1+AEF(t),42,0.3,SID52,122374,2619,26,849381
g3_3m,S1+AEF(t),43,0.3,SID52,122381,3345,19,848655
g3_3m,S1+AEF(t),44,0.3,SID52,122353,2430,47,849570
g3_3m,OPERA,,0.3,SID52,119166,13571,3234,838429
g3_3m,S1-only,42,0.5,SID52,120179,2579,2221,849421
g3_3m,S1-only,43,0.5,SID52,121730,4887,670,847113
g3_3m,S1-only,44,0.5,SID52,120377,3123,2023,848877
g3_3m,S1+AEF(t),42,0.5,SID52,122335,1533,65,850467
g3_3m,S1+AEF(t),43,0.5,SID52,122332,2052,68,849948
g3_3m,S1+AEF(t),44,0.5,SID52,122295,1411,105,850589
g3_3m,OPERA,,0.5,SID52,119166,13571,3234,838429
paper,S1-only,42,0.3,SID53,396998,30088,73312,548178
paper,S1-only,43,0.3,SID53,438887,34847,31423,543419
paper,S1-only,44,0.3,SID53,423525,30263,46785,548003
paper,S1+AEF(t),42,0.3,SID53,469662,91666,648,486600
paper,S1+AEF(t),43,0.3,SID53,469720,91065,590,487201
paper,S1+AEF(t),44,0.3,SID53,469674,93059,636,485207
paper,OPERA,,0.3,SID53,446645,110875,23665,467391
paper,S1-only,42,0.5,SID53,373773,25969,96537,552297
paper,S1-only,43,0.5,SID53,428550,30694,41760,547572
paper,S1-only,44,0.5,SID53,407590,26703,62720,551563
paper,S1+AEF(t),42,0.5,SID53,469522,85382,788,492884
paper,S1+AEF(t),43,0.5,SID53,469641,83974,669,494292
paper,S1+AEF(t),44,0.5,SID53,469529,85314,781,492952
paper,OPERA,,0.5,SID53,446645,110875,23665,467391
g1_average,S1-only,42,0.3,SID53,3944,308,726,5426
g1_average,S1-only,43,0.3,SID53,4361,358,309,5376
g1_average,S1-only,44,0.3,SID53,4210,312,460,5422
g1_average,S1+AEF(t),42,0.3,SID53,4669,919,1,4815
g1_average,S1+AEF(t),43,0.3,SID53,4669,912,1,4822
g1_average,S1+AEF(t),44,0.3,SID53,4669,937,1,4797
g1_average,OPERA,,0.3,SID53,4423,1095,247,4639
g1_average,S1-only,42,0.5,SID53,3711,249,959,5485
g1_average,S1-only,43,0.5,SID53,4259,294,411,5440
g1_average,S1-only,44,0.5,SID53,4049,260,621,5474
g1_average,S1+AEF(t),42,0.5,SID53,4667,832,3,4902
g1_average,S1+AEF(t),43,0.5,SID53,4669,822,1,4912
g1_average,S1+AEF(t),44,0.5,SID53,4668,825,2,4909
g1_average,OPERA,,0.5,SID53,4423,1095,247,4639
g3_30m,S1-only,42,0.3,SID53,3803,197,650,5305
g3_30m,S1-only,43,0.3,SID53,4210,230,243,5272
g3_30m,S1-only,44,0.3,SID53,4068,194,385,5308
g3_30m,S1+AEF(t),42,0.3,SID53,4453,716,0,4786
g3_30m,S1+AEF(t),43,0.3,SID53,4453,706,0,4796
g3_30m,S1+AEF(t),44,0.3,SID53,4453,734,0,4768
g3_30m,OPERA,,0.3,SID53,4255,960,198,4542
g3_30m,S1-only,42,0.5,SID53,3580,153,873,5349
g3_30m,S1-only,43,0.5,SID53,4112,187,341,5315
g3_30m,S1-only,44,0.5,SID53,3914,160,539,5342
g3_30m,S1+AEF(t),42,0.5,SID53,4453,632,0,4870
g3_30m,S1+AEF(t),43,0.5,SID53,4453,623,0,4879
g3_30m,S1+AEF(t),44,0.5,SID53,4453,629,0,4873
g3_30m,OPERA,,0.5,SID53,4255,960,198,4542
g2,S1-only,42,0.3,SID53,393835,31365,73137,542063
g2,S1-only,43,0.3,SID53,435677,36223,31295,537205
g2,S1-only,44,0.3,SID53,420553,31647,46419,541781
g2,S1+AEF(t),42,0.3,SID53,466277,92523,695,480905
g2,S1+AEF(t),43,0.3,SID53,466347,91753,625,481675
g2,S1+AEF(t),44,0.3,SID53,466275,94325,697,479103
g2,OPERA,,0.3,SID53,443307,109693,23665,463735
g2,S1-only,42,0.5,SID53,370535,25465,96437,547963
g2,S1-only,43,0.5,SID53,425301,29999,41671,543429
g2,S1-only,44,0.5,SID53,404383,26517,62589,546911
g2,S1+AEF(t),42,0.5,SID53,466115,83785,857,489643
g2,S1+AEF(t),43,0.5,SID53,466153,82947,819,490481
g2,S1+AEF(t),44,0.5,SID53,466061,83239,911,490189
g2,OPERA,,0.5,SID53,443307,109693,23665,463735
g1_bilinear,S1-only,42,0.3,SID53,3945,317,725,5417
g1_bilinear,S1-only,43,0.3,SID53,4362,372,308,5362
g1_bilinear,S1-only,44,0.3,SID53,4210,317,460,5417
g1_bilinear,S1+AEF(t),42,0.3,SID53,4669,935,1,4799
g1_bilinear,S1+AEF(t),43,0.3,SID53,4669,926,1,4808
g1_bilinear,S1+AEF(t),44,0.3,SID53,4669,950,1,4784
g1_bilinear,OPERA,,0.3,SID53,4423,1095,247,4639
g1_bilinear,S1-only,42,0.5,SID53,3710,248,960,5486
g1_bilinear,S1-only,43,0.5,SID53,4260,293,410,5441
g1_bilinear,S1-only,44,0.5,SID53,4052,258,618,5476
g1_bilinear,S1+AEF(t),42,0.5,SID53,4667,838,3,4896
g1_bilinear,S1+AEF(t),43,0.5,SID53,4669,822,1,4912
g1_bilinear,S1+AEF(t),44,0.5,SID53,4667,830,3,4904
g1_bilinear,OPERA,,0.5,SID53,4423,1095,247,4639
g3_3m,S1-only,42,0.3,SID53,380110,19335,65190,530865
g3_3m,S1-only,43,0.3,SID53,420783,22671,24517,527529
g3_3m,S1-only,44,0.3,SID53,406441,19183,38859,531017
g3_3m,S1+AEF(t),42,0.3,SID53,445300,69406,0,480794
g3_3m,S1+AEF(t),43,0.3,SID53,445300,68635,0,481565
g3_3m,S1+AEF(t),44,0.3,SID53,445300,70832,0,479368
g3_3m,OPERA,,0.3,SID53,425660,95440,19640,454760
g3_3m,S1-only,42,0.5,SID53,357763,16443,87537,533757
g3_3m,S1-only,43,0.5,SID53,410981,19654,34319,530546
g3_3m,S1-only,44,0.5,SID53,391087,16616,54213,533584
g3_3m,S1+AEF(t),42,0.5,SID53,445300,63579,0,486621
g3_3m,S1+AEF(t),43,0.5,SID53,445300,62111,0,488089
g3_3m,S1+AEF(t),44,0.5,SID53,445300,63745,0,486455
g3_3m,OPERA,,0.5,SID53,425660,95440,19640,454760
g4,S1-only,42,0.3,SID53,3887,311,711,5393
g4,S1-only,43,0.3,SID53,4295,361,303,5343
g4,S1-only,44,0.3,SID53,4149,316,449,5388
g4,S1+AEF(t),42,0.3,SID53,4596,917,2,4787
g4,S1+AEF(t),43,0.3,SID53,4598,909,0,4795
g4,S1+AEF(t),44,0.3,SID53,4598,927,0,4777
g4,OPERA,,0.3,SID53,4377,1082,221,4622
g4,S1-only,42,0.5,SID53,3661,257,937,5447
g4,S1-only,43,0.5,SID53,4193,301,405,5403
g4,S1-only,44,0.5,SID53,3991,261,607,5443
g4,S1+AEF(t),42,0.5,SID53,4595,837,3,4867
g4,S1+AEF(t),43,0.5,SID53,4596,819,2,4885
g4,S1+AEF(t),44,0.5,SID53,4594,834,4,4870
g4,OPERA,,0.5,SID53,4377,1082,221,4622
paper,S1-only,42,0.3,SID55,381457,164713,100420,401986
paper,S1-only,43,0.3,SID55,441305,278041,40572,288658
paper,S1-only,44,0.3,SID55,465466,245732,16411,320967
paper,S1+AEF(t),42,0.3,SID55,481877,373199,0,193500
paper,S1+AEF(t),43,0.3,SID55,481877,371989,0,194710
paper,S1+AEF(t),44,0.3,SID55,481877,376096,0,190603
paper,OPERA,,0.3,SID55,444888,364408,36989,202291
paper,S1-only,42,0.5,SID55,340606,116003,141271,450696
paper,S1-only,43,0.5,SID55,416593,227746,65284,338953
paper,S1-only,44,0.5,SID55,441730,216128,40147,350571
paper,S1+AEF(t),42,0.5,SID55,481877,365242,0,201457
paper,S1+AEF(t),43,0.5,SID55,481877,361819,0,204880
paper,S1+AEF(t),44,0.5,SID55,481877,366014,0,200685
paper,OPERA,,0.5,SID55,444888,364408,36989,202291
g1_average,S1-only,42,0.3,SID55,3773,1630,1000,4001
g1_average,S1-only,43,0.3,SID55,4377,2778,396,2853
g1_average,S1-only,44,0.3,SID55,4617,2438,156,3193
g1_average,S1+AEF(t),42,0.3,SID55,4773,3726,0,1905
g1_average,S1+AEF(t),43,0.3,SID55,4773,3704,0,1927
g1_average,S1+AEF(t),44,0.3,SID55,4773,3735,0,1896
g1_average,OPERA,,0.3,SID55,4407,3618,366,2013
g1_average,S1-only,42,0.5,SID55,3367,1127,1406,4504
g1_average,S1-only,43,0.5,SID55,4124,2245,649,3386
g1_average,S1-only,44,0.5,SID55,4370,2131,403,3500
g1_average,S1+AEF(t),42,0.5,SID55,4773,3629,0,2002
g1_average,S1+AEF(t),43,0.5,SID55,4773,3594,0,2037
g1_average,S1+AEF(t),44,0.5,SID55,4773,3640,0,1991
g1_average,OPERA,,0.5,SID55,4407,3618,366,2013
g3_30m,S1-only,42,0.3,SID55,3639,1515,938,3917
g3_30m,S1-only,43,0.3,SID55,4197,2602,380,2830
g3_30m,S1-only,44,0.3,SID55,4436,2260,141,3172
g3_30m,S1+AEF(t),42,0.3,SID55,4577,3527,0,1905
g3_30m,S1+AEF(t),43,0.3,SID55,4577,3505,0,1927
g3_30m,S1+AEF(t),44,0.3,SID55,4577,3536,0,1896
g3_30m,OPERA,,0.3,SID55,4256,3461,321,1971
g3_30m,S1-only,42,0.5,SID55,3267,1042,1310,4390
g3_30m,S1-only,43,0.5,SID55,3971,2093,606,3339
g3_30m,S1-only,44,0.5,SID55,4215,1979,362,3453
g3_30m,S1+AEF(t),42,0.5,SID55,4577,3430,0,2002
g3_30m,S1+AEF(t),43,0.5,SID55,4577,3395,0,2037
g3_30m,S1+AEF(t),44,0.5,SID55,4577,3441,0,1991
g3_30m,OPERA,,0.5,SID55,4256,3461,321,1971
g2,S1-only,42,0.3,SID55,376820,163480,100390,399710
g2,S1-only,43,0.3,SID55,437617,277883,39593,285307
g2,S1-only,44,0.3,SID55,461625,243875,15585,319315
g2,S1+AEF(t),42,0.3,SID55,477210,372690,0,190500
g2,S1+AEF(t),43,0.3,SID55,477210,370490,0,192700
g2,S1+AEF(t),44,0.3,SID55,477210,373590,0,189600
g2,OPERA,,0.3,SID55,440834,361566,36376,201624
g2,S1-only,42,0.5,SID55,336184,113216,141026,449974
g2,S1-only,43,0.5,SID55,412284,224616,64926,338574
g2,S1-only,44,0.5,SID55,436890,213210,40320,349980
g2,S1+AEF(t),42,0.5,SID55,477210,362990,0,200200
g2,S1+AEF(t),43,0.5,SID55,477210,359490,0,203700
g2,S1+AEF(t),44,0.5,SID55,477210,364090,0,199100
g2,OPERA,,0.5,SID55,440834,361566,36376,201624
g1_bilinear,S1-only,42,0.3,SID55,3774,1633,999,3998
g1_bilinear,S1-only,43,0.3,SID55,4379,2778,394,2853
g1_bilinear,S1-only,44,0.3,SID55,4618,2448,155,3183
g1_bilinear,S1+AEF(t),42,0.3,SID55,4773,3731,0,1900
g1_bilinear,S1+AEF(t),43,0.3,SID55,4773,3715,0,1916
g1_bilinear,S1+AEF(t),44,0.3,SID55,4773,3745,0,1886
g1_bilinear,OPERA,,0.3,SID55,4407,3618,366,2013
g1_bilinear,S1-only,42,0.5,SID55,3368,1124,1405,4507
g1_bilinear,S1-only,43,0.5,SID55,4120,2246,653,3385
g1_bilinear,S1-only,44,0.5,SID55,4366,2131,407,3500
g1_bilinear,S1+AEF(t),42,0.5,SID55,4773,3629,0,2002
g1_bilinear,S1+AEF(t),43,0.5,SID55,4773,3597,0,2034
g1_bilinear,S1+AEF(t),44,0.5,SID55,4773,3639,0,1992
g1_bilinear,OPERA,,0.5,SID55,4407,3618,366,2013
g3_3m,S1-only,42,0.3,SID55,363866,150478,93834,392722
g3_3m,S1-only,43,0.3,SID55,418822,258028,38878,285172
g3_3m,S1-only,44,0.3,SID55,442652,225512,15048,317688
g3_3m,S1+AEF(t),42,0.3,SID55,457700,350252,0,192948
g3_3m,S1+AEF(t),43,0.3,SID55,457700,348913,0,194287
g3_3m,S1+AEF(t),44,0.3,SID55,457700,353004,0,190196
g3_3m,OPERA,,0.3,SID55,425680,345940,32020,197260
g3_3m,S1-only,42,0.5,SID55,326533,104876,131167,438324
g3_3m,S1-only,43,0.5,SID55,396693,210090,61007,333110
g3_3m,S1-only,44,0.5,SID55,421524,198492,36176,344708
g3_3m,S1+AEF(t),42,0.5,SID55,457700,342363,0,200837
g3_3m,S1+AEF(t),43,0.5,SID55,457700,338832,0,204368
g3_3m,S1+AEF(t),44,0.5,SID55,457700,343002,0,200198
g3_3m,OPERA,,0.5,SID55,425680,345940,32020,197260
g4,S1-only,42,0.3,SID55,3789,1635,996,3984
g4,S1-only,43,0.3,SID55,4373,2777,412,2842
g4,S1-only,44,0.3,SID55,4632,2438,153,3181
g4,S1+AEF(t),42,0.3,SID55,4785,3714,0,1905
g4,S1+AEF(t),43,0.3,SID55,4785,3691,0,1928
g4,S1+AEF(t),44,0.3,SID55,4785,3739,0,1880
g4,OPERA,,0.3,SID55,4415,3610,370,2009
g4,S1-only,42,0.5,SID55,3380,1136,1405,4483
g4,S1-only,43,0.5,SID55,4134,2250,651,3369
g4,S1-only,44,0.5,SID55,4382,2126,403,3493
g4,S1+AEF(t),42,0.5,SID55,4785,3628,0,1991
g4,S1+AEF(t),43,0.5,SID55,4785,3588,0,2031
g4,S1+AEF(t),44,0.5,SID55,4785,3631,0,1988
g4,OPERA,,0.5,SID55,4415,3610,370,2009
paper,S1-only,42,0.3,SID59,86583,21059,1417,939517
paper,S1-only,43,0.3,SID59,86647,22008,1353,938568
paper,S1-only,44,0.3,SID59,86402,19618,1598,940958
paper,S1+AEF(t),42,0.3,SID59,87299,23281,701,937295
paper,S1+AEF(t),43,0.3,SID59,87339,26660,661,933916
paper,S1+AEF(t),44,0.3,SID59,87346,27086,654,933490
paper,OPERA,,0.3,SID59,62543,2647,25457,957929
paper,S1-only,42,0.5,SID59,86193,16093,1807,944483
paper,S1-only,43,0.5,SID59,86297,16934,1703,943642
paper,S1-only,44,0.5,SID59,85827,14889,2173,945687
paper,S1+AEF(t),42,0.5,SID59,87122,18622,878,941954
paper,S1+AEF(t),43,0.5,SID59,87200,21878,800,938698
paper,S1+AEF(t),44,0.5,SID59,87209,22273,791,938303
paper,OPERA,,0.5,SID59,62543,2647,25457,957929
g1_average,S1-only,42,0.3,SID59,863,247,12,9282
g1_average,S1-only,43,0.3,SID59,863,255,12,9274
g1_average,S1-only,44,0.3,SID59,861,227,14,9302
g1_average,S1+AEF(t),42,0.3,SID59,869,260,6,9269
g1_average,S1+AEF(t),43,0.3,SID59,869,295,6,9234
g1_average,S1+AEF(t),44,0.3,SID59,869,301,6,9228
g1_average,OPERA,,0.3,SID59,616,20,259,9509
g1_average,S1-only,42,0.5,SID59,852,154,23,9375
g1_average,S1-only,43,0.5,SID59,851,164,24,9365
g1_average,S1-only,44,0.5,SID59,852,145,23,9384
g1_average,S1+AEF(t),42,0.5,SID59,866,177,9,9352
g1_average,S1+AEF(t),43,0.5,SID59,866,210,9,9319
g1_average,S1+AEF(t),44,0.5,SID59,866,215,9,9314
g1_average,OPERA,,0.5,SID59,616,20,259,9509
g3_30m,S1-only,42,0.3,SID59,555,31,1,9184
g3_30m,S1-only,43,0.3,SID59,555,31,1,9184
g3_30m,S1-only,44,0.3,SID59,555,25,1,9190
g3_30m,S1+AEF(t),42,0.3,SID59,556,24,0,9191
g3_30m,S1+AEF(t),43,0.3,SID59,556,41,0,9174
g3_30m,S1+AEF(t),44,0.3,SID59,556,46,0,9169
g3_30m,OPERA,,0.3,SID59,515,5,41,9210
g3_30m,S1-only,42,0.5,SID59,555,10,1,9205
g3_30m,S1-only,43,0.5,SID59,555,13,1,9202
g3_30m,S1-only,44,0.5,SID59,555,7,1,9208
g3_30m,S1+AEF(t),42,0.5,SID59,555,7,1,9208
g3_30m,S1+AEF(t),43,0.5,SID59,555,13,1,9202
g3_30m,S1+AEF(t),44,0.5,SID59,555,11,1,9204
g3_30m,OPERA,,0.5,SID59,515,5,41,9210
g2,S1-only,42,0.3,SID59,84926,26074,1804,927596
g2,S1-only,43,0.3,SID59,84997,26803,1733,926867
g2,S1-only,44,0.3,SID59,84578,24222,2152,929448
g2,S1+AEF(t),42,0.3,SID59,85684,27216,1046,926454
g2,S1+AEF(t),43,0.3,SID59,85817,30583,913,923087
g2,S1+AEF(t),44,0.3,SID59,85858,31142,872,922528
g2,OPERA,,0.3,SID59,61595,2595,25135,951075
g2,S1-only,42,0.5,SID59,82975,17625,3755,936045
g2,S1-only,43,0.5,SID59,83078,18422,3652,935248
g2,S1-only,44,0.5,SID59,82857,16843,3873,936827
g2,S1+AEF(t),42,0.5,SID59,84544,19756,2186,933914
g2,S1+AEF(t),43,0.5,SID59,84967,22633,1763,931037
g2,S1+AEF(t),44,0.5,SID59,85130,22970,1600,930700
g2,OPERA,,0.5,SID59,61595,2595,25135,951075
g1_bilinear,S1-only,42,0.3,SID59,863,262,12,9267
g1_bilinear,S1-only,43,0.3,SID59,863,272,12,9257
g1_bilinear,S1-only,44,0.3,SID59,862,247,13,9282
g1_bilinear,S1+AEF(t),42,0.3,SID59,869,279,6,9250
g1_bilinear,S1+AEF(t),43,0.3,SID59,869,317,6,9212
g1_bilinear,S1+AEF(t),44,0.3,SID59,869,330,6,9199
g1_bilinear,OPERA,,0.3,SID59,616,20,259,9509
g1_bilinear,S1-only,42,0.5,SID59,851,153,24,9376
g1_bilinear,S1-only,43,0.5,SID59,852,161,23,9368
g1_bilinear,S1-only,44,0.5,SID59,852,145,23,9384
g1_bilinear,S1+AEF(t),42,0.5,SID59,866,175,9,9354
g1_bilinear,S1+AEF(t),43,0.5,SID59,866,211,9,9318
g1_bilinear,S1+AEF(t),44,0.5,SID59,866,213,9,9316
g1_bilinear,OPERA,,0.5,SID59,616,20,259,9509
g3_3m,S1-only,42,0.3,SID59,55479,3658,121,917842
g3_3m,S1-only,43,0.3,SID59,55499,3878,101,917622
g3_3m,S1-only,44,0.3,SID59,55496,3104,104,918396
g3_3m,S1+AEF(t),42,0.3,SID59,55559,3823,41,917677
g3_3m,S1+AEF(t),43,0.3,SID59,55568,5154,32,916346
g3_3m,S1+AEF(t),44,0.3,SID59,55568,5194,32,916306
g3_3m,OPERA,,0.3,SID59,48628,808,6972,920692
g3_3m,S1-only,42,0.5,SID59,55459,2317,141,919183
g3_3m,S1-only,43,0.5,SID59,55491,2395,109,919105
g3_3m,S1-only,44,0.5,SID59,55457,1885,143,919615
g3_3m,S1+AEF(t),42,0.5,SID59,55541,2453,59,919047
g3_3m,S1+AEF(t),43,0.5,SID59,55549,3498,51,918002
g3_3m,S1+AEF(t),44,0.5,SID59,55549,3485,51,918015
g3_3m,OPERA,,0.5,SID59,48628,808,6972,920692
g4,S1-only,42,0.3,SID59,839,238,11,9113
g4,S1-only,43,0.3,SID59,839,248,11,9103
g4,S1-only,44,0.3,SID59,838,221,12,9130
g4,S1+AEF(t),42,0.3,SID59,845,261,5,9090
g4,S1+AEF(t),43,0.3,SID59,846,286,4,9065
g4,S1+AEF(t),44,0.3,SID59,846,292,4,9059
g4,OPERA,,0.3,SID59,613,15,237,9336
g4,S1-only,42,0.5,SID59,837,155,13,9196
g4,S1-only,43,0.5,SID59,837,160,13,9191
g4,S1-only,44,0.5,SID59,828,147,22,9204
g4,S1+AEF(t),42,0.5,SID59,844,177,6,9174
g4,S1+AEF(t),43,0.5,SID59,844,212,6,9139
g4,S1+AEF(t),44,0.5,SID59,844,212,6,9139
g4,OPERA,,0.5,SID59,613,15,237,9336
paper,S1-only,42,0.3,SID61,182787,28458,10384,826947
paper,S1-only,43,0.3,SID61,185056,33080,8115,822325
paper,S1-only,44,0.3,SID61,183035,29374,10136,826031
paper,S1+AEF(t),42,0.3,SID61,183594,7815,9577,847590
paper,S1+AEF(t),43,0.3,SID61,186952,10409,6219,844996
paper,S1+AEF(t),44,0.3,SID61,185233,9235,7938,846170
paper,OPERA,,0.3,SID61,153168,8732,40003,846673
paper,S1-only,42,0.5,SID61,180403,24132,12768,831273
paper,S1-only,43,0.5,SID61,182843,28530,10328,826875
paper,S1-only,44,0.5,SID61,180830,24877,12341,830528
paper,S1+AEF(t),42,0.5,SID61,179890,5615,13281,849790
paper,S1+AEF(t),43,0.5,SID61,183797,7378,9374,848027
paper,S1+AEF(t),44,0.5,SID61,181866,6582,11305,848823
paper,OPERA,,0.5,SID61,153168,8732,40003,846673
g1_average,S1-only,42,0.3,SID61,1859,295,74,8176
g1_average,S1-only,43,0.3,SID61,1873,342,60,8129
g1_average,S1-only,44,0.3,SID61,1859,303,74,8168
g1_average,S1+AEF(t),42,0.3,SID61,1875,88,58,8383
g1_average,S1+AEF(t),43,0.3,SID61,1894,111,39,8360
g1_average,S1+AEF(t),44,0.3,SID61,1888,102,45,8369
g1_average,OPERA,,0.3,SID61,1538,79,395,8392
g1_average,S1-only,42,0.5,SID61,1822,222,111,8249
g1_average,S1-only,43,0.5,SID61,1843,265,90,8206
g1_average,S1-only,44,0.5,SID61,1824,225,109,8246
g1_average,S1+AEF(t),42,0.5,SID61,1816,47,117,8424
g1_average,S1+AEF(t),43,0.5,SID61,1853,63,80,8408
g1_average,S1+AEF(t),44,0.5,SID61,1833,54,100,8417
g1_average,OPERA,,0.5,SID61,1538,79,395,8392
g3_30m,S1-only,42,0.3,SID61,1514,118,12,7978
g3_30m,S1-only,43,0.3,SID61,1519,152,7,7944
g3_30m,S1-only,44,0.3,SID61,1515,130,11,7966
g3_30m,S1+AEF(t),42,0.3,SID61,1524,2,2,8094
g3_30m,S1+AEF(t),43,0.3,SID61,1526,5,0,8091
g3_30m,S1+AEF(t),44,0.3,SID61,1525,2,1,8094
g3_30m,OPERA,,0.3,SID61,1371,24,155,8072
g3_30m,S1-only,42,0.5,SID61,1500,80,26,8016
g3_30m,S1-only,43,0.5,SID61,1508,104,18,7992
g3_30m,S1-only,44,0.5,SID61,1501,85,25,8011
g3_30m,S1+AEF(t),42,0.5,SID61,1522,2,4,8094
g3_30m,S1+AEF(t),43,0.5,SID61,1525,2,1,8094
g3_30m,S1+AEF(t),44,0.5,SID61,1524,2,2,8094
g3_30m,OPERA,,0.5,SID61,1371,24,155,8072
g2,S1-only,42,0.3,SID61,183372,32028,9254,815746
g2,S1-only,43,0.3,SID61,184794,36706,7832,811068
g2,S1-only,44,0.3,SID61,183276,32924,9350,814850
g2,S1+AEF(t),42,0.3,SID61,183459,12841,9167,834933
g2,S1+AEF(t),43,0.3,SID61,185478,15022,7148,832752
g2,S1+AEF(t),44,0.3,SID61,184798,14202,7828,833572
g2,OPERA,,0.3,SID61,152968,8732,39658,839042
g2,S1-only,42,0.5,SID61,179519,24881,13107,822893
g2,S1-only,43,0.5,SID61,181570,29230,11056,818544
g2,S1-only,44,0.5,SID61,179703,25197,12923,822577
g2,S1+AEF(t),42,0.5,SID61,177897,8403,14729,839371
g2,S1+AEF(t),43,0.5,SID61,181160,10440,11466,837334
g2,S1+AEF(t),44,0.5,SID61,179310,9390,13316,838384
g2,OPERA,,0.5,SID61,152968,8732,39658,839042
g1_bilinear,S1-only,42,0.3,SID61,1863,306,70,8165
g1_bilinear,S1-only,43,0.3,SID61,1882,362,51,8109
g1_bilinear,S1-only,44,0.3,SID61,1865,324,68,8147
g1_bilinear,S1+AEF(t),42,0.3,SID61,1881,99,52,8372
g1_bilinear,S1+AEF(t),43,0.3,SID61,1897,129,36,8342
g1_bilinear,S1+AEF(t),44,0.3,SID61,1889,110,44,8361
g1_bilinear,OPERA,,0.3,SID61,1538,79,395,8392
g1_bilinear,S1-only,42,0.5,SID61,1821,224,112,8247
g1_bilinear,S1-only,43,0.5,SID61,1841,266,92,8205
g1_bilinear,S1-only,44,0.5,SID61,1820,224,113,8247
g1_bilinear,S1+AEF(t),42,0.5,SID61,1811,51,122,8420
g1_bilinear,S1+AEF(t),43,0.5,SID61,1852,64,81,8407
g1_bilinear,S1+AEF(t),44,0.5,SID61,1830,55,103,8416
g1_bilinear,OPERA,,0.5,SID61,1538,79,395,8392
g3_3m,S1-only,42,0.3,SID61,149955,11511,2645,798089
g3_3m,S1-only,43,0.3,SID61,150809,14283,1791,795317
g3_3m,S1-only,44,0.3,SID61,150059,12422,2541,797178
g3_3m,S1+AEF(t),42,0.3,SID61,151368,454,1232,809146
g3_3m,S1+AEF(t),43,0.3,SID61,152044,779,556,808821
g3_3m,S1+AEF(t),44,0.3,SID61,151729,617,871,808983
g3_3m,OPERA,,0.3,SID61,137280,2340,15320,807260
g3_3m,S1-only,42,0.5,SID61,149091,9205,3509,800395
g3_3m,S1-only,43,0.5,SID61,150075,11666,2525,797934
g3_3m,S1-only,44,0.5,SID61,149263,9901,3337,799699
g3_3m,S1+AEF(t),42,0.5,SID61,150668,306,1932,809294
g3_3m,S1+AEF(t),43,0.5,SID61,151600,445,1000,809155
g3_3m,S1+AEF(t),44,0.5,SID61,151166,369,1434,809231
g3_3m,OPERA,,0.5,SID61,137280,2340,15320,807260
g4,S1-only,42,0.3,SID61,1856,304,67,8075
g4,S1-only,43,0.3,SID61,1873,354,50,8025
g4,S1-only,44,0.3,SID61,1856,316,67,8063
g4,S1+AEF(t),42,0.3,SID61,1873,87,50,8292
g4,S1+AEF(t),43,0.3,SID61,1895,114,28,8265
g4,S1+AEF(t),44,0.3,SID61,1886,96,37,8283
g4,OPERA,,0.3,SID61,1544,73,379,8306
g4,S1-only,42,0.5,SID61,1822,222,101,8157
g4,S1-only,43,0.5,SID61,1845,268,78,8111
g4,S1-only,44,0.5,SID61,1824,230,99,8149
g4,S1+AEF(t),42,0.5,SID61,1818,50,105,8329
g4,S1+AEF(t),43,0.5,SID61,1850,61,73,8318
g4,S1+AEF(t),44,0.5,SID61,1838,56,85,8323
g4,OPERA,,0.5,SID61,1544,73,379,8306
paper,S1-only,42,0.3,SID63,494518,61939,14910,477109
paper,S1-only,43,0.3,SID63,499034,70785,10394,468263
paper,S1-only,44,0.3,SID63,495320,63431,14108,475617
paper,S1+AEF(t),42,0.3,SID63,493703,20630,15725,518418
paper,S1+AEF(t),43,0.3,SID63,499846,29451,9582,509597
paper,S1+AEF(t),44,0.3,SID63,497374,25843,12054,513205
paper,OPERA,,0.3,SID63,396786,1326,112642,537722
paper,S1-only,42,0.5,SID63,489288,54856,20140,484192
paper,S1-only,43,0.5,SID63,494480,63280,14948,475768
paper,S1-only,44,0.5,SID63,490311,56387,19117,482661
paper,S1+AEF(t),42,0.5,SID63,487435,14367,21993,524681
paper,S1+AEF(t),43,0.5,SID63,494582,21508,14846,517540
paper,S1+AEF(t),44,0.5,SID63,491719,18773,17709,520275
paper,OPERA,,0.5,SID63,396786,1326,112642,537722
g1_average,S1-only,42,0.3,SID63,4981,645,103,4674
g1_average,S1-only,43,0.3,SID63,5008,728,76,4591
g1_average,S1-only,44,0.3,SID63,4988,660,96,4659
g1_average,S1+AEF(t),42,0.3,SID63,4984,232,100,5087
g1_average,S1+AEF(t),43,0.3,SID63,5037,324,47,4995
g1_average,S1+AEF(t),44,0.3,SID63,5018,282,66,5037
g1_average,OPERA,,0.3,SID63,3954,3,1130,5316
g1_average,S1-only,42,0.5,SID63,4892,524,192,4795
g1_average,S1-only,43,0.5,SID63,4946,605,138,4714
g1_average,S1-only,44,0.5,SID63,4900,537,184,4782
g1_average,S1+AEF(t),42,0.5,SID63,4870,124,214,5195
g1_average,S1+AEF(t),43,0.5,SID63,4934,184,150,5135
g1_average,S1+AEF(t),44,0.5,SID63,4907,161,177,5158
g1_average,OPERA,,0.5,SID63,3954,3,1130,5316
g3_30m,S1-only,42,0.3,SID63,4204,238,0,4324
g3_30m,S1-only,43,0.3,SID63,4204,292,0,4270
g3_30m,S1-only,44,0.3,SID63,4204,249,0,4313
g3_30m,S1+AEF(t),42,0.3,SID63,4200,5,4,4557
g3_30m,S1+AEF(t),43,0.3,SID63,4204,18,0,4544
g3_30m,S1+AEF(t),44,0.3,SID63,4201,12,3,4550
g3_30m,OPERA,,0.3,SID63,3833,0,371,4562
g3_30m,S1-only,42,0.5,SID63,4200,158,4,4404
g3_30m,S1-only,43,0.5,SID63,4201,211,3,4351
g3_30m,S1-only,44,0.5,SID63,4200,172,4,4390
g3_30m,S1+AEF(t),42,0.5,SID63,4199,0,5,4562
g3_30m,S1+AEF(t),43,0.5,SID63,4200,2,4,4560
g3_30m,S1+AEF(t),44,0.5,SID63,4200,1,4,4561
g3_30m,OPERA,,0.5,SID63,3833,0,371,4562
g2,S1-only,42,0.3,SID63,492166,70434,13636,464064
g2,S1-only,43,0.3,SID63,494929,78671,10873,455827
g2,S1-only,44,0.3,SID63,492671,72129,13131,462369
g2,S1+AEF(t),42,0.3,SID63,490045,31555,15757,502943
g2,S1+AEF(t),43,0.3,SID63,495537,40563,10265,493935
g2,S1+AEF(t),44,0.3,SID63,493239,36761,12563,497737
g2,OPERA,,0.3,SID63,394126,1326,111676,533172
g2,S1-only,42,0.5,SID63,484306,57294,21496,477204
g2,S1-only,43,0.5,SID63,489192,65908,16610,468590
g2,S1-only,44,0.5,SID63,485044,58656,20758,475842
g2,S1+AEF(t),42,0.5,SID63,479663,19737,26139,514761
g2,S1+AEF(t),43,0.5,SID63,485759,26041,20043,508457
g2,S1+AEF(t),44,0.5,SID63,483319,23481,22483,511017
g2,OPERA,,0.5,SID63,394126,1326,111676,533172
g1_bilinear,S1-only,42,0.3,SID63,4995,670,89,4649
g1_bilinear,S1-only,43,0.3,SID63,5024,763,60,4556
g1_bilinear,S1-only,44,0.3,SID63,4998,693,86,4626
g1_bilinear,S1+AEF(t),42,0.3,SID63,5002,256,82,5063
g1_bilinear,S1+AEF(t),43,0.3,SID63,5046,362,38,4957
g1_bilinear,S1+AEF(t),44,0.3,SID63,5035,321,49,4998
g1_bilinear,OPERA,,0.3,SID63,3954,3,1130,5316
g1_bilinear,S1-only,42,0.5,SID63,4890,528,194,4791
g1_bilinear,S1-only,43,0.5,SID63,4946,612,138,4707
g1_bilinear,S1-only,44,0.5,SID63,4897,543,187,4776
g1_bilinear,S1+AEF(t),42,0.5,SID63,4870,128,214,5191
g1_bilinear,S1+AEF(t),43,0.5,SID63,4934,186,150,5133
g1_bilinear,S1+AEF(t),44,0.5,SID63,4904,162,180,5157
g1_bilinear,OPERA,,0.5,SID63,3954,3,1130,5316
g3_3m,S1-only,42,0.3,SID63,419198,21386,1202,434804
g3_3m,S1-only,43,0.3,SID63,419735,26730,665,429460
g3_3m,S1-only,44,0.3,SID63,419350,22539,1050,433651
g3_3m,S1+AEF(t),42,0.3,SID63,419375,1390,1025,454800
g3_3m,S1+AEF(t),43,0.3,SID63,419927,2947,473,453243
g3_3m,S1+AEF(t),44,0.3,SID63,419707,2269,693,453921
g3_3m,OPERA,,0.3,SID63,377198,66,43202,456124
g3_3m,S1-only,42,0.5,SID63,418354,17271,2046,438919
g3_3m,S1-only,43,0.5,SID63,419178,22251,1222,433939
g3_3m,S1-only,44,0.5,SID63,418576,18373,1824,437817
g3_3m,S1+AEF(t),42,0.5,SID63,418684,717,1716,455473
g3_3m,S1+AEF(t),43,0.5,SID63,419522,1573,878,454617
g3_3m,S1+AEF(t),44,0.5,SID63,419196,1202,1204,454988
g3_3m,OPERA,,0.5,SID63,377198,66,43202,456124
g4,S1-only,42,0.3,SID63,4859,618,117,4606
g4,S1-only,43,0.3,SID63,4895,715,81,4509
g4,S1-only,44,0.3,SID63,4871,635,105,4589
g4,S1+AEF(t),42,0.3,SID63,4861,219,115,5005
g4,S1+AEF(t),43,0.3,SID63,4915,320,61,4904
g4,S1+AEF(t),44,0.3,SID63,4889,269,87,4955
g4,OPERA,,0.3,SID63,3862,4,1114,5220
g4,S1-only,42,0.5,SID63,4785,511,191,4713
g4,S1-only,43,0.5,SID63,4834,584,142,4640
g4,S1-only,44,0.5,SID63,4792,523,184,4701
g4,S1+AEF(t),42,0.5,SID63,4763,120,213,5104
g4,S1+AEF(t),43,0.5,SID63,4836,180,140,5044
g4,S1+AEF(t),44,0.5,SID63,4804,156,172,5068
g4,OPERA,,0.5,SID63,3862,4,1114,5220
paper,S1-only,42,0.3,SID64,58563,10446,6005,973562
paper,S1-only,43,0.3,SID64,58668,11185,5900,972823
paper,S1-only,44,0.3,SID64,58497,10085,6071,973923
paper,S1+AEF(t),42,0.3,SID64,57967,4645,6601,979363
paper,S1+AEF(t),43,0.3,SID64,57970,4890,6598,979118
paper,S1+AEF(t),44,0.3,SID64,57916,4527,6652,979481
paper,OPERA,,0.3,SID64,50509,14083,14059,969925
paper,S1-only,42,0.5,SID64,58394,8475,6174,975533
paper,S1-only,43,0.5,SID64,58518,9101,6050,974907
paper,S1-only,44,0.5,SID64,58333,8143,6235,975865
paper,S1+AEF(t),42,0.5,SID64,57423,3161,7145,980847
paper,S1+AEF(t),43,0.5,SID64,57373,3373,7195,980635
paper,S1+AEF(t),44,0.5,SID64,57352,3013,7216,980995
paper,OPERA,,0.5,SID64,50509,14083,14059,969925
g1_average,S1-only,42,0.3,SID64,577,119,55,9653
g1_average,S1-only,43,0.3,SID64,577,123,55,9649
g1_average,S1-only,44,0.3,SID64,577,116,55,9656
g1_average,S1+AEF(t),42,0.3,SID64,572,55,60,9717
g1_average,S1+AEF(t),43,0.3,SID64,572,55,60,9717
g1_average,S1+AEF(t),44,0.3,SID64,571,53,61,9719
g1_average,OPERA,,0.3,SID64,494,129,138,9643
g1_average,S1-only,42,0.5,SID64,574,76,58,9696
g1_average,S1-only,43,0.5,SID64,576,83,56,9689
g1_average,S1-only,44,0.5,SID64,574,71,58,9701
g1_average,S1+AEF(t),42,0.5,SID64,564,22,68,9750
g1_average,S1+AEF(t),43,0.5,SID64,563,25,69,9747
g1_average,S1+AEF(t),44,0.5,SID64,563,21,69,9751
g1_average,OPERA,,0.5,SID64,494,129,138,9643
g3_30m,S1-only,42,0.3,SID64,459,30,9,9569
g3_30m,S1-only,43,0.3,SID64,459,35,9,9564
g3_30m,S1-only,44,0.3,SID64,459,32,9,9567
g3_30m,S1+AEF(t),42,0.3,SID64,457,8,11,9591
g3_30m,S1+AEF(t),43,0.3,SID64,457,8,11,9591
g3_30m,S1+AEF(t),44,0.3,SID64,457,8,11,9591
g3_30m,OPERA,,0.3,SID64,440,116,28,9483
g3_30m,S1-only,42,0.5,SID64,458,11,10,9588
g3_30m,S1-only,43,0.5,SID64,459,18,9,9581
g3_30m,S1-only,44,0.5,SID64,458,13,10,9586
g3_30m,S1+AEF(t),42,0.5,SID64,457,6,11,9593
g3_30m,S1+AEF(t),43,0.5,SID64,457,6,11,9593
g3_30m,S1+AEF(t),44,0.5,SID64,457,5,11,9594
g3_30m,OPERA,,0.5,SID64,440,116,28,9483
g2,S1-only,42,0.3,SID64,57413,12187,5951,964849
g2,S1-only,43,0.3,SID64,57415,12585,5949,964451
g2,S1-only,44,0.3,SID64,57386,11914,5978,965122
g2,S1+AEF(t),42,0.3,SID64,56392,6308,6972,970728
g2,S1+AEF(t),43,0.3,SID64,56386,6314,6978,970722
g2,S1+AEF(t),44,0.3,SID64,56316,6084,7048,970952
g2,OPERA,,0.3,SID64,49349,13523,14015,963513
g2,S1-only,42,0.5,SID64,56873,8127,6491,968909
g2,S1-only,43,0.5,SID64,57054,8846,6310,968190
g2,S1-only,44,0.5,SID64,56694,7806,6670,969230
g2,S1+AEF(t),42,0.5,SID64,55179,3421,8185,973615
g2,S1+AEF(t),43,0.5,SID64,55178,3622,8186,973414
g2,S1+AEF(t),44,0.5,SID64,55094,3306,8270,973730
g2,OPERA,,0.5,SID64,49349,13523,14015,963513
g1_bilinear,S1-only,42,0.3,SID64,577,125,55,9647
g1_bilinear,S1-only,43,0.3,SID64,577,130,55,9642
g1_bilinear,S1-only,44,0.3,SID64,577,123,55,9649
g1_bilinear,S1+AEF(t),42,0.3,SID64,573,64,59,9708
g1_bilinear,S1+AEF(t),43,0.3,SID64,572,63,60,9709
g1_bilinear,S1+AEF(t),44,0.3,SID64,572,61,60,9711
g1_bilinear,OPERA,,0.3,SID64,494,129,138,9643
g1_bilinear,S1-only,42,0.5,SID64,574,76,58,9696
g1_bilinear,S1-only,43,0.5,SID64,576,84,56,9688
g1_bilinear,S1-only,44,0.5,SID64,574,72,58,9700
g1_bilinear,S1+AEF(t),42,0.5,SID64,564,22,68,9750
g1_bilinear,S1+AEF(t),43,0.5,SID64,563,25,69,9747
g1_bilinear,S1+AEF(t),44,0.5,SID64,563,21,69,9751
g1_bilinear,OPERA,,0.5,SID64,494,129,138,9643
g3_3m,S1-only,42,0.3,SID64,45833,2939,967,956961
g3_3m,S1-only,43,0.3,SID64,45842,3342,958,956558
g3_3m,S1-only,44,0.3,SID64,45811,2910,989,956990
g3_3m,S1+AEF(t),42,0.3,SID64,45708,1160,1092,958740
g3_3m,S1+AEF(t),43,0.3,SID64,45719,1156,1081,958744
g3_3m,S1+AEF(t),44,0.3,SID64,45710,1071,1090,958829
g3_3m,OPERA,,0.3,SID64,43625,11949,3175,947951
g3_3m,S1-only,42,0.5,SID64,45806,2085,994,957815
g3_3m,S1-only,43,0.5,SID64,45818,2410,982,957490
g3_3m,S1-only,44,0.5,SID64,45778,2056,1022,957844
g3_3m,S1+AEF(t),42,0.5,SID64,45641,868,1159,959032
g3_3m,S1+AEF(t),43,0.5,SID64,45648,844,1152,959056
g3_3m,S1+AEF(t),44,0.5,SID64,45637,786,1163,959114
g3_3m,OPERA,,0.5,SID64,43625,11949,3175,947951
paper,S1-only,42,0.3,SID65,62786,1814,5923,648224
paper,S1-only,43,0.3,SID65,65286,2841,3423,647197
paper,S1-only,44,0.3,SID65,60061,1966,8648,648072
paper,S1+AEF(t),42,0.3,SID65,67676,4805,1033,645233
paper,S1+AEF(t),43,0.3,SID65,67746,4409,963,645629
paper,S1+AEF(t),44,0.3,SID65,67174,2695,1535,647343
paper,OPERA,,0.3,SID65,63565,4735,5144,645303
paper,S1-only,42,0.5,SID65,59962,1144,8747,648894
paper,S1-only,43,0.5,SID65,64275,1983,4434,648055
paper,S1-only,44,0.5,SID65,57277,1262,11432,648776
paper,S1+AEF(t),42,0.5,SID65,67239,2837,1470,647201
paper,S1+AEF(t),43,0.5,SID65,67295,2903,1414,647135
paper,S1+AEF(t),44,0.5,SID65,66469,1760,2240,648278
paper,OPERA,,0.5,SID65,63565,4735,5144,645303
g1_average,S1-only,42,0.3,SID65,631,21,48,6418
g1_average,S1-only,43,0.3,SID65,659,30,20,6409
g1_average,S1-only,44,0.3,SID65,602,22,77,6417
g1_average,S1+AEF(t),42,0.3,SID65,677,54,2,6385
g1_average,S1+AEF(t),43,0.3,SID65,677,48,2,6391
g1_average,S1+AEF(t),44,0.3,SID65,672,30,7,6409
g1_average,OPERA,,0.3,SID65,635,47,44,6392
g1_average,S1-only,42,0.5,SID65,596,12,83,6427
g1_average,S1-only,43,0.5,SID65,641,21,38,6418
g1_average,S1-only,44,0.5,SID65,572,13,107,6426
g1_average,S1+AEF(t),42,0.5,SID65,670,29,9,6410
g1_average,S1+AEF(t),43,0.5,SID65,670,27,9,6412
g1_average,S1+AEF(t),44,0.5,SID65,663,16,16,6423
g1_average,OPERA,,0.5,SID65,635,47,44,6392
g3_30m,S1-only,42,0.3,SID65,601,6,22,6336
g3_30m,S1-only,43,0.3,SID65,618,11,5,6331
g3_30m,S1-only,44,0.3,SID65,575,7,48,6335
g3_30m,S1+AEF(t),42,0.3,SID65,623,23,0,6319
g3_30m,S1+AEF(t),43,0.3,SID65,623,15,0,6327
g3_30m,S1+AEF(t),44,0.3,SID65,622,7,1,6335
g3_30m,OPERA,,0.3,SID65,612,32,11,6310
g3_30m,S1-only,42,0.5,SID65,576,4,47,6338
g3_30m,S1-only,43,0.5,SID65,612,5,11,6337
g3_30m,S1-only,44,0.5,SID65,549,3,74,6339
g3_30m,S1+AEF(t),42,0.5,SID65,622,8,1,6334
g3_30m,S1+AEF(t),43,0.5,SID65,622,9,1,6333
g3_30m,S1+AEF(t),44,0.5,SID65,621,6,2,6336
g3_30m,OPERA,,0.5,SID65,612,32,11,6310
g2,S1-only,42,0.3,SID65,62978,2222,5591,641739
g2,S1-only,43,0.3,SID65,65630,3261,2939,640700
g2,S1-only,44,0.3,SID65,60110,2290,8459,641671
g2,S1+AEF(t),42,0.3,SID65,67515,5616,1054,638345
g2,S1+AEF(t),43,0.3,SID65,67543,4988,1026,638973
g2,S1+AEF(t),44,0.3,SID65,66937,3275,1632,640686
g2,OPERA,,0.3,SID65,63537,4683,5032,639278
g2,S1-only,42,0.5,SID65,59485,1315,9084,642646
g2,S1-only,43,0.5,SID65,64058,2142,4511,641819
g2,S1-only,44,0.5,SID65,57087,1413,11482,642548
g2,S1+AEF(t),42,0.5,SID65,66785,3117,1784,640844
g2,S1+AEF(t),43,0.5,SID65,66683,3009,1886,640952
g2,S1+AEF(t),44,0.5,SID65,65809,2083,2760,641878
g2,OPERA,,0.5,SID65,63537,4683,5032,639278
g1_bilinear,S1-only,42,0.3,SID65,633,21,46,6418
g1_bilinear,S1-only,43,0.3,SID65,659,31,20,6408
g1_bilinear,S1-only,44,0.3,SID65,606,22,73,6417
g1_bilinear,S1+AEF(t),42,0.3,SID65,677,55,2,6384
g1_bilinear,S1+AEF(t),43,0.3,SID65,677,52,2,6387
g1_bilinear,S1+AEF(t),44,0.3,SID65,673,31,6,6408
g1_bilinear,OPERA,,0.3,SID65,635,47,44,6392
g1_bilinear,S1-only,42,0.5,SID65,594,12,85,6427
g1_bilinear,S1-only,43,0.5,SID65,640,21,39,6418
g1_bilinear,S1-only,44,0.5,SID65,572,13,107,6426
g1_bilinear,S1+AEF(t),42,0.5,SID65,670,29,9,6410
g1_bilinear,S1+AEF(t),43,0.5,SID65,670,27,9,6412
g1_bilinear,S1+AEF(t),44,0.5,SID65,662,15,17,6424
g1_bilinear,OPERA,,0.5,SID65,635,47,44,6392
g3_3m,S1-only,42,0.3,SID65,59714,760,2586,634101
g3_3m,S1-only,43,0.3,SID65,61397,1274,903,633587
g3_3m,S1-only,44,0.3,SID65,57018,760,5282,634101
g3_3m,S1+AEF(t),42,0.3,SID65,62217,2273,83,632588
g3_3m,S1+AEF(t),43,0.3,SID65,62235,1816,65,633045
g3_3m,S1+AEF(t),44,0.3,SID65,62151,994,149,633867
g3_3m,OPERA,,0.3,SID65,60887,3190,1413,631671
g3_3m,S1-only,42,0.5,SID65,57560,473,4740,634388
g3_3m,S1-only,43,0.5,SID65,60911,714,1389,634147
g3_3m,S1-only,44,0.5,SID65,54826,441,7474,634420
g3_3m,S1+AEF(t),42,0.5,SID65,62169,1031,131,633830
g3_3m,S1+AEF(t),43,0.5,SID65,62168,1050,132,633811
g3_3m,S1+AEF(t),44,0.5,SID65,62027,651,273,634210
g3_3m,OPERA,,0.5,SID65,60887,3190,1413,631671
g4,S1-only,42,0.3,SID65,627,22,54,6376
g4,S1-only,43,0.3,SID65,657,29,24,6369
g4,S1-only,44,0.3,SID65,599,22,82,6376
g4,S1+AEF(t),42,0.3,SID65,677,50,4,6348
g4,S1+AEF(t),43,0.3,SID65,678,46,3,6352
g4,S1+AEF(t),44,0.3,SID65,671,29,10,6369
g4,OPERA,,0.3,SID65,635,47,46,6351
g4,S1-only,42,0.5,SID65,594,14,87,6384
g4,S1-only,43,0.5,SID65,640,23,41,6375
g4,S1-only,44,0.5,SID65,571,16,110,6382
g4,S1+AEF(t),42,0.5,SID65,671,27,10,6371
g4,S1+AEF(t),43,0.5,SID65,671,26,10,6372
g4,S1+AEF(t),44,0.5,SID65,660,19,21,6379
g4,OPERA,,0.5,SID65,635,47,46,6351
paper,S1-only,42,0.3,SID67,498,15046,25445,964257
paper,S1-only,43,0.3,SID67,1278,16530,24665,962773
paper,S1-only,44,0.3,SID67,572,15977,25371,963326
paper,S1+AEF(t),42,0.3,SID67,16651,8297,9292,971006
paper,S1+AEF(t),43,0.3,SID67,14520,5930,11423,973373
paper,S1+AEF(t),44,0.3,SID67,15479,6241,10464,973062
paper,OPERA,,0.3,SID67,16358,97102,9585,882201
paper,S1-only,42,0.5,SID67,349,13108,25594,966195
paper,S1-only,43,0.5,SID67,679,13711,25264,965592
paper,S1-only,44,0.5,SID67,458,13839,25485,965464
paper,S1+AEF(t),42,0.5,SID67,13464,4985,12479,974318
paper,S1+AEF(t),43,0.5,SID67,10745,3258,15198,976045
paper,S1+AEF(t),44,0.5,SID67,11873,3535,14070,975768
paper,OPERA,,0.5,SID67,16358,97102,9585,882201
g1_average,S1-only,42,0.3,SID67,2,160,239,9574
g1_average,S1-only,43,0.3,SID67,11,167,230,9567
g1_average,S1-only,44,0.3,SID67,3,164,238,9570
g1_average,S1+AEF(t),42,0.3,SID67,177,74,64,9660
g1_average,S1+AEF(t),43,0.3,SID67,154,55,87,9679
g1_average,S1+AEF(t),44,0.3,SID67,164,55,77,9679
g1_average,OPERA,,0.3,SID67,167,968,74,8766
g1_average,S1-only,42,0.5,SID67,1,127,240,9607
g1_average,S1-only,43,0.5,SID67,4,137,237,9597
g1_average,S1-only,44,0.5,SID67,2,136,239,9598
g1_average,S1+AEF(t),42,0.5,SID67,141,35,100,9699
g1_average,S1+AEF(t),43,0.5,SID67,111,23,130,9711
g1_average,S1+AEF(t),44,0.5,SID67,122,21,119,9713
g1_average,OPERA,,0.5,SID67,167,968,74,8766
g3_30m,S1-only,42,0.3,SID67,0,147,17,9135
g3_30m,S1-only,43,0.3,SID67,2,152,15,9130
g3_30m,S1-only,44,0.3,SID67,1,152,16,9130
g3_30m,S1+AEF(t),42,0.3,SID67,17,5,0,9277
g3_30m,S1+AEF(t),43,0.3,SID67,17,5,0,9277
g3_30m,S1+AEF(t),44,0.3,SID67,17,2,0,9280
g3_30m,OPERA,,0.3,SID67,15,757,2,8525
g3_30m,S1-only,42,0.5,SID67,0,118,17,9164
g3_30m,S1-only,43,0.5,SID67,1,123,16,9159
g3_30m,S1-only,44,0.5,SID67,0,124,17,9158
g3_30m,S1+AEF(t),42,0.5,SID67,17,1,0,9281
g3_30m,S1+AEF(t),43,0.5,SID67,17,0,0,9282
g3_30m,S1+AEF(t),44,0.5,SID67,17,0,0,9282
g3_30m,OPERA,,0.5,SID67,15,757,2,8525
g2,S1-only,42,0.3,SID67,440,15760,25378,955572
g2,S1-only,43,0.3,SID67,1237,16563,24581,954769
g2,S1-only,44,0.3,SID67,500,16200,25318,955132
g2,S1+AEF(t),42,0.3,SID67,15288,9777,10530,961555
g2,S1+AEF(t),43,0.3,SID67,13188,7677,12630,963655
g2,S1+AEF(t),44,0.3,SID67,13901,7964,11917,963368
g2,OPERA,,0.3,SID67,16290,96410,9528,874922
g2,S1-only,42,0.5,SID67,272,12528,25546,958804
g2,S1-only,43,0.5,SID67,655,13490,25163,957842
g2,S1-only,44,0.5,SID67,400,13400,25418,957932
g2,S1+AEF(t),42,0.5,SID67,11786,5769,14032,965563
g2,S1+AEF(t),43,0.5,SID67,9460,3940,16358,967392
g2,S1+AEF(t),44,0.5,SID67,10237,4063,15581,967269
g2,OPERA,,0.5,SID67,16290,96410,9528,874922
g1_bilinear,S1-only,42,0.3,SID67,2,162,239,9572
g1_bilinear,S1-only,43,0.3,SID67,11,177,230,9557
g1_bilinear,S1-only,44,0.3,SID67,3,169,238,9565
g1_bilinear,S1+AEF(t),42,0.3,SID67,173,77,68,9657
g1_bilinear,S1+AEF(t),43,0.3,SID67,148,56,93,9678
g1_bilinear,S1+AEF(t),44,0.3,SID67,160,61,81,9673
g1_bilinear,OPERA,,0.3,SID67,167,968,74,8766
g1_bilinear,S1-only,42,0.5,SID67,1,126,240,9608
g1_bilinear,S1-only,43,0.5,SID67,4,132,237,9602
g1_bilinear,S1-only,44,0.5,SID67,1,136,240,9598
g1_bilinear,S1+AEF(t),42,0.5,SID67,129,33,112,9701
g1_bilinear,S1+AEF(t),43,0.5,SID67,107,21,134,9713
g1_bilinear,S1+AEF(t),44,0.5,SID67,118,19,123,9715
g1_bilinear,OPERA,,0.5,SID67,167,968,74,8766
g3_3m,S1-only,42,0.3,SID67,25,14114,1675,913771
g3_3m,S1-only,43,0.3,SID67,182,15123,1518,912762
g3_3m,S1-only,44,0.3,SID67,55,14938,1645,912947
g3_3m,S1+AEF(t),42,0.3,SID67,1696,1093,4,926792
g3_3m,S1+AEF(t),43,0.3,SID67,1690,590,10,927295
g3_3m,S1+AEF(t),44,0.3,SID67,1698,501,2,927384
g3_3m,OPERA,,0.3,SID67,1475,76200,225,851685
g3_3m,S1-only,42,0.5,SID67,0,12366,1700,915519
g3_3m,S1-only,43,0.5,SID67,81,12658,1619,915227
g3_3m,S1-only,44,0.5,SID67,33,12948,1667,914937
g3_3m,S1+AEF(t),42,0.5,SID67,1689,431,11,927454
g3_3m,S1+AEF(t),43,0.5,SID67,1667,188,33,927697
g3_3m,S1+AEF(t),44,0.5,SID67,1688,122,12,927763
g3_3m,OPERA,,0.5,SID67,1475,76200,225,851685
g4,S1-only,42,0.3,SID67,4,157,222,9490
g4,S1-only,43,0.3,SID67,11,173,215,9474
g4,S1-only,44,0.3,SID67,5,166,221,9481
g4,S1+AEF(t),42,0.3,SID67,172,76,54,9571
g4,S1+AEF(t),43,0.3,SID67,153,52,73,9595
g4,S1+AEF(t),44,0.3,SID67,159,52,67,9595
g4,OPERA,,0.3,SID67,154,962,72,8685
g4,S1-only,42,0.5,SID67,3,123,223,9524
g4,S1-only,43,0.5,SID67,5,133,221,9514
g4,S1-only,44,0.5,SID67,4,134,222,9513
g4,S1+AEF(t),42,0.5,SID67,137,37,89,9610
g4,S1+AEF(t),43,0.5,SID67,109,21,117,9626
g4,S1+AEF(t),44,0.5,SID67,121,23,105,9624
g4,OPERA,,0.5,SID67,154,962,72,8685
paper,S1-only,42,0.3,SID68,39165,12975,2116,931780
paper,S1-only,43,0.3,SID68,40737,15939,544,928816
paper,S1-only,44,0.3,SID68,39933,13310,1348,931445
paper,S1+AEF(t),42,0.3,SID68,41281,13683,0,931072
paper,S1+AEF(t),43,0.3,SID68,41281,12395,0,932360
paper,S1+AEF(t),44,0.3,SID68,41281,13036,0,931719
paper,OPERA,,0.3,SID68,26544,1516,14737,943239
paper,S1-only,42,0.5,SID68,37879,9324,3402,935431
paper,S1-only,43,0.5,SID68,40107,12044,1174,932711
paper,S1-only,44,0.5,SID68,38778,9539,2503,935216
paper,S1+AEF(t),42,0.5,SID68,41281,11356,0,933399
paper,S1+AEF(t),43,0.5,SID68,41280,10158,1,934597
paper,S1+AEF(t),44,0.5,SID68,41281,10725,0,934030
paper,OPERA,,0.5,SID68,26544,1516,14737,943239
g1_average,S1-only,42,0.3,SID68,394,135,21,9232
g1_average,S1-only,43,0.3,SID68,412,168,3,9199
g1_average,S1-only,44,0.3,SID68,406,134,9,9233
g1_average,S1+AEF(t),42,0.3,SID68,415,149,0,9218
g1_average,S1+AEF(t),43,0.3,SID68,415,138,0,9229
g1_average,S1+AEF(t),44,0.3,SID68,415,139,0,9228
g1_average,OPERA,,0.3,SID68,267,12,148,9355
g1_average,S1-only,42,0.5,SID68,374,87,41,9280
g1_average,S1-only,43,0.5,SID68,405,108,10,9259
g1_average,S1-only,44,0.5,SID68,391,87,24,9280
g1_average,S1+AEF(t),42,0.5,SID68,415,110,0,9257
g1_average,S1+AEF(t),43,0.5,SID68,415,96,0,9271
g1_average,S1+AEF(t),44,0.5,SID68,415,109,0,9258
g1_average,OPERA,,0.5,SID68,267,12,148,9355
g3_30m,S1-only,42,0.3,SID68,284,78,2,9175
g3_30m,S1-only,43,0.3,SID68,286,98,0,9155
g3_30m,S1-only,44,0.3,SID68,286,74,0,9179
g3_30m,S1+AEF(t),42,0.3,SID68,286,38,0,9215
g3_30m,S1+AEF(t),43,0.3,SID68,286,28,0,9225
g3_30m,S1+AEF(t),44,0.3,SID68,286,29,0,9224
g3_30m,OPERA,,0.3,SID68,223,5,63,9248
g3_30m,S1-only,42,0.5,SID68,274,51,12,9202
g3_30m,S1-only,43,0.5,SID68,286,63,0,9190
g3_30m,S1-only,44,0.5,SID68,284,51,2,9202
g3_30m,S1+AEF(t),42,0.5,SID68,286,8,0,9245
g3_30m,S1+AEF(t),43,0.5,SID68,286,5,0,9248
g3_30m,S1+AEF(t),44,0.5,SID68,286,9,0,9244
g3_30m,OPERA,,0.5,SID68,223,5,63,9248
g2,S1-only,42,0.3,SID68,38375,14525,2690,922710
g2,S1-only,43,0.3,SID68,40014,17946,1051,919289
g2,S1-only,44,0.3,SID68,39340,14640,1725,922595
g2,S1+AEF(t),42,0.3,SID68,41060,15320,5,921915
g2,S1+AEF(t),43,0.3,SID68,41059,14181,6,923054
g2,S1+AEF(t),44,0.3,SID68,41059,14301,6,922934
g2,OPERA,,0.3,SID68,26393,1507,14672,935728
g2,S1-only,42,0.5,SID68,36254,9786,4811,927449
g2,S1-only,43,0.5,SID68,39021,12259,2044,924976
g2,S1-only,44,0.5,SID68,37766,9994,3299,927241
g2,S1+AEF(t),42,0.5,SID68,41019,11401,46,925834
g2,S1+AEF(t),43,0.5,SID68,40758,10262,307,926973
g2,S1+AEF(t),44,0.5,SID68,40975,11345,90,925890
g2,OPERA,,0.5,SID68,26393,1507,14672,935728
g1_bilinear,S1-only,42,0.3,SID68,396,144,19,9223
g1_bilinear,S1-only,43,0.3,SID68,412,179,3,9188
g1_bilinear,S1-only,44,0.3,SID68,408,140,7,9227
g1_bilinear,S1+AEF(t),42,0.3,SID68,415,156,0,9211
g1_bilinear,S1+AEF(t),43,0.3,SID68,415,145,0,9222
g1_bilinear,S1+AEF(t),44,0.3,SID68,415,147,0,9220
g1_bilinear,OPERA,,0.3,SID68,267,12,148,9355
g1_bilinear,S1-only,42,0.5,SID68,373,89,42,9278
g1_bilinear,S1-only,43,0.5,SID68,405,110,10,9257
g1_bilinear,S1-only,44,0.5,SID68,392,88,23,9279
g1_bilinear,S1+AEF(t),42,0.5,SID68,415,110,0,9257
g1_bilinear,S1+AEF(t),43,0.5,SID68,415,96,0,9271
g1_bilinear,S1+AEF(t),44,0.5,SID68,415,109,0,9258
g1_bilinear,OPERA,,0.5,SID68,267,12,148,9355
g3_3m,S1-only,42,0.3,SID68,28103,8049,497,917451
g3_3m,S1-only,43,0.3,SID68,28554,9964,46,915536
g3_3m,S1-only,44,0.3,SID68,28438,8190,162,917310
g3_3m,S1+AEF(t),42,0.3,SID68,28600,3953,0,921547
g3_3m,S1+AEF(t),43,0.3,SID68,28600,3206,0,922294
g3_3m,S1+AEF(t),44,0.3,SID68,28600,3484,0,922016
g3_3m,OPERA,,0.3,SID68,22780,520,5820,924980
g3_3m,S1-only,42,0.5,SID68,27541,5684,1059,919816
g3_3m,S1-only,43,0.5,SID68,28476,7363,124,918137
g3_3m,S1-only,44,0.5,SID68,28008,5749,592,919751
g3_3m,S1+AEF(t),42,0.5,SID68,28600,2599,0,922901
g3_3m,S1+AEF(t),43,0.5,SID68,28600,2085,0,923415
g3_3m,S1+AEF(t),44,0.5,SID68,28600,2233,0,923267
g3_3m,OPERA,,0.5,SID68,22780,520,5820,924980
g4,S1-only,42,0.3,SID68,390,134,19,9149
g4,S1-only,43,0.3,SID68,407,167,2,9116
g4,S1-only,44,0.3,SID68,401,134,8,9149
g4,S1+AEF(t),42,0.3,SID68,409,149,0,9134
g4,S1+AEF(t),43,0.3,SID68,409,135,0,9148
g4,S1+AEF(t),44,0.3,SID68,409,140,0,9143
g4,OPERA,,0.3,SID68,265,10,144,9273
g4,S1-only,42,0.5,SID68,372,83,37,9200
g4,S1-only,43,0.5,SID68,401,113,8,9170
g4,S1-only,44,0.5,SID68,389,86,20,9197
g4,S1+AEF(t),42,0.5,SID68,409,106,0,9177
g4,S1+AEF(t),43,0.5,SID68,409,98,0,9185
g4,S1+AEF(t),44,0.5,SID68,409,107,0,9176
g4,OPERA,,0.5,SID68,265,10,144,9273
paper,S1-only,42,0.3,SID69,111369,42870,9180,885157
paper,S1-only,43,0.3,SID69,112989,46379,7560,881648
paper,S1-only,44,0.3,SID69,111333,39089,9216,888938
paper,S1+AEF(t),42,0.3,SID69,110561,29482,9988,898545
paper,S1+AEF(t),43,0.3,SID69,111773,32689,8776,895338
paper,S1+AEF(t),44,0.3,SID69,110813,29909,9736,898118
paper,OPERA,,0.3,SID69,99289,171681,21260,756346
paper,S1-only,42,0.5,SID69,109445,36163,11104,891864
paper,S1-only,43,0.5,SID69,111596,39330,8953,888697
paper,S1-only,44,0.5,SID69,109040,33398,11509,894629
paper,S1+AEF(t),42,0.5,SID69,107448,22767,13101,905260
paper,S1+AEF(t),43,0.5,SID69,108793,24956,11756,903071
paper,S1+AEF(t),44,0.5,SID69,108093,22802,12456,905225
paper,OPERA,,0.5,SID69,99289,171681,21260,756346
g1_average,S1-only,42,0.3,SID69,1125,458,79,8742
g1_average,S1-only,43,0.3,SID69,1138,502,66,8698
g1_average,S1-only,44,0.3,SID69,1125,422,79,8778
g1_average,S1+AEF(t),42,0.3,SID69,1119,318,85,8882
g1_average,S1+AEF(t),43,0.3,SID69,1129,349,75,8851
g1_average,S1+AEF(t),44,0.3,SID69,1120,319,84,8881
g1_average,OPERA,,0.3,SID69,1002,1705,202,7495
g1_average,S1-only,42,0.5,SID69,1096,360,108,8840
g1_average,S1-only,43,0.5,SID69,1117,382,87,8818
g1_average,S1-only,44,0.5,SID69,1093,330,111,8870
g1_average,S1+AEF(t),42,0.5,SID69,1077,214,127,8986
g1_average,S1+AEF(t),43,0.5,SID69,1090,233,114,8967
g1_average,S1+AEF(t),44,0.5,SID69,1085,216,119,8984
g1_average,OPERA,,0.5,SID69,1002,1705,202,7495
g3_30m,S1-only,42,0.3,SID69,794,239,12,8523
g3_30m,S1-only,43,0.3,SID69,798,273,8,8489
g3_30m,S1-only,44,0.3,SID69,794,215,12,8547
g3_30m,S1+AEF(t),42,0.3,SID69,802,133,4,8629
g3_30m,S1+AEF(t),43,0.3,SID69,803,150,3,8612
g3_30m,S1+AEF(t),44,0.3,SID69,801,128,5,8634
g3_30m,OPERA,,0.3,SID69,702,1452,104,7310
g3_30m,S1-only,42,0.5,SID69,785,186,21,8576
g3_30m,S1-only,43,0.5,SID69,796,205,10,8557
g3_30m,S1-only,44,0.5,SID69,788,170,18,8592
g3_30m,S1+AEF(t),42,0.5,SID69,795,66,11,8696
g3_30m,S1+AEF(t),43,0.5,SID69,797,77,9,8685
g3_30m,S1+AEF(t),44,0.5,SID69,795,69,11,8693
g3_30m,OPERA,,0.5,SID69,702,1452,104,7310
g2,S1-only,42,0.3,SID69,110600,47700,9665,872435
g2,S1-only,43,0.3,SID69,111917,52083,8348,868052
g2,S1-only,44,0.3,SID69,110354,44346,9911,875789
g2,S1+AEF(t),42,0.3,SID69,109636,34064,10629,886071
g2,S1+AEF(t),43,0.3,SID69,110731,37069,9534,883066
g2,S1+AEF(t),44,0.3,SID69,109845,34055,10420,886080
g2,OPERA,,0.3,SID69,99059,171401,21206,748734
g2,S1-only,42,0.5,SID69,107329,38271,12936,881864
g2,S1-only,43,0.5,SID69,109347,40553,10918,879582
g2,S1-only,44,0.5,SID69,106962,35338,13303,884797
g2,S1+AEF(t),42,0.5,SID69,105671,23429,14594,896706
g2,S1+AEF(t),43,0.5,SID69,106894,25406,13371,894729
g2,S1+AEF(t),44,0.5,SID69,106386,23714,13879,896421
g2,OPERA,,0.5,SID69,99059,171401,21206,748734
g1_bilinear,S1-only,42,0.3,SID69,1126,475,78,8725
g1_bilinear,S1-only,43,0.3,SID69,1140,517,64,8683
g1_bilinear,S1-only,44,0.3,SID69,1127,441,77,8759
g1_bilinear,S1+AEF(t),42,0.3,SID69,1120,333,84,8867
g1_bilinear,S1+AEF(t),43,0.3,SID69,1130,366,74,8834
g1_bilinear,S1+AEF(t),44,0.3,SID69,1123,341,81,8859
g1_bilinear,OPERA,,0.3,SID69,1002,1705,202,7495
g1_bilinear,S1-only,42,0.5,SID69,1093,359,111,8841
g1_bilinear,S1-only,43,0.5,SID69,1118,382,86,8818
g1_bilinear,S1-only,44,0.5,SID69,1095,332,109,8868
g1_bilinear,S1+AEF(t),42,0.5,SID69,1075,211,129,8989
g1_bilinear,S1+AEF(t),43,0.5,SID69,1090,230,114,8970
g1_bilinear,S1+AEF(t),44,0.5,SID69,1083,212,121,8988
g1_bilinear,OPERA,,0.5,SID69,1002,1705,202,7495
g3_3m,S1-only,42,0.3,SID69,79174,23895,1426,852305
g3_3m,S1-only,43,0.3,SID69,79841,26497,759,849703
g3_3m,S1-only,44,0.3,SID69,79205,21235,1395,854965
g3_3m,S1+AEF(t),42,0.3,SID69,79765,12619,835,863581
g3_3m,S1+AEF(t),43,0.3,SID69,79925,14691,675,861509
g3_3m,S1+AEF(t),44,0.3,SID69,79750,12545,850,863655
g3_3m,OPERA,,0.3,SID69,70092,146177,10508,730023
g3_3m,S1-only,42,0.5,SID69,78477,20156,2123,856044
g3_3m,S1-only,43,0.5,SID69,79484,22348,1116,853852
g3_3m,S1-only,44,0.5,SID69,78456,18237,2144,857963
g3_3m,S1+AEF(t),42,0.5,SID69,79146,8763,1454,867437
g3_3m,S1+AEF(t),43,0.5,SID69,79406,10002,1194,866198
g3_3m,S1+AEF(t),44,0.5,SID69,79186,8599,1414,867601
g3_3m,OPERA,,0.5,SID69,70092,146177,10508,730023
g4,S1-only,42,0.3,SID69,1109,451,78,8664
g4,S1-only,43,0.3,SID69,1126,494,61,8621
g4,S1-only,44,0.3,SID69,1110,423,77,8692
g4,S1+AEF(t),42,0.3,SID69,1100,316,87,8799
g4,S1+AEF(t),43,0.3,SID69,1112,350,75,8765
g4,S1+AEF(t),44,0.3,SID69,1105,315,82,8800
g4,OPERA,,0.3,SID69,991,1690,196,7425
g4,S1-only,42,0.5,SID69,1085,356,102,8759
g4,S1-only,43,0.5,SID69,1108,378,79,8737
g4,S1-only,44,0.5,SID69,1078,329,109,8786
g4,S1+AEF(t),42,0.5,SID69,1068,215,119,8900
g4,S1+AEF(t),43,0.5,SID69,1083,230,104,8885
g4,S1+AEF(t),44,0.5,SID69,1072,215,115,8900
g4,OPERA,,0.5,SID69,991,1690,196,7425
paper,S1-only,42,0.3,SID72,921065,6372,5598,115541
paper,S1-only,43,0.3,SID72,921958,7885,4705,114028
paper,S1-only,44,0.3,SID72,921268,6616,5395,115297
paper,S1+AEF(t),42,0.3,SID72,918047,2439,8616,119474
paper,S1+AEF(t),43,0.3,SID72,918785,2894,7878,119019
paper,S1+AEF(t),44,0.3,SID72,919070,2943,7593,118970
paper,OPERA,,0.3,SID72,917075,34451,9588,87462
paper,S1-only,42,0.5,SID72,920071,4914,6592,116999
paper,S1-only,43,0.5,SID72,921279,6179,5384,115734
paper,S1-only,44,0.5,SID72,920355,5113,6308,116800
paper,S1+AEF(t),42,0.5,SID72,916533,1677,10130,120236
paper,S1+AEF(t),43,0.5,SID72,917261,1993,9402,119920
paper,S1+AEF(t),44,0.5,SID72,917740,2016,8923,119897
paper,OPERA,,0.5,SID72,917075,34451,9588,87462
g1_average,S1-only,42,0.3,SID72,9143,65,48,1148
g1_average,S1-only,43,0.3,SID72,9152,82,39,1131
g1_average,S1-only,44,0.3,SID72,9145,69,46,1144
g1_average,S1+AEF(t),42,0.3,SID72,9121,25,70,1188
g1_average,S1+AEF(t),43,0.3,SID72,9124,27,67,1186
g1_average,S1+AEF(t),44,0.3,SID72,9128,29,63,1184
g1_average,OPERA,,0.3,SID72,9095,342,96,871
g1_average,S1-only,42,0.5,SID72,9126,43,65,1170
g1_average,S1-only,43,0.5,SID72,9140,55,51,1158
g1_average,S1-only,44,0.5,SID72,9129,46,62,1167
g1_average,S1+AEF(t),42,0.5,SID72,9087,12,104,1201
g1_average,S1+AEF(t),43,0.5,SID72,9096,14,95,1199
g1_average,S1+AEF(t),44,0.5,SID72,9102,13,89,1200
g1_average,OPERA,,0.5,SID72,9095,342,96,871
g3_30m,S1-only,42,0.3,SID72,8995,12,0,1028
g3_30m,S1-only,43,0.3,SID72,8995,17,0,1023
g3_30m,S1-only,44,0.3,SID72,8995,11,0,1029
g3_30m,S1+AEF(t),42,0.3,SID72,8991,0,4,1040
g3_30m,S1+AEF(t),43,0.3,SID72,8991,0,4,1040
g3_30m,S1+AEF(t),44,0.3,SID72,8991,0,4,1040
g3_30m,OPERA,,0.3,SID72,8978,261,17,779
g3_30m,S1-only,42,0.5,SID72,8993,4,2,1036
g3_30m,S1-only,43,0.5,SID72,8995,5,0,1035
g3_30m,S1-only,44,0.5,SID72,8994,4,1,1036
g3_30m,S1+AEF(t),42,0.5,SID72,8989,0,6,1040
g3_30m,S1+AEF(t),43,0.5,SID72,8990,0,5,1040
g3_30m,S1+AEF(t),44,0.5,SID72,8990,0,5,1040
g3_30m,OPERA,,0.5,SID72,8978,261,17,779
g2,S1-only,42,0.3,SID72,912779,8021,5708,113892
g2,S1-only,43,0.3,SID72,913717,9683,4770,112230
g2,S1-only,44,0.3,SID72,913050,8350,5437,113563
g2,S1+AEF(t),42,0.3,SID72,910298,4302,8189,117611
g2,S1+AEF(t),43,0.3,SID72,910618,4482,7869,117431
g2,S1+AEF(t),44,0.3,SID72,910935,4765,7552,117148
g2,OPERA,,0.3,SID72,908899,34451,9588,87462
g2,S1-only,42,0.5,SID72,911202,5698,7285,116215
g2,S1-only,43,0.5,SID72,912498,7002,5989,114911
g2,S1-only,44,0.5,SID72,911546,5954,6941,115959
g2,S1+AEF(t),42,0.5,SID72,907437,2463,11050,119450
g2,S1+AEF(t),43,0.5,SID72,908192,2808,10295,119105
g2,S1+AEF(t),44,0.5,SID72,908581,2919,9906,118994
g2,OPERA,,0.5,SID72,908899,34451,9588,87462
g1_bilinear,S1-only,42,0.3,SID72,9142,75,49,1138
g1_bilinear,S1-only,43,0.3,SID72,9151,85,40,1128
g1_bilinear,S1-only,44,0.3,SID72,9144,77,47,1136
g1_bilinear,S1+AEF(t),42,0.3,SID72,9124,29,67,1184
g1_bilinear,S1+AEF(t),43,0.3,SID72,9128,30,63,1183
g1_bilinear,S1+AEF(t),44,0.3,SID72,9129,32,62,1181
g1_bilinear,OPERA,,0.3,SID72,9095,342,96,871
g1_bilinear,S1-only,42,0.5,SID72,9126,43,65,1170
g1_bilinear,S1-only,43,0.5,SID72,9140,55,51,1158
g1_bilinear,S1-only,44,0.5,SID72,9130,46,61,1167
g1_bilinear,S1+AEF(t),42,0.5,SID72,9085,12,106,1201
g1_bilinear,S1+AEF(t),43,0.5,SID72,9096,14,95,1199
g1_bilinear,S1+AEF(t),44,0.5,SID72,9102,13,89,1200
g1_bilinear,OPERA,,0.5,SID72,9095,342,96,871
g3_3m,S1-only,42,0.3,SID72,899303,1164,197,102836
g3_3m,S1-only,43,0.3,SID72,899428,1673,72,102327
g3_3m,S1-only,44,0.3,SID72,899372,1219,128,102781
g3_3m,S1+AEF(t),42,0.3,SID72,898830,83,670,103917
g3_3m,S1+AEF(t),43,0.3,SID72,898973,161,527,103839
g3_3m,S1+AEF(t),44,0.3,SID72,899008,127,492,103873
g3_3m,OPERA,,0.3,SID72,897180,26760,2320,77240
g3_3m,S1-only,42,0.5,SID72,899158,762,342,103238
g3_3m,S1-only,43,0.5,SID72,899362,1067,138,102933
g3_3m,S1-only,44,0.5,SID72,899259,781,241,103219
g3_3m,S1+AEF(t),42,0.5,SID72,898553,25,947,103975
g3_3m,S1+AEF(t),43,0.5,SID72,898750,62,750,103938
g3_3m,S1+AEF(t),44,0.5,SID72,898854,49,646,103951
g3_3m,OPERA,,0.5,SID72,897180,26760,2320,77240
g4,S1-only,42,0.3,SID72,8971,70,47,1113
g4,S1-only,43,0.3,SID72,8979,91,39,1092
g4,S1-only,44,0.3,SID72,8971,74,47,1109
g4,S1+AEF(t),42,0.3,SID72,8947,19,71,1164
g4,S1+AEF(t),43,0.3,SID72,8952,25,66,1158
g4,S1+AEF(t),44,0.3,SID72,8955,22,63,1161
g4,OPERA,,0.3,SID72,8927,329,91,854
g4,S1-only,42,0.5,SID72,8954,42,64,1141
g4,S1-only,43,0.5,SID72,8970,54,48,1129
g4,S1-only,44,0.5,SID72,8959,44,59,1139
g4,S1+AEF(t),42,0.5,SID72,8919,7,99,1176
g4,S1+AEF(t),43,0.5,SID72,8931,10,87,1173
g4,S1+AEF(t),44,0.5,SID72,8935,13,83,1170
g4,OPERA,,0.5,SID72,8927,329,91,854
paper,S1-only,42,0.3,SID78,259661,11830,9000,768085
paper,S1-only,43,0.3,SID78,260726,14103,7935,765812
paper,S1-only,44,0.3,SID78,258891,11145,9770,768770
paper,S1+AEF(t),42,0.3,SID78,264346,16369,4315,763546
paper,S1+AEF(t),43,0.3,SID78,264023,14722,4638,765193
paper,S1+AEF(t),44,0.3,SID78,263563,14072,5098,765843
paper,OPERA,,0.3,SID78,248007,13933,20654,765982
paper,S1-only,42,0.5,SID78,258417,9087,10244,770828
paper,S1-only,43,0.5,SID78,259694,10901,8967,769014
paper,S1-only,44,0.5,SID78,257388,8403,11273,771512
paper,S1+AEF(t),42,0.5,SID78,263492,13285,5169,766630
paper,S1+AEF(t),43,0.5,SID78,263051,11747,5610,768168
paper,S1+AEF(t),44,0.5,SID78,262720,11220,5941,768695
paper,OPERA,,0.5,SID78,248007,13933,20654,765982
g1_average,S1-only,42,0.3,SID78,2588,131,75,7610
g1_average,S1-only,43,0.3,SID78,2600,152,63,7589
g1_average,S1-only,44,0.3,SID78,2580,126,83,7615
g1_average,S1+AEF(t),42,0.3,SID78,2638,177,25,7564
g1_average,S1+AEF(t),43,0.3,SID78,2636,158,27,7583
g1_average,S1+AEF(t),44,0.3,SID78,2627,155,36,7586
g1_average,OPERA,,0.3,SID78,2460,118,203,7623
g1_average,S1-only,42,0.5,SID78,2577,86,86,7655
g1_average,S1-only,43,0.5,SID78,2587,109,76,7632
g1_average,S1-only,44,0.5,SID78,2562,81,101,7660
g1_average,S1+AEF(t),42,0.5,SID78,2623,127,40,7614
g1_average,S1+AEF(t),43,0.5,SID78,2619,110,44,7631
g1_average,S1+AEF(t),44,0.5,SID78,2617,105,46,7636
g1_average,OPERA,,0.5,SID78,2460,118,203,7623
g3_30m,S1-only,42,0.3,SID78,2411,12,10,7402
g3_30m,S1-only,43,0.3,SID78,2413,17,8,7397
g3_30m,S1-only,44,0.3,SID78,2406,11,15,7403
g3_30m,S1+AEF(t),42,0.3,SID78,2420,29,1,7385
g3_30m,S1+AEF(t),43,0.3,SID78,2420,22,1,7392
g3_30m,S1+AEF(t),44,0.3,SID78,2420,17,1,7397
g3_30m,OPERA,,0.3,SID78,2379,89,42,7325
g3_30m,S1-only,42,0.5,SID78,2409,1,12,7413
g3_30m,S1-only,43,0.5,SID78,2410,5,11,7409
g3_30m,S1-only,44,0.5,SID78,2401,1,20,7413
g3_30m,S1+AEF(t),42,0.5,SID78,2420,8,1,7406
g3_30m,S1+AEF(t),43,0.5,SID78,2420,4,1,7410
g3_30m,S1+AEF(t),44,0.5,SID78,2420,3,1,7411
g3_30m,OPERA,,0.5,SID78,2379,89,42,7325
g2,S1-only,42,0.3,SID78,258289,13611,9323,759177
g2,S1-only,43,0.3,SID78,259510,15690,8102,757098
g2,S1-only,44,0.3,SID78,257477,13123,10135,759665
g2,S1+AEF(t),42,0.3,SID78,262937,18563,4675,754225
g2,S1+AEF(t),43,0.3,SID78,262487,16913,5125,755875
g2,S1+AEF(t),44,0.3,SID78,261984,16216,5628,756572
g2,OPERA,,0.3,SID78,247400,13816,20212,758972
g2,S1-only,42,0.5,SID78,256876,9424,10736,763364
g2,S1-only,43,0.5,SID78,258036,11564,9576,761224
g2,S1-only,44,0.5,SID78,255359,8941,12253,763847
g2,S1+AEF(t),42,0.5,SID78,261095,13905,6517,758883
g2,S1+AEF(t),43,0.5,SID78,260547,12353,7065,760435
g2,S1+AEF(t),44,0.5,SID78,260290,11910,7322,760878
g2,OPERA,,0.5,SID78,247400,13816,20212,758972
g1_bilinear,S1-only,42,0.3,SID78,2589,144,74,7597
g1_bilinear,S1-only,43,0.3,SID78,2604,168,59,7573
g1_bilinear,S1-only,44,0.3,SID78,2582,139,81,7602
g1_bilinear,S1+AEF(t),42,0.3,SID78,2638,192,25,7549
g1_bilinear,S1+AEF(t),43,0.3,SID78,2632,170,31,7571
g1_bilinear,S1+AEF(t),44,0.3,SID78,2628,164,35,7577
g1_bilinear,OPERA,,0.3,SID78,2460,118,203,7623
g1_bilinear,S1-only,42,0.5,SID78,2577,85,86,7656
g1_bilinear,S1-only,43,0.5,SID78,2587,108,76,7633
g1_bilinear,S1-only,44,0.5,SID78,2562,81,101,7660
g1_bilinear,S1+AEF(t),42,0.5,SID78,2619,125,44,7616
g1_bilinear,S1+AEF(t),43,0.5,SID78,2616,109,47,7632
g1_bilinear,S1+AEF(t),44,0.5,SID78,2617,105,46,7636
g1_bilinear,OPERA,,0.5,SID78,2460,118,203,7623
g3_3m,S1-only,42,0.3,SID78,240967,1946,1133,739454
g3_3m,S1-only,43,0.3,SID78,241168,2711,932,738689
g3_3m,S1-only,44,0.3,SID78,240416,1856,1684,739544
g3_3m,S1+AEF(t),42,0.3,SID78,241982,3421,118,737979
g3_3m,S1+AEF(t),43,0.3,SID78,241984,2678,116,738722
g3_3m,S1+AEF(t),44,0.3,SID78,241961,2461,139,738939
g3_3m,OPERA,,0.3,SID78,237799,10064,4301,731336
g3_3m,S1-only,42,0.5,SID78,240593,1144,1507,740256
g3_3m,S1-only,43,0.5,SID78,240844,1621,1256,739779
g3_3m,S1-only,44,0.5,SID78,239876,1101,2224,740299
g3_3m,S1+AEF(t),42,0.5,SID78,241935,2255,165,739145
g3_3m,S1+AEF(t),43,0.5,SID78,241928,1757,172,739643
g3_3m,S1+AEF(t),44,0.5,SID78,241925,1553,175,739847
g3_3m,OPERA,,0.5,SID78,237799,10064,4301,731336
paper,S1-only,42,0.3,SID79,197707,13502,39014,514673
paper,S1-only,43,0.3,SID79,212726,23991,23995,504184
paper,S1-only,44,0.3,SID79,199347,13072,37374,515103
paper,S1+AEF(t),42,0.3,SID79,221985,4438,14736,523737
paper,S1+AEF(t),43,0.3,SID79,219312,4204,17409,523971
paper,S1+AEF(t),44,0.3,SID79,221596,4565,15125,523610
paper,OPERA,,0.3,SID79,210155,3685,26566,524490
paper,S1-only,42,0.5,SID79,193004,9556,43717,518619
paper,S1-only,43,0.5,SID79,209311,20457,27410,507718
paper,S1-only,44,0.5,SID79,194109,9830,42612,518345
paper,S1+AEF(t),42,0.5,SID79,218014,3686,18707,524489
paper,S1+AEF(t),43,0.5,SID79,215276,3383,21445,524792
paper,S1+AEF(t),44,0.5,SID79,217459,3718,19262,524457
paper,OPERA,,0.5,SID79,210155,3685,26566,524490
g1_average,S1-only,42,0.3,SID79,1989,135,376,5076
g1_average,S1-only,43,0.3,SID79,2139,257,226,4954
g1_average,S1-only,44,0.3,SID79,2006,131,359,5080
g1_average,S1+AEF(t),42,0.3,SID79,2228,38,137,5173
g1_average,S1+AEF(t),43,0.3,SID79,2197,35,168,5176
g1_average,S1+AEF(t),44,0.3,SID79,2218,38,147,5173
g1_average,OPERA,,0.3,SID79,2092,34,273,5177
g1_average,S1-only,42,0.5,SID79,1931,93,434,5118
g1_average,S1-only,43,0.5,SID79,2097,203,268,5008
g1_average,S1-only,44,0.5,SID79,1934,92,431,5119
g1_average,S1+AEF(t),42,0.5,SID79,2165,29,200,5182
g1_average,S1+AEF(t),43,0.5,SID79,2143,26,222,5185
g1_average,S1+AEF(t),44,0.5,SID79,2162,29,203,5182
g1_average,OPERA,,0.5,SID79,2092,34,273,5177
g3_30m,S1-only,42,0.3,SID79,1860,78,313,5004
g3_30m,S1-only,43,0.3,SID79,1980,183,193,4899
g3_30m,S1-only,44,0.3,SID79,1883,77,290,5005
g3_30m,S1+AEF(t),42,0.3,SID79,2127,14,46,5068
g3_30m,S1+AEF(t),43,0.3,SID79,2101,11,72,5071
g3_30m,S1+AEF(t),44,0.3,SID79,2120,13,53,5069
g3_30m,OPERA,,0.3,SID79,2000,11,173,5071
g3_30m,S1-only,42,0.5,SID79,1819,49,354,5033
g3_30m,S1-only,43,0.5,SID79,1953,143,220,4939
g3_30m,S1-only,44,0.5,SID79,1837,54,336,5028
g3_30m,S1+AEF(t),42,0.5,SID79,2082,8,91,5074
g3_30m,S1+AEF(t),43,0.5,SID79,2066,6,107,5076
g3_30m,S1+AEF(t),44,0.5,SID79,2078,9,95,5073
g3_30m,OPERA,,0.5,SID79,2000,11,173,5071
g2,S1-only,42,0.3,SID79,196973,14011,38370,508766
g2,S1-only,43,0.3,SID79,211552,25600,23791,497177
g2,S1-only,44,0.3,SID79,198901,13791,36442,508986
g2,S1+AEF(t),42,0.3,SID79,221407,4753,13936,518024
g2,S1+AEF(t),43,0.3,SID79,218481,4463,16862,518314
g2,S1+AEF(t),44,0.3,SID79,220487,4705,14856,518072
g2,OPERA,,0.3,SID79,208915,3685,26428,519092
g2,S1-only,42,0.5,SID79,191351,9609,43992,513168
g2,S1-only,43,0.5,SID79,207511,20481,27832,502296
g2,S1-only,44,0.5,SID79,191936,9712,43407,513065
g2,S1+AEF(t),42,0.5,SID79,215459,3749,19884,519028
g2,S1+AEF(t),43,0.5,SID79,213227,3385,22116,519392
g2,S1+AEF(t),44,0.5,SID79,215190,3806,20153,518971
g2,OPERA,,0.5,SID79,208915,3685,26428,519092
g1_bilinear,S1-only,42,0.3,SID79,1989,140,376,5071
g1_bilinear,S1-only,43,0.3,SID79,2142,260,223,4951
g1_bilinear,S1-only,44,0.3,SID79,2007,135,358,5076
g1_bilinear,S1+AEF(t),42,0.3,SID79,2237,41,128,5170
g1_bilinear,S1+AEF(t),43,0.3,SID79,2203,37,162,5174
g1_bilinear,S1+AEF(t),44,0.3,SID79,2232,39,133,5172
g1_bilinear,OPERA,,0.3,SID79,2092,34,273,5177
g1_bilinear,S1-only,42,0.5,SID79,1928,91,437,5120
g1_bilinear,S1-only,43,0.5,SID79,2096,202,269,5009
g1_bilinear,S1-only,44,0.5,SID79,1932,86,433,5125
g1_bilinear,S1+AEF(t),42,0.5,SID79,2165,29,200,5182
g1_bilinear,S1+AEF(t),43,0.5,SID79,2143,26,222,5185
g1_bilinear,S1+AEF(t),44,0.5,SID79,2162,28,203,5183
g1_bilinear,OPERA,,0.5,SID79,2092,34,273,5177
g3_3m,S1-only,42,0.3,SID79,184476,7920,32632,501392
g3_3m,S1-only,43,0.3,SID79,196916,16735,20192,492577
g3_3m,S1-only,44,0.3,SID79,186467,7862,30641,501450
g3_3m,S1+AEF(t),42,0.3,SID79,211270,1357,5838,507955
g3_3m,S1+AEF(t),43,0.3,SID79,209352,1256,7756,508056
g3_3m,S1+AEF(t),44,0.3,SID79,211010,1447,6098,507865
g3_3m,OPERA,,0.3,SID79,200592,1180,16516,508132
g3_3m,S1-only,42,0.5,SID79,180800,5073,36308,504239
g3_3m,S1-only,43,0.5,SID79,194393,14068,22715,495244
g3_3m,S1-only,44,0.5,SID79,182883,5801,34225,503511
g3_3m,S1+AEF(t),42,0.5,SID79,208487,988,8621,508324
g3_3m,S1+AEF(t),43,0.5,SID79,206368,830,10740,508482
g3_3m,S1+AEF(t),44,0.5,SID79,208136,994,8972,508318
g3_3m,OPERA,,0.5,SID79,200592,1180,16516,508132
g4,S1-only,42,0.3,SID79,1931,140,384,4966
g4,S1-only,43,0.3,SID79,2081,248,234,4858
g4,S1-only,44,0.3,SID79,1950,133,365,4973
g4,S1+AEF(t),42,0.3,SID79,2192,44,123,5062
g4,S1+AEF(t),43,0.3,SID79,2165,41,150,5065
g4,S1+AEF(t),44,0.3,SID79,2195,44,120,5062
g4,OPERA,,0.3,SID79,2068,27,247,5079
g4,S1-only,42,0.5,SID79,1870,90,445,5016
g4,S1-only,43,0.5,SID79,2040,203,275,4903
g4,S1-only,44,0.5,SID79,1888,93,427,5013
g4,S1+AEF(t),42,0.5,SID79,2139,27,176,5079
g4,S1+AEF(t),43,0.5,SID79,2115,29,200,5077
g4,S1+AEF(t),44,0.5,SID79,2133,31,182,5075
g4,OPERA,,0.5,SID79,2068,27,247,5079
paper,S1-only,42,0.3,SID80,88439,10192,3251,946652
paper,S1-only,43,0.3,SID80,88686,11320,3004,945524
paper,S1-only,44,0.3,SID80,87846,9282,3844,947562
paper,S1+AEF(t),42,0.3,SID80,90584,10947,1106,945897
paper,S1+AEF(t),43,0.3,SID80,90573,10229,1117,946615
paper,S1+AEF(t),44,0.3,SID80,90587,10608,1103,946236
paper,OPERA,,0.3,SID80,76579,3808,15111,953036
paper,S1-only,42,0.5,SID80,87952,7788,3738,949056
paper,S1-only,43,0.5,SID80,88242,8789,3448,948055
paper,S1-only,44,0.5,SID80,87199,7126,4491,949718
paper,S1+AEF(t),42,0.5,SID80,90342,8487,1348,948357
paper,S1+AEF(t),43,0.5,SID80,90290,7807,1400,949037
paper,S1+AEF(t),44,0.5,SID80,90309,8122,1381,948722
paper,OPERA,,0.5,SID80,76579,3808,15111,953036
g1_average,S1-only,42,0.3,SID80,892,113,25,9374
g1_average,S1-only,43,0.3,SID80,894,121,23,9366
g1_average,S1-only,44,0.3,SID80,884,96,33,9391
g1_average,S1+AEF(t),42,0.3,SID80,910,126,7,9361
g1_average,S1+AEF(t),43,0.3,SID80,909,120,8,9367
g1_average,S1+AEF(t),44,0.3,SID80,910,122,7,9365
g1_average,OPERA,,0.3,SID80,789,46,128,9441
g1_average,S1-only,42,0.5,SID80,882,69,35,9418
g1_average,S1-only,43,0.5,SID80,885,72,32,9415
g1_average,S1-only,44,0.5,SID80,877,61,40,9426
g1_average,S1+AEF(t),42,0.5,SID80,905,74,12,9413
g1_average,S1+AEF(t),43,0.5,SID80,904,67,13,9420
g1_average,S1+AEF(t),44,0.5,SID80,906,71,11,9416
g1_average,OPERA,,0.5,SID80,789,46,128,9441
g3_30m,S1-only,42,0.3,SID80,744,18,1,9295
g3_30m,S1-only,43,0.3,SID80,744,22,1,9291
g3_30m,S1-only,44,0.3,SID80,743,9,2,9304
g3_30m,S1+AEF(t),42,0.3,SID80,745,20,0,9293
g3_30m,S1+AEF(t),43,0.3,SID80,745,19,0,9294
g3_30m,S1+AEF(t),44,0.3,SID80,745,18,0,9295
g3_30m,OPERA,,0.3,SID80,715,24,30,9289
g3_30m,S1-only,42,0.5,SID80,743,2,2,9311
g3_30m,S1-only,43,0.5,SID80,743,5,2,9308
g3_30m,S1-only,44,0.5,SID80,741,2,4,9311
g3_30m,S1+AEF(t),42,0.5,SID80,745,15,0,9298
g3_30m,S1+AEF(t),43,0.5,SID80,745,15,0,9298
g3_30m,S1+AEF(t),44,0.5,SID80,745,15,0,9298
g3_30m,OPERA,,0.5,SID80,715,24,30,9289
g2,S1-only,42,0.3,SID80,88119,12381,3209,936649
g2,S1-only,43,0.3,SID80,88301,13199,3027,935831
g2,S1-only,44,0.3,SID80,87389,10611,3939,938419
g2,S1+AEF(t),42,0.3,SID80,90049,13551,1279,935479
g2,S1+AEF(t),43,0.3,SID80,89899,13001,1429,936029
g2,S1+AEF(t),44,0.3,SID80,90035,13165,1293,935865
g2,OPERA,,0.3,SID80,76260,3807,15068,945223
g2,S1-only,42,0.5,SID80,86837,8263,4491,940767
g2,S1-only,43,0.5,SID80,87101,8599,4227,940431
g2,S1-only,44,0.5,SID80,86308,7492,5020,941538
g2,S1+AEF(t),42,0.5,SID80,88845,9055,2483,939975
g2,S1+AEF(t),43,0.5,SID80,88618,8482,2710,940548
g2,S1+AEF(t),44,0.5,SID80,88828,8872,2500,940158
g2,OPERA,,0.5,SID80,76260,3807,15068,945223
g1_bilinear,S1-only,42,0.3,SID80,893,116,24,9371
g1_bilinear,S1-only,43,0.3,SID80,895,131,22,9356
g1_bilinear,S1-only,44,0.3,SID80,886,105,31,9382
g1_bilinear,S1+AEF(t),42,0.3,SID80,910,138,7,9349
g1_bilinear,S1+AEF(t),43,0.3,SID80,910,129,7,9358
g1_bilinear,S1+AEF(t),44,0.3,SID80,910,130,7,9357
g1_bilinear,OPERA,,0.3,SID80,789,46,128,9441
g1_bilinear,S1-only,42,0.5,SID80,880,69,37,9418
g1_bilinear,S1-only,43,0.5,SID80,885,72,32,9415
g1_bilinear,S1-only,44,0.5,SID80,875,60,42,9427
g1_bilinear,S1+AEF(t),42,0.5,SID80,903,73,14,9414
g1_bilinear,S1+AEF(t),43,0.5,SID80,903,65,14,9422
g1_bilinear,S1+AEF(t),44,0.5,SID80,904,71,13,9416
g1_bilinear,OPERA,,0.5,SID80,789,46,128,9441
g3_3m,S1-only,42,0.3,SID80,74257,2280,243,928978
g3_3m,S1-only,43,0.3,SID80,74285,2893,215,928365
g3_3m,S1-only,44,0.3,SID80,74052,1772,448,929486
g3_3m,S1+AEF(t),42,0.3,SID80,74500,2943,0,928315
g3_3m,S1+AEF(t),43,0.3,SID80,74500,2643,0,928615
g3_3m,S1+AEF(t),44,0.3,SID80,74500,2793,0,928465
g3_3m,OPERA,,0.3,SID80,69539,1955,4961,929303
g3_3m,S1-only,42,0.5,SID80,74100,1320,400,929938
g3_3m,S1-only,43,0.5,SID80,74149,1838,351,929420
g3_3m,S1-only,44,0.5,SID80,73808,1071,692,930187
g3_3m,S1+AEF(t),42,0.5,SID80,74500,2183,0,929075
g3_3m,S1+AEF(t),43,0.5,SID80,74499,1955,1,929303
g3_3m,S1+AEF(t),44,0.5,SID80,74500,2085,0,929173
g3_3m,OPERA,,0.5,SID80,69539,1955,4961,929303
paper,S1-only,42,0.3,SID81,296182,9131,274,742989
paper,S1-only,43,0.3,SID81,296331,10650,125,741470
paper,S1-only,44,0.3,SID81,296283,9799,173,742321
paper,S1+AEF(t),42,0.3,SID81,296075,5426,381,746694
paper,S1+AEF(t),43,0.3,SID81,296138,5615,318,746505
paper,S1+AEF(t),44,0.3,SID81,296174,6045,282,746075
paper,OPERA,,0.3,SID81,278810,6272,17646,745848
paper,S1-only,42,0.5,SID81,295819,6454,637,745666
paper,S1-only,43,0.5,SID81,296100,7847,356,744273
paper,S1-only,44,0.5,SID81,296016,7133,440,744987
paper,S1+AEF(t),42,0.5,SID81,295591,3254,865,748866
paper,S1+AEF(t),43,0.5,SID81,295695,3369,761,748751
paper,S1+AEF(t),44,0.5,SID81,295761,3792,695,748328
paper,OPERA,,0.5,SID81,278810,6272,17646,745848
g1_average,S1-only,42,0.3,SID81,2922,111,1,7370
g1_average,S1-only,43,0.3,SID81,2922,126,1,7355
g1_average,S1-only,44,0.3,SID81,2922,115,1,7366
g1_average,S1+AEF(t),42,0.3,SID81,2922,65,1,7416
g1_average,S1+AEF(t),43,0.3,SID81,2923,68,0,7413
g1_average,S1+AEF(t),44,0.3,SID81,2923,72,0,7409
g1_average,OPERA,,0.3,SID81,2757,61,166,7420
g1_average,S1-only,42,0.5,SID81,2917,56,6,7425
g1_average,S1-only,43,0.5,SID81,2920,67,3,7414
g1_average,S1-only,44,0.5,SID81,2919,62,4,7419
g1_average,S1+AEF(t),42,0.5,SID81,2917,29,6,7452
g1_average,S1+AEF(t),43,0.5,SID81,2918,30,5,7451
g1_average,S1+AEF(t),44,0.5,SID81,2919,33,4,7448
g1_average,OPERA,,0.5,SID81,2757,61,166,7420
g3_30m,S1-only,42,0.3,SID81,2734,3,0,7301
g3_30m,S1-only,43,0.3,SID81,2734,5,0,7299
g3_30m,S1-only,44,0.3,SID81,2734,2,0,7302
g3_30m,S1+AEF(t),42,0.3,SID81,2734,0,0,7304
g3_30m,S1+AEF(t),43,0.3,SID81,2734,0,0,7304
g3_30m,S1+AEF(t),44,0.3,SID81,2734,0,0,7304
g3_30m,OPERA,,0.3,SID81,2664,44,70,7260
g3_30m,S1-only,42,0.5,SID81,2734,0,0,7304
g3_30m,S1-only,43,0.5,SID81,2734,0,0,7304
g3_30m,S1-only,44,0.5,SID81,2734,0,0,7304
g3_30m,S1+AEF(t),42,0.5,SID81,2734,0,0,7304
g3_30m,S1+AEF(t),43,0.5,SID81,2734,0,0,7304
g3_30m,S1+AEF(t),44,0.5,SID81,2734,0,0,7304
g3_30m,OPERA,,0.5,SID81,2664,44,70,7260
g2,S1-only,42,0.3,SID81,291036,12264,633,736467
g2,S1-only,43,0.3,SID81,291183,13617,486,735114
g2,S1-only,44,0.3,SID81,291091,12609,578,736122
g2,S1+AEF(t),42,0.3,SID81,290481,8219,1188,740512
g2,S1+AEF(t),43,0.3,SID81,290596,8504,1073,740227
g2,S1+AEF(t),44,0.3,SID81,290661,8839,1008,739892
g2,OPERA,,0.3,SID81,274178,6222,17491,742509
g2,S1-only,42,0.5,SID81,289811,7489,1858,741242
g2,S1-only,43,0.5,SID81,290273,8427,1396,740304
g2,S1-only,44,0.5,SID81,290116,7984,1553,740747
g2,S1+AEF(t),42,0.5,SID81,289201,5399,2468,743332
g2,S1+AEF(t),43,0.5,SID81,289270,5530,2399,743201
g2,S1+AEF(t),44,0.5,SID81,289480,5720,2189,743011
g2,OPERA,,0.5,SID81,274178,6222,17491,742509
g1_bilinear,S1-only,42,0.3,SID81,2922,121,1,7360
g1_bilinear,S1-only,43,0.3,SID81,2923,140,0,7341
g1_bilinear,S1-only,44,0.3,SID81,2922,129,1,7352
g1_bilinear,S1+AEF(t),42,0.3,SID81,2923,82,0,7399
g1_bilinear,S1+AEF(t),43,0.3,SID81,2923,84,0,7397
g1_bilinear,S1+AEF(t),44,0.3,SID81,2923,87,0,7394
g1_bilinear,OPERA,,0.3,SID81,2757,61,166,7420
g1_bilinear,S1-only,42,0.5,SID81,2917,56,6,7425
g1_bilinear,S1-only,43,0.5,SID81,2920,68,3,7413
g1_bilinear,S1-only,44,0.5,SID81,2919,61,4,7420
g1_bilinear,S1+AEF(t),42,0.5,SID81,2918,28,5,7453
g1_bilinear,S1+AEF(t),43,0.5,SID81,2918,29,5,7452
g1_bilinear,S1+AEF(t),44,0.5,SID81,2919,33,4,7448
g1_bilinear,OPERA,,0.5,SID81,2757,61,166,7420
g3_3m,S1-only,42,0.3,SID81,273382,1001,18,729399
g3_3m,S1-only,43,0.3,SID81,273397,1329,3,729071
g3_3m,S1-only,44,0.3,SID81,273394,1155,6,729245
g3_3m,S1+AEF(t),42,0.3,SID81,273396,321,4,730079
g3_3m,S1+AEF(t),43,0.3,SID81,273397,327,3,730073
g3_3m,S1+AEF(t),44,0.3,SID81,273399,367,1,730033
g3_3m,OPERA,,0.3,SID81,266297,4411,7103,725989
g3_3m,S1-only,42,0.5,SID81,273365,559,35,729841
g3_3m,S1-only,43,0.5,SID81,273390,762,10,729638
g3_3m,S1-only,44,0.5,SID81,273385,668,15,729732
g3_3m,S1+AEF(t),42,0.5,SID81,273355,127,45,730273
g3_3m,S1+AEF(t),43,0.5,SID81,273380,132,20,730268
g3_3m,S1+AEF(t),44,0.5,SID81,273355,148,45,730252
g3_3m,OPERA,,0.5,SID81,266297,4411,7103,725989
g4,S1-only,42,0.3,SID81,2925,113,1,7365
g4,S1-only,43,0.3,SID81,2926,130,0,7348
g4,S1-only,44,0.3,SID81,2925,123,1,7355
g4,S1+AEF(t),42,0.3,SID81,2925,79,1,7399
g4,S1+AEF(t),43,0.3,SID81,2925,80,1,7398
g4,S1+AEF(t),44,0.3,SID81,2926,83,0,7395
g4,OPERA,,0.3,SID81,2762,56,164,7422
g4,S1-only,42,0.5,SID81,2921,67,5,7411
g4,S1-only,43,0.5,SID81,2924,80,2,7398
g4,S1-only,44,0.5,SID81,2923,72,3,7406
g4,S1+AEF(t),42,0.5,SID81,2919,32,7,7446
g4,S1+AEF(t),43,0.5,SID81,2920,36,6,7442
g4,S1+AEF(t),44,0.5,SID81,2922,43,4,7435
g4,OPERA,,0.5,SID81,2762,56,164,7422
paper,S1-only,42,0.3,SID83,83800,2560,70822,891394
paper,S1-only,43,0.3,SID83,121088,4626,33534,889328
paper,S1-only,44,0.3,SID83,89641,3526,64981,890428
paper,S1+AEF(t),42,0.3,SID83,153802,8234,820,885720
paper,S1+AEF(t),43,0.3,SID83,152984,7359,1638,886595
paper,S1+AEF(t),44,0.3,SID83,152370,7221,2252,886733
paper,OPERA,,0.3,SID83,148679,7171,5943,886783
paper,S1-only,42,0.5,SID83,70926,1541,83696,892413
paper,S1-only,43,0.5,SID83,108481,3206,46141,890748
paper,S1-only,44,0.5,SID83,80817,2223,73805,891731
paper,S1+AEF(t),42,0.5,SID83,152401,6395,2221,887559
paper,S1+AEF(t),43,0.5,SID83,150918,5549,3704,888405
paper,S1+AEF(t),44,0.5,SID83,150645,5433,3977,888521
paper,OPERA,,0.5,SID83,148679,7171,5943,886783
g1_average,S1-only,42,0.3,SID83,823,32,707,8842
g1_average,S1-only,43,0.3,SID83,1191,50,339,8824
g1_average,S1-only,44,0.3,SID83,883,40,647,8834
g1_average,S1+AEF(t),42,0.3,SID83,1526,88,4,8786
g1_average,S1+AEF(t),43,0.3,SID83,1520,80,10,8794
g1_average,S1+AEF(t),44,0.3,SID83,1514,76,16,8798
g1_average,OPERA,,0.3,SID83,1492,59,38,8815
g1_average,S1-only,42,0.5,SID83,688,16,842,8858
g1_average,S1-only,43,0.5,SID83,1061,31,469,8843
g1_average,S1-only,44,0.5,SID83,783,21,747,8853
g1_average,S1+AEF(t),42,0.5,SID83,1513,54,17,8820
g1_average,S1+AEF(t),43,0.5,SID83,1496,46,34,8828
g1_average,S1+AEF(t),44,0.5,SID83,1494,45,36,8829
g1_average,OPERA,,0.5,SID83,1492,59,38,8815
g3_30m,S1-only,42,0.3,SID83,769,4,622,8753
g3_30m,S1-only,43,0.3,SID83,1120,9,271,8748
g3_30m,S1-only,44,0.3,SID83,818,5,573,8752
g3_30m,S1+AEF(t),42,0.3,SID83,1389,17,2,8740
g3_30m,S1+AEF(t),43,0.3,SID83,1384,15,7,8742
g3_30m,S1+AEF(t),44,0.3,SID83,1377,13,14,8744
g3_30m,OPERA,,0.3,SID83,1385,21,6,8736
g3_30m,S1-only,42,0.5,SID83,651,0,740,8757
g3_30m,S1-only,43,0.5,SID83,1003,2,388,8755
g3_30m,S1-only,44,0.5,SID83,735,0,656,8757
g3_30m,S1+AEF(t),42,0.5,SID83,1380,7,11,8750
g3_30m,S1+AEF(t),43,0.5,SID83,1366,8,25,8749
g3_30m,S1+AEF(t),44,0.5,SID83,1363,5,28,8752
g3_30m,OPERA,,0.5,SID83,1385,21,6,8736
g2,S1-only,42,0.3,SID83,82012,3488,70558,884342
g2,S1-only,43,0.3,SID83,118686,5414,33884,882416
g2,S1-only,44,0.3,SID83,87918,4382,64652,883448
g2,S1+AEF(t),42,0.3,SID83,151509,9891,1061,877939
g2,S1+AEF(t),43,0.3,SID83,150870,9130,1700,878700
g2,S1+AEF(t),44,0.3,SID83,150151,8849,2419,878981
g2,OPERA,,0.3,SID83,146647,7073,5923,880757
g2,S1-only,42,0.5,SID83,68532,1868,84038,885962
g2,S1-only,43,0.5,SID83,105682,3518,46888,884312
g2,S1-only,44,0.5,SID83,78058,2342,74512,885488
g2,S1+AEF(t),42,0.5,SID83,149847,6853,2723,880977
g2,S1+AEF(t),43,0.5,SID83,147955,6245,4615,881585
g2,S1+AEF(t),44,0.5,SID83,147793,6107,4777,881723
g2,OPERA,,0.5,SID83,146647,7073,5923,880757
g1_bilinear,S1-only,42,0.3,SID83,826,32,704,8842
g1_bilinear,S1-only,43,0.3,SID83,1190,53,340,8821
g1_bilinear,S1-only,44,0.3,SID83,888,40,642,8834
g1_bilinear,S1+AEF(t),42,0.3,SID83,1526,95,4,8779
g1_bilinear,S1+AEF(t),43,0.3,SID83,1524,85,6,8789
g1_bilinear,S1+AEF(t),44,0.3,SID83,1516,86,14,8788
g1_bilinear,OPERA,,0.3,SID83,1492,59,38,8815
g1_bilinear,S1-only,42,0.5,SID83,680,15,850,8859
g1_bilinear,S1-only,43,0.5,SID83,1063,31,467,8843
g1_bilinear,S1-only,44,0.5,SID83,782,20,748,8854
g1_bilinear,S1+AEF(t),42,0.5,SID83,1514,56,16,8818
g1_bilinear,S1+AEF(t),43,0.5,SID83,1500,45,30,8829
g1_bilinear,S1+AEF(t),44,0.5,SID83,1495,46,35,8828
g1_bilinear,OPERA,,0.5,SID83,1492,59,38,8815
g3_3m,S1-only,42,0.3,SID83,76535,464,62565,875236
g3_3m,S1-only,43,0.3,SID83,112108,1065,26992,874635
g3_3m,S1-only,44,0.3,SID83,81438,714,57662,874986
g3_3m,S1+AEF(t),42,0.3,SID83,138749,2027,351,873673
g3_3m,S1+AEF(t),43,0.3,SID83,138157,1887,943,873813
g3_3m,S1+AEF(t),44,0.3,SID83,137494,1641,1606,874059
g3_3m,OPERA,,0.3,SID83,137300,3030,1800,872670
g3_3m,S1-only,42,0.5,SID83,64582,226,74518,875474
g3_3m,S1-only,43,0.5,SID83,100376,604,38724,875096
g3_3m,S1-only,44,0.5,SID83,73546,369,65554,875331
g3_3m,S1+AEF(t),42,0.5,SID83,137735,1409,1365,874291
g3_3m,S1+AEF(t),43,0.5,SID83,136634,1288,2466,874412
g3_3m,S1+AEF(t),44,0.5,SID83,136261,1088,2839,874612
g3_3m,OPERA,,0.5,SID83,137300,3030,1800,872670
g4,S1-only,42,0.3,SID83,835,26,701,8842
g4,S1-only,43,0.3,SID83,1211,54,325,8814
g4,S1-only,44,0.3,SID83,888,38,648,8830
g4,S1+AEF(t),42,0.3,SID83,1533,95,3,8773
g4,S1+AEF(t),43,0.3,SID83,1528,83,8,8785
g4,S1+AEF(t),44,0.3,SID83,1520,85,16,8783
g4,OPERA,,0.3,SID83,1484,67,52,8801
g4,S1-only,42,0.5,SID83,704,13,832,8855
g4,S1-only,43,0.5,SID83,1079,28,457,8840
g4,S1-only,44,0.5,SID83,803,21,733,8847
g4,S1+AEF(t),42,0.5,SID83,1520,62,16,8806
g4,S1+AEF(t),43,0.5,SID83,1509,54,27,8814
g4,S1+AEF(t),44,0.5,SID83,1501,50,35,8818
g4,OPERA,,0.5,SID83,1484,67,52,8801
paper,S1-only,42,0.3,SID85,374885,6579,98,649614
paper,S1-only,43,0.3,SID85,374932,6898,51,649295
paper,S1-only,44,0.3,SID85,374871,6502,112,649691
paper,S1+AEF(t),42,0.3,SID85,374983,7382,0,648811
paper,S1+AEF(t),43,0.3,SID85,374983,7212,0,648981
paper,S1+AEF(t),44,0.3,SID85,374983,7875,0,648318
paper,OPERA,,0.3,SID85,368511,617,6472,655576
paper,S1-only,42,0.5,SID85,374831,5320,152,650873
paper,S1-only,43,0.5,SID85,374864,5563,119,650630
paper,S1-only,44,0.5,SID85,374800,5274,183,650919
paper,S1+AEF(t),42,0.5,SID85,374981,6300,2,649893
paper,S1+AEF(t),43,0.5,SID85,374983,6117,0,650076
paper,S1+AEF(t),44,0.5,SID85,374983,6756,0,649437
paper,OPERA,,0.5,SID85,368511,617,6472,655576
g1_average,S1-only,42,0.3,SID85,3698,68,0,6464
g1_average,S1-only,43,0.3,SID85,3698,72,0,6460
g1_average,S1-only,44,0.3,SID85,3698,66,0,6466
g1_average,S1+AEF(t),42,0.3,SID85,3698,79,0,6453
g1_average,S1+AEF(t),43,0.3,SID85,3698,81,0,6451
g1_average,S1+AEF(t),44,0.3,SID85,3698,85,0,6447
g1_average,OPERA,,0.3,SID85,3654,6,44,6526
g1_average,S1-only,42,0.5,SID85,3698,53,0,6479
g1_average,S1-only,43,0.5,SID85,3698,54,0,6478
g1_average,S1-only,44,0.5,SID85,3698,52,0,6480
g1_average,S1+AEF(t),42,0.5,SID85,3698,63,0,6469
g1_average,S1+AEF(t),43,0.5,SID85,3698,58,0,6474
g1_average,S1+AEF(t),44,0.5,SID85,3698,63,0,6469
g1_average,OPERA,,0.5,SID85,3654,6,44,6526
g3_30m,S1-only,42,0.3,SID85,3627,12,0,6455
g3_30m,S1-only,43,0.3,SID85,3627,15,0,6452
g3_30m,S1-only,44,0.3,SID85,3627,11,0,6456
g3_30m,S1+AEF(t),42,0.3,SID85,3627,17,0,6450
g3_30m,S1+AEF(t),43,0.3,SID85,3627,18,0,6449
g3_30m,S1+AEF(t),44,0.3,SID85,3627,22,0,6445
g3_30m,OPERA,,0.3,SID85,3616,1,11,6466
g3_30m,S1-only,42,0.5,SID85,3627,4,0,6463
g3_30m,S1-only,43,0.5,SID85,3627,5,0,6462
g3_30m,S1-only,44,0.5,SID85,3627,5,0,6462
g3_30m,S1+AEF(t),42,0.5,SID85,3627,8,0,6459
g3_30m,S1+AEF(t),43,0.5,SID85,3627,6,0,6461
g3_30m,S1+AEF(t),44,0.5,SID85,3627,9,0,6458
g3_30m,OPERA,,0.5,SID85,3616,1,11,6466
g2,S1-only,42,0.3,SID85,369490,7110,111,646289
g2,S1-only,43,0.3,SID85,369492,7508,109,645891
g2,S1-only,44,0.3,SID85,369483,6917,118,646482
g2,S1+AEF(t),42,0.3,SID85,369571,8129,30,645270
g2,S1+AEF(t),43,0.3,SID85,369584,8316,17,645083
g2,S1+AEF(t),44,0.3,SID85,369584,8716,17,644683
g2,OPERA,,0.3,SID85,363143,617,6458,652782
g2,S1-only,42,0.5,SID85,369427,5673,174,647726
g2,S1-only,43,0.5,SID85,369395,5805,206,647594
g2,S1-only,44,0.5,SID85,369386,5614,215,647785
g2,S1+AEF(t),42,0.5,SID85,369481,6619,120,646780
g2,S1+AEF(t),43,0.5,SID85,369451,6149,150,647250
g2,S1+AEF(t),44,0.5,SID85,369483,6617,118,646782
g2,OPERA,,0.5,SID85,363143,617,6458,652782
g1_bilinear,S1-only,42,0.3,SID85,3698,73,0,6459
g1_bilinear,S1-only,43,0.3,SID85,3698,76,0,6456
g1_bilinear,S1-only,44,0.3,SID85,3698,71,0,6461
g1_bilinear,S1+AEF(t),42,0.3,SID85,3698,88,0,6444
g1_bilinear,S1+AEF(t),43,0.3,SID85,3698,87,0,6445
g1_bilinear,S1+AEF(t),44,0.3,SID85,3698,91,0,6441
g1_bilinear,OPERA,,0.3,SID85,3654,6,44,6526
g1_bilinear,S1-only,42,0.5,SID85,3698,53,0,6479
g1_bilinear,S1-only,43,0.5,SID85,3698,54,0,6478
g1_bilinear,S1-only,44,0.5,SID85,3698,53,0,6479
g1_bilinear,S1+AEF(t),42,0.5,SID85,3698,62,0,6470
g1_bilinear,S1+AEF(t),43,0.5,SID85,3698,59,0,6473
g1_bilinear,S1+AEF(t),44,0.5,SID85,3698,62,0,6470
g1_bilinear,OPERA,,0.5,SID85,3654,6,44,6526
g3_3m,S1-only,42,0.3,SID85,362700,1541,0,645159
g3_3m,S1-only,43,0.3,SID85,362700,1674,0,645026
g3_3m,S1-only,44,0.3,SID85,362700,1511,0,645189
g3_3m,S1+AEF(t),42,0.3,SID85,362700,1897,0,644803
g3_3m,S1+AEF(t),43,0.3,SID85,362700,1783,0,644917
g3_3m,S1+AEF(t),44,0.3,SID85,362700,2218,0,644482
g3_3m,OPERA,,0.3,SID85,360310,120,2390,646580
g3_3m,S1-only,42,0.5,SID85,362690,961,10,645739
g3_3m,S1-only,43,0.5,SID85,362700,1036,0,645664
g3_3m,S1-only,44,0.5,SID85,362690,945,10,645755
g3_3m,S1+AEF(t),42,0.5,SID85,362700,1339,0,645361
g3_3m,S1+AEF(t),43,0.5,SID85,362700,1216,0,645484
g3_3m,S1+AEF(t),44,0.5,SID85,362700,1555,0,645145
g3_3m,OPERA,,0.5,SID85,360310,120,2390,646580
g4,S1-only,42,0.3,SID85,3687,64,1,6376
g4,S1-only,43,0.3,SID85,3687,67,1,6373
g4,S1-only,44,0.3,SID85,3687,61,1,6379
g4,S1+AEF(t),42,0.3,SID85,3688,79,0,6361
g4,S1+AEF(t),43,0.3,SID85,3688,76,0,6364
g4,S1+AEF(t),44,0.3,SID85,3688,84,0,6356
g4,OPERA,,0.3,SID85,3625,3,63,6437
g4,S1-only,42,0.5,SID85,3687,50,1,6390
g4,S1-only,43,0.5,SID85,3687,52,1,6388
g4,S1-only,44,0.5,SID85,3687,51,1,6389
g4,S1+AEF(t),42,0.5,SID85,3688,58,0,6382
g4,S1+AEF(t),43,0.5,SID85,3688,58,0,6382
g4,S1+AEF(t),44,0.5,SID85,3688,62,0,6378
g4,OPERA,,0.5,SID85,3625,3,63,6437
paper,S1-only,42,0.3,SID87,7702,15555,13120,960686
paper,S1-only,43,0.3,SID87,7868,20162,12954,956079
paper,S1-only,44,0.3,SID87,6940,13202,13882,963039
paper,S1+AEF(t),42,0.3,SID87,17727,25808,3095,950433
paper,S1+AEF(t),43,0.3,SID87,17781,25406,3041,950835
paper,S1+AEF(t),44,0.3,SID87,17134,21676,3688,954565
paper,OPERA,,0.3,SID87,1027,1973,19795,974268
paper,S1-only,42,0.5,SID87,6930,12429,13892,963812
paper,S1-only,43,0.5,SID87,7104,16324,13718,959917
paper,S1-only,44,0.5,SID87,6108,10730,14714,965511
paper,S1+AEF(t),42,0.5,SID87,16759,20824,4063,955417
paper,S1+AEF(t),43,0.5,SID87,16623,20086,4199,956155
paper,S1+AEF(t),44,0.5,SID87,15950,17018,4872,959223
paper,OPERA,,0.5,SID87,1027,1973,19795,974268
g1_average,S1-only,42,0.3,SID87,79,171,102,9541
g1_average,S1-only,43,0.3,SID87,79,218,102,9494
g1_average,S1-only,44,0.3,SID87,71,149,110,9563
g1_average,S1+AEF(t),42,0.3,SID87,164,304,17,9408
g1_average,S1+AEF(t),43,0.3,SID87,162,300,19,9412
g1_average,S1+AEF(t),44,0.3,SID87,160,263,21,9449
g1_average,OPERA,,0.3,SID87,10,20,171,9692
g1_average,S1-only,42,0.5,SID87,67,115,114,9597
g1_average,S1-only,43,0.5,SID87,72,162,109,9550
g1_average,S1-only,44,0.5,SID87,61,104,120,9608
g1_average,S1+AEF(t),42,0.5,SID87,153,211,28,9501
g1_average,S1+AEF(t),43,0.5,SID87,152,201,29,9511
g1_average,S1+AEF(t),44,0.5,SID87,143,170,38,9542
g1_average,OPERA,,0.5,SID87,10,20,171,9692
g3_30m,S1-only,42,0.3,SID87,7,97,0,9243
g3_30m,S1-only,43,0.3,SID87,6,134,1,9206
g3_30m,S1-only,44,0.3,SID87,7,81,0,9259
g3_30m,S1+AEF(t),42,0.3,SID87,7,90,0,9250
g3_30m,S1+AEF(t),43,0.3,SID87,7,89,0,9251
g3_30m,S1+AEF(t),44,0.3,SID87,7,67,0,9273
g3_30m,OPERA,,0.3,SID87,0,9,7,9331
g3_30m,S1-only,42,0.5,SID87,6,59,1,9281
g3_30m,S1-only,43,0.5,SID87,5,90,2,9250
g3_30m,S1-only,44,0.5,SID87,6,52,1,9288
g3_30m,S1+AEF(t),42,0.5,SID87,7,53,0,9287
g3_30m,S1+AEF(t),43,0.5,SID87,7,50,0,9290
g3_30m,S1+AEF(t),44,0.5,SID87,7,31,0,9309
g3_30m,OPERA,,0.5,SID87,0,9,7,9331
g2,S1-only,42,0.3,SID87,7675,17352,13135,951448
g2,S1-only,43,0.3,SID87,7784,21924,13026,946876
g2,S1-only,44,0.3,SID87,7002,15008,13808,953792
g2,S1+AEF(t),42,0.3,SID87,17132,29761,3678,939039
g2,S1+AEF(t),43,0.3,SID87,16929,29344,3881,939456
g2,S1+AEF(t),44,0.3,SID87,16463,25920,4347,942880
g2,OPERA,,0.3,SID87,1027,1973,19783,966827
g2,S1-only,42,0.5,SID87,6479,11720,14331,957080
g2,S1-only,43,0.5,SID87,7063,16346,13747,952454
g2,S1-only,44,0.5,SID87,5984,10525,14826,958275
g2,S1+AEF(t),42,0.5,SID87,15289,21213,5521,947587
g2,S1+AEF(t),43,0.5,SID87,15087,20246,5723,948554
g2,S1+AEF(t),44,0.5,SID87,14303,17040,6507,951760
g2,OPERA,,0.5,SID87,1027,1973,19783,966827
g1_bilinear,S1-only,42,0.3,SID87,78,174,103,9538
g1_bilinear,S1-only,43,0.3,SID87,76,222,105,9490
g1_bilinear,S1-only,44,0.3,SID87,71,151,110,9561
g1_bilinear,S1+AEF(t),42,0.3,SID87,164,316,17,9396
g1_bilinear,S1+AEF(t),43,0.3,SID87,161,310,20,9402
g1_bilinear,S1+AEF(t),44,0.3,SID87,158,269,23,9443
g1_bilinear,OPERA,,0.3,SID87,10,20,171,9692
g1_bilinear,S1-only,42,0.5,SID87,67,109,114,9603
g1_bilinear,S1-only,43,0.5,SID87,72,156,109,9556
g1_bilinear,S1-only,44,0.5,SID87,60,101,121,9611
g1_bilinear,S1+AEF(t),42,0.5,SID87,147,206,34,9506
g1_bilinear,S1+AEF(t),43,0.5,SID87,146,194,35,9518
g1_bilinear,S1+AEF(t),44,0.5,SID87,143,162,38,9550
g1_bilinear,OPERA,,0.5,SID87,10,20,171,9692
g3_3m,S1-only,42,0.3,SID87,686,8877,63,925313
g3_3m,S1-only,43,0.3,SID87,557,12220,192,921970
g3_3m,S1-only,44,0.3,SID87,683,7120,66,927070
g3_3m,S1+AEF(t),42,0.3,SID87,732,8774,17,925416
g3_3m,S1+AEF(t),43,0.3,SID87,725,8710,24,925480
g3_3m,S1+AEF(t),44,0.3,SID87,722,6594,27,927596
g3_3m,OPERA,,0.3,SID87,0,931,749,933259
g3_3m,S1-only,42,0.5,SID87,636,6768,113,927422
g3_3m,S1-only,43,0.5,SID87,497,9298,252,924892
g3_3m,S1-only,44,0.5,SID87,627,5728,122,928462
g3_3m,S1+AEF(t),42,0.5,SID87,712,6565,37,927625
g3_3m,S1+AEF(t),43,0.5,SID87,714,6389,35,927801
g3_3m,S1+AEF(t),44,0.5,SID87,708,4785,41,929405
g3_3m,OPERA,,0.5,SID87,0,931,749,933259
g4,S1-only,42,0.3,SID87,79,167,102,9545
g4,S1-only,43,0.3,SID87,82,216,99,9496
g4,S1-only,44,0.3,SID87,72,143,109,9569
g4,S1+AEF(t),42,0.3,SID87,167,295,14,9417
g4,S1+AEF(t),43,0.3,SID87,165,292,16,9420
g4,S1+AEF(t),44,0.3,SID87,161,255,20,9457
g4,OPERA,,0.3,SID87,11,19,170,9693
g4,S1-only,42,0.5,SID87,70,114,111,9598
g4,S1-only,43,0.5,SID87,73,154,108,9558
g4,S1-only,44,0.5,SID87,64,100,117,9612
g4,S1+AEF(t),42,0.5,SID87,152,213,29,9499
g4,S1+AEF(t),43,0.5,SID87,153,196,28,9516
g4,S1+AEF(t),44,0.5,SID87,148,171,33,9541
g4,OPERA,,0.5,SID87,11,19,170,9693
paper,S1-only,42,0.3,SID89,24431,341,40376,638623
paper,S1-only,43,0.3,SID89,48973,2555,15834,636409
paper,S1-only,44,0.3,SID89,37028,382,27779,638582
paper,S1+AEF(t),42,0.3,SID89,64247,4535,560,634429
paper,S1+AEF(t),43,0.3,SID89,64042,4208,765,634756
paper,S1+AEF(t),44,0.3,SID89,64147,3816,660,635148
paper,OPERA,,0.3,SID89,31145,275,33662,638689
paper,S1-only,42,0.5,SID89,14128,109,50679,638855
paper,S1-only,43,0.5,SID89,43823,1408,20984,637556
paper,S1-only,44,0.5,SID89,28192,124,36615,638840
paper,S1+AEF(t),42,0.5,SID89,63732,3081,1075,635883
paper,S1+AEF(t),43,0.5,SID89,63432,2816,1375,636148
paper,S1+AEF(t),44,0.5,SID89,63463,2529,1344,636435
paper,OPERA,,0.5,SID89,31145,275,33662,638689
g1_average,S1-only,42,0.3,SID89,250,4,394,6328
g1_average,S1-only,43,0.3,SID89,490,28,154,6304
g1_average,S1-only,44,0.3,SID89,373,4,271,6328
g1_average,S1+AEF(t),42,0.3,SID89,641,54,3,6278
g1_average,S1+AEF(t),43,0.3,SID89,641,51,3,6281
g1_average,S1+AEF(t),44,0.3,SID89,640,44,4,6288
g1_average,OPERA,,0.3,SID89,309,2,335,6330
g1_average,S1-only,42,0.5,SID89,135,0,509,6332
g1_average,S1-only,43,0.5,SID89,433,14,211,6318
g1_average,S1-only,44,0.5,SID89,276,2,368,6330
g1_average,S1+AEF(t),42,0.5,SID89,636,26,8,6306
g1_average,S1+AEF(t),43,0.5,SID89,633,22,11,6310
g1_average,S1+AEF(t),44,0.5,SID89,633,20,11,6312
g1_average,OPERA,,0.5,SID89,309,2,335,6330
g3_30m,S1-only,42,0.3,SID89,241,0,292,6207
g3_30m,S1-only,43,0.3,SID89,460,14,73,6193
g3_30m,S1-only,44,0.3,SID89,359,0,174,6207
g3_30m,S1+AEF(t),42,0.3,SID89,533,3,0,6204
g3_30m,S1+AEF(t),43,0.3,SID89,533,3,0,6204
g3_30m,S1+AEF(t),44,0.3,SID89,533,2,0,6205
g3_30m,OPERA,,0.3,SID89,304,0,229,6207
g3_30m,S1-only,42,0.5,SID89,130,0,403,6207
g3_30m,S1-only,43,0.5,SID89,412,8,121,6199
g3_30m,S1-only,44,0.5,SID89,270,0,263,6207
g3_30m,S1+AEF(t),42,0.5,SID89,533,0,0,6207
g3_30m,S1+AEF(t),43,0.5,SID89,533,0,0,6207
g3_30m,S1+AEF(t),44,0.5,SID89,533,0,0,6207
g3_30m,OPERA,,0.5,SID89,304,0,229,6207
g2,S1-only,42,0.3,SID89,24893,464,39712,632358
g2,S1-only,43,0.3,SID89,48821,2990,15784,629832
g2,S1-only,44,0.3,SID89,37051,495,27554,632327
g2,S1+AEF(t),42,0.3,SID89,63555,6156,1050,626666
g2,S1+AEF(t),43,0.3,SID89,63491,5920,1114,626902
g2,S1+AEF(t),44,0.3,SID89,63386,5272,1219,627550
g2,OPERA,,0.3,SID89,30945,275,33660,632547
g2,S1-only,42,0.5,SID89,13285,114,51320,632708
g2,S1-only,43,0.5,SID89,42833,1615,21772,631207
g2,S1-only,44,0.5,SID89,27344,258,37261,632564
g2,S1+AEF(t),42,0.5,SID89,62687,3787,1918,629035
g2,S1+AEF(t),43,0.5,SID89,62401,3380,2204,629442
g2,S1+AEF(t),44,0.5,SID89,62353,3225,2252,629597
g2,OPERA,,0.5,SID89,30945,275,33660,632547
g1_bilinear,S1-only,42,0.3,SID89,247,4,397,6328
g1_bilinear,S1-only,43,0.3,SID89,494,28,150,6304
g1_bilinear,S1-only,44,0.3,SID89,374,4,270,6328
g1_bilinear,S1+AEF(t),42,0.3,SID89,642,60,2,6272
g1_bilinear,S1+AEF(t),43,0.3,SID89,641,57,3,6275
g1_bilinear,S1+AEF(t),44,0.3,SID89,641,53,3,6279
g1_bilinear,OPERA,,0.3,SID89,309,2,335,6330
g1_bilinear,S1-only,42,0.5,SID89,133,0,511,6332
g1_bilinear,S1-only,43,0.5,SID89,430,12,214,6320
g1_bilinear,S1-only,44,0.5,SID89,272,2,372,6330
g1_bilinear,S1+AEF(t),42,0.5,SID89,636,27,8,6305
g1_bilinear,S1+AEF(t),43,0.5,SID89,633,23,11,6309
g1_bilinear,S1+AEF(t),44,0.5,SID89,633,20,11,6312
g1_bilinear,OPERA,,0.5,SID89,309,2,335,6330
g3_3m,S1-only,42,0.3,SID89,23423,123,30080,620248
g3_3m,S1-only,43,0.3,SID89,45404,1438,8099,618933
g3_3m,S1-only,44,0.3,SID89,35188,60,18315,620311
g3_3m,S1+AEF(t),42,0.3,SID89,53503,493,0,619878
g3_3m,S1+AEF(t),43,0.3,SID89,53501,430,2,619941
g3_3m,S1+AEF(t),44,0.3,SID89,53498,390,5,619981
g3_3m,OPERA,,0.3,SID89,30211,108,23292,620263
g3_3m,S1-only,42,0.5,SID89,13488,15,40015,620356
g3_3m,S1-only,43,0.5,SID89,41316,826,12187,619545
g3_3m,S1-only,44,0.5,SID89,27153,7,26350,620364
g3_3m,S1+AEF(t),42,0.5,SID89,53493,276,10,620095
g3_3m,S1+AEF(t),43,0.5,SID89,53481,232,22,620139
g3_3m,S1+AEF(t),44,0.5,SID89,53475,214,28,620157
g3_3m,OPERA,,0.5,SID89,30211,108,23292,620263
g4,S1-only,42,0.3,SID89,250,1,389,6179
g4,S1-only,43,0.3,SID89,487,21,152,6159
g4,S1-only,44,0.3,SID89,365,3,274,6177
g4,S1+AEF(t),42,0.3,SID89,639,52,0,6128
g4,S1+AEF(t),43,0.3,SID89,639,50,0,6130
g4,S1+AEF(t),44,0.3,SID89,638,43,1,6137
g4,OPERA,,0.3,SID89,306,2,333,6178
g4,S1-only,42,0.5,SID89,142,0,497,6180
g4,S1-only,43,0.5,SID89,431,12,208,6168
g4,S1-only,44,0.5,SID89,281,0,358,6180
g4,S1+AEF(t),42,0.5,SID89,630,27,9,6153
g4,S1+AEF(t),43,0.5,SID89,626,27,13,6153
g4,S1+AEF(t),44,0.5,SID89,626,21,13,6159
g4,OPERA,,0.5,SID89,306,2,333,6178
paper,S1-only,42,0.3,SID90,16369,907,21710,617790
paper,S1-only,43,0.3,SID90,16154,1881,21925,616816
paper,S1-only,44,0.3,SID90,17325,1449,20754,617248
paper,S1+AEF(t),42,0.3,SID90,31276,2484,6803,616213
paper,S1+AEF(t),43,0.3,SID90,30584,2341,7495,616356
paper,S1+AEF(t),44,0.3,SID90,30724,2197,7355,616500
paper,OPERA,,0.3,SID90,5238,2162,32841,616535
paper,S1-only,42,0.5,SID90,12852,477,25227,618220
paper,S1-only,43,0.5,SID90,12959,1345,25120,617352
paper,S1-only,44,0.5,SID90,14826,906,23253,617791
paper,S1+AEF(t),42,0.5,SID90,29825,1487,8254,617210
paper,S1+AEF(t),43,0.5,SID90,29097,1394,8982,617303
paper,S1+AEF(t),44,0.5,SID90,29187,1292,8892,617405
paper,OPERA,,0.5,SID90,5238,2162,32841,616535
g1_average,S1-only,42,0.3,SID90,163,14,211,6130
g1_average,S1-only,43,0.3,SID90,159,24,215,6120
g1_average,S1-only,44,0.3,SID90,176,21,198,6123
g1_average,S1+AEF(t),42,0.3,SID90,323,39,51,6105
g1_average,S1+AEF(t),43,0.3,SID90,320,36,54,6108
g1_average,S1+AEF(t),44,0.3,SID90,320,35,54,6109
g1_average,OPERA,,0.3,SID90,64,10,310,6134
g1_average,S1-only,42,0.5,SID90,124,4,250,6140
g1_average,S1-only,43,0.5,SID90,120,11,254,6133
g1_average,S1-only,44,0.5,SID90,139,9,235,6135
g1_average,S1+AEF(t),42,0.5,SID90,304,19,70,6125
g1_average,S1+AEF(t),43,0.5,SID90,294,15,80,6129
g1_average,S1+AEF(t),44,0.5,SID90,289,16,85,6128
g1_average,OPERA,,0.5,SID90,64,10,310,6134
g3_30m,S1-only,42,0.3,SID90,129,2,78,5953
g3_30m,S1-only,43,0.3,SID90,126,9,81,5946
g3_30m,S1-only,44,0.3,SID90,135,4,72,5951
g3_30m,S1+AEF(t),42,0.3,SID90,202,0,5,5955
g3_30m,S1+AEF(t),43,0.3,SID90,202,0,5,5955
g3_30m,S1+AEF(t),44,0.3,SID90,202,0,5,5955
g3_30m,OPERA,,0.3,SID90,39,1,168,5954
g3_30m,S1-only,42,0.5,SID90,102,1,105,5954
g3_30m,S1-only,43,0.5,SID90,96,7,111,5948
g3_30m,S1-only,44,0.5,SID90,114,2,93,5953
g3_30m,S1+AEF(t),42,0.5,SID90,200,0,7,5955
g3_30m,S1+AEF(t),43,0.5,SID90,198,0,9,5955
g3_30m,S1+AEF(t),44,0.5,SID90,199,0,8,5955
g3_30m,OPERA,,0.5,SID90,39,1,168,5954
g2,S1-only,42,0.3,SID90,16149,1521,21787,611303
g2,S1-only,43,0.3,SID90,15856,2384,22080,610440
g2,S1-only,44,0.3,SID90,17552,2138,20384,610686
g2,S1+AEF(t),42,0.3,SID90,31344,4786,6592,608038
g2,S1+AEF(t),43,0.3,SID90,31106,4424,6830,608400
g2,S1+AEF(t),44,0.3,SID90,31069,4361,6867,608463
g2,OPERA,,0.3,SID90,5238,2162,32698,610662
g2,S1-only,42,0.5,SID90,12166,604,25770,612220
g2,S1-only,43,0.5,SID90,11777,1293,26159,611531
g2,S1-only,44,0.5,SID90,13712,1038,24224,611786
g2,S1+AEF(t),42,0.5,SID90,29318,2872,8618,609952
g2,S1+AEF(t),43,0.5,SID90,28236,2554,9700,610270
g2,S1+AEF(t),44,0.5,SID90,28044,2346,9892,610478
g2,OPERA,,0.5,SID90,5238,2162,32698,610662
g1_bilinear,S1-only,42,0.3,SID90,162,17,212,6127
g1_bilinear,S1-only,43,0.3,SID90,164,24,210,6120
g1_bilinear,S1-only,44,0.3,SID90,176,21,198,6123
g1_bilinear,S1+AEF(t),42,0.3,SID90,327,42,47,6102
g1_bilinear,S1+AEF(t),43,0.3,SID90,323,42,51,6102
g1_bilinear,S1+AEF(t),44,0.3,SID90,323,38,51,6106
g1_bilinear,OPERA,,0.3,SID90,64,10,310,6134
g1_bilinear,S1-only,42,0.5,SID90,114,4,260,6140
g1_bilinear,S1-only,43,0.5,SID90,118,11,256,6133
g1_bilinear,S1-only,44,0.5,SID90,135,8,239,6136
g1_bilinear,S1+AEF(t),42,0.5,SID90,304,19,70,6125
g1_bilinear,S1+AEF(t),43,0.5,SID90,290,15,84,6129
g1_bilinear,S1+AEF(t),44,0.5,SID90,290,14,84,6130
g1_bilinear,OPERA,,0.5,SID90,64,10,310,6134
g3_3m,S1-only,42,0.3,SID90,12350,274,8330,593736
g3_3m,S1-only,43,0.3,SID90,11878,932,8802,593078
g3_3m,S1-only,44,0.3,SID90,12661,452,8019,593558
g3_3m,S1+AEF(t),42,0.3,SID90,19802,140,878,593870
g3_3m,S1+AEF(t),43,0.3,SID90,19628,151,1052,593859
g3_3m,S1+AEF(t),44,0.3,SID90,19692,122,988,593888
g3_3m,OPERA,,0.3,SID90,3150,990,17530,593020
g3_3m,S1-only,42,0.5,SID90,9927,116,10753,593894
g3_3m,S1-only,43,0.5,SID90,9707,728,10973,593282
g3_3m,S1-only,44,0.5,SID90,11167,284,9513,593726
g3_3m,S1+AEF(t),42,0.5,SID90,19486,52,1194,593958
g3_3m,S1+AEF(t),43,0.5,SID90,19225,64,1455,593946
g3_3m,S1+AEF(t),44,0.5,SID90,19308,45,1372,593965
g3_3m,OPERA,,0.5,SID90,3150,990,17530,593020
g4,S1-only,42,0.3,SID90,168,12,202,5998
g4,S1-only,43,0.3,SID90,161,23,209,5987
g4,S1-only,44,0.3,SID90,177,17,193,5993
g4,S1+AEF(t),42,0.3,SID90,322,37,48,5973
g4,S1+AEF(t),43,0.3,SID90,314,33,56,5977
g4,S1+AEF(t),44,0.3,SID90,315,31,55,5979
g4,OPERA,,0.3,SID90,51,23,319,5987
g4,S1-only,42,0.5,SID90,121,6,249,6004
g4,S1-only,43,0.5,SID90,124,14,246,5996
g4,S1-only,44,0.5,SID90,145,12,225,5998
g4,S1+AEF(t),42,0.5,SID90,291,15,79,5995
g4,S1+AEF(t),43,0.5,SID90,287,13,83,5997
g4,S1+AEF(t),44,0.5,SID90,286,13,84,5997
g4,OPERA,,0.5,SID90,51,23,319,5987
paper,S1-only,42,0.3,SID91,36442,21983,893,989258
paper,S1-only,43,0.3,SID91,36541,25868,794,985373
paper,S1-only,44,0.3,SID91,36492,20926,843,990315
paper,S1+AEF(t),42,0.3,SID91,37322,32864,13,978377
paper,S1+AEF(t),43,0.3,SID91,37305,30803,30,980438
paper,S1+AEF(t),44,0.3,SID91,37322,32123,13,979118
paper,OPERA,,0.3,SID91,22653,4987,14682,1006254
paper,S1-only,42,0.5,SID91,36207,17768,1128,993473
paper,S1-only,43,0.5,SID91,36348,20971,987,990270
paper,S1-only,44,0.5,SID91,36282,17115,1053,994126
paper,S1+AEF(t),42,0.5,SID91,37310,29358,25,981883
paper,S1+AEF(t),43,0.5,SID91,37267,27341,68,983900
paper,S1+AEF(t),44,0.5,SID91,37310,28590,25,982651
paper,OPERA,,0.5,SID91,22653,4987,14682,1006254
g1_average,S1-only,42,0.3,SID91,365,244,8,9787
g1_average,S1-only,43,0.3,SID91,366,281,7,9750
g1_average,S1-only,44,0.3,SID91,365,230,8,9801
g1_average,S1+AEF(t),42,0.3,SID91,373,358,0,9673
g1_average,S1+AEF(t),43,0.3,SID91,373,342,0,9689
g1_average,S1+AEF(t),44,0.3,SID91,373,348,0,9683
g1_average,OPERA,,0.3,SID91,222,53,151,9978
g1_average,S1-only,42,0.5,SID91,359,175,14,9856
g1_average,S1-only,43,0.5,SID91,363,205,10,9826
g1_average,S1-only,44,0.5,SID91,363,168,10,9863
g1_average,S1+AEF(t),42,0.5,SID91,373,288,0,9743
g1_average,S1+AEF(t),43,0.5,SID91,372,268,1,9763
g1_average,S1+AEF(t),44,0.5,SID91,373,278,0,9753
g1_average,OPERA,,0.5,SID91,222,53,151,9978
g3_30m,S1-only,42,0.3,SID91,179,104,2,9740
g3_30m,S1-only,43,0.3,SID91,179,135,2,9709
g3_30m,S1-only,44,0.3,SID91,179,90,2,9754
g3_30m,S1+AEF(t),42,0.3,SID91,181,178,0,9666
g3_30m,S1+AEF(t),43,0.3,SID91,181,164,0,9680
g3_30m,S1+AEF(t),44,0.3,SID91,181,169,0,9675
g3_30m,OPERA,,0.3,SID91,128,24,53,9820
g3_30m,S1-only,42,0.5,SID91,178,66,3,9778
g3_30m,S1-only,43,0.5,SID91,179,92,2,9752
g3_30m,S1-only,44,0.5,SID91,179,62,2,9782
g3_30m,S1+AEF(t),42,0.5,SID91,181,118,0,9726
g3_30m,S1+AEF(t),43,0.5,SID91,181,105,0,9739
g3_30m,S1+AEF(t),44,0.5,SID91,181,110,0,9734
g3_30m,OPERA,,0.5,SID91,128,24,53,9820
g2,S1-only,42,0.3,SID91,36264,24636,952,978548
g2,S1-only,43,0.3,SID91,36372,28328,844,974856
g2,S1-only,44,0.3,SID91,36208,23292,1008,979892
g2,S1+AEF(t),42,0.3,SID91,37169,35931,47,967253
g2,S1+AEF(t),43,0.3,SID91,37140,34360,76,968824
g2,S1+AEF(t),44,0.3,SID91,37166,34934,50,968250
g2,OPERA,,0.3,SID91,22573,4987,14643,998197
g2,S1-only,42,0.5,SID91,35350,18050,1866,985134
g2,S1-only,43,0.5,SID91,35743,21057,1473,982127
g2,S1-only,44,0.5,SID91,35568,17532,1648,985652
g2,S1+AEF(t),42,0.5,SID91,37110,28990,106,974194
g2,S1+AEF(t),43,0.5,SID91,36919,27081,297,976103
g2,S1+AEF(t),44,0.5,SID91,37101,27999,115,975185
g2,OPERA,,0.5,SID91,22573,4987,14643,998197
g1_bilinear,S1-only,42,0.3,SID91,365,253,8,9778
g1_bilinear,S1-only,43,0.3,SID91,366,289,7,9742
g1_bilinear,S1-only,44,0.3,SID91,366,243,7,9788
g1_bilinear,S1+AEF(t),42,0.3,SID91,373,373,0,9658
g1_bilinear,S1+AEF(t),43,0.3,SID91,373,357,0,9674
g1_bilinear,S1+AEF(t),44,0.3,SID91,373,367,0,9664
g1_bilinear,OPERA,,0.3,SID91,222,53,151,9978
g1_bilinear,S1-only,42,0.5,SID91,360,174,13,9857
g1_bilinear,S1-only,43,0.5,SID91,363,205,10,9826
g1_bilinear,S1-only,44,0.5,SID91,363,170,10,9861
g1_bilinear,S1+AEF(t),42,0.5,SID91,373,288,0,9743
g1_bilinear,S1+AEF(t),43,0.5,SID91,372,267,1,9764
g1_bilinear,S1+AEF(t),44,0.5,SID91,373,277,0,9754
g1_bilinear,OPERA,,0.5,SID91,222,53,151,9978
g3_3m,S1-only,42,0.3,SID91,17841,10467,259,973933
g3_3m,S1-only,43,0.3,SID91,17883,13750,217,970650
g3_3m,S1-only,44,0.3,SID91,17878,9221,222,975179
g3_3m,S1+AEF(t),42,0.3,SID91,18100,16219,0,968181
g3_3m,S1+AEF(t),43,0.3,SID91,18100,14754,0,969646
g3_3m,S1+AEF(t),44,0.3,SID91,18100,15630,0,968770
g3_3m,OPERA,,0.3,SID91,13187,2480,4913,981920
g3_3m,S1-only,42,0.5,SID91,17782,8009,318,976391
g3_3m,S1-only,43,0.5,SID91,17827,10640,273,973760
g3_3m,S1-only,44,0.5,SID91,17822,7243,278,977157
g3_3m,S1+AEF(t),42,0.5,SID91,18100,13663,0,970737
g3_3m,S1+AEF(t),43,0.5,SID91,18100,12357,0,972043
g3_3m,S1+AEF(t),44,0.5,SID91,18100,13106,0,971294
g3_3m,OPERA,,0.5,SID91,13187,2480,4913,981920
g4,S1-only,42,0.3,SID91,374,228,7,9693
g4,S1-only,43,0.3,SID91,375,271,6,9650
g4,S1-only,44,0.3,SID91,375,221,6,9700
g4,S1+AEF(t),42,0.3,SID91,381,343,0,9578
g4,S1+AEF(t),43,0.3,SID91,381,324,0,9597
g4,S1+AEF(t),44,0.3,SID91,381,340,0,9581
g4,OPERA,,0.3,SID91,237,38,144,9883
g4,S1-only,42,0.5,SID91,370,158,11,9763
g4,S1-only,43,0.5,SID91,372,185,9,9736
g4,S1-only,44,0.5,SID91,371,156,10,9765
g4,S1+AEF(t),42,0.5,SID91,381,279,0,9642
g4,S1+AEF(t),43,0.5,SID91,379,264,2,9657
g4,S1+AEF(t),44,0.5,SID91,381,273,0,9648
g4,OPERA,,0.5,SID91,237,38,144,9883
paper,S1-only,42,0.3,SID92,326787,110193,76442,401814
paper,S1-only,43,0.3,SID92,335980,134093,67249,377914
paper,S1-only,44,0.3,SID92,324411,117791,78818,394216
paper,S1+AEF(t),42,0.3,SID92,280130,10721,123099,501286
paper,S1+AEF(t),43,0.3,SID92,277897,8797,125332,503210
paper,S1+AEF(t),44,0.3,SID92,280583,9861,122646,502146
paper,OPERA,,0.3,SID92,240040,12300,163189,499707
paper,S1-only,42,0.5,SID92,313192,86554,90037,425453
paper,S1-only,43,0.5,SID92,323336,103531,79893,408476
paper,S1-only,44,0.5,SID92,307987,85181,95242,426826
paper,S1+AEF(t),42,0.5,SID92,275141,7889,128088,504118
paper,S1+AEF(t),43,0.5,SID92,272970,6118,130259,505889
paper,S1+AEF(t),44,0.5,SID92,275525,7209,127704,504798
paper,OPERA,,0.5,SID92,240040,12300,163189,499707
g1_average,S1-only,42,0.3,SID92,3286,1123,735,3933
g1_average,S1-only,43,0.3,SID92,3375,1383,646,3673
g1_average,S1-only,44,0.3,SID92,3252,1202,769,3854
g1_average,S1+AEF(t),42,0.3,SID92,2818,120,1203,4936
g1_average,S1+AEF(t),43,0.3,SID92,2794,94,1227,4962
g1_average,S1+AEF(t),44,0.3,SID92,2826,105,1195,4951
g1_average,OPERA,,0.3,SID92,2420,106,1601,4950
g1_average,S1-only,42,0.5,SID92,3116,841,905,4215
g1_average,S1-only,43,0.5,SID92,3222,1001,799,4055
g1_average,S1-only,44,0.5,SID92,3072,825,949,4231
g1_average,S1+AEF(t),42,0.5,SID92,2744,61,1277,4995
g1_average,S1+AEF(t),43,0.5,SID92,2725,48,1296,5008
g1_average,S1+AEF(t),44,0.5,SID92,2748,58,1273,4998
g1_average,OPERA,,0.5,SID92,2420,106,1601,4950
g3_30m,S1-only,42,0.3,SID92,2873,777,429,3595
g3_30m,S1-only,43,0.3,SID92,2940,1018,362,3354
g3_30m,S1-only,44,0.3,SID92,2848,870,454,3502
g3_30m,S1+AEF(t),42,0.3,SID92,2578,13,724,4359
g3_30m,S1+AEF(t),43,0.3,SID92,2562,7,740,4365
g3_30m,S1+AEF(t),44,0.3,SID92,2587,8,715,4364
g3_30m,OPERA,,0.3,SID92,2296,58,1006,4314
g3_30m,S1-only,42,0.5,SID92,2756,551,546,3821
g3_30m,S1-only,43,0.5,SID92,2844,697,458,3675
g3_30m,S1-only,44,0.5,SID92,2732,552,570,3820
g3_30m,S1+AEF(t),42,0.5,SID92,2529,1,773,4371
g3_30m,S1+AEF(t),43,0.5,SID92,2515,0,787,4372
g3_30m,S1+AEF(t),44,0.5,SID92,2532,1,770,4371
g3_30m,OPERA,,0.5,SID92,2296,58,1006,4314
g2,S1-only,42,0.3,SID92,328258,113562,73312,392688
g2,S1-only,43,0.3,SID92,337009,139815,64561,366435
g2,S1-only,44,0.3,SID92,324775,121629,76795,384621
g2,S1+AEF(t),42,0.3,SID92,280412,14372,121158,491878
g2,S1+AEF(t),43,0.3,SID92,277971,11889,123599,494361
g2,S1+AEF(t),44,0.3,SID92,280997,12995,120573,493255
g2,OPERA,,0.3,SID92,239520,12300,162050,493950
g2,S1-only,42,0.5,SID92,311157,85579,90413,420671
g2,S1-only,43,0.5,SID92,321734,101574,79836,404676
g2,S1-only,44,0.5,SID92,307041,83839,94529,422411
g2,S1+AEF(t),42,0.5,SID92,272751,8861,128819,497389
g2,S1+AEF(t),43,0.5,SID92,270764,7696,130806,498554
g2,S1+AEF(t),44,0.5,SID92,272950,8670,128620,497580
g2,OPERA,,0.5,SID92,239520,12300,162050,493950
g1_bilinear,S1-only,42,0.3,SID92,3310,1137,711,3919
g1_bilinear,S1-only,43,0.3,SID92,3401,1407,620,3649
g1_bilinear,S1-only,44,0.3,SID92,3279,1213,742,3843
g1_bilinear,S1+AEF(t),42,0.3,SID92,2830,126,1191,4930
g1_bilinear,S1+AEF(t),43,0.3,SID92,2811,103,1210,4953
g1_bilinear,S1+AEF(t),44,0.3,SID92,2835,120,1186,4936
g1_bilinear,OPERA,,0.3,SID92,2420,106,1601,4950
g1_bilinear,S1-only,42,0.5,SID92,3122,832,899,4224
g1_bilinear,S1-only,43,0.5,SID92,3225,992,796,4064
g1_bilinear,S1-only,44,0.5,SID92,3072,817,949,4239
g1_bilinear,S1+AEF(t),42,0.5,SID92,2746,61,1275,4995
g1_bilinear,S1+AEF(t),43,0.5,SID92,2724,48,1297,5008
g1_bilinear,S1+AEF(t),44,0.5,SID92,2748,57,1273,4999
g1_bilinear,OPERA,,0.5,SID92,2420,106,1601,4950
g3_3m,S1-only,42,0.3,SID92,285844,76081,45080,360667
g3_3m,S1-only,43,0.3,SID92,292642,97408,38282,339340
g3_3m,S1-only,44,0.3,SID92,284397,84508,46527,352240
g3_3m,S1+AEF(t),42,0.3,SID92,257045,1558,73879,435190
g3_3m,S1+AEF(t),43,0.3,SID92,255340,1050,75584,435698
g3_3m,S1+AEF(t),44,0.3,SID92,257622,1337,73302,435411
g3_3m,OPERA,,0.3,SID92,227016,6824,103908,429924
g3_3m,S1-only,42,0.5,SID92,276656,56899,54268,379849
g3_3m,S1-only,43,0.5,SID92,284686,71939,46238,364809
g3_3m,S1-only,44,0.5,SID92,272962,57473,57962,379275
g3_3m,S1+AEF(t),42,0.5,SID92,253503,930,77421,435818
g3_3m,S1+AEF(t),43,0.5,SID92,251925,595,78999,436153
g3_3m,S1+AEF(t),44,0.5,SID92,254005,842,76919,435906
g3_3m,OPERA,,0.5,SID92,227016,6824,103908,429924
g4,S1-only,42,0.3,SID92,3238,1099,705,3857
g4,S1-only,43,0.3,SID92,3327,1347,616,3609
g4,S1-only,44,0.3,SID92,3211,1174,732,3782
g4,S1+AEF(t),42,0.3,SID92,2769,122,1174,4834
g4,S1+AEF(t),43,0.3,SID92,2746,108,1197,4848
g4,S1+AEF(t),44,0.3,SID92,2781,118,1162,4838
g4,OPERA,,0.3,SID92,2364,110,1579,4846
g4,S1-only,42,0.5,SID92,3080,838,863,4118
g4,S1-only,43,0.5,SID92,3188,999,755,3957
g4,S1-only,44,0.5,SID92,3029,822,914,4134
g4,S1+AEF(t),42,0.5,SID92,2697,77,1246,4879
g4,S1+AEF(t),43,0.5,SID92,2684,61,1259,4895
g4,S1+AEF(t),44,0.5,SID92,2704,72,1239,4884
g4,OPERA,,0.5,SID92,2364,110,1579,4846
paper,S1-only,42,0.3,SID93,138,280967,31176,736295
paper,S1-only,43,0.3,SID93,1110,416996,30204,600266
paper,S1-only,44,0.3,SID93,227,500410,31087,516852
paper,S1+AEF(t),42,0.3,SID93,0,0,31314,1017262
paper,S1+AEF(t),43,0.3,SID93,0,0,31314,1017262
paper,S1+AEF(t),44,0.3,SID93,0,0,31314,1017262
paper,OPERA,,0.3,SID93,0,0,31314,1017262
paper,S1-only,42,0.5,SID93,69,207713,31245,809549
paper,S1-only,43,0.5,SID93,539,310006,30775,707256
paper,S1-only,44,0.5,SID93,131,397446,31183,619816
paper,S1+AEF(t),42,0.5,SID93,0,0,31314,1017262
paper,S1+AEF(t),43,0.5,SID93,0,0,31314,1017262
paper,S1+AEF(t),44,0.5,SID93,0,0,31314,1017262
paper,OPERA,,0.5,SID93,0,0,31314,1017262
g1_average,S1-only,42,0.3,SID93,2,2822,319,7261
g1_average,S1-only,43,0.3,SID93,10,4189,311,5894
g1_average,S1-only,44,0.3,SID93,2,4998,319,5085
g1_average,S1+AEF(t),42,0.3,SID93,0,0,321,10083
g1_average,S1+AEF(t),43,0.3,SID93,0,0,321,10083
g1_average,S1+AEF(t),44,0.3,SID93,0,0,321,10083
g1_average,OPERA,,0.3,SID93,0,0,321,10083
g1_average,S1-only,42,0.5,SID93,2,2103,319,7980
g1_average,S1-only,43,0.5,SID93,3,3094,318,6989
g1_average,S1-only,44,0.5,SID93,1,3957,320,6126
g1_average,S1+AEF(t),42,0.5,SID93,0,0,321,10083
g1_average,S1+AEF(t),43,0.5,SID93,0,0,321,10083
g1_average,S1+AEF(t),44,0.5,SID93,0,0,321,10083
g1_average,OPERA,,0.5,SID93,0,0,321,10083
g3_30m,S1-only,42,0.3,SID93,0,2819,174,7143
g3_30m,S1-only,43,0.3,SID93,4,4176,170,5786
g3_30m,S1-only,44,0.3,SID93,0,4994,174,4968
g3_30m,S1+AEF(t),42,0.3,SID93,0,0,174,9962
g3_30m,S1+AEF(t),43,0.3,SID93,0,0,174,9962
g3_30m,S1+AEF(t),44,0.3,SID93,0,0,174,9962
g3_30m,OPERA,,0.3,SID93,0,0,174,9962
g3_30m,S1-only,42,0.5,SID93,0,2101,174,7861
g3_30m,S1-only,43,0.5,SID93,0,3086,174,6876
g3_30m,S1-only,44,0.5,SID93,0,3954,174,6008
g3_30m,S1+AEF(t),42,0.5,SID93,0,0,174,9962
g3_30m,S1+AEF(t),43,0.5,SID93,0,0,174,9962
g3_30m,S1+AEF(t),44,0.5,SID93,0,0,174,9962
g3_30m,OPERA,,0.5,SID93,0,0,174,9962
g2,S1-only,42,0.3,SID93,240,282160,30936,727064
g2,S1-only,43,0.3,SID93,1184,418716,29992,590508
g2,S1-only,44,0.3,SID93,260,499740,30916,509484
g2,S1+AEF(t),42,0.3,SID93,0,0,31176,1009224
g2,S1+AEF(t),43,0.3,SID93,0,0,31176,1009224
g2,S1+AEF(t),44,0.3,SID93,0,0,31176,1009224
g2,OPERA,,0.3,SID93,0,0,31176,1009224
g2,S1-only,42,0.5,SID93,196,210304,30980,798920
g2,S1-only,43,0.5,SID93,479,309221,30697,700003
g2,S1-only,44,0.5,SID93,180,395620,30996,613604
g2,S1+AEF(t),42,0.5,SID93,0,0,31176,1009224
g2,S1+AEF(t),43,0.5,SID93,0,0,31176,1009224
g2,S1+AEF(t),44,0.5,SID93,0,0,31176,1009224
g2,OPERA,,0.5,SID93,0,0,31176,1009224
g1_bilinear,S1-only,42,0.3,SID93,2,2846,319,7237
g1_bilinear,S1-only,43,0.3,SID93,9,4205,312,5878
g1_bilinear,S1-only,44,0.3,SID93,2,5014,319,5069
g1_bilinear,S1+AEF(t),42,0.3,SID93,0,0,321,10083
g1_bilinear,S1+AEF(t),43,0.3,SID93,0,0,321,10083
g1_bilinear,S1+AEF(t),44,0.3,SID93,0,0,321,10083
g1_bilinear,OPERA,,0.3,SID93,0,0,321,10083
g1_bilinear,S1-only,42,0.5,SID93,2,2114,319,7969
g1_bilinear,S1-only,43,0.5,SID93,3,3082,318,7001
g1_bilinear,S1-only,44,0.5,SID93,1,3941,320,6142
g1_bilinear,S1+AEF(t),42,0.5,SID93,0,0,321,10083
g1_bilinear,S1+AEF(t),43,0.5,SID93,0,0,321,10083
g1_bilinear,S1+AEF(t),44,0.5,SID93,0,0,321,10083
g1_bilinear,OPERA,,0.5,SID93,0,0,321,10083
g3_3m,S1-only,42,0.3,SID93,0,279401,17400,716799
g3_3m,S1-only,43,0.3,SID93,455,414161,16945,582039
g3_3m,S1-only,44,0.3,SID93,47,497789,17353,498411
g3_3m,S1+AEF(t),42,0.3,SID93,0,0,17400,996200
g3_3m,S1+AEF(t),43,0.3,SID93,0,0,17400,996200
g3_3m,S1+AEF(t),44,0.3,SID93,0,0,17400,996200
g3_3m,OPERA,,0.3,SID93,0,0,17400,996200
g3_3m,S1-only,42,0.5,SID93,0,206646,17400,789554
g3_3m,S1-only,43,0.5,SID93,160,307780,17240,688420
g3_3m,S1-only,44,0.5,SID93,7,395265,17393,600935
g3_3m,S1+AEF(t),42,0.5,SID93,0,0,17400,996200
g3_3m,S1+AEF(t),43,0.5,SID93,0,0,17400,996200
g3_3m,S1+AEF(t),44,0.5,SID93,0,0,17400,996200
g3_3m,OPERA,,0.5,SID93,0,0,17400,996200
g4,S1-only,42,0.3,SID93,1,2770,311,7220
g4,S1-only,43,0.3,SID93,12,4104,300,5886
g4,S1-only,44,0.3,SID93,3,4935,309,5055
g4,S1+AEF(t),42,0.3,SID93,0,0,312,9990
g4,S1+AEF(t),43,0.3,SID93,0,0,312,9990
g4,S1+AEF(t),44,0.3,SID93,0,0,312,9990
g4,OPERA,,0.3,SID93,0,0,312,9990
g4,S1-only,42,0.5,SID93,0,2028,312,7962
g4,S1-only,43,0.5,SID93,5,3027,307,6963
g4,S1-only,44,0.5,SID93,2,3883,310,6107
g4,S1+AEF(t),42,0.5,SID93,0,0,312,9990
g4,S1+AEF(t),43,0.5,SID93,0,0,312,9990
g4,S1+AEF(t),44,0.5,SID93,0,0,312,9990
g4,OPERA,,0.5,SID93,0,0,312,9990
paper,S1-only,42,0.3,SID97,104766,41646,103068,799096
paper,S1-only,43,0.3,SID97,117042,50075,90792,790667
paper,S1-only,44,0.3,SID97,97124,38226,110710,802516
paper,S1+AEF(t),42,0.3,SID97,200737,89826,7097,750916
paper,S1+AEF(t),43,0.3,SID97,199095,81711,8739,759031
paper,S1+AEF(t),44,0.3,SID97,200403,85074,7431,755668
paper,OPERA,,0.3,SID97,155669,157297,52165,683445
paper,S1-only,42,0.5,SID97,86890,32035,120944,808707
paper,S1-only,43,0.5,SID97,100072,41167,107762,799575
paper,S1-only,44,0.5,SID97,77947,29776,129887,810966
paper,S1+AEF(t),42,0.5,SID97,196802,77423,11032,763319
paper,S1+AEF(t),43,0.5,SID97,193002,66652,14832,774090
paper,S1+AEF(t),44,0.5,SID97,195850,72364,11984,768378
paper,OPERA,,0.5,SID97,155669,157297,52165,683445
g1_average,S1-only,42,0.3,SID97,1073,432,1020,7879
g1_average,S1-only,43,0.3,SID97,1189,522,904,7789
g1_average,S1-only,44,0.3,SID97,1003,396,1090,7915
g1_average,S1+AEF(t),42,0.3,SID97,2025,913,68,7398
g1_average,S1+AEF(t),43,0.3,SID97,2007,830,86,7481
g1_average,S1+AEF(t),44,0.3,SID97,2019,872,74,7439
g1_average,OPERA,,0.3,SID97,1577,1543,516,6768
g1_average,S1-only,42,0.5,SID97,865,316,1228,7995
g1_average,S1-only,43,0.5,SID97,1010,409,1083,7902
g1_average,S1-only,44,0.5,SID97,760,294,1333,8017
g1_average,S1+AEF(t),42,0.5,SID97,1973,760,120,7551
g1_average,S1+AEF(t),43,0.5,SID97,1934,652,159,7659
g1_average,S1+AEF(t),44,0.5,SID97,1963,703,130,7608
g1_average,OPERA,,0.5,SID97,1577,1543,516,6768
g3_30m,S1-only,42,0.3,SID97,889,300,652,7506
g3_30m,S1-only,43,0.3,SID97,983,364,558,7442
g3_30m,S1-only,44,0.3,SID97,840,285,701,7521
g3_30m,S1+AEF(t),42,0.3,SID97,1526,518,15,7288
g3_30m,S1+AEF(t),43,0.3,SID97,1521,464,20,7342
g3_30m,S1+AEF(t),44,0.3,SID97,1525,480,16,7326
g3_30m,OPERA,,0.3,SID97,1215,1267,326,6539
g3_30m,S1-only,42,0.5,SID97,727,226,814,7580
g3_30m,S1-only,43,0.5,SID97,848,307,693,7499
g3_30m,S1-only,44,0.5,SID97,659,222,882,7584
g3_30m,S1+AEF(t),42,0.5,SID97,1509,423,32,7383
g3_30m,S1+AEF(t),43,0.5,SID97,1501,364,40,7442
g3_30m,S1+AEF(t),44,0.5,SID97,1508,385,33,7421
g3_30m,OPERA,,0.5,SID97,1215,1267,326,6539
g2,S1-only,42,0.3,SID97,107198,43302,100568,789332
g2,S1-only,43,0.3,SID97,118857,52243,88909,780391
g2,S1-only,44,0.3,SID97,99973,39927,107793,792707
g2,S1+AEF(t),42,0.3,SID97,200721,93079,7045,739555
g2,S1+AEF(t),43,0.3,SID97,198892,84808,8874,747826
g2,S1+AEF(t),44,0.3,SID97,200317,88783,7449,743851
g2,OPERA,,0.3,SID97,155657,156395,52109,676239
g2,S1-only,42,0.5,SID97,86170,31930,121596,800704
g2,S1-only,43,0.5,SID97,100631,41269,107135,791365
g2,S1-only,44,0.5,SID97,76010,29390,131756,803244
g2,S1+AEF(t),42,0.5,SID97,195505,77795,12261,754839
g2,S1+AEF(t),43,0.5,SID97,191464,67136,16302,765498
g2,S1+AEF(t),44,0.5,SID97,194335,72265,13431,760369
g2,OPERA,,0.5,SID97,155657,156395,52109,676239
g1_bilinear,S1-only,42,0.3,SID97,1083,443,1010,7868
g1_bilinear,S1-only,43,0.3,SID97,1210,531,883,7780
g1_bilinear,S1-only,44,0.3,SID97,1014,407,1079,7904
g1_bilinear,S1+AEF(t),42,0.3,SID97,2027,942,66,7369
g1_bilinear,S1+AEF(t),43,0.3,SID97,2010,859,83,7452
g1_bilinear,S1+AEF(t),44,0.3,SID97,2022,899,71,7412
g1_bilinear,OPERA,,0.3,SID97,1577,1543,516,6768
g1_bilinear,S1-only,42,0.5,SID97,864,315,1229,7996
g1_bilinear,S1-only,43,0.5,SID97,999,411,1094,7900
g1_bilinear,S1-only,44,0.5,SID97,756,289,1337,8022
g1_bilinear,S1+AEF(t),42,0.5,SID97,1975,763,118,7548
g1_bilinear,S1+AEF(t),43,0.5,SID97,1932,659,161,7652
g1_bilinear,S1+AEF(t),44,0.5,SID97,1960,710,133,7601
g1_bilinear,OPERA,,0.5,SID97,1577,1543,516,6768
g3_3m,S1-only,42,0.3,SID97,86126,29874,67974,750726
g3_3m,S1-only,43,0.3,SID97,96267,36093,57833,744507
g3_3m,S1-only,44,0.3,SID97,81099,27914,73001,752686
g3_3m,S1+AEF(t),42,0.3,SID97,152099,51619,2001,728981
g3_3m,S1+AEF(t),43,0.3,SID97,151646,46245,2454,734355
g3_3m,S1+AEF(t),44,0.3,SID97,152035,47842,2065,732758
g3_3m,OPERA,,0.3,SID97,120862,127334,33238,653266
g3_3m,S1-only,42,0.5,SID97,72205,23320,81895,757280
g3_3m,S1-only,43,0.5,SID97,82912,30757,71188,749843
g3_3m,S1-only,44,0.5,SID97,66174,22418,87926,758182
g3_3m,S1+AEF(t),42,0.5,SID97,150584,43706,3516,736894
g3_3m,S1+AEF(t),43,0.5,SID97,150085,37998,4015,742602
g3_3m,S1+AEF(t),44,0.5,SID97,150634,40621,3466,739979
g3_3m,OPERA,,0.5,SID97,120862,127334,33238,653266
g4,S1-only,42,0.3,SID97,1085,424,1010,7885
g4,S1-only,43,0.3,SID97,1197,507,898,7802
g4,S1-only,44,0.3,SID97,998,390,1097,7919
g4,S1+AEF(t),42,0.3,SID97,2029,906,66,7403
g4,S1+AEF(t),43,0.3,SID97,2013,816,82,7493
g4,S1+AEF(t),44,0.3,SID97,2023,861,72,7448
g4,OPERA,,0.3,SID97,1579,1541,516,6768
g4,S1-only,42,0.5,SID97,864,313,1231,7996
g4,S1-only,43,0.5,SID97,1001,396,1094,7913
g4,S1-only,44,0.5,SID97,762,290,1333,8019
g4,S1+AEF(t),42,0.5,SID97,1983,746,112,7563
g4,S1+AEF(t),43,0.5,SID97,1939,639,156,7670
g4,S1+AEF(t),44,0.5,SID97,1970,697,125,7612
g4,OPERA,,0.5,SID97,1579,1541,516,6768
paper,S1-only,42,0.3,SID98,16423,8708,54203,969242
paper,S1-only,43,0.3,SID98,19836,10270,50790,967680
paper,S1-only,44,0.3,SID98,17628,9900,52998,968050
paper,S1+AEF(t),42,0.3,SID98,46614,30297,24012,947653
paper,S1+AEF(t),43,0.3,SID98,44283,25211,26343,952739
paper,S1+AEF(t),44,0.3,SID98,44328,25270,26298,952680
paper,OPERA,,0.3,SID98,24388,23742,46238,954208
paper,S1-only,42,0.5,SID98,14249,6651,56377,971299
paper,S1-only,43,0.5,SID98,15623,7716,55003,970234
paper,S1-only,44,0.5,SID98,15305,7424,55321,970526
paper,S1+AEF(t),42,0.5,SID98,44657,24715,25969,953235
paper,S1+AEF(t),43,0.5,SID98,42360,19796,28266,958154
paper,S1+AEF(t),44,0.5,SID98,42614,20128,28012,957822
paper,OPERA,,0.5,SID98,24388,23742,46238,954208
g1_average,S1-only,42,0.3,SID98,171,88,532,9613
g1_average,S1-only,43,0.3,SID98,201,104,502,9597
g1_average,S1-only,44,0.3,SID98,181,97,522,9604
g1_average,S1+AEF(t),42,0.3,SID98,476,329,227,9372
g1_average,S1+AEF(t),43,0.3,SID98,453,275,250,9426
g1_average,S1+AEF(t),44,0.3,SID98,452,284,251,9417
g1_average,OPERA,,0.3,SID98,252,224,451,9477
g1_average,S1-only,42,0.5,SID98,145,62,558,9639
g1_average,S1-only,43,0.5,SID98,159,73,544,9628
g1_average,S1-only,44,0.5,SID98,155,68,548,9633
g1_average,S1+AEF(t),42,0.5,SID98,443,244,260,9457
g1_average,S1+AEF(t),43,0.5,SID98,425,185,278,9516
g1_average,S1+AEF(t),44,0.5,SID98,430,185,273,9516
g1_average,OPERA,,0.5,SID98,252,224,451,9477
g3_30m,S1-only,42,0.3,SID98,68,27,105,9001
g3_30m,S1-only,43,0.3,SID98,80,35,93,8993
g3_30m,S1-only,44,0.3,SID98,74,34,99,8994
g3_30m,S1+AEF(t),42,0.3,SID98,166,116,7,8912
g3_30m,S1+AEF(t),43,0.3,SID98,164,81,9,8947
g3_30m,S1+AEF(t),44,0.3,SID98,164,87,9,8941
g3_30m,OPERA,,0.3,SID98,122,137,51,8891
g3_30m,S1-only,42,0.5,SID98,58,19,115,9009
g3_30m,S1-only,43,0.5,SID98,65,22,108,9006
g3_30m,S1-only,44,0.5,SID98,65,22,108,9006
g3_30m,S1+AEF(t),42,0.5,SID98,164,79,9,8949
g3_30m,S1+AEF(t),43,0.5,SID98,164,44,9,8984
g3_30m,S1+AEF(t),44,0.5,SID98,164,44,9,8984
g3_30m,OPERA,,0.5,SID98,122,137,51,8891
g2,S1-only,42,0.3,SID98,16102,9798,54468,960032
g2,S1-only,43,0.3,SID98,19056,11444,51514,958386
g2,S1-only,44,0.3,SID98,17137,10663,53433,959167
g2,S1+AEF(t),42,0.3,SID98,45490,35010,25080,934820
g2,S1+AEF(t),43,0.3,SID98,43299,29501,27271,940329
g2,S1+AEF(t),44,0.3,SID98,43341,30259,27229,939571
g2,OPERA,,0.3,SID98,24366,23724,46204,946106
g2,S1-only,42,0.5,SID98,13600,7100,56970,962730
g2,S1-only,43,0.5,SID98,15029,8171,55541,961659
g2,S1-only,44,0.5,SID98,14519,7781,56051,962049
g2,S1+AEF(t),42,0.5,SID98,42013,26687,28557,943143
g2,S1+AEF(t),43,0.5,SID98,40093,20907,30477,948923
g2,S1+AEF(t),44,0.5,SID98,40494,21006,30076,948824
g2,OPERA,,0.5,SID98,24366,23724,46204,946106
g1_bilinear,S1-only,42,0.3,SID98,170,92,533,9609
g1_bilinear,S1-only,43,0.3,SID98,197,108,506,9593
g1_bilinear,S1-only,44,0.3,SID98,181,104,522,9597
g1_bilinear,S1+AEF(t),42,0.3,SID98,476,347,227,9354
g1_bilinear,S1+AEF(t),43,0.3,SID98,450,292,253,9409
g1_bilinear,S1+AEF(t),44,0.3,SID98,453,298,250,9403
g1_bilinear,OPERA,,0.3,SID98,252,224,451,9477
g1_bilinear,S1-only,42,0.5,SID98,142,61,561,9640
g1_bilinear,S1-only,43,0.5,SID98,154,74,549,9627
g1_bilinear,S1-only,44,0.5,SID98,153,67,550,9634
g1_bilinear,S1+AEF(t),42,0.5,SID98,440,243,263,9458
g1_bilinear,S1+AEF(t),43,0.5,SID98,422,185,281,9516
g1_bilinear,S1+AEF(t),44,0.5,SID98,427,185,276,9516
g1_bilinear,OPERA,,0.5,SID98,252,224,451,9477
g3_3m,S1-only,42,0.3,SID98,6477,2906,10823,899894
g3_3m,S1-only,43,0.3,SID98,8279,3550,9021,899250
g3_3m,S1-only,44,0.3,SID98,7236,3646,10064,899154
g3_3m,S1+AEF(t),42,0.3,SID98,16507,11622,793,891178
g3_3m,S1+AEF(t),43,0.3,SID98,16344,8343,956,894457
g3_3m,S1+AEF(t),44,0.3,SID98,16371,8474,929,894326
g3_3m,OPERA,,0.3,SID98,11390,14900,5910,887900
g3_3m,S1-only,42,0.5,SID98,5690,2051,11610,900749
g3_3m,S1-only,43,0.5,SID98,6309,2444,10991,900356
g3_3m,S1-only,44,0.5,SID98,6485,2513,10815,900287
g3_3m,S1+AEF(t),42,0.5,SID98,16352,8961,948,893839
g3_3m,S1+AEF(t),43,0.5,SID98,16141,5658,1159,897142
g3_3m,S1+AEF(t),44,0.5,SID98,16219,5944,1081,896856
g3_3m,OPERA,,0.5,SID98,11390,14900,5910,887900
g4,S1-only,42,0.3,SID98,167,90,511,9433
g4,S1-only,43,0.3,SID98,200,110,478,9413
g4,S1-only,44,0.3,SID98,174,97,504,9426
g4,S1+AEF(t),42,0.3,SID98,460,345,218,9178
g4,S1+AEF(t),43,0.3,SID98,441,283,237,9240
g4,S1+AEF(t),44,0.3,SID98,442,284,236,9239
g4,OPERA,,0.3,SID98,249,227,429,9296
g4,S1-only,42,0.5,SID98,138,60,540,9463
g4,S1-only,43,0.5,SID98,148,69,530,9454
g4,S1-only,44,0.5,SID98,150,72,528,9451
g4,S1+AEF(t),42,0.5,SID98,436,240,242,9283
g4,S1+AEF(t),43,0.5,SID98,412,197,266,9326
g4,S1+AEF(t),44,0.5,SID98,419,201,259,9322
g4,OPERA,,0.5,SID98,249,227,429,9296
paper,S1-only,42,0.3,SID99,0,95599,5661,947316
paper,S1-only,43,0.3,SID99,0,118023,5661,924892
paper,S1-only,44,0.3,SID99,0,108363,5661,934552
paper,S1+AEF(t),42,0.3,SID99,222,38386,5439,1004529
paper,S1+AEF(t),43,0.3,SID99,291,35157,5370,1007758
paper,S1+AEF(t),44,0.3,SID99,396,38174,5265,1004741
paper,OPERA,,0.3,SID99,46,1704,5615,1041211
paper,S1-only,42,0.5,SID99,0,71883,5661,971032
paper,S1-only,43,0.5,SID99,0,93672,5661,949243
paper,S1-only,44,0.5,SID99,0,87219,5661,955696
paper,S1+AEF(t),42,0.5,SID99,77,30395,5584,1012520
paper,S1+AEF(t),43,0.5,SID99,134,26504,5527,1016411
paper,S1+AEF(t),44,0.5,SID99,208,29175,5453,1013740
paper,OPERA,,0.5,SID99,46,1704,5615,1041211
g1_average,S1-only,42,0.3,SID99,0,995,48,9361
g1_average,S1-only,43,0.3,SID99,0,1202,48,9154
g1_average,S1-only,44,0.3,SID99,0,1102,48,9254
g1_average,S1+AEF(t),42,0.3,SID99,2,391,46,9965
g1_average,S1+AEF(t),43,0.3,SID99,3,358,45,9998
g1_average,S1+AEF(t),44,0.3,SID99,3,388,45,9968
g1_average,OPERA,,0.3,SID99,1,16,47,10340
g1_average,S1-only,42,0.5,SID99,0,692,48,9664
g1_average,S1-only,43,0.5,SID99,0,922,48,9434
g1_average,S1-only,44,0.5,SID99,0,858,48,9498
g1_average,S1+AEF(t),42,0.5,SID99,0,292,48,10064
g1_average,S1+AEF(t),43,0.5,SID99,0,245,48,10111
g1_average,S1+AEF(t),44,0.5,SID99,1,280,47,10076
g1_average,OPERA,,0.5,SID99,1,16,47,10340
g3_30m,S1-only,42,0.3,SID99,0,995,0,9233
g3_30m,S1-only,43,0.3,SID99,0,1202,0,9026
g3_30m,S1-only,44,0.3,SID99,0,1102,0,9126
g3_30m,S1+AEF(t),42,0.3,SID99,0,391,0,9837
g3_30m,S1+AEF(t),43,0.3,SID99,0,357,0,9871
g3_30m,S1+AEF(t),44,0.3,SID99,0,387,0,9841
g3_30m,OPERA,,0.3,SID99,0,16,0,10212
g3_30m,S1-only,42,0.5,SID99,0,692,0,9536
g3_30m,S1-only,43,0.5,SID99,0,922,0,9306
g3_30m,S1-only,44,0.5,SID99,0,858,0,9370
g3_30m,S1+AEF(t),42,0.5,SID99,0,292,0,9936
g3_30m,S1+AEF(t),43,0.5,SID99,0,245,0,9983
g3_30m,S1+AEF(t),44,0.5,SID99,0,280,0,9948
g3_30m,OPERA,,0.5,SID99,0,16,0,10212
g2,S1-only,42,0.3,SID99,0,99500,5661,935239
g2,S1-only,43,0.3,SID99,0,120200,5661,914539
g2,S1-only,44,0.3,SID99,0,110200,5661,924539
g2,S1+AEF(t),42,0.3,SID99,188,39112,5473,995627
g2,S1+AEF(t),43,0.3,SID99,310,35790,5351,998949
g2,S1+AEF(t),44,0.3,SID99,310,38790,5351,995949
g2,OPERA,,0.3,SID99,46,1704,5615,1033035
g2,S1-only,42,0.5,SID99,0,69200,5661,965539
g2,S1-only,43,0.5,SID99,0,92200,5661,942539
g2,S1-only,44,0.5,SID99,0,85800,5661,948939
g2,S1+AEF(t),42,0.5,SID99,0,29200,5661,1005539
g2,S1+AEF(t),43,0.5,SID99,0,24500,5661,1010239
g2,S1+AEF(t),44,0.5,SID99,99,28001,5562,1006738
g2,OPERA,,0.5,SID99,46,1704,5615,1033035
g1_bilinear,S1-only,42,0.3,SID99,0,1007,48,9349
g1_bilinear,S1-only,43,0.3,SID99,0,1226,48,9130
g1_bilinear,S1-only,44,0.3,SID99,0,1116,48,9240
g1_bilinear,S1+AEF(t),42,0.3,SID99,1,406,47,9950
g1_bilinear,S1+AEF(t),43,0.3,SID99,2,365,46,9991
g1_bilinear,S1+AEF(t),44,0.3,SID99,3,396,45,9960
g1_bilinear,OPERA,,0.3,SID99,1,16,47,10340
g1_bilinear,S1-only,42,0.5,SID99,0,681,48,9675
g1_bilinear,S1-only,43,0.5,SID99,0,913,48,9443
g1_bilinear,S1-only,44,0.5,SID99,0,854,48,9502
g1_bilinear,S1+AEF(t),42,0.5,SID99,0,280,48,10076
g1_bilinear,S1+AEF(t),43,0.5,SID99,0,233,48,10123
g1_bilinear,S1+AEF(t),44,0.5,SID99,0,267,48,10089
g1_bilinear,OPERA,,0.5,SID99,1,16,47,10340
g3_3m,S1-only,42,0.3,SID99,0,94808,0,927992
g3_3m,S1-only,43,0.3,SID99,0,117095,0,905705
g3_3m,S1-only,44,0.3,SID99,0,107520,0,915280
g3_3m,S1+AEF(t),42,0.3,SID99,0,38127,0,984673
g3_3m,S1+AEF(t),43,0.3,SID99,0,34914,0,987886
g3_3m,S1+AEF(t),44,0.3,SID99,0,37895,0,984905
g3_3m,OPERA,,0.3,SID99,0,1600,0,1021200
g3_3m,S1-only,42,0.5,SID99,0,71302,0,951498
g3_3m,S1-only,43,0.5,SID99,0,92929,0,929871
g3_3m,S1-only,44,0.5,SID99,0,86590,0,936210
g3_3m,S1+AEF(t),42,0.5,SID99,0,30186,0,992614
g3_3m,S1+AEF(t),43,0.5,SID99,0,26323,0,996477
g3_3m,S1+AEF(t),44,0.5,SID99,0,28966,0,993834
g3_3m,OPERA,,0.5,SID99,0,1600,0,1021200
g4,S1-only,42,0.3,SID99,0,960,42,9300
g4,S1-only,43,0.3,SID99,0,1188,42,9072
g4,S1-only,44,0.3,SID99,0,1075,42,9185
g4,S1+AEF(t),42,0.3,SID99,1,393,41,9867
g4,S1+AEF(t),43,0.3,SID99,2,367,40,9893
g4,S1+AEF(t),44,0.3,SID99,5,401,37,9859
g4,OPERA,,0.3,SID99,0,17,42,10243
g4,S1-only,42,0.5,SID99,0,679,42,9581
g4,S1-only,43,0.5,SID99,0,894,42,9366
g4,S1-only,44,0.5,SID99,0,830,42,9430
g4,S1+AEF(t),42,0.5,SID99,1,298,41,9962
g4,S1+AEF(t),43,0.5,SID99,1,246,41,10014
g4,S1+AEF(t),44,0.5,SID99,1,276,41,9984
g4,OPERA,,0.5,SID99,0,17,42,10243
paper,S1-only,42,0.3,SID100,6242,2561,34801,836132
paper,S1-only,43,0.3,SID100,9318,64984,31725,773709
paper,S1-only,44,0.3,SID100,9401,6793,31642,831900
paper,S1+AEF(t),42,0.3,SID100,35136,1662,5907,837031
paper,S1+AEF(t),43,0.3,SID100,35821,2348,5222,836345
paper,S1+AEF(t),44,0.3,SID100,35000,1617,6043,837076
paper,OPERA,,0.3,SID100,33688,17512,7355,821181
paper,S1-only,42,0.5,SID100,5108,1048,35935,837645
paper,S1-only,43,0.5,SID100,7002,39937,34041,798756
paper,S1-only,44,0.5,SID100,7686,2606,33357,836087
paper,S1+AEF(t),42,0.5,SID100,33700,799,7343,837894
paper,S1+AEF(t),43,0.5,SID100,34243,1311,6800,837382
paper,S1+AEF(t),44,0.5,SID100,33284,759,7759,837934
paper,OPERA,,0.5,SID100,33688,17512,7355,821181
g1_average,S1-only,42,0.3,SID100,65,24,351,8300
g1_average,S1-only,43,0.3,SID100,94,650,322,7674
g1_average,S1-only,44,0.3,SID100,97,64,319,8260
g1_average,S1+AEF(t),42,0.3,SID100,362,12,54,8312
g1_average,S1+AEF(t),43,0.3,SID100,365,19,51,8305
g1_average,S1+AEF(t),44,0.3,SID100,360,13,56,8311
g1_average,OPERA,,0.3,SID100,335,177,81,8147
g1_average,S1-only,42,0.5,SID100,53,7,363,8317
g1_average,S1-only,43,0.5,SID100,73,391,343,7933
g1_average,S1-only,44,0.5,SID100,78,20,338,8304
g1_average,S1+AEF(t),42,0.5,SID100,340,7,76,8317
g1_average,S1+AEF(t),43,0.5,SID100,350,9,66,8315
g1_average,S1+AEF(t),44,0.5,SID100,338,3,78,8321
g1_average,OPERA,,0.5,SID100,335,177,81,8147
g3_30m,S1-only,42,0.3,SID100,41,13,267,8211
g3_30m,S1-only,43,0.3,SID100,66,637,242,7587
g3_30m,S1-only,44,0.3,SID100,67,51,241,8173
g3_30m,S1+AEF(t),42,0.3,SID100,302,6,6,8218
g3_30m,S1+AEF(t),43,0.3,SID100,302,7,6,8217
g3_30m,S1+AEF(t),44,0.3,SID100,301,5,7,8219
g3_30m,OPERA,,0.3,SID100,284,153,24,8071
g3_30m,S1-only,42,0.5,SID100,33,2,275,8222
g3_30m,S1-only,43,0.5,SID100,50,384,258,7840
g3_30m,S1-only,44,0.5,SID100,53,12,255,8212
g3_30m,S1+AEF(t),42,0.5,SID100,298,4,10,8220
g3_30m,S1+AEF(t),43,0.5,SID100,299,4,9,8220
g3_30m,S1+AEF(t),44,0.5,SID100,294,0,14,8224
g3_30m,OPERA,,0.5,SID100,284,153,24,8071
g2,S1-only,42,0.3,SID100,6220,2452,34823,829685
g2,S1-only,43,0.3,SID100,9019,65185,32024,766952
g2,S1-only,44,0.3,SID100,9294,6490,31749,825647
g2,S1+AEF(t),42,0.3,SID100,35114,2086,5929,830051
g2,S1+AEF(t),43,0.3,SID100,35462,2734,5581,829403
g2,S1+AEF(t),44,0.3,SID100,34971,2145,6072,829992
g2,OPERA,,0.3,SID100,33688,17272,7355,814865
g2,S1-only,42,0.5,SID100,4891,929,36152,831208
g2,S1-only,43,0.5,SID100,6925,39175,34118,792962
g2,S1-only,44,0.5,SID100,7424,2168,33619,829969
g2,S1+AEF(t),42,0.5,SID100,33252,1248,7791,830889
g2,S1+AEF(t),43,0.5,SID100,34083,1617,6960,830520
g2,S1+AEF(t),44,0.5,SID100,32997,903,8046,831234
g2,OPERA,,0.5,SID100,33688,17272,7355,814865
g1_bilinear,S1-only,42,0.3,SID100,66,25,350,8299
g1_bilinear,S1-only,43,0.3,SID100,95,651,321,7673
g1_bilinear,S1-only,44,0.3,SID100,99,64,317,8260
g1_bilinear,S1+AEF(t),42,0.3,SID100,363,13,53,8311
g1_bilinear,S1+AEF(t),43,0.3,SID100,367,23,49,8301
g1_bilinear,S1+AEF(t),44,0.3,SID100,363,14,53,8310
g1_bilinear,OPERA,,0.3,SID100,335,177,81,8147
g1_bilinear,S1-only,42,0.5,SID100,51,7,365,8317
g1_bilinear,S1-only,43,0.5,SID100,73,386,343,7938
g1_bilinear,S1-only,44,0.5,SID100,78,19,338,8305
g1_bilinear,S1+AEF(t),42,0.5,SID100,340,5,76,8319
g1_bilinear,S1+AEF(t),43,0.5,SID100,350,9,66,8315
g1_bilinear,S1+AEF(t),44,0.5,SID100,337,3,79,8321
g1_bilinear,OPERA,,0.5,SID100,335,177,81,8147
g3_3m,S1-only,42,0.3,SID100,3962,1669,26734,820111
g3_3m,S1-only,43,0.3,SID100,6692,63591,24004,758189
g3_3m,S1-only,44,0.3,SID100,6624,5670,24072,816110
g3_3m,S1+AEF(t),42,0.3,SID100,29710,833,986,820947
g3_3m,S1+AEF(t),43,0.3,SID100,29849,1033,847,820747
g3_3m,S1+AEF(t),44,0.3,SID100,29559,619,1137,821161
g3_3m,OPERA,,0.3,SID100,28412,14568,2284,807212
g3_3m,S1-only,42,0.5,SID100,3155,386,27541,821394
g3_3m,S1-only,43,0.5,SID100,4824,38911,25872,782869
g3_3m,S1-only,44,0.5,SID100,5351,1730,25345,820050
g3_3m,S1+AEF(t),42,0.5,SID100,29206,375,1490,821405
g3_3m,S1+AEF(t),43,0.5,SID100,29321,503,1375,821277
g3_3m,S1+AEF(t),44,0.5,SID100,28727,228,1969,821552
g3_3m,OPERA,,0.5,SID100,28412,14568,2284,807212
g4,S1-only,42,0.3,SID100,62,24,351,8201
g4,S1-only,43,0.3,SID100,93,658,320,7567
g4,S1-only,44,0.3,SID100,95,69,318,8156
g4,S1+AEF(t),42,0.3,SID100,359,15,54,8210
g4,S1+AEF(t),43,0.3,SID100,363,24,50,8201
g4,S1+AEF(t),44,0.3,SID100,358,16,55,8209
g4,OPERA,,0.3,SID100,339,167,74,8058
g4,S1-only,42,0.5,SID100,50,9,363,8216
g4,S1-only,43,0.5,SID100,69,391,344,7834
g4,S1-only,44,0.5,SID100,77,22,336,8203
g4,S1+AEF(t),42,0.5,SID100,341,4,72,8221
g4,S1+AEF(t),43,0.5,SID100,346,13,67,8212
g4,S1+AEF(t),44,0.5,SID100,334,3,79,8222
g4,OPERA,,0.5,SID100,339,167,74,8058
