tile_name,s1_date,sword_node_id,aef_year,split,centroid_lon,centroid_lat,crs,width,height,transform_a,transform_b,transform_c,transform_d,transform_e,transform_f
S1_20151004_24280100821.tif,2015-10-04,24280100821,2017,valid,24.10241086,57.01008751,EPSG:32635,1094,1098,10.00668,0,318582.104798,0,-10.00668,6327735.3985
S1_20151012_23282000584.tif,2015-10-12,23282000584,2017,train,13.41116870,52.51442278,EPSG:32633,1073,1077,10,0,386819.124058,0,-10,5824827.62152
S1_20151012_23282000631.tif,2015-10-12,23282000631,2017,train,13.06461904,52.39335994,EPSG:32633,1078,1081,10,0,362919.124058,0,-10,5811957.62152
S1_20151112_21302900221.tif,2015-11-12,21302900221,2017,train,24.76116687,42.15685892,EPSG:32635,1076,1080,10.00547,0,309653.53168,0,-10.00547,4675021.33382
S1_20151112_22720800064.tif,2015-11-12,22720800064,2017,train,26.92448481,46.57440592,EPSG:32635,1051,1054,10,0,488958.486238,0,-10,5163143.91962
S1_20151112_22720900331.tif,2015-11-12,22720900331,2017,train,26.25775476,47.66303674,EPSG:32635,1059,1063,10,0,438977.395704,0,-10,5284431.09333
S1_20151115_21306000341.tif,2015-11-15,21306000341,2017,train,21.34467081,42.00361723,EPSG:32634,1054,1056,10.0026,0,523271.848126,0,-10.0026,4655516.66557
S1_20151115_21307400094.tif,2015-11-15,21307400094,2017,valid,22.39964209,39.64449625,EPSG:32634,1065,1068,10.00715,0,614763.724747,0,-10.00715,4394580.78442
S1_20151115_23160800114.tif,2015-11-15,23160800114,2017,valid,-3.69363030,40.38589959,EPSG:32630,1057,1060,10,0,435841.336049,0,-10,4476120.63795
S1_20151115_23160800294.tif,2015-11-15,23160800294,2017,train,-3.73150523,40.42917990,EPSG:32630,1058,1060,10,0,432661.336049,0,-10,4480950.63795
S1_20151124_22799200754.tif,2015-11-24,22799200754,2017,train,11.61609545,48.16828555,EPSG:32633,1096,1099,10,0,242933.997861,0,-10,5346038.47145
S1_20151127_23261000461.tif,2015-11-27,23261000461,2017,train,7.00449965,50.82468472,EPSG:32632,1078,1082,10,0,354065.236238,0,-10,5637637.11209
S1_20151129_23180400956.tif,2015-11-29,23180400956,2017,train,-5.58136383,42.59917936,EPSG:32630,1081,1084,10,0,282823.720644,0,-10,4724956.04016
S1_20151130_42410100024.tif,2015-11-30,42410100024,2017,train,127.57402836,39.83784797,EPSG:32652,1066,1068,10,0,372659.779075,0,-10,4416072.93444
S1_20151130_52409400386.tif,2015-11-30,52409400386,2017,train,120.34210756,16.02194741,EPSG:32651,1062,1062,10,0,210261.909541,0,-10,1778494.87558
S1_20151203_22514000201.tif,2015-12-03,22514000201,2017,valid,34.60963944,49.61925374,EPSG:32636,1072,1076,10,0,610904.181101,0,-10,5502923.1916
S1_20151203_23240600051.tif,2015-12-03,23240600051,2017,train,2.39353279,48.67535524,EPSG:32631,1057,1062,10,0,450068.98402,0,-10,5396855.03408
S1_20151206_23266000424.tif,2015-12-06,23266000424,2017,train,9.26421233,48.75307640,EPSG:32632,1053,1057,10,0,514155.497494,0,-10,5405325.71395
S1_20151217_21602901114.tif,2015-12-17,21602901114,2017,train,6.03001025,47.22869929,EPSG:32631,1090,1093,10,0,723915.275525,0,-10,5240498.16408
S1_20151217_21602901144.tif,2015-12-17,21602901144,2017,train,6.03122510,47.24072628,EPSG:32631,1090,1093,10,0,723955.275525,0,-10,5241838.16408
S1_20151217_23268000534.tif,2015-12-17,23268000534,2017,valid,8.54298173,47.37206541,EPSG:32632,1055,1059,10,0,460221.887937,0,-10,5251907.98601
S1_20151224_22740900081.tif,2015-12-24,22740900081,2017,train,15.91370170,45.77648014,EPSG:32633,1062,1064,10,0,565724.303895,0,-10,5074939.30096
S1_20151224_22780400291.tif,2015-12-24,22780400291,2017,valid,15.43473539,47.05874321,EPSG:32633,1055,1059,10,0,527739.744002,0,-10,5217078.75432
S1_20151224_22780500311.tif,2015-12-24,22780500311,2017,valid,15.63754628,46.55609377,EPSG:32633,1058,1061,10,0,543579.744002,0,-10,5161338.75432
S1_20151227_21602601334.tif,2015-12-27,21602601334,2017,train,6.13129995,46.20263337,EPSG:32632,1087,1090,10,0,273250.953388,0,-10,5126012.51505
S1_20151230_42410700074.tif,2015-12-30,42410700074,2017,train,127.10718833,35.86764804,EPSG:32652,1070,1071,10,0,323760.961889,0,-10,3976278.07743
S1_20160102_23250601111.tif,2016-01-02,23250601111,2017,train,4.23273624,50.72266077,EPSG:32631,1067,1071,10,0,581678.937293,0,-10,5625064.10457
S1_20160105_22736000434.tif,2016-01-05,22736000434,2017,train,24.37642965,45.12093092,EPSG:32635,1083,1086,10,0,288243.163542,0,-10,5005163.1602
S1_20160108_43306600204.tif,2016-01-08,43306600204,2017,train,118.37812651,35.09710756,EPSG:32650,1063,1065,10,0,620296.713992,0,-10,3890005.68404
S1_20160108_43306600563.tif,2016-01-08,43306600563,2017,train,118.33911776,35.08654466,EPSG:32650,1063,1065,10,0,616756.713992,0,-10,3888785.68404
S1_20160108_43430100101.tif,2016-01-08,43430100101,2017,train,119.41908415,32.36965802,EPSG:32650,1072,1074,10,0,722243.015941,0,-10,3589354.02816
S1_20160114_43180000501.tif,2016-01-14,43180000501,2017,train,115.99539506,36.43345472,EPSG:32650,1060,1062,10,0,404654.043748,0,-10,4037805.51559
S1_20160117_24222700171.tif,2016-01-17,24222700171,2017,train,16.98771227,51.13953167,EPSG:32633,1078,1082,10,0,633662.309673,0,-10,5672630.03605
S1_20160119_23250601651.tif,2016-01-19,23250601651,2017,train,4.29748081,50.80427726,EPSG:32631,1068,1072,10,0,586084.644132,0,-10,5634222.45736
S1_20160119_23250801264.tif,2016-01-19,23250801264,2017,train,4.56091826,50.42783821,EPSG:32631,1071,1076,10,0,605512.999498,0,-10,5592745.69917
S1_20160120_17300000924.tif,2016-01-20,17300000924,2017,train,31.50807722,30.59268475,EPSG:32636,1062,1064,10,0,351652.37932,0,-10,3390730.49993
S1_20160125_23226000044.tif,2016-01-25,23226000044,2017,train,0.71174133,47.37288336,EPSG:32631,1081,1084,10,0,321846.586021,0,-10,5254561.4131
S1_20160209_45362000341.tif,2016-02-09,45362000341,2017,train,78.44310519,17.36663602,EPSG:32644,1063,1063,10,0,222980.955689,0,-10,1927240.31943
S1_20160210_52409700211.tif,2016-02-10,52409700211,2017,train,120.64127682,18.16301839,EPSG:32651,1062,1062,10,0,245162.655721,0,-10,2015133.12604
S1_20160308_23270300381.tif,2016-03-08,23270300381,2017,valid,6.56320337,53.20519034,EPSG:32632,1085,1089,10,0,331830.863927,0,-10,5903313.70798
S1_20160308_64278900471.tif,2016-03-08,64278900471,2017,valid,-46.72288552,-23.66254315,EPSG:32723,1061,1062,10,0,318986.474932,0,-10,7387383.31941
S1_20160311_23250500285.tif,2016-03-11,23250500285,2017,train,3.72168543,51.10494112,EPSG:32631,1059,1064,10,0,545230.776787,0,-10,5667062.50776
S1_20160317_22764000291.tif,2016-03-17,22764000291,2017,valid,21.94856076,47.05342228,EPSG:32634,1062,1065,10,0,566732.734923,0,-10,5216862.30465
S1_20160317_22764000314.tif,2016-03-17,22764000314,2017,valid,21.96148356,47.05083985,EPSG:32634,1063,1066,10,0,567712.734923,0,-10,5216592.30465
S1_20160401_52402200084.tif,2016-04-01,52402200084,2017,valid,124.29062789,8.00243703,EPSG:32651,1051,1051,10,0,636981.940806,0,-10,890045.319451
S1_20160404_22762900161.tif,2016-04-04,22762900161,2017,train,24.55012397,46.55317459,EPSG:32634,1097,1100,10,0,766647.756451,0,-10,5167136.71432
S1_20160413_22762900141.tif,2016-04-13,22762900141,2017,train,24.49823200,46.51698868,EPSG:32635,1083,1086,10,0,302682.569434,0,-10,5159961.93515
S1_20160413_74269800031.tif,2016-04-13,74269800031,2017,train,-79.83662889,40.37118626,EPSG:32617,1063,1066,10,0,593451.325998,0,-10,4474936.12649
S1_20160419_21500800254.tif,2016-04-19,21500800254,2017,train,11.31632803,43.76243398,EPSG:32632,1079,1082,10,0,681056.210421,0,-10,4853505.00915
S1_20160419_21500800274.tif,2016-04-19,21500800274,2017,valid,11.33161710,43.76905567,EPSG:32632,1079,1082,10,0,682266.210421,0,-10,4854275.00915
S1_20160419_21500800301.tif,2016-04-19,21500800301,2017,train,11.35670767,43.77205216,EPSG:32632,1079,1082,10,0,684276.210421,0,-10,4854665.00915
S1_20160503_24230000015.tif,2016-05-03,24230000015,2017,train,18.65406397,54.37302749,EPSG:32634,1085,1089,10,0,342191.6907,0,-10,6033007.47706
S1_20160504_23266000041.tif,2016-05-04,23266000041,2017,valid,8.69287253,49.41204139,EPSG:32632,1054,1057,10,0,472451.826214,0,-10,5478592.45426
S1_20160504_23270600121.tif,2016-05-04,23270600121,2017,train,8.85797436,53.06040325,EPSG:32632,1052,1056,10,0,485221.916781,0,-10,5884279.35425
S1_20160504_74242200391.tif,2016-05-04,74242200391,2017,train,-97.55676079,35.45787020,EPSG:32614,1064,1066,10,0,625644.716323,0,-10,3930108.02471
S1_20160504_75140900191.tif,2016-05-04,75140900191,2017,train,-97.40318481,32.75624430,EPSG:32614,1064,1067,10,0,644264.735607,0,-10,3630727.68969
S1_20160504_75140900204.tif,2016-05-04,75140900204,2017,train,-97.40943293,32.76502738,EPSG:32614,1064,1066,10,0,643664.735607,0,-10,3631687.68969
S1_20160516_41301302285.tif,2016-05-16,41301302285,2017,train,139.02937374,37.90715027,EPSG:32654,1071,1073,10,0,321402.910663,0,-10,4202709.0335
S1_20160606_23301400074.tif,2016-06-06,23301400074,2017,train,-2.22559815,52.17942421,EPSG:32630,1061,1065,10,0,547644.902362,0,-10,5786602.26044
S1_20160609_74267800214.tif,2016-06-09,74267800214,2017,train,-83.02001975,40.02195571,EPSG:32617,1073,1075,10,0,322255.707867,0,-10,4437523.66776
S1_20160609_74267800224.tif,2016-06-09,74267800224,2017,train,-83.02322174,40.02721501,EPSG:32617,1073,1075,10,0,321995.707867,0,-10,4438113.66776
S1_20160627_21500800161.tif,2016-06-27,21500800161,2017,valid,11.10983466,43.77798092,EPSG:32633,1099,1102,10,0,181443.237593,0,-10,4860083.0086
S1_20160629_64294700051.tif,2016-06-29,64294700051,2017,train,-46.93610725,-22.37314019,EPSG:32723,1062,1063,10,0,295343.27963,0,-10,7529903.35053
S1_20160706_63498000271.tif,2016-07-06,63498000271,2017,train,-44.89268457,-20.18740157,EPSG:32723,1048,1050,10,0,505972.415778,0,-10,7773026.9903
S1_20160706_64278900414.tif,2016-07-06,64278900414,2017,train,-46.54155227,-23.50217331,EPSG:32723,1059,1060,10,0,337301.7791,0,-10,7405343.46992
S1_20160712_31293700141.tif,2016-07-12,31293700141,2017,train,73.15384554,55.06164380,EPSG:32643,1077,1082,10,0,376707.343051,0,-10,6108618.55527
S1_20160712_63580900121.tif,2016-07-12,63580900121,2017,train,-44.13217182,-22.51570369,EPSG:32723,1054,1055,10,0,583982.896316,0,-10,7515106.21544
S1_20160712_63590000134.tif,2016-07-12,63590000134,2017,train,-43.62633552,-22.80816159,EPSG:32723,1058,1059,10,0,635692.896316,0,-10,7482356.21544
S1_20160805_28440900061.tif,2016-08-05,28440900061,2017,train,44.65926758,43.07167932,EPSG:32638,1053,1056,10,0,466994.755874,0,-10,4774111.04215
S1_20160825_28299001165.tif,2016-08-25,28299001165,2017,train,48.03507811,46.30517105,EPSG:32638,1089,1092,10,0,728267.902252,0,-10,5137892.70408
S1_20160825_28311300445.tif,2016-08-25,28311300445,2017,train,48.00666080,46.34588426,EPSG:32638,1089,1092,10,0,725907.902252,0,-10,5142332.70408
S1_20160829_78220000301.tif,2016-08-29,78220000301,2017,valid,-123.11579073,44.08218621,EPSG:32610,1050,1054,10,0,485479.405398,0,-10,4886277.66533
S1_20160912_74289500031.tif,2016-09-12,74289500031,2017,valid,-93.21061914,44.95507320,EPSG:32615,1052,1055,10,0,478127.022413,0,-10,4983256.19597
S1_20160916_43670300124.tif,2016-09-16,43670300124,2017,valid,111.76277427,22.17053037,EPSG:32649,1053,1054,10,0,573376.396767,0,-10,2457170.02329
S1_20160916_43690000125.tif,2016-09-16,43690000125,2017,train,106.18013644,20.42032121,EPSG:32648,1056,1056,10,0,617844.097929,0,-10,2263717.6215
S1_20161007_74262300934.tif,2016-10-07,74262300934,2017,train,-85.22863412,35.10408826,EPSG:32616,1067,1070,10,0,656108.893593,0,-10,3891371.56227
S1_20161013_43630000334.tif,2016-10-13,43630000334,2017,train,115.84581600,23.42232010,EPSG:32650,1057,1058,10,0,376798.14571,0,-10,2596033.8802
S1_20161016_45245600771.tif,2016-10-16,45245600771,2017,train,80.93346928,26.85905184,EPSG:32644,1048,1050,10,0,488150.931135,0,-10,2976075.82661
S1_20161016_45246100261.tif,2016-10-16,45246100261,2017,train,80.27973507,26.41397235,EPSG:32644,1054,1055,10,0,422900.931135,0,-10,2927005.82661
S1_20161027_63420500031.tif,2016-10-27,63420500031,2017,train,-44.98891455,-12.12570319,EPSG:32723,1048,1048,10,0,495966.189808,0,-10,8664786.26488
S1_20161031_23266000454.tif,2016-10-31,23266000454,2017,train,9.31940403,48.72855070,EPSG:32632,1053,1058,10,0,518223.693356,0,-10,5402619.9718
S1_20161031_23266000481.tif,2016-10-31,23266000481,2017,train,9.40129517,48.71520531,EPSG:32632,1055,1059,10,0,524243.693356,0,-10,5401169.9718
S1_20161106_32275500071.tif,2016-11-06,32275500071,2017,valid,104.16600816,52.40253841,EPSG:32648,1062,1065,10,0,437951.476564,0,-10,5811463.40708
S1_20161114_45520000253.tif,2016-11-14,45520000253,2017,train,72.60548683,23.08769863,EPSG:32643,1066,1066,10,0,249385.665969,0,-10,2560568.73185
S1_20161118_45316000291.tif,2016-11-18,45316000291,2017,train,86.14573373,22.80435847,EPSG:32645,1055,1055,10,0,407050.538901,0,-10,2527390.90933
S1_20161121_45248901184.tif,2016-11-21,45248901184,2017,train,75.76358451,23.19493335,EPSG:32643,1053,1055,10,0,572877.092501,0,-10,2570579.18734
S1_20161121_45249900073.tif,2016-11-21,45249900073,2017,valid,77.25657351,28.62943206,EPSG:32643,1069,1070,10,0,715255.49604,0,-10,3174363.14642
S1_20161121_45349900884.tif,2016-11-21,45349900884,2017,train,73.79171703,20.00757552,EPSG:32643,1055,1056,10,0,368331.108327,0,-10,2218055.64842
S1_20161121_45366700464.tif,2016-11-21,45366700464,2017,valid,74.55729758,16.85545524,EPSG:32643,1050,1051,10,0,447590.955225,0,-10,1868872.71464
S1_20161121_45369800124.tif,2016-11-21,45369800124,2017,train,73.88339299,18.54271549,EPSG:32643,1055,1055,10,0,376878.940505,0,-10,2055871.38237
S1_20161123_28440400081.tif,2016-11-23,28440400081,2017,train,45.73850836,43.33322441,EPSG:32638,1059,1061,10,0,554573.390339,0,-10,4803389.66381
S1_20161214_28324400571.tif,2016-12-14,28324400571,2017,train,55.99246621,53.32173047,EPSG:32640,1064,1069,10,0,427568.722196,0,-10,5913879.62017
S1_20161224_41301104093.tif,2016-12-24,41301104093,2017,valid,134.69394065,34.79770154,EPSG:32653,1051,1054,10,0,466747.969986,0,-10,3855921.9828
S1_20161224_41301104104.tif,2016-12-24,41301104104,2017,train,134.69516394,34.80690266,EPSG:32653,1052,1054,10,0,466857.969986,0,-10,3856941.9828
S1_20161224_41301106465.tif,2016-12-24,41301106465,2017,train,135.42442500,34.80135919,EPSG:32653,1053,1055,10,0,533557.969986,0,-10,3856371.9828
S1_20161224_41301106816.tif,2016-12-24,41301106816,2017,train,134.67756320,34.77845154,EPSG:32653,1052,1054,10,0,465237.969986,0,-10,3853791.9828
S1_20161224_41301107066.tif,2016-12-24,41301107066,2017,train,135.44727618,34.56843744,EPSG:32653,1054,1055,10,0,535757.969986,0,-10,3830551.9828
S1_20161224_41301107116.tif,2016-12-24,41301107116,2017,valid,135.46081014,34.62069115,EPSG:32653,1053,1055,10,0,536977.969986,0,-10,3836351.9828
S1_20170105_72530800101.tif,2017-01-05,72530800101,2017,valid,-73.67528845,45.55765392,EPSG:32618,1066,1070,10,0,598059.630405,0,-10,5051105.12516
S1_20170117_41301600701.tif,2017-01-17,41301600701,2017,train,139.41838457,36.33676001,EPSG:32654,1066,1068,10,0,352725.855837,0,-10,4027802.13399
S1_20170117_41301704014.tif,2017-01-17,41301704014,2017,valid,139.29612727,35.76936606,EPSG:32654,1067,1069,10,0,340645.855837,0,-10,3965052.13399
S1_20170126_56121000055.tif,2017-01-26,56121000055,2017,valid,115.97458690,-31.89406584,EPSG:32750,1058,1060,10,0,397740.753947,0,-10,6476147.71958
S1_20170213_23287000204.tif,2017-02-13,23287000204,2017,train,14.39907682,50.00850103,EPSG:32633,1058,1062,10,0,451651.324316,0,-10,5545058.88595
S1_20170213_72557400284.tif,2017-02-13,72557400284,2017,valid,-81.24522681,42.97512334,EPSG:32617,1053,1055,10,0,474738.900423,0,-10,4763356.46215
S1_20170213_72557400291.tif,2017-02-13,72557400291,2017,valid,-81.17500290,42.97016435,EPSG:32617,1052,1054,10,0,480468.900423,0,-10,4762786.46215
S1_20170215_43505000776.tif,2017-02-15,43505000776,2017,train,121.16724470,30.05326137,EPSG:32650,1088,1090,10,0,896444.112518,0,-10,3337464.56079
S1_20170216_41301704455.tif,2017-02-16,41301704455,2017,train,139.85299495,35.73637862,EPSG:32654,1061,1063,10,0,390972.981674,0,-10,3960631.05032
S1_20170222_64401900311.tif,2017-02-22,64401900311,2017,train,-65.15965397,-26.81069542,EPSG:32720,1066,1068,10,0,280011.533963,0,-10,7038046.40314
S1_20170306_31267500114.tif,2017-03-06,31267500114,2017,valid,65.35658399,55.43404610,EPSG:32642,1104,1108,10,0,263994.034834,0,-10,6154671.34839
S1_20170314_32277400011.tif,2017-03-14,32277400011,2017,train,107.64555671,51.82767111,EPSG:32649,1098,1101,10,0,263373.548449,0,-10,5752698.45679
S1_20170314_42420000041.tif,2017-03-14,42420000041,2017,valid,126.89755742,37.40382442,EPSG:32651,1092,1096,10,0,839557.059351,0,-10,4152285.86661
S1_20170314_42420003806.tif,2017-03-14,42420003806,2017,train,126.92578106,37.40261900,EPSG:32651,1093,1096,10,0,842057.059351,0,-10,4152255.86661
S1_20170317_32275700011.tif,2017-03-17,32275700011,2017,train,104.28007827,52.25893211,EPSG:32648,1060,1064,10,0,445562.963582,0,-10,5795402.13878
S1_20170323_74294600454.tif,2017-03-23,74294600454,2017,valid,-104.89119489,39.90636831,EPSG:32613,1050,1053,10,0,504050.245221,0,-10,4422635.76649
S1_20170402_44570000695.tif,2017-04-02,44570000695,2017,train,96.05104182,16.85359581,EPSG:32646,1066,1066,10,0,819812.575858,0,-10,1871200.80541
S1_20170512_51501500054.tif,2017-05-12,51501500054,2017,train,108.29206508,-6.38527639,EPSG:32749,1054,1054,10,0,195151.982959,0,-10,9298688.07128
S1_20170526_41305500201.tif,2017-05-26,41305500201,2017,train,130.70758261,32.79626573,EPSG:32652,1066,1067,10,0,654560.712928,0,-10,3635327.09138
S1_20170622_43280400241.tif,2017-06-22,43280400241,2017,train,101.85785018,36.57533950,EPSG:32648,1084,1086,10,0,213415.59761,0,-10,4057791.76852
S1_20170622_43280400674.tif,2017-06-22,43280400674,2017,train,101.67689280,36.65404594,EPSG:32648,1085,1088,10,0,197515.59761,0,-10,4067081.76852
S1_20170704_51501400051.tif,2017-07-04,51501400051,2017,valid,107.20743953,-6.41509625,EPSG:32748,1053,1053,10,0,738899.226376,0,-10,9295648.71698
S1_20170710_31210300251.tif,2017-07-10,31210300251,2017,train,66.75666433,67.27844964,EPSG:32642,1088,1093,10,0,397882.354917,0,-10,7469632.48457
S1_20170722_33164800431.tif,2017-07-22,33164800431,2017,train,96.67421963,69.56848921,EPSG:32646,1112,1118,10,0,637511.098036,0,-10,7727643.97648
S1_20170728_22396000453.tif,2017-07-28,22396000453,2017,train,39.57962877,52.57808209,EPSG:32637,1058,1062,10,0,533987.061372,0,-10,5830805.10075
S1_20170731_28326900301.tif,2017-07-31,28326900301,2017,train,59.91232808,56.89473562,EPSG:32641,1097,1102,10,0,306452.930917,0,-10,6315424.8738
S1_20170731_28326900314.tif,2017-07-31,28326900314,2017,train,59.95263390,56.87478197,EPSG:32641,1096,1100,10,0,308812.930917,0,-10,6313084.8738
S1_20170902_72587000311.tif,2017-09-02,72587000311,2017,train,-87.90836826,43.04899973,EPSG:32616,1061,1064,10,0,420714.045043,0,-10,4771976.49708
S1_20170914_43428900554.tif,2017-09-14,43428900554,2017,valid,114.03984888,32.12765382,EPSG:32649,1079,1081,10,0,781395.324184,0,-10,3564038.562
S1_20171002_72530800091.tif,2017-10-02,72530800091,2017,train,-73.58739389,45.65498409,EPSG:32618,1068,1071,10,0,604718.969298,0,-10,5062040.37627
S1_20171002_72541000013.tif,2017-10-02,72541000013,2017,train,-73.92320152,45.39770088,EPSG:32618,1064,1067,10,0,578958.969298,0,-10,5033030.37627
S1_20171101_23250601401.tif,2017-11-01,23250601401,2017,train,2.69133856,50.53624207,EPSG:32631,1054,1057,10,0,472856.179209,0,-10,5603585.80261
S1_20171101_43496200341.tif,2017-11-01,43496200341,2017,valid,104.00107126,30.66150061,EPSG:32648,1058,1059,10,0,399008.672095,0,-10,3397809.14996
S1_20171101_43496200374.tif,2017-11-01,43496200374,2017,valid,103.98108851,30.68588800,EPSG:32648,1058,1059,10,0,397118.672095,0,-10,3400529.14996
S1_20171105_43493001191.tif,2017-11-05,43493001191,2017,train,107.01245509,30.38337056,EPSG:32648,1068,1069,10,0,688025.815619,0,-10,3368330.18549
S1_20171110_82232000341.tif,2017-11-10,82232000341,2017,train,-128.08823869,63.56413862,EPSG:32609,1065,1071,10,0,539963.426004,0,-10,7054124.07725
S1_20171207_41301100104.tif,2017-12-07,41301100104,2017,train,135.76551317,34.97386092,EPSG:32653,1056,1059,10,0,564597.269558,0,-10,3875706.92979
S1_20171207_41301100134.tif,2017-12-07,41301100134,2017,train,135.76778680,34.99445083,EPSG:32653,1056,1058,10,0,564787.269558,0,-10,3877986.92979
S1_20171207_41301800654.tif,2017-12-07,41301800654,2017,train,136.63473627,35.40832482,EPSG:32653,1066,1068,10,0,643104.239324,0,-10,3924893.35376
S1_20180116_67107500184.tif,2018-01-16,67107500184,2018,train,-76.96894356,-12.02678894,EPSG:32718,1056,1056,10,0,280364.995518,0,-10,8674996.42475
S1_20180116_67107500204.tif,2018-01-16,67107500204,2018,train,-76.96494363,-12.02600365,EPSG:32718,1055,1056,10,0,280804.995518,0,-10,8675086.42475
S1_20180211_32228200721.tif,2018-02-11,32228200721,2018,train,96.00039452,66.23212096,EPSG:32646,1100,1105,10,0,629397.093918,0,-10,7354541.77001
S1_20180226_71290006411.tif,2018-02-26,71290006411,2018,train,-114.03126707,51.04462142,EPSG:32611,1092,1096,10,0,702635.481415,0,-10,5664461.01378
S1_20180302_41301200491.tif,2018-03-02,41301200491,2018,train,138.18673341,36.62357972,EPSG:32653,1084,1086,10,0,779557.291826,0,-10,4063276.72958
S1_20180427_43494201524.tif,2018-04-27,43494201524,2018,train,104.72550211,31.45792626,EPSG:32648,1051,1053,10,0,468665.782696,0,-10,3485651.07324
S1_20180925_62294500291.tif,2018-09-25,62294500291,2018,valid,-70.83022751,-1.41884229,EPSG:32719,1049,1049,10,0,291123.701199,0,-10,9848339.42208
S1_20181105_11720900591.tif,2018-11-05,11720900591,2018,valid,37.92338489,-0.45955929,EPSG:32737,1048,1048,10,0,374956.42403,0,-10,9954435.85084
S1_20181105_11720901193.tif,2018-11-05,11720901193,2018,train,37.37466610,-0.85077302,EPSG:32737,1048,1048,10,0,313896.42403,0,-10,9911165.85084
S1_20190120_61541000191.tif,2019-01-20,61541000191,2019,valid,-67.25049391,7.74008576,EPSG:32619,1053,1052,10,0,687678.377044,0,-10,861220.930373
S1_20190302_31210100235.tif,2019-03-02,31210100235,2019,train,68.88859003,66.82496682,EPSG:32642,1053,1058,10,0,489842.354917,0,-10,7417162.48457
S1_20190317_32244900061.tif,2019-03-17,32244900061,2019,train,99.75801098,61.79171699,EPSG:32647,1062,1067,10,0,534662.684943,0,-10,6856545.5835
S1_20190513_32221600521.tif,2019-05-13,32221600521,2019,train,93.07250115,66.72347948,EPSG:32646,1052,1057,10,0,497937.093918,0,-10,7405841.77001
S1_20190705_63411800013.tif,2019-07-05,63411800013,2019,train,-38.18413887,-9.29399851,EPSG:32724,1050,1049,10,0,584353.86264,0,-10,8977785.87021
S1_20190705_63411900013.tif,2019-07-05,63411900013,2019,train,-38.25735786,-9.28579237,EPSG:32724,1050,1050,10,0,576313.86264,0,-10,8978715.87021
S1_20190808_32273300061.tif,2019-08-08,32273300061,2019,train,98.65854724,58.36638287,EPSG:32647,1055,1060,10,0,474748.619134,0,-10,6474852.55978
S1_20191102_63306600201.tif,2019-11-02,63306600201,2019,train,-37.90415806,-6.78625210,EPSG:32724,1050,1050,10,0,615848.333071,0,-10,9254993.26161
S1_20191206_42488000381.tif,2019-12-06,42488000381,2019,train,118.65943282,43.50529844,EPSG:32650,1070,1073,10,0,628795.009428,0,-10,4823632.33157
S1_20191207_73218000806.tif,2019-12-07,73218000806,2019,train,-77.95687258,34.18405538,EPSG:32617,1080,1082,10,0,775067.647117,0,-10,3792161.1175
S1_20191229_41301302774.tif,2019-12-29,41301302774,2019,train,141.24382950,40.58777415,EPSG:32654,1052,1054,10,0,515373.671873,0,-10,4498296.28752
S1_20191229_41301302795.tif,2019-12-29,41301302795,2019,train,141.23650377,40.58801460,EPSG:32654,1052,1055,10,0,514753.671873,0,-10,4498326.28752
S1_20200103_14540600491.tif,2020-01-03,14540600491,2020,train,-6.11836455,7.28953151,EPSG:32629,1055,1056,10,0,812935.112124,0,-10,812051.739985
S1_20200108_61570200221.tif,2020-01-08,61570200221,2020,train,-68.97089644,5.32651263,EPSG:32619,1048,1047,10,0,497984.606127,0,-10,593991.764701
S1_20200117_61204900241.tif,2020-01-17,61204900241,2020,train,-76.48487417,3.49602170,EPSG:32618,1050,1050,10,0,329807.664727,0,-10,391800.606147
S1_20200117_61204900311.tif,2020-01-17,61204900311,2020,train,-76.65319947,3.05900675,EPSG:32618,1049,1049,10,0,311030.141219,0,-10,343501.857898
S1_20200202_14301001995.tif,2020-02-02,14301001995,2020,valid,5.62816928,5.83822650,EPSG:32631,1054,1053,10,0,785773.240465,0,-10,651266.17767
S1_20200223_14308000161.tif,2020-02-23,14308000161,2020,train,1.45015721,7.39533024,EPSG:32631,1051,1051,10,0,323691.080665,0,-10,823004.46106
S1_20200301_62284400031.tif,2020-03-01,62284400031,2020,train,-61.21986702,0.99271514,EPSG:32620,1049,1049,10,0,692841.766171,0,-10,115023.287179
S1_20200305_43306700734.tif,2020-03-05,43306700734,2020,train,117.00133858,34.86098909,EPSG:32650,1049,1050,10,0,494877.353764,0,-10,3862877.46083
S1_20200305_43306900116.tif,2020-03-05,43306900116,2020,train,116.61136175,35.26871537,EPSG:32650,1053,1055,10,0,459387.353764,0,-10,3908187.46083
S1_20200314_45374100181.tif,2020-03-14,45374100181,2020,train,79.17060844,14.56620804,EPSG:32644,1057,1056,10,0,297621.414271,0,-10,1616419.11669
S1_20200407_14301002125.tif,2020-04-07,14301002125,2020,train,5.66127117,5.43909586,EPSG:32631,1054,1053,10,0,789643.240465,0,-10,607116.17767
S1_20200409_32268400221.tif,2020-04-09,32268400221,2020,train,96.32390920,52.40393778,EPSG:32647,1088,1092,10,0,312519.939769,0,-10,5814796.33129
S1_20200425_41301100104.tif,2020-04-25,41301100104,2020,train,135.76554252,34.97382719,EPSG:32653,1057,1059,10,0,564594.976956,0,-10,3875703.20934
S1_20200425_41301100134.tif,2020-04-25,41301100134,2020,train,135.76781658,34.99446218,EPSG:32653,1057,1059,10,0,564784.976956,0,-10,3877993.20934
S1_20200425_41301104894.tif,2020-04-25,41301104894,2020,train,135.77162564,35.02085828,EPSG:32653,1056,1059,10,0,565114.976956,0,-10,3880923.20934
S1_20200430_62284800351.tif,2020-04-30,62284800351,2020,train,-59.82739549,3.33070994,EPSG:32620,1052,1053,10,0,847359.328076,0,-10,373980.329757
S1_20200513_32100500645.tif,2020-05-13,32100500645,2020,train,83.02340968,70.94678987,EPSG:32644,1085,1091,10,0,568284.657935,0,-10,7878147.65652
S1_20200520_72530800101.tif,2020-05-20,72530800101,2020,train,-73.67532838,45.55765579,EPSG:32618,1067,1070,10,0,598051.510852,0,-10,5051105.28134
S1_20200520_72541000013.tif,2020-05-20,72541000013,2020,train,-73.92323294,45.39770032,EPSG:32618,1063,1066,10,0,578961.510852,0,-10,5033025.28134
S1_20200521_73254400213.tif,2020-05-21,73254400213,2020,train,-83.21117122,33.28200677,EPSG:32616,1088,1089,10,0,847469.383219,0,-10,3694404.8212
S1_20200522_72570600013.tif,2020-05-22,72570600013,2020,train,-83.24239612,45.92119768,EPSG:32617,1079,1082,10,0,320726.120928,0,-10,5093147.03999
S1_20200522_72581000043.tif,2020-05-22,72581000043,2020,train,-84.45793197,45.68778940,EPSG:32617,1094,1098,10,0,225276.120928,0,-10,5070667.03999
S1_20200604_31341000025.tif,2020-06-04,31341000025,2020,valid,78.00267586,67.30290138,EPSG:32643,1100,1106,10,0,623751.637261,0,-10,7473802.81378
S1_20200607_32214002106.tif,2020-06-07,32214002106,2020,train,89.31482402,68.60382271,EPSG:32645,1090,1096,10,0,588774.727337,0,-10,7617440.14976
S1_20200609_82249300031.tif,2020-06-09,82249300031,2020,train,-128.42117393,59.92872195,EPSG:32609,1059,1064,10,0,527059.727216,0,-10,6648934.59492
S1_20200615_12306800391.tif,2020-06-15,12306800391,2020,train,29.91381756,-20.36302236,EPSG:32735,1067,1068,10,0,798860.77077,0,-10,7750992.64565
S1_20200615_63210400716.tif,2020-06-15,63210400716,2020,valid,-41.55910684,-4.08053009,EPSG:32724,1052,1051,10,0,210598.375472,0,-10,9553774.40221
S1_20200617_83185001303.tif,2020-06-17,83185001303,2020,train,-99.00665041,66.13452887,EPSG:32614,1053,1056,10,0,494434.75166,0,-10,7340185.16186
S1_20200622_64247800791.tif,2020-06-22,64247800791,2020,train,-54.26448624,-19.02431355,EPSG:32721,1065,1065,10,0,782632.427003,0,-10,7899565.36166
S1_20200701_13244000286.tif,2020-07-01,13244000286,2020,train,17.29303763,-0.76134926,EPSG:32733,1049,1048,10,0,749958.871799,0,-10,9921020.09638
S1_20200706_64140900021.tif,2020-07-06,64140900021,2020,train,-53.98806744,-33.37142726,EPSG:32722,1080,1081,10,0,216592.480682,0,-10,6308950.61355
S1_20200708_43424000511.tif,2020-07-08,43424000511,2020,train,116.22383278,34.09237766,EPSG:32650,1057,1058,10,0,423114.502392,0,-10,3777960.55833
S1_20200710_31330000441.tif,2020-07-10,31330000441,2020,train,76.10045170,67.98765565,EPSG:32643,1069,1075,10,0,540681.637261,0,-10,7547272.81378
S1_20200710_31330000785.tif,2020-07-10,31330000785,2020,train,77.06085604,67.86106175,EPSG:32643,1085,1091,10,0,581231.637261,0,-10,7534272.81378
S1_20200713_61582800021.tif,2020-07-13,61582800021,2020,valid,-66.09217321,5.15544761,EPSG:32619,1053,1054,10,0,817140.169146,0,-10,575852.907827
S1_20200713_75140900191.tif,2020-07-13,75140900191,2020,train,-97.40318122,32.75625012,EPSG:32614,1065,1066,10,0,644260.062797,0,-10,3630723.33928
S1_20200713_75140900204.tif,2020-07-13,75140900204,2020,train,-97.40948350,32.76498879,EPSG:32614,1064,1066,10,0,643660.062797,0,-10,3631683.33928
S1_20200716_31248300911.tif,2020-07-16,31248300911,2020,train,83.90823707,56.09634016,EPSG:32645,1096,1101,10,0,302208.695174,0,-10,6226615.26889
S1_20200718_31107900261.tif,2020-07-18,31107900261,2020,valid,71.28888040,69.85551628,EPSG:32642,1089,1095,10,0,582511.182475,0,-10,7756885.47698
S1_20200721_72570700053.tif,2020-07-21,72570700053,2020,train,-83.32225740,45.66496728,EPSG:32617,1079,1082,10,0,313706.120928,0,-10,5064857.03999
S1_20200722_62229700011.tif,2020-07-22,62229700011,2020,valid,-52.84755922,-12.94986654,EPSG:32722,1056,1056,10,0,294296.564728,0,-10,8572963.99555
S1_20200724_33121000151.tif,2020-07-24,33121000151,2020,train,86.51630473,73.17138181,EPSG:32645,1059,1065,10,0,479074.805142,0,-10,8124986.24698
S1_20200728_28420200053.tif,2020-07-28,28420200053,2020,train,44.37102080,45.54962587,EPSG:32638,1057,1061,10,0,445618.072084,0,-10,5049507.19716
S1_20200802_62292901311.tif,2020-08-02,62292901311,2020,train,-71.74156099,-10.70239787,EPSG:32719,1058,1058,10,0,194807.645986,0,-10,8820883.03439
S1_20200802_83150800281.tif,2020-08-02,83150800281,2020,valid,-105.70453100,67.29719255,EPSG:32613,1062,1068,10,0,464346.686874,0,-10,7470023.02651
S1_20200802_83150800301.tif,2020-08-02,83150800301,2020,train,-105.71772144,67.29569890,EPSG:32613,1062,1068,10,0,463776.686874,0,-10,7469863.02651
S1_20200805_17294100133.tif,2020-08-05,17294100133,2020,train,30.61809939,1.41283316,EPSG:32636,1049,1050,10,0,229712.35983,0,-10,161546.726834
S1_20200805_62297601991.tif,2020-08-05,62297601991,2020,train,-72.08460547,-5.34395636,EPSG:32718,1054,1054,10,0,817877.737264,0,-10,9413818.89002
S1_20200805_62297602491.tif,2020-08-05,62297602491,2020,train,-72.08925051,-5.84856310,EPSG:32718,1054,1054,10,0,817085.500212,0,-10,9357970.63568
S1_20200806_23212000021.tif,2020-08-06,23212000021,2020,train,-1.19357303,43.56889964,EPSG:32630,1072,1075,10,0,640514.451099,0,-10,4830953.48269
S1_20200809_43227001181.tif,2020-08-09,43227001181,2020,train,107.28764558,34.39241056,EPSG:32648,1073,1075,10,0,704938.105385,0,-10,3813414.31391
S1_20200809_43227001204.tif,2020-08-09,43227001204,2020,train,107.25080660,34.42397318,EPSG:32648,1072,1074,10,0,701478.105385,0,-10,3816834.31391
S1_20200814_11543000113.tif,2020-08-14,11543000113,2020,train,35.94723211,4.38965645,EPSG:32637,1053,1053,10,0,155868.636739,0,-10,491154.907356
S1_20200814_75219700171.tif,2020-08-14,75219700171,2020,train,-106.23179750,37.63838690,EPSG:32613,1063,1065,10,0,386005.432234,0,-10,4171733.01277
S1_20200816_71188000831.tif,2020-08-16,71188000831,2020,valid,-108.81938849,54.38290794,EPSG:32612,1082,1087,10,0,636202.149318,0,-10,6033751.66698
S1_20200817_32300000581.tif,2020-08-17,32300000581,2020,train,84.63121860,70.06059985,EPSG:32644,1112,1118,10,0,632574.657935,0,-10,7782337.65652
S1_20200820_34226000231.tif,2020-08-20,34226000231,2020,train,112.47192969,61.39402421,EPSG:32649,1074,1079,10,0,573247.840934,0,-10,6812958.49181
S1_20200821_61598000221.tif,2020-08-21,61598000221,2020,train,-73.86965682,3.25076445,EPSG:32618,1049,1049,10,0,620341.007175,0,-10,364626.267129
S1_20200823_62263400151.tif,2020-08-23,62263400151,2020,train,-61.23926669,-6.75173599,EPSG:32720,1052,1051,10,0,689345.758693,0,-10,9258599.08559
S1_20200824_34216000101.tif,2020-08-24,34216000101,2020,train,122.80329321,67.94517247,EPSG:32651,1054,1060,10,0,486487.269266,0,-10,7542064.65003
S1_20200824_34222600091.tif,2020-08-24,34222600091,2020,train,119.73547761,66.53643022,EPSG:32651,1104,1109,10,0,349486.907613,0,-10,7389039.5841
S1_20200826_43494500653.tif,2020-08-26,43494500653,2020,train,106.36669938,31.09051048,EPSG:32648,1061,1063,10,0,625050.823002,0,-10,3445750.77539
S1_20200826_43495200661.tif,2020-08-26,43495200661,2020,train,106.68588201,28.76578933,EPSG:32648,1063,1065,10,0,659271.423577,0,-10,3188528.00484
S1_20200827_56380000154.tif,2020-08-27,56380000154,2020,valid,152.70704030,-29.54835516,EPSG:32756,1051,1053,10,0,466362.584765,0,-10,6736488.05764
S1_20200828_62282900171.tif,2020-08-28,62282900171,2020,train,-60.24381541,0.59975526,EPSG:32620,1049,1049,10,0,801551.766171,0,-10,71613.2871789
S1_20200828_62299303323.tif,2020-08-28,62299303323,2020,train,-74.21414172,-8.48893479,EPSG:32718,1049,1049,10,0,581252.243451,0,-10,9066806.42988
S1_20200828_62299401011.tif,2020-08-28,62299401011,2020,train,-75.24402572,-9.94239648,EPSG:32718,1048,1048,10,0,468011.103474,0,-10,8906186.51026
S1_20200830_13230300081.tif,2020-08-30,13230300081,2020,valid,16.17533704,-2.28537951,EPSG:32733,1049,1049,10,0,625446.452933,0,-10,9752587.09369
S1_20200901_12999000304.tif,2020-09-01,12999000304,2020,train,16.27476569,-14.46667811,EPSG:32733,1054,1054,10,0,632120.584527,0,-10,8405548.54518
S1_20200902_24380300151.tif,2020-09-02,24380300151,2020,train,27.35972513,66.46458449,EPSG:32635,1057,1063,10,0,510744.063876,0,-10,7377056.65072
S1_20200902_43664100691.tif,2020-09-02,43664100691,2020,valid,108.92631832,22.79621293,EPSG:32649,1064,1064,10,0,281815.510325,0,-10,2527773.82594
S1_20200902_43670700071.tif,2020-09-02,43670700071,2020,train,108.52003271,22.12574456,EPSG:32649,1065,1066,10,0,238859.360838,0,-10,2454161.31957
S1_20200904_26141000196.tif,2020-09-04,26141000196,2020,train,40.84791002,64.48829919,EPSG:32637,1081,1086,10,0,583389.98224,0,-10,7158150.97333
S1_20200906_23180100021.tif,2020-09-06,23180100021,2020,train,-8.54209945,41.11511952,EPSG:32629,1055,1058,10,0,533168.111518,0,-10,4556927.56415
S1_20200908_23140600216.tif,2020-09-08,23140600216,2020,valid,-5.30503134,38.58236260,EPSG:32630,1076,1078,10,0,293843.100723,0,-10,4278342.00404
S1_20200908_41305700373.tif,2020-09-08,41305700373,2020,train,131.46244670,32.04973745,EPSG:32652,1073,1074,10,0,727132.10789,0,-10,3553970.95114
S1_20200910_81153300091.tif,2020-09-10,81153300091,2020,train,-159.21770089,55.96103053,EPSG:32604,1053,1058,10,0,481143.824477,0,-10,6207053.80047
S1_20200910_81160600323.tif,2020-09-10,81160600323,2020,train,-158.57486908,60.04168427,EPSG:32604,1057,1062,10,0,518397.871121,0,-10,6661439.61077
S1_20200912_62299300771.tif,2020-09-12,62299300771,2020,train,-75.03403290,-6.77640893,EPSG:32718,1048,1048,10,0,490999.269928,0,-10,9256208.10402
S1_20200913_63498000271.tif,2020-09-13,63498000271,2020,train,-44.89267993,-20.18740208,EPSG:32723,1048,1050,10,0,505972.899782,0,-10,7773026.93337
S1_20200913_64299000313.tif,2020-09-13,64299000313,2020,valid,-45.37337162,-21.07198015,EPSG:32723,1051,1051,10,0,455959.359939,0,-10,7675095.65005
S1_20200915_21604800364.tif,2020-09-15,21604800364,2020,train,-1.82579665,42.68789944,EPSG:32630,1064,1066,10,0,590870.911914,0,-10,4732155.83462
S1_20200915_21604900694.tif,2020-09-15,21604900694,2020,train,-3.08158445,42.76082392,EPSG:32630,1050,1053,10,0,488074.451099,0,-10,4739523.48269
S1_20200916_23230400194.tif,2020-09-16,23230400194,2020,train,-3.02757177,47.98585617,EPSG:32630,1051,1053,10,0,492687.707858,0,-10,5319993.56659
S1_20200916_23230500361.tif,2020-09-16,23230500361,2020,train,-3.92608360,48.17133717,EPSG:32630,1062,1065,10,0,425837.707858,0,-10,5341083.56659
S1_20200917_32228900191.tif,2020-09-17,32228900191,2020,valid,99.39918755,66.40638537,EPSG:32647,1058,1063,10,0,512538.88876,0,-10,7370580.02759
S1_20200917_47340700411.tif,2020-09-17,47340700411,2020,train,99.72810373,39.46732227,EPSG:32647,1057,1059,10,0,557346.272164,0,-10,4374185.88417
S1_20200917_74294400601.tif,2020-09-17,74294400601,2020,train,-100.40524958,41.77438463,EPSG:32614,1066,1069,10,0,377879.04242,0,-10,4631026.14927
S1_20200920_66240000601.tif,2020-09-20,66240000601,2020,train,-72.01292238,-35.85245994,EPSG:32718,1081,1083,10,0,764352.453919,0,-10,6033709.98202
S1_20200920_74242800021.tif,2020-09-20,74242800021,2020,valid,-104.49479387,35.77970013,EPSG:32613,1054,1057,10,0,540389.51767,0,-10,3964917.12414
S1_20200923_75211000321.tif,2020-09-23,75211000321,2020,train,-98.33460529,26.16459815,EPSG:32614,1054,1055,10,0,561228.997638,0,-10,2899357.52411
S1_20200923_77180600201.tif,2020-09-23,77180600201,2020,train,-109.33922238,30.24658611,EPSG:32612,1063,1065,10,0,654476.775933,0,-10,3352601.36379
S1_20200924_22320300043.tif,2020-09-24,22320300043,2020,train,42.02476695,46.58550895,EPSG:32638,1089,1092,10,0,266623.453242,0,-10,5168865.60736
S1_20200924_22560200131.tif,2020-09-24,22560200131,2020,valid,31.90285944,52.83533362,EPSG:32636,1066,1070,10,0,420761.882477,0,-10,5859866.94169
S1_20200925_34227000683.tif,2020-09-25,34227000683,2020,train,111.66458139,62.90483651,EPSG:32649,1061,1067,10,0,528466.834465,0,-10,6980495.81825
S1_20200926_13297300064.tif,2020-09-26,13297300064,2020,train,29.20999427,-12.37475161,EPSG:32735,1057,1057,10,0,735010.00824,0,-10,8636297.99098
S1_20200926_14635000041.tif,2020-09-26,14635000041,2020,train,-13.42321245,16.05021811,EPSG:32628,1056,1056,10,0,663398.936738,0,-10,1780412.07247
S1_20200926_28312000253.tif,2020-09-26,28312000253,2020,train,46.59329552,49.98349538,EPSG:32638,1071,1076,10,0,608868.383312,0,-10,5543392.10934
S1_20200926_35146900071.tif,2020-09-26,35146900071,2020,valid,146.64423268,65.34370427,EPSG:32655,1056,1062,10,0,478159.139663,0,-10,7252117.35388
S1_20200926_35146900101.tif,2020-09-26,35146900101,2020,train,146.79751973,65.24466243,EPSG:32655,1054,1060,10,0,485269.139663,0,-10,7241037.35388
S1_20200926_35185600261.tif,2020-09-26,35185600261,2020,train,148.32095179,65.99995467,EPSG:32656,1127,1132,10,0,282156.720567,0,-10,7333486.70052
S1_20200926_43277000121.tif,2020-09-26,43277000121,2020,train,104.83266041,37.38013693,EPSG:32648,1050,1052,10,0,479935.224854,0,-10,4142316.68594
S1_20201001_12272200091.tif,2020-10-01,12272200091,2020,train,29.04657657,-16.59789824,EPSG:32735,1059,1060,10,0,713047.555067,0,-10,8169112.33886
S1_20201001_12273000146.tif,2020-10-01,12273000146,2020,train,28.21252978,-16.58030318,EPSG:32735,1054,1054,10,0,624087.555067,0,-10,8171752.33886
S1_20201001_12770101046.tif,2020-10-01,12770101046,2020,train,21.13018140,-28.62735349,EPSG:32734,1049,1051,10,0,507479.875323,0,-10,6838547.35571
S1_20201001_15306000051.tif,2020-10-01,15306000051,2020,valid,9.86810478,36.81232229,EPSG:32632,1058,1060,10,0,572140.816253,0,-10,4079704.49824
S1_20201001_17211300251.tif,2020-10-01,17211300251,2020,valid,32.31172330,26.04235645,EPSG:32636,1054,1055,10,0,425872.568832,0,-10,2885831.14469
S1_20201001_21105400454.tif,2020-10-01,21105400454,2020,train,28.50768002,37.58631283,EPSG:32635,1066,1068,10,0,627784.374241,0,-10,4166325.59276
S1_20201001_21105800284.tif,2020-10-01,21105800284,2020,valid,28.18577934,39.78815584,EPSG:32635,1063,1066,10,0,596216.188523,0,-10,4410247.42519
S1_20201001_22120302071.tif,2020-10-01,22120302071,2020,train,30.29917163,40.07709997,EPSG:32635,1088,1091,10,0,775886.188523,0,-10,4446987.42519
S1_20201001_22320700371.tif,2020-10-01,22320700371,2020,valid,43.51866077,45.94804559,EPSG:32638,1069,1073,10,0,379844.570765,0,-10,5094706.8307
S1_20201001_22720200021.tif,2020-10-01,22720200021,2020,train,27.68219483,45.38192349,EPSG:32635,1058,1061,10,0,548118.972956,0,-10,5030910.01299
S1_20201001_23302300175.tif,2020-10-01,23302300175,2020,train,-4.78615839,56.17476268,EPSG:32630,1077,1082,10,0,383726.245007,0,-10,6232376.55146
S1_20201001_23302300206.tif,2020-10-01,23302300206,2020,train,-4.72080584,56.32162455,EPSG:32630,1076,1080,10,0,388196.245007,0,-10,6248606.55146
S1_20201001_24280100821.tif,2020-10-01,24280100821,2020,train,24.10252433,57.01009985,EPSG:32635,1094,1098,10,0,318592.704494,0,-10,6327732.81238
S1_20201001_24280100933.tif,2020-10-01,24280100933,2020,valid,25.34089364,56.60679162,EPSG:32635,1075,1080,10,0,392782.856267,0,-10,6280248.41662
S1_20201001_24360001126.tif,2020-10-01,24360001126,2020,train,25.47167597,65.02014652,EPSG:32635,1076,1081,10,0,422609.119361,0,-10,7216975.52324
S1_20201001_24370000831.tif,2020-10-01,24370000831,2020,train,25.14941508,65.69437195,EPSG:32635,1081,1086,10,0,409609.119361,0,-10,7292525.52324
S1_20201001_25109700085.tif,2020-10-01,25109700085,2020,train,14.21871715,67.00881172,EPSG:32633,1064,1069,10,0,460627.231496,0,-10,7437921.14362
S1_20201001_25109700125.tif,2020-10-01,25109700125,2020,train,14.56728047,67.00610410,EPSG:32633,1058,1063,10,0,475847.231496,0,-10,7437441.14362
S1_20201001_25109700296.tif,2020-10-01,25109700296,2020,train,14.60657572,67.23593941,EPSG:32633,1057,1063,10,0,477727.231496,0,-10,7463051.14362
S1_20201001_28324400571.tif,2020-10-01,28324400571,2020,train,55.99246528,53.32174108,EPSG:32640,1064,1069,10,0,427568.676679,0,-10,5913880.80092
S1_20201001_28324400631.tif,2020-10-01,28324400631,2020,train,55.94950034,52.84761217,EPSG:32640,1065,1069,10,0,423928.676679,0,-10,5861180.80092
S1_20201001_28324401011.tif,2020-10-01,28324401011,2020,train,56.40301885,54.18558910,EPSG:32640,1058,1063,10,0,455752.64302,0,-10,6009650.29663
S1_20201001_28324900391.tif,2020-10-01,28324900391,2020,train,59.65855589,56.02614955,EPSG:32640,1090,1094,10,0,660224.043662,0,-10,6217648.43812
S1_20201001_28326900314.tif,2020-10-01,28326900314,2020,valid,59.95284625,56.87479359,EPSG:32640,1095,1099,10,0,674474.043662,0,-10,6312828.43812
S1_20201001_29145000431.tif,2020-10-01,29145000431,2020,train,64.79537672,31.58338493,EPSG:32641,1066,1067,10,0,665027.917694,0,-10,3500991.76737
S1_20201001_29380100231.tif,2020-10-01,29380100231,2020,train,52.94666344,28.10052496,EPSG:32639,1065,1066,10,0,685918.561441,0,-10,3115198.75423
S1_20201001_29440200011.tif,2020-10-01,29440200011,2020,train,47.55166220,33.11598125,EPSG:32638,1074,1076,10,0,732715.260107,0,-10,3672422.34493
S1_20201001_29440500041.tif,2020-10-01,29440500041,2020,train,47.28867276,33.24210273,EPSG:32638,1072,1074,10,0,707875.260107,0,-10,3685832.34493
S1_20201001_29469100241.tif,2020-10-01,29469100241,2020,valid,42.40172382,37.01476078,EPSG:32637,1087,1089,10,0,797227.827835,0,-10,4107367.48165
S1_20201001_29469600141.tif,2020-10-01,29469600141,2020,train,41.70384396,38.27618484,EPSG:32637,1080,1082,10,0,731117.827835,0,-10,4245327.48165
S1_20201001_31264400201.tif,2020-10-01,31264400201,2020,train,62.40621592,57.92752804,EPSG:32641,1059,1064,10,0,459536.283548,0,-10,6426116.10123
S1_20201001_35142900326.tif,2020-10-01,35142900326,2020,train,138.75905365,69.49598955,EPSG:32654,1088,1094,10,0,406974.740519,0,-10,7716743.37372
S1_20201001_35170600641.tif,2020-10-01,35170600641,2020,train,156.16854774,69.11496317,EPSG:32657,1099,1104,10,0,381889.097158,0,-10,7675301.613
S1_20201001_35424900191.tif,2020-10-01,35424900191,2020,train,159.19469678,55.17201076,EPSG:32657,1053,1057,10,0,507136.121509,0,-10,6119235.17494
S1_20201001_35449300166.tif,2020-10-01,35449300166,2020,valid,161.56579353,60.02789000,EPSG:32657,1091,1096,10,0,637514.609953,0,-10,6662771.03853
S1_20201001_35601200121.tif,2020-10-01,35601200121,2020,train,161.49395898,62.78589552,EPSG:32657,1090,1095,10,0,621776.303245,0,-10,6969672.66611
S1_20201001_35601300111.tif,2020-10-01,35601300111,2020,valid,161.56135734,62.07970858,EPSG:32657,1091,1096,10,0,628326.303245,0,-10,6891182.66611
S1_20201001_35601300211.tif,2020-10-01,35601300211,2020,valid,162.14780576,62.03807739,EPSG:32657,1101,1105,10,0,659116.303245,0,-10,6887942.66611
S1_20201001_42249100141.tif,2020-10-01,42249100141,2020,train,123.98661645,46.14535165,EPSG:32651,1062,1066,10,0,570885.560715,0,-10,5116000.35096
S1_20201001_45246700231.tif,2020-10-01,45246700231,2020,train,78.19853175,28.69486578,EPSG:32643,1077,1078,10,0,807150.407238,0,-10,3183761.52626
S1_20201001_45248401436.tif,2020-10-01,45248401436,2020,valid,77.23029525,24.54725514,EPSG:32643,1066,1067,10,0,720583.755442,0,-10,2721979.78062
S1_20201001_45248801924.tif,2020-10-01,45248801924,2020,train,76.67890879,23.61176315,EPSG:32643,1061,1062,10,0,665983.755442,0,-10,2617559.78062
S1_20201001_45248802856.tif,2020-10-01,45248802856,2020,train,77.01032013,24.00084527,EPSG:32643,1063,1064,10,0,699183.755442,0,-10,2661099.78062
S1_20201001_45406301311.tif,2020-10-01,45406301311,2020,train,76.70525526,22.65065575,EPSG:32643,1061,1061,10,0,669916.964172,0,-10,2511157.68871
S1_20201001_45642100221.tif,2020-10-01,45642100221,2020,train,71.40658499,30.30290419,EPSG:32642,1071,1073,10,0,726080.063025,0,-10,3360168.72419
S1_20201001_46177400231.tif,2020-10-01,46177400231,2020,train,67.90906689,38.11680691,EPSG:32642,1062,1064,10,0,399059.720161,0,-10,4224657.12734
S1_20201001_46216500141.tif,2020-10-01,46216500141,2020,train,67.74801493,40.84469758,EPSG:32642,1064,1067,10,0,389138.147081,0,-10,4527606.46554
S1_20201001_49150300254.tif,2020-10-01,49150300254,2020,train,89.10618607,32.06383895,EPSG:32645,1069,1071,10,0,693477.257053,0,-10,3554807.28988
S1_20201001_52409400386.tif,2020-10-01,52409400386,2020,train,120.34214465,16.02198130,EPSG:32651,1062,1063,10,0,210265.929575,0,-10,1778503.57706
S1_20201001_62222800191.tif,2020-10-01,62222800191,2020,train,-54.02754421,-9.30694286,EPSG:32721,1058,1057,10,0,821284.19803,0,-10,8975126.87916
S1_20201001_62264700486.tif,2020-10-01,62264700486,2020,train,-62.51307910,-11.13799448,EPSG:32720,1050,1050,10,0,547918.810796,0,-10,8773968.73998
S1_20201001_62266402841.tif,2020-10-01,62266402841,2020,train,-70.47694966,-11.55778892,EPSG:32719,1053,1054,10,0,333681.780769,0,-10,8727198.47277
S1_20201001_62266403941.tif,2020-10-01,62266403941,2020,train,-71.79004810,-12.03056885,EPSG:32719,1060,1059,10,0,190901.780769,0,-10,8673818.47277
S1_20201001_62268900151.tif,2020-10-01,62268900151,2020,train,-63.92327945,-19.85158181,EPSG:32720,1054,1054,10,0,398056.706387,0,-10,7809947.99062
S1_20201001_62269400281.tif,2020-10-01,62269400281,2020,train,-65.21651158,-16.25206709,EPSG:32720,1060,1060,10,0,257801.364461,0,-10,8207199.16968
S1_20201001_62269700021.tif,2020-10-01,62269700021,2020,train,-64.63006219,-15.87712923,EPSG:32720,1056,1057,10,0,320190.746306,0,-10,8249261.49553
S1_20201001_62297900191.tif,2020-10-01,62297900191,2020,train,-73.15019476,-4.09902501,EPSG:32718,1050,1050,10,0,700099.540056,0,-10,9551939.81143
S1_20201001_62297900781.tif,2020-10-01,62297900781,2020,train,-74.78731739,-3.12175514,EPSG:32718,1048,1048,10,0,518391.418923,0,-10,9660186.44478
S1_20201001_62297900961.tif,2020-10-01,62297900961,2020,train,-74.05338839,-3.19407694,EPSG:32718,1049,1048,10,0,599931.418923,0,-10,9652146.44478
S1_20201001_62297901071.tif,2020-10-01,62297901071,2020,train,-74.29022347,-3.31096631,EPSG:32718,1048,1048,10,0,573611.418923,0,-10,9639246.44478
S1_20201001_63104100035.tif,2020-10-01,63104100035,2020,valid,-44.74028449,-3.19302157,EPSG:32723,1048,1048,10,0,523615.366943,0,-10,9652307.86957
S1_20201001_63417000203.tif,2020-10-01,63417000203,2020,valid,-41.42586192,-9.68856341,EPSG:32723,1060,1061,10,0,887018.428281,0,-10,8932264.40468
S1_20201001_64242400191.tif,2020-10-01,64242400191,2020,train,-64.48894947,-22.44434281,EPSG:32720,1059,1059,10,0,341485.467673,0,-10,7522523.98305
S1_20201001_64255000081.tif,2020-10-01,64255000081,2020,train,-53.84767468,-23.38051100,EPSG:32721,1072,1072,10,0,816894.63031,0,-10,7416196.40902
S1_20201001_64281200306.tif,2020-10-01,64281200306,2020,train,-52.42560242,-18.72931822,EPSG:32722,1057,1057,10,0,344417.157045,0,-10,7933806.97313
S1_20201001_64401800274.tif,2020-10-01,64401800274,2020,train,-65.81714076,-27.35954182,EPSG:32719,1076,1077,10,0,809491.650388,0,-10,6975104.15661
S1_20201001_65120200081.tif,2020-10-01,65120200081,2020,train,-58.48691723,-36.03148064,EPSG:32721,1065,1067,10,0,360711.294371,0,-10,6016872.22934
S1_20201001_65290300151.tif,2020-10-01,65290300151,2020,train,-68.88330200,-30.20423071,EPSG:32719,1050,1051,10,0,505982.138471,0,-10,6663833.12411
S1_20201001_71226500011.tif,2020-10-01,71226500011,2020,train,-97.14097190,49.85018278,EPSG:32614,1076,1080,10,0,628260.740863,0,-10,5529031.00769
S1_20201001_71249000031.tif,2020-10-01,71249000031,2020,train,-115.14734356,52.76472218,EPSG:32611,1077,1081,10,0,619616.465515,0,-10,5853112.57614
S1_20201001_73112000201.tif,2020-10-01,73112000201,2020,train,-67.99417377,45.73053066,EPSG:32619,1062,1065,10,0,572950.56824,0,-10,5069925.22193
S1_20201001_73283000321.tif,2020-10-01,73283000321,2020,valid,-87.29600429,32.03634921,EPSG:32616,1052,1053,10,0,466791.793573,0,-10,3549768.03605
S1_20201001_73284000021.tif,2020-10-01,73284000021,2020,train,-87.13436464,32.35941160,EPSG:32616,1049,1052,10,0,482113.293238,0,-10,3585542.82288
S1_20201001_74210000251.tif,2020-10-01,74210000251,2020,train,-91.45758044,30.73560522,EPSG:32615,1063,1064,10,0,642346.998134,0,-10,3406636.89677
S1_20201001_74222700171.tif,2020-10-01,74222700171,2020,train,-92.13377384,32.20075660,EPSG:32615,1057,1059,10,0,576357.265904,0,-10,3568312.29006
S1_20201001_74241300013.tif,2020-10-01,74241300013,2020,train,-91.46749340,34.08378682,EPSG:32615,1065,1066,10,0,636065.881434,0,-10,3777835.98407
S1_20201001_74294600441.tif,2020-10-01,74294600441,2020,train,-104.85954024,39.93297759,EPSG:32613,1051,1053,10,0,506746.318874,0,-10,4425592.8728
S1_20201001_74299900703.tif,2020-10-01,74299900703,2020,valid,-111.94956883,46.82284785,EPSG:32612,1062,1066,10,0,422260.423398,0,-10,5191245.84461
S1_20201001_74299900971.tif,2020-10-01,74299900971,2020,train,-111.42023853,46.10737649,EPSG:32612,1055,1058,10,0,462247.970807,0,-10,5111353.69937
S1_20201001_74300400085.tif,2020-10-01,74300400085,2020,train,-91.22653520,29.73435929,EPSG:32615,1064,1066,10,0,666194.302492,0,-10,3295997.60994
S1_20201001_74300400475.tif,2020-10-01,74300400475,2020,train,-91.20678666,29.88810923,EPSG:32615,1065,1066,10,0,667834.302492,0,-10,3313067.60994
S1_20201001_77442200046.tif,2020-10-01,77442200046,2020,train,-121.48090199,38.19071697,EPSG:32610,1066,1068,10,0,627700.308419,0,-10,4233406.31188
S1_20201001_77449300021.tif,2020-10-01,77449300021,2020,train,-122.14647786,40.14262515,EPSG:32610,1059,1062,10,0,567410.047207,0,-10,4449246.54872
S1_20201001_77449500051.tif,2020-10-01,77449500051,2020,train,-122.37514519,40.90718351,EPSG:32610,1057,1059,10,0,547340.047207,0,-10,4533936.54872
S1_20201001_77480300284.tif,2020-10-01,77480300284,2020,train,-121.94853049,42.13520085,EPSG:32610,1062,1064,10,0,581586.124919,0,-10,4670642.55232
S1_20201001_78210000183.tif,2020-10-01,78210000183,2020,train,-122.83677975,45.98032054,EPSG:32610,1051,1055,10,0,507388.001181,0,-10,5097148.92258
S1_20201001_78240000213.tif,2020-10-01,78240000213,2020,train,-121.27363870,44.58626888,EPSG:32610,1071,1074,10,0,631684.642615,0,-10,4943811.2887
S1_20201001_78266400541.tif,2020-10-01,78266400541,2020,train,-113.97620664,48.06324891,EPSG:32612,1090,1094,10,0,272820.423398,0,-10,5333085.84461
S1_20201001_78270500073.tif,2020-10-01,78270500073,2020,train,-118.63762392,46.44164905,EPSG:32611,1071,1074,10,0,368853.502431,0,-10,5149792.53941
S1_20201001_78270500144.tif,2020-10-01,78270500144,2020,train,-118.02662566,46.58524586,EPSG:32611,1063,1067,10,0,416033.502431,0,-10,5164922.53941
S1_20201001_78321000033.tif,2020-10-01,78321000033,2020,train,-122.70941554,49.19765118,EPSG:32610,1053,1058,10,0,515904.839807,0,-10,5454758.73965
S1_20201001_78321000251.tif,2020-10-01,78321000251,2020,valid,-122.00873139,49.18130395,EPSG:32610,1063,1067,10,0,566924.839807,0,-10,5453418.73965
S1_20201001_81280200031.tif,2020-10-01,81280200031,2020,valid,-137.17535405,63.61956214,EPSG:32608,1085,1091,10,0,386745.130219,0,-10,7061911.18265
S1_20201001_82100400131.tif,2020-10-01,82100400131,2020,train,-140.58076386,68.97671315,EPSG:32607,1058,1064,10,0,511494.650108,0,-10,7657142.87493
S1_20201001_82212500031.tif,2020-10-01,82212500031,2020,train,-135.22971006,65.84754560,EPSG:32608,1054,1060,10,0,484242.066976,0,-10,7308236.39762
S1_20201001_82243000061.tif,2020-10-01,82243000061,2020,train,-123.53195695,60.69392330,EPSG:32610,1059,1064,10,0,465657.458931,0,-10,6734133.50744
S1_20201001_82244000031.tif,2020-10-01,82244000031,2020,valid,-123.04491909,60.03889326,EPSG:32610,1052,1056,10,0,492237.458931,0,-10,6661023.50744
S1_20201003_21307800281.tif,2020-10-03,21307800281,2020,train,20.12479644,40.54191704,EPSG:32634,1059,1062,10,0,420591.351598,0,-10,4493585.48406
S1_20201003_28464500091.tif,2020-10-03,28464500091,2020,train,44.84832686,39.60566472,EPSG:32638,1051,1053,10,0,481724.058292,0,-10,4389267.33869
S1_20201003_28465000321.tif,2020-10-03,28465000321,2020,train,46.86063902,40.89434307,EPSG:32639,1099,1101,10,0,145779.29953,0,-10,4540787.78008
S1_20201003_32274200531.tif,2020-10-03,32274200531,2020,train,99.41520793,53.71592510,EPSG:32647,1056,1060,10,0,522121.579358,0,-10,5957296.13851
S1_20201003_32274300356.tif,2020-10-03,32274300356,2020,train,102.00224418,55.24975163,EPSG:32648,1094,1099,10,0,303991.354077,0,-10,6132176.18797
S1_20201003_42490800023.tif,2020-10-03,42490800023,2020,valid,120.47710001,40.27040972,EPSG:32651,1079,1082,10,0,280091.365645,0,-10,4466234.64853
S1_20201003_46180500406.tif,2020-10-03,46180500406,2020,train,69.27230985,38.33258487,EPSG:32642,1052,1055,10,0,518539.720161,0,-10,4248027.12734
S1_20201003_77126000051.tif,2020-10-03,77126000051,2020,valid,-99.06207451,18.26282445,EPSG:32614,1048,1048,10,0,488198.432122,0,-10,2024504.9284
S1_20201004_11780100121.tif,2020-10-04,11780100121,2020,valid,39.47344427,-13.79793779,EPSG:32737,1050,1050,10,0,545922.490747,0,-10,8479820.16114
S1_20201004_12261900091.tif,2020-10-04,12261900091,2020,train,25.97962816,-15.26221340,EPSG:32735,1052,1053,10,0,385172.203735,0,-10,8317679.86193
S1_20201004_12269000251.tif,2020-10-04,12269000251,2020,train,28.15126494,-13.26668987,EPSG:32735,1053,1053,10,0,619452.647184,0,-10,8538349.1741
S1_20201004_12553600384.tif,2020-10-04,12553600384,2020,train,29.07132724,-30.85997598,EPSG:32735,1068,1069,10,0,692710.392278,0,-10,6589424.29192
S1_20201004_12553700141.tif,2020-10-04,12553700141,2020,train,28.82982892,-31.65721355,EPSG:32735,1066,1068,10,0,668160.392278,0,-10,6501444.29192
S1_20201004_13295500341.tif,2020-10-04,13295500341,2020,train,28.83637509,-8.41148604,EPSG:32735,1053,1053,10,0,696927.304483,0,-10,9075002.16611
S1_20201004_13297100341.tif,2020-10-04,13297100341,2020,valid,28.49881886,-11.16697345,EPSG:32735,1054,1053,10,0,658391.269057,0,-10,8770408.4884
S1_20201004_14610000125.tif,2020-10-04,14610000125,2020,train,-16.08085050,16.40614221,EPSG:32628,1054,1054,10,0,379318.803354,0,-10,1819438.90694
S1_20201004_16249000411.tif,2020-10-04,16249000411,2020,train,8.61390365,11.76666240,EPSG:32632,1049,1049,10,0,452688.805909,0,-10,1306025.7382
S1_20201004_17251000303.tif,2020-10-04,17251000303,2020,train,32.52217720,13.64027496,EPSG:32636,1050,1050,10,0,443069.75546,0,-10,1513243.90727
S1_20201004_21105800546.tif,2020-10-04,21105800546,2020,train,28.21666653,39.22447459,EPSG:32635,1063,1065,10,0,599706.188523,0,-10,4347717.42519
S1_20201004_22160200011.tif,2020-10-04,22160200011,2020,train,36.42042967,40.73871159,EPSG:32636,1090,1093,10,0,783372.093097,0,-10,4520847.01219
S1_20201004_22160200091.tif,2020-10-04,22160200091,2020,train,36.01868889,40.74312958,EPSG:32636,1085,1088,10,0,749452.093097,0,-10,4520067.01219
S1_20201004_22204002393.tif,2020-10-04,22204002393,2020,train,38.97700058,45.89096999,EPSG:32637,1051,1053,10,0,492960.606853,0,-10,5087198.88373
S1_20201004_22340700161.tif,2020-10-04,22340700161,2020,valid,39.56440876,48.59822913,EPSG:32637,1057,1061,10,0,536328.218241,0,-10,5388253.12702
S1_20201004_22396000453.tif,2020-10-04,22396000453,2020,train,39.57956973,52.57807997,EPSG:32637,1058,1062,10,0,533983.062916,0,-10,5830804.83278
S1_20201004_22734000374.tif,2020-10-04,22734000374,2020,train,24.90394669,44.84490664,EPSG:32635,1076,1080,10,0,328973.61264,0,-10,4973258.88148
S1_20201004_22736000793.tif,2020-10-04,22736000793,2020,train,24.79132739,45.81949705,EPSG:32635,1078,1082,10,0,323033.263669,0,-10,5081774.90036
S1_20201004_22740900081.tif,2020-10-04,22740900081,2020,train,15.91370253,45.77645467,EPSG:32633,1062,1065,10,0,565724.401215,0,-10,5074941.47166
S1_20201004_22794000171.tif,2020-10-04,22794000171,2020,valid,16.94749478,47.23942197,EPSG:32633,1075,1079,10,0,642019.533505,0,-10,5239005.25849
S1_20201004_24359000061.tif,2020-10-04,24359000061,2020,train,25.18513024,64.62060902,EPSG:32635,1081,1086,10,0,407809.065757,0,-10,7172845.27785
S1_20201004_25210300103.tif,2020-10-04,25210300103,2020,train,19.91407025,69.26954250,EPSG:32634,1069,1075,10,0,451758.293107,0,-10,7690173.02635
S1_20201004_25255000281.tif,2020-10-04,25255000281,2020,train,34.32818562,67.95874962,EPSG:32636,1073,1078,10,0,550254.791066,0,-10,7544252.84348
S1_20201004_28106900091.tif,2020-10-04,28106900091,2020,valid,63.29346545,35.66148497,EPSG:32641,1052,1054,10,0,521301.953922,0,-10,3951712.90691
S1_20201004_28299000085.tif,2020-10-04,28299000085,2020,train,47.73687395,45.73553791,EPSG:32638,1086,1089,10,0,707497.877036,0,-10,5073752.86477
S1_20201004_28299001456.tif,2020-10-04,28299001456,2020,train,48.21982348,45.96843061,EPSG:32639,1086,1089,10,0,279174.856308,0,-10,5099743.53429
S1_20201004_28324100281.tif,2020-10-04,28324100281,2020,valid,54.76307394,55.76881090,EPSG:32640,1083,1088,10,0,354254.206924,0,-10,6188054.67166
S1_20201004_28324100401.tif,2020-10-04,28324100401,2020,train,55.34774568,55.35776521,EPSG:32640,1074,1079,10,0,389885.359545,0,-10,6141242.02447
S1_20201004_28324900041.tif,2020-10-04,28324900041,2020,train,57.85777990,56.31651657,EPSG:32640,1063,1068,10,0,547744.043662,0,-10,6246978.43812
S1_20201004_28325600054.tif,2020-10-04,28325600054,2020,valid,55.60696561,57.00867864,EPSG:32640,1071,1076,10,0,410044.206924,0,-10,6324594.67166
S1_20201004_28327200091.tif,2020-10-04,28327200091,2020,train,55.16456933,58.40421785,EPSG:32639,1114,1118,10,0,737717.511902,0,-10,6486840.65262
S1_20201004_28327200141.tif,2020-10-04,28327200141,2020,train,54.74737708,58.28567841,EPSG:32639,1108,1112,10,0,714127.511902,0,-10,6472190.65262
S1_20201004_29390900075.tif,2020-10-04,29390900075,2020,train,48.68492399,30.19054187,EPSG:32639,1071,1071,10,0,271758.870012,0,-10,3347519.4422
S1_20201004_29497500276.tif,2020-10-04,29497500276,2020,train,37.89328833,37.05105964,EPSG:32637,1061,1064,10,0,396288.338833,0,-10,4106429.28838
S1_20201004_29497700401.tif,2020-10-04,29497700401,2020,train,38.40187648,37.61582242,EPSG:32637,1055,1058,10,0,441938.338833,0,-10,4168649.28838
S1_20201004_29499300051.tif,2020-10-04,29499300051,2020,train,39.81735589,38.64030071,EPSG:32637,1058,1061,10,0,565843.76617,0,-10,4282483.43492
S1_20201004_29499400051.tif,2020-10-04,29499400051,2020,train,40.69026783,38.98864209,EPSG:32637,1068,1071,10,0,641051.124905,0,-10,4322229.978
S1_20201004_32262700201.tif,2020-10-04,32262700201,2020,valid,96.28987763,54.61114561,EPSG:32647,1091,1094,10,0,319531.357201,0,-10,6060366.92066
S1_20201004_32264700191.tif,2020-10-04,32264700191,2020,train,94.90603569,53.75405929,EPSG:32646,1078,1082,10,0,620278.084962,0,-10,5963254.78804
S1_20201004_32268600011.tif,2020-10-04,32268600011,2020,train,95.90605763,52.79387159,EPSG:32647,1094,1099,10,0,285934.056587,0,-10,5859323.45748
S1_20201004_32273800441.tif,2020-10-04,32273800441,2020,train,103.83077551,55.39871091,EPSG:32648,1067,1072,10,0,420616.744102,0,-10,6145142.9755
S1_20201004_32275500071.tif,2020-10-04,32275500071,2020,train,104.16597434,52.40249946,EPSG:32648,1061,1066,10,0,437954.126387,0,-10,5811464.10098
S1_20201004_32275700011.tif,2020-10-04,32275700011,2020,valid,104.28009502,52.25894985,EPSG:32648,1060,1064,10,0,445564.126387,0,-10,5795404.10098
S1_20201004_32286100261.tif,2020-10-04,32286100261,2020,train,102.69625080,48.57588922,EPSG:32648,1081,1085,10,0,324672.614285,0,-10,5388298.31121
S1_20201004_32286900031.tif,2020-10-04,32286900031,2020,train,102.59723002,47.82750133,EPSG:32648,1082,1085,10,0,314762.614285,0,-10,5305348.31121
S1_20201004_32293000081.tif,2020-10-04,32293000081,2020,train,102.67513879,49.37048746,EPSG:32648,1082,1085,10,0,325815.590388,0,-10,5476666.80414
S1_20201004_34293800271.tif,2020-10-04,34293800271,2020,train,117.16386193,56.66663377,EPSG:32650,1052,1057,10,0,504783.094669,0,-10,6285575.14337
S1_20201004_34293800286.tif,2020-10-04,34293800286,2020,valid,117.78652270,56.24440712,EPSG:32650,1062,1067,10,0,543433.094669,0,-10,6238895.14337
S1_20201004_34294000071.tif,2020-10-04,34294000071,2020,valid,115.19755494,56.25476148,EPSG:32650,1078,1082,10,0,382943.094669,0,-10,6241305.14337
S1_20201004_34296200011.tif,2020-10-04,34296200011,2020,train,115.72744634,55.04845409,EPSG:32650,1069,1073,10,0,413352.031196,0,-10,6106288.44893
S1_20201004_34299100031.tif,2020-10-04,34299100031,2020,valid,116.50693541,55.21461761,EPSG:32650,1057,1062,10,0,463343.094669,0,-10,6124095.14337
S1_20201004_34299200306.tif,2020-10-04,34299200306,2020,train,118.45925607,55.49166691,EPSG:32651,1118,1121,10,0,207615.504537,0,-10,6164483.65702
S1_20201004_35143000996.tif,2020-10-04,35143000996,2020,train,146.53748785,66.92245261,EPSG:32655,1058,1064,10,0,474479.280317,0,-10,7428130.50197
S1_20201004_35148000301.tif,2020-10-04,35148000301,2020,train,145.13812268,64.15303444,EPSG:32655,1081,1086,10,0,404034.819484,0,-10,7120821.77257
S1_20201004_35184200021.tif,2020-10-04,35184200021,2020,valid,159.81115006,66.63767557,EPSG:32657,1064,1069,10,0,530572.937876,0,-10,7396568.36888
S1_20201004_35186200161.tif,2020-10-04,35186200161,2020,train,148.74804489,65.18469635,EPSG:32655,1079,1085,10,0,576459.139663,0,-10,7235597.35388
S1_20201004_35191000143.tif,2020-10-04,35191000143,2020,train,164.42160574,69.60441662,EPSG:32657,1141,1146,10,0,704923.72713,0,-10,7736838.99257
S1_20201004_35414600581.tif,2020-10-04,35414600581,2020,train,171.72360610,64.33319756,EPSG:32659,1062,1067,10,0,529660.500324,0,-10,7139678.18143
S1_20201004_35450200611.tif,2020-10-04,35450200611,2020,train,166.05993317,61.42913186,EPSG:32658,1067,1072,10,0,551215.622631,0,-10,6816406.92846
S1_20201004_35602600231.tif,2020-10-04,35602600231,2020,train,142.83874306,60.85611961,EPSG:32655,1115,1121,10,0,268447.190963,0,-10,6759538.34617
S1_20201004_36101600033.tif,2020-10-04,36101600033,2020,valid,92.75729072,50.42453014,EPSG:32646,1053,1057,10,0,477494.394723,0,-10,5591146.78537
S1_20201004_42410100864.tif,2020-10-04,42410100864,2020,train,126.84753493,39.62090430,EPSG:32652,1074,1077,10,0,309876.019209,0,-10,4393281.33663
S1_20201004_42410100914.tif,2020-10-04,42410100914,2020,train,127.33281772,39.66159003,EPSG:32652,1068,1071,10,0,351646.019209,0,-10,4396881.33663
S1_20201004_42410101966.tif,2020-10-04,42410101966,2020,train,127.43986497,38.84540725,EPSG:32652,1067,1070,10,0,359273.085014,0,-10,4306127.82073
S1_20201004_45246100261.tif,2020-10-04,45246100261,2020,train,80.27980711,26.41391395,EPSG:32644,1054,1055,10,0,422908.078545,0,-10,2926999.31756
S1_20201004_45642900351.tif,2020-10-04,45642900351,2020,valid,74.30743969,33.37143644,EPSG:32643,1056,1057,10,0,430295.719781,0,-10,3697964.83348
S1_20201004_45645000391.tif,2020-10-04,45645000391,2020,valid,74.60009166,31.03495757,EPSG:32643,1052,1053,10,0,456576.113765,0,-10,3438809.78709
S1_20201004_46173000141.tif,2020-10-04,46173000141,2020,train,63.66022830,39.10025761,EPSG:32641,1057,1059,10,0,551804.818697,0,-10,4333404.82644
S1_20201004_46213100171.tif,2020-10-04,46213100171,2020,train,62.39519838,45.76239642,EPSG:32641,1057,1061,10,0,447683.783311,0,-10,5073131.50174
S1_20201004_56220901001.tif,2020-10-04,56220901001,2020,train,126.00002994,-16.99564816,EPSG:32752,1065,1065,10,0,175219.252899,0,-10,8123805.21305
S1_20201004_56465000061.tif,2020-10-04,56465000061,2020,valid,147.68975268,-30.06439603,EPSG:32755,1054,1056,10,0,561212.862676,0,-10,6679158.52741
S1_20201004_56465000271.tif,2020-10-04,56465000271,2020,train,148.60883308,-29.55309264,EPSG:32755,1063,1064,10,0,650554.355882,0,-10,6734974.38053
S1_20201004_56490501551.tif,2020-10-04,56490501551,2020,train,148.63329392,-27.83559190,EPSG:32755,1063,1064,10,0,655530.026706,0,-10,6925259.07605
S1_20201004_62262400511.tif,2020-10-04,62262400511,2020,valid,-59.40831880,-9.42705269,EPSG:32721,1056,1056,10,0,230255.631362,0,-10,8962302.73694
S1_20201004_62262401221.tif,2020-10-04,62262401221,2020,train,-60.27635032,-9.43792853,EPSG:32720,1057,1057,10,0,793820.794925,0,-10,8960849.65803
S1_20201004_62262500091.tif,2020-10-04,62262500091,2020,train,-60.94816839,-8.28620679,EPSG:32720,1054,1054,10,0,720726.292461,0,-10,9088747.94863
S1_20201004_62262800201.tif,2020-10-04,62262800201,2020,train,-61.12617680,-10.64385516,EPSG:32720,1054,1054,10,0,699709.728614,0,-10,8828049.94545
S1_20201004_62262800276.tif,2020-10-04,62262800276,2020,train,-61.00369476,-10.94622159,EPSG:32720,1055,1055,10,0,712889.728614,0,-10,8794519.94545
S1_20201004_62262900191.tif,2020-10-04,62262900191,2020,train,-60.53483178,-10.69023088,EPSG:32720,1056,1057,10,0,764379.728614,0,-10,8822479.94545
S1_20201004_62268201421.tif,2020-10-04,62268201421,2020,train,-60.47616237,-13.80976022,EPSG:32720,1059,1060,10,0,767557.621888,0,-10,8477177.96903
S1_20201004_62296700581.tif,2020-10-04,62296700581,2020,valid,-70.94444585,-6.82065048,EPSG:32719,1052,1052,10,0,279852.645678,0,-10,9250904.35905
S1_20201004_62445100596.tif,2020-10-04,62445100596,2020,train,-48.41603155,-9.79000171,EPSG:32722,1057,1057,10,0,778177.428531,0,-10,8922003.09994
S1_20201004_62448000111.tif,2020-10-04,62448000111,2020,train,-48.80552776,-14.97557162,EPSG:32722,1058,1059,10,0,730709.254057,0,-10,8348502.61066
S1_20201004_64242300871.tif,2020-10-04,64242300871,2020,train,-63.96000708,-22.35204800,EPSG:32720,1054,1055,10,0,395880.39188,0,-10,7533165.47058
S1_20201004_64281400051.tif,2020-10-04,64281400051,2020,valid,-51.04628442,-19.15203435,EPSG:32722,1048,1049,10,0,489893.010681,0,-10,7887594.50004
S1_20201004_64282000151.tif,2020-10-04,64282000151,2020,train,-48.83343785,-19.10139262,EPSG:32722,1061,1062,10,0,722629.94052,0,-10,7891852.8893
S1_20201004_64284400041.tif,2020-10-04,64284400041,2020,train,-50.37718726,-17.89162554,EPSG:32722,1051,1052,10,0,560718.80845,0,-10,8026954.35778
S1_20201004_64294700051.tif,2020-10-04,64294700051,2020,train,-46.93613035,-22.37309922,EPSG:32723,1062,1063,10,0,295340.841881,0,-10,7529907.85711
S1_20201004_65342300013.tif,2020-10-04,65342300013,2020,train,-66.50704359,-43.81567446,EPSG:32719,1081,1084,10,0,695086.014569,0,-10,5150998.68993
S1_20201004_65342300151.tif,2020-10-04,65342300151,2020,train,-68.28470731,-43.84786568,EPSG:32719,1058,1061,10,0,552204.35188,0,-10,5150080.53347
S1_20201004_66240000851.tif,2020-10-04,66240000851,2020,train,-71.22028183,-35.19112676,EPSG:32719,1072,1074,10,0,292490.710174,0,-10,6108873.44886
S1_20201004_66254000354.tif,2020-10-04,66254000354,2020,valid,-70.63352027,-33.64465710,EPSG:32719,1065,1067,10,0,343189.72537,0,-10,6281380.98462
S1_20201004_73260901583.tif,2020-10-04,73260901583,2020,valid,-83.72065133,34.40720005,EPSG:32616,1083,1085,10,0,796032.992474,0,-10,3817609.91045
S1_20201004_74248300301.tif,2020-10-04,74248300301,2020,train,-100.27746559,36.98462903,EPSG:32614,1063,1065,10,0,380995.633552,0,-10,4099254.76663
S1_20201004_74262700323.tif,2020-10-04,74262700323,2020,train,-84.02540017,35.54761444,EPSG:32616,1081,1083,10,0,764250.952776,0,-10,3943260.86152
S1_20201004_74295400051.tif,2020-10-04,74295400051,2020,train,-97.50284913,43.11654455,EPSG:32614,1068,1071,10,0,616460.343499,0,-10,4780199.78311
S1_20201004_74295400061.tif,2020-10-04,74295400061,2020,train,-97.56604279,43.14486342,EPSG:32614,1067,1070,10,0,611270.343499,0,-10,4783249.78311
S1_20201004_77221300194.tif,2020-10-04,77221300194,2020,train,-112.30593261,33.38217178,EPSG:32612,1062,1063,10,0,373219.692372,0,-10,3699732.61051
S1_20201004_77250000253.tif,2020-10-04,77250000253,2020,train,-111.09439936,37.10621344,EPSG:32612,1049,1052,10,0,486367.412381,0,-10,4111919.24735
S1_20201004_77260100351.tif,2020-10-04,77260100351,2020,train,-108.43900345,36.74090536,EPSG:32612,1077,1080,10,0,723275.064303,0,-10,4074588.93173
S1_20201004_77260600396.tif,2020-10-04,77260600396,2020,train,-107.81004890,37.42065999,EPSG:32613,1081,1083,10,0,245925.698754,0,-10,4150661.39612
S1_20201004_77270000083.tif,2020-10-04,77270000083,2020,train,-110.68028771,37.47881710,EPSG:32612,1052,1054,10,0,523007.412381,0,-10,4153309.24735
S1_20201004_78100200371.tif,2020-10-04,78100200371,2020,train,-122.53228893,42.71649045,EPSG:32610,1055,1058,10,0,533022.197434,0,-10,4734728.36402
S1_20201004_78230000341.tif,2020-10-04,78230000341,2020,train,-121.59910799,45.71271360,EPSG:32610,1068,1071,10,0,603694.079448,0,-10,5068438.09289
S1_20201004_78250300073.tif,2020-10-04,78250300073,2020,valid,-120.59595831,45.74600328,EPSG:32610,1081,1084,10,0,681594.079448,0,-10,5074058.09289
S1_20201004_78263000071.tif,2020-10-04,78263000071,2020,train,-119.12969063,48.15114833,EPSG:32611,1078,1082,10,0,336213.224611,0,-10,5340703.30366
S1_20201004_78270500214.tif,2020-10-04,78270500214,2020,train,-117.42867907,46.66036930,EPSG:32611,1056,1058,10,0,461923.502431,0,-10,5172802.53941
S1_20201004_78299800394.tif,2020-10-04,78299800394,2020,valid,-111.49627985,44.00423158,EPSG:32612,1056,1059,10,0,454934.014168,0,-10,4877757.53864
S1_20201004_81242000101.tif,2020-10-04,81242000101,2020,train,-150.27015996,64.43729793,EPSG:32605,1095,1101,10,0,625925.539242,0,-10,7154074.54097
S1_20201006_45647002531.tif,2020-10-06,45647002531,2020,train,77.64356995,31.45599216,EPSG:32644,1082,1083,10,0,175616.02409,0,-10,3490433.08543
S1_20201006_56292100104.tif,2020-10-06,56292100104,2020,train,141.12958240,-17.86018712,EPSG:32754,1049,1049,10,0,508483.711625,0,-10,8030522.9392
S1_20201006_56297000045.tif,2020-10-06,56297000045,2020,train,141.43721051,-15.96026843,EPSG:32754,1050,1050,10,0,541537.45981,0,-10,8240660.4142
S1_20201006_63420500031.tif,2020-10-06,63420500031,2020,train,-44.98894556,-12.12574346,EPSG:32723,1048,1047,10,0,495962.816053,0,-10,8664776.81203
S1_20201006_63470800641.tif,2020-10-06,63470800641,2020,valid,-46.36660704,-15.62375054,EPSG:32723,1055,1055,10,0,348227.128612,0,-10,8277486.923
S1_20201006_64218000031.tif,2020-10-06,64218000031,2020,train,-62.54516091,-33.05355313,EPSG:32720,1053,1054,10,0,537198.667627,0,-10,6347954.19495
S1_20201006_67102000471.tif,2020-10-06,67102000471,2020,train,-71.35564976,-16.02711971,EPSG:32719,1061,1061,10,0,242633.75575,0,-10,8231938.60576
S1_20201006_72556000161.tif,2020-10-06,72556000161,2020,train,-84.14185546,41.35280293,EPSG:32616,1084,1086,10,0,733680.799376,0,-10,4587294.63778
S1_20201006_74242200291.tif,2020-10-06,74242200291,2020,train,-96.86777045,35.40011162,EPSG:32614,1071,1073,10,0,688277.441899,0,-10,3924868.08817
S1_20201006_74242200391.tif,2020-10-06,74242200391,2020,train,-97.55684092,35.45787173,EPSG:32614,1064,1066,10,0,625637.441899,0,-10,3930108.08817
S1_20201007_11546000011.tif,2020-10-07,11546000011,2020,train,37.31098337,7.35104708,EPSG:32637,1052,1052,10,0,308302.978133,0,-10,818167.872779
S1_20201007_12552000953.tif,2020-10-07,12552000953,2020,train,29.45272443,-28.68652577,EPSG:32735,1071,1072,10,0,734297.150452,0,-10,6829640.60569
S1_20201007_13125000251.tif,2020-10-07,13125000251,2020,train,15.38249651,-14.11646838,EPSG:32733,1050,1050,10,0,536035.480566,0,-10,8444609.19549
S1_20201007_15160300071.tif,2020-10-07,15160300071,2020,valid,-8.09253925,33.10308437,EPSG:32629,1057,1059,10,0,579388.926744,0,-10,3668376.21404
S1_20201007_21404000446.tif,2020-10-07,21404000446,2020,train,11.46413022,46.50585035,EPSG:32633,1097,1100,10,0,223239.026217,0,-10,5161829.59273
S1_20201007_21406500051.tif,2020-10-07,21406500051,2020,train,9.61059730,45.10685873,EPSG:32632,1057,1061,10,0,542749.868916,0,-10,5000307.48859
S1_20201007_21406900211.tif,2020-10-07,21406900211,2020,train,8.52743162,45.24387743,EPSG:32632,1055,1059,10,0,457637.727706,0,-10,5015446.28168
S1_20201007_21500900355.tif,2020-10-07,21500900355,2020,train,9.92808050,44.12249992,EPSG:32632,1061,1064,10,0,568949.868916,0,-10,4891217.48859
S1_20201007_22204000241.tif,2020-10-07,22204000241,2020,train,39.30981765,46.11429698,EPSG:32637,1053,1057,10,0,518675.448741,0,-10,5112078.44872
S1_20201007_22204001271.tif,2020-10-07,22204001271,2020,train,39.87487708,45.63690343,EPSG:32637,1060,1064,10,0,562885.448741,0,-10,5059398.44872
S1_20201007_22204001593.tif,2020-10-07,22204001593,2020,train,39.08691535,46.05448215,EPSG:32637,1050,1054,10,0,501473.448339,0,-10,5105374.53296
S1_20201007_22204001633.tif,2020-10-07,22204001633,2020,train,39.77983518,45.48196352,EPSG:32637,1060,1062,10,0,555645.448741,0,-10,5042098.44872
S1_20201007_22204002031.tif,2020-10-07,22204002031,2020,train,40.34730419,45.48388021,EPSG:32637,1067,1070,10,0,599955.448741,0,-10,5042938.44872
S1_20201007_22206000081.tif,2020-10-07,22206000081,2020,train,39.65859835,46.57809730,EPSG:32637,1058,1062,10,0,545173.031621,0,-10,5163801.98496
S1_20201007_22206000363.tif,2020-10-07,22206000363,2020,train,39.99675366,46.53533268,EPSG:32637,1062,1066,10,0,571123.031621,0,-10,5159341.98496
S1_20201007_22206000991.tif,2020-10-07,22206000991,2020,train,40.34186173,46.08150422,EPSG:32637,1067,1070,10,0,598415.448741,0,-10,5109328.44872
S1_20201007_22320200191.tif,2020-10-07,22320200191,2020,train,40.77642345,46.37456064,EPSG:32637,1073,1076,10,0,631255.448741,0,-10,5142578.44872
S1_20201007_22320400543.tif,2020-10-07,22320400543,2020,train,41.01982673,45.75943401,EPSG:32637,1076,1079,10,0,651695.448741,0,-10,5074698.44872
S1_20201007_22511700046.tif,2020-10-07,22511700046,2020,train,35.33682783,48.12417713,EPSG:32636,1081,1085,10,0,668487.916842,0,-10,5338168.27465
S1_20201007_23130000264.tif,2020-10-07,23130000264,2020,train,-6.82157324,37.61482769,EPSG:32629,1073,1076,10,0,686902.981409,0,-10,4170692.24502
S1_20201007_23268000534.tif,2020-10-07,23268000534,2020,train,8.54298403,47.37212640,EPSG:32632,1055,1059,10,0,460222.100743,0,-10,5251914.76286
S1_20201007_27105700145.tif,2020-10-07,27105700145,2020,train,-17.01850175,63.92343628,EPSG:32628,1083,1089,10,0,395598.203934,0,-10,7095493.86594
S1_20201007_28290600531.tif,2020-10-07,28290600531,2020,train,47.62872406,50.45872753,EPSG:32638,1087,1090,10,0,681146.97553,0,-10,5598387.93616
S1_20201007_28290600791.tif,2020-10-07,28290600791,2020,train,48.06485770,51.20217699,EPSG:32638,1093,1097,10,0,708636.97553,0,-10,5682257.93616
S1_20201007_28290900331.tif,2020-10-07,28290900331,2020,train,48.33238263,50.37951508,EPSG:32638,1097,1100,10,0,731426.97553,0,-10,5591637.93616
S1_20201007_28299000175.tif,2020-10-07,28299000175,2020,train,48.07114656,46.53183258,EPSG:32639,1089,1091,10,0,269954.856308,0,-10,5162763.53429
S1_20201007_28299001165.tif,2020-10-07,28299001165,2020,train,48.03495933,46.30512773,EPSG:32639,1089,1092,10,0,266234.856308,0,-10,5137683.53429
S1_20201007_28311300445.tif,2020-10-07,28311300445,2020,train,48.00650194,46.34587737,EPSG:32639,1089,1092,10,0,264214.856308,0,-10,5142293.53429
S1_20201007_28314000261.tif,2020-10-07,28314000261,2020,train,48.12866044,51.81527690,EPSG:32638,1095,1099,10,0,710166.97553,0,-10,5750617.93616
S1_20201007_28315000021.tif,2020-10-07,28315000021,2020,train,47.62923695,52.03190941,EPSG:32638,1087,1091,10,0,674919.841018,0,-10,5773305.60223
S1_20201007_28440500141.tif,2020-10-07,28440500141,2020,valid,44.72580065,43.73127290,EPSG:32638,1053,1056,10,0,472652.32748,0,-10,4847343.1453
S1_20201007_28440900061.tif,2020-10-07,28440900061,2020,train,44.65929906,43.07169835,EPSG:32638,1054,1056,10,0,466992.32748,0,-10,4774113.1453
S1_20201007_34244400536.tif,2020-10-07,34244400536,2020,train,133.59207319,57.91522789,EPSG:32653,1071,1076,10,0,411230.628709,0,-10,6425520.68234
S1_20201007_35141500091.tif,2020-10-07,35141500091,2020,train,148.07268800,70.63024539,EPSG:32655,1069,1075,10,0,534360.071257,0,-10,7841884.60306
S1_20201007_35149400341.tif,2020-10-07,35149400341,2020,train,139.88931405,63.67549608,EPSG:32653,1129,1133,10,0,736093.216423,0,-10,7075772.1401
S1_20201007_35182200631.tif,2020-10-07,35182200631,2020,train,165.21933398,66.98176875,EPSG:32658,1054,1060,10,0,504300.639609,0,-10,7434664.59877
S1_20201007_35186800066.tif,2020-10-07,35186800066,2020,train,149.18201998,64.57650915,EPSG:32656,1113,1118,10,0,311631.933244,0,-10,7172352.35101
S1_20201007_35189700221.tif,2020-10-07,35189700221,2020,train,149.81098472,62.43316716,EPSG:32655,1095,1101,10,0,639628.888355,0,-10,6931098.19425
S1_20201007_35189701646.tif,2020-10-07,35189701646,2020,train,149.99929390,62.13504121,EPSG:32655,1098,1103,10,0,650868.888355,0,-10,6898358.19425
S1_20201007_35189800431.tif,2020-10-07,35189800431,2020,train,148.59162077,62.82750999,EPSG:32655,1076,1081,10,0,575708.888355,0,-10,6972778.19425
S1_20201007_35197000171.tif,2020-10-07,35197000171,2020,train,171.68506462,69.03633420,EPSG:32659,1063,1068,10,0,522037.915483,0,-10,7663906.27901
S1_20201007_35197000601.tif,2020-10-07,35197000601,2020,train,170.87868889,69.79033064,EPSG:32659,1053,1058,10,0,490057.915483,0,-10,7747786.27901
S1_20201007_42104200013.tif,2020-10-07,42104200013,2020,train,135.15362443,54.68252537,EPSG:32653,1052,1057,10,0,504644.565986,0,-10,6064759.92491
S1_20201007_42104400061.tif,2020-10-07,42104400061,2020,train,134.25882549,54.51597910,EPSG:32653,1061,1065,10,0,446714.565986,0,-10,6046509.92491
S1_20201007_42104400201.tif,2020-10-07,42104400201,2020,train,134.13016247,53.70963350,EPSG:32653,1062,1067,10,0,437277.157753,0,-10,5956902.41576
S1_20201007_42104400231.tif,2020-10-07,42104400231,2020,train,133.25699267,54.20146454,EPSG:32653,1076,1080,10,0,380924.565986,0,-10,6012739.92491
S1_20201007_42104400431.tif,2020-10-07,42104400431,2020,valid,132.60239703,54.44255925,EPSG:32653,1086,1090,10,0,339094.565986,0,-10,6040859.92491
S1_20201007_42214000336.tif,2020-10-07,42214000336,2020,train,136.75928211,51.76865261,EPSG:32653,1075,1079,10,0,616017.822618,0,-10,5742166.77988
S1_20201007_42217000271.tif,2020-10-07,42217000271,2020,train,135.20250102,48.67471998,EPSG:32653,1052,1056,10,0,509647.642671,0,-10,5396596.75446
S1_20201007_42269000631.tif,2020-10-07,42269000631,2020,valid,125.52662218,55.27223647,EPSG:32652,1102,1106,10,0,273857.430654,0,-10,6136115.39875
S1_20201007_43304000293.tif,2020-10-07,43304000293,2020,train,119.31192709,35.94109070,EPSG:32650,1074,1076,10,0,703171.101333,0,-10,3985264.90723
S1_20201007_43305600034.tif,2020-10-07,43305600034,2020,train,120.11821776,36.29523569,EPSG:32651,1080,1082,10,0,235810.432799,0,-10,4025959.55416
S1_20201007_43504800053.tif,2020-10-07,43504800053,2020,train,118.84303150,29.51408751,EPSG:32650,1065,1067,10,0,673306.674589,0,-10,3271694.96175
S1_20201007_43670601291.tif,2020-10-07,43670601291,2020,train,109.24714442,22.14460504,EPSG:32649,1061,1061,10,0,313927.44825,0,-10,2455180.37235
S1_20201007_45247201834.tif,2020-10-07,45247201834,2020,train,79.05710814,23.62492911,EPSG:32644,1062,1064,10,0,296481.90907,0,-10,2619369.08708
S1_20201007_45247700041.tif,2020-10-07,45247700041,2020,train,79.52881639,26.31950995,EPSG:32644,1060,1061,10,0,347858.078545,0,-10,2917209.31756
S1_20201007_45647000811.tif,2020-10-07,45647000811,2020,train,76.39492818,31.34374181,EPSG:32643,1061,1063,10,0,627389.282143,0,-10,3473853.50964
S1_20201007_57206000123.tif,2020-10-07,57206000123,2020,train,170.27063522,-44.61430326,EPSG:32759,1058,1062,10,0,436840.517525,0,-10,5064945.46685
S1_20201007_62264400111.tif,2020-10-07,62264400111,2020,train,-62.05278951,-9.56110741,EPSG:32720,1050,1050,10,0,598700.794925,0,-10,8948219.65803
S1_20201007_62264400151.tif,2020-10-07,62264400151,2020,valid,-62.30072045,-9.73627938,EPSG:32720,1050,1050,10,0,571450.693214,0,-10,8928916.00375
S1_20201007_62266201131.tif,2020-10-07,62266201131,2020,train,-69.14594346,-11.91551558,EPSG:32719,1048,1049,10,0,478867.781547,0,-10,8688029.27866
S1_20201007_62292600521.tif,2020-10-07,62292600521,2020,valid,-68.26057581,-10.60107058,EPSG:32719,1050,1050,10,0,575636.318439,0,-10,8833283.78336
S1_20201007_62298400051.tif,2020-10-07,62298400051,2020,train,-75.64028580,-5.12604094,EPSG:32718,1048,1048,10,0,423793.813017,0,-10,9438607.8728
S1_20201007_62460800101.tif,2020-10-07,62460800101,2020,train,-50.39143802,-11.72312451,EPSG:32722,1050,1050,10,0,561065.495846,0,-10,8709240.85453
S1_20201007_62460900441.tif,2020-10-07,62460900441,2020,train,-50.31853448,-12.71376654,EPSG:32722,1050,1051,10,0,568734.407594,0,-10,8599675.57858
S1_20201007_62480600011.tif,2020-10-07,62480600011,2020,train,-52.15526902,-14.61760831,EPSG:32722,1053,1054,10,0,370309.581718,0,-10,8388920.91737
S1_20201007_63550800151.tif,2020-10-07,63550800151,2020,train,-40.61700479,-18.33750128,EPSG:32724,1057,1058,10,0,323844.918959,0,-10,7977005.24932
S1_20201007_64229300054.tif,2020-10-07,64229300054,2020,valid,-63.53632207,-27.25209376,EPSG:32720,1053,1054,10,0,441642.421833,0,-10,6990798.76663
S1_20201007_64245700491.tif,2020-10-07,64245700491,2020,train,-57.85276785,-21.18180496,EPSG:32721,1054,1054,10,0,406208.183747,0,-10,7662763.25155
S1_20201007_64249900111.tif,2020-10-07,64249900111,2020,valid,-55.33144418,-14.84474868,EPSG:32721,1056,1056,10,0,674253.177793,0,-10,8363455.48644
S1_20201007_64299000163.tif,2020-10-07,64299000163,2020,train,-45.71169682,-20.78651046,EPSG:32723,1053,1053,10,0,420663.09524,0,-10,7706581.27054
S1_20201007_66220000571.tif,2020-10-07,66220000571,2020,train,-71.40768687,-38.52101614,EPSG:32719,1076,1079,10,0,284721.848585,0,-10,5739022.0132
S1_20201007_66220000926.tif,2020-10-07,66220000926,2020,train,-71.53930964,-38.16939992,EPSG:32719,1078,1080,10,0,272161.848585,0,-10,5777742.0132
S1_20201007_66405500153.tif,2020-10-07,66405500153,2020,valid,-69.02908541,-16.52959148,EPSG:32719,1048,1048,10,0,491656.435401,0,-10,8177722.48754
S1_20201007_66405900073.tif,2020-10-07,66405900073,2020,valid,-69.58134032,-15.62362228,EPSG:32719,1051,1051,10,0,432430.46729,0,-10,8277866.56424
S1_20201007_73190300075.tif,2020-10-07,73190300075,2020,train,-76.75065735,37.84690598,EPSG:32618,1069,1071,10,0,340626.999287,0,-10,4195628.17596
S1_20201007_73190900085.tif,2020-10-07,73190900085,2020,train,-76.26045625,36.83858712,EPSG:32618,1063,1065,10,0,382295.368839,0,-10,4083032.82825
S1_20201007_73190900115.tif,2020-10-07,73190900115,2020,train,-76.41403691,36.93570192,EPSG:32618,1064,1067,10,0,368755.111233,0,-10,4094008.48242
S1_20201007_73240200113.tif,2020-10-07,73240200113,2020,train,-81.26296351,34.21461621,EPSG:32617,1051,1054,10,0,470522.101153,0,-10,3791253.86969
S1_20201007_74230800373.tif,2020-10-07,74230800373,2020,train,-89.85376486,34.14852495,EPSG:32615,1082,1083,10,0,784685.668661,0,-10,3788513.03031
S1_20201007_74269400301.tif,2020-10-07,74269400301,2020,train,-82.37299752,40.05178601,EPSG:32617,1065,1068,10,0,377562.975029,0,-10,4439748.00843
S1_20201007_74284100151.tif,2020-10-07,74284100151,2020,train,-92.77494475,41.25681990,EPSG:32615,1052,1054,10,0,513593.838876,0,-10,4572561.56273
S1_20201007_74285000231.tif,2020-10-07,74285000231,2020,train,-92.14466056,41.24485497,EPSG:32615,1059,1062,10,0,566373.838876,0,-10,4571601.56273
S1_20201007_74286200011.tif,2020-10-07,74286200011,2020,train,-91.36447028,41.30887885,EPSG:32615,1069,1071,10,0,631563.838876,0,-10,4579691.56273
S1_20201007_74287300694.tif,2020-10-07,74287300694,2020,train,-92.02785737,42.53052154,EPSG:32615,1061,1064,10,0,574533.677878,0,-10,4714460.03347
S1_20201007_74287500476.tif,2020-10-07,74287500476,2020,train,-91.35412504,43.43028914,EPSG:32615,1070,1073,10,0,627863.677878,0,-10,4815280.03347
S1_20201007_75218100574.tif,2020-10-07,75218100574,2020,train,-105.27972235,28.98520792,EPSG:32613,1050,1053,10,0,467501.126037,0,-10,3211644.01516
S1_20201007_75218700011.tif,2020-10-07,75218700011,2020,valid,-105.36680719,27.57690821,EPSG:32613,1052,1052,10,0,458534.568294,0,-10,3055649.41567
S1_20201007_75219100174.tif,2020-10-07,75219100174,2020,train,-107.24630827,32.70106859,EPSG:32613,1071,1073,10,0,284076.851462,0,-10,3625743.89103
S1_20201007_77153800131.tif,2020-10-07,77153800131,2020,train,-106.35069879,24.00012769,EPSG:32613,1058,1059,10,0,357320.535736,0,-10,2660194.43786
S1_20201007_81270400021.tif,2020-10-07,81270400021,2020,train,-144.75778948,66.11638609,EPSG:32606,1088,1094,10,0,595844.864934,0,-10,7340165.30843
S1_20201008_12237700011.tif,2020-10-08,12237700011,2020,train,31.17320684,-15.75839653,EPSG:32736,1057,1058,10,0,299001.932388,0,-10,8262231.60843
S1_20201009_35601100061.tif,2020-10-09,35601100061,2020,train,162.86127102,62.77971411,EPSG:32658,1084,1090,10,0,385447.159463,0,-10,6968307.56692
S1_20201010_12221700064.tif,2020-10-10,12221700064,2020,train,34.73718325,-15.80636132,EPSG:32736,1057,1057,10,0,680781.357777,0,-10,8257000.16417
S1_20201010_17211100561.tif,2020-10-10,17211100561,2020,valid,30.75483257,27.75900190,EPSG:32636,1068,1069,10,0,273388.012274,0,-10,3077871.1121
S1_20201010_17297600063.tif,2020-10-10,17297600063,2020,train,33.69709153,-0.22793837,EPSG:32736,1047,1048,10,0,572335.150634,0,-10,9980044.08236
S1_20201010_21307400011.tif,2020-10-10,21307400011,2020,train,22.65434744,39.91528203,EPSG:32634,1068,1071,10,0,636052.472232,0,-10,4425019.41017
S1_20201010_21307400094.tif,2020-10-10,21307400094,2020,train,22.39962063,39.64446792,EPSG:32634,1066,1068,10,0,614760.73956,0,-10,4394573.79306
S1_20201010_21402000011.tif,2020-10-10,21402000011,2020,train,12.24613838,45.18359776,EPSG:32633,1085,1088,10,0,278223.290079,0,-10,5012475.80242
S1_20201010_25104000051.tif,2020-10-10,25104000051,2020,train,10.31693132,60.19444703,EPSG:32632,1071,1076,10,0,567665.643456,0,-10,6679174.85486
S1_20201010_25106000593.tif,2020-10-10,25106000593,2020,train,9.47467231,59.21433681,EPSG:32632,1057,1062,10,0,521816.197257,0,-10,6569325.38392
S1_20201010_31283000151.tif,2020-10-10,31283000151,2020,valid,66.33829981,51.05681334,EPSG:32642,1088,1091,10,0,308031.78258,0,-10,5664968.65018
S1_20201010_32216300331.tif,2020-10-10,32216300331,2020,train,92.61174758,67.81846837,EPSG:32646,1057,1063,10,0,478357.197417,0,-10,7527991.68274
S1_20201010_32226000251.tif,2020-10-10,32226000251,2020,train,95.56560044,64.75798361,EPSG:32647,1107,1112,10,0,331108.653386,0,-10,7191473.01833
S1_20201010_32241000301.tif,2020-10-10,32241000301,2020,train,92.14121259,62.18278726,EPSG:32646,1064,1070,10,0,449969.706325,0,-10,6900189.46259
S1_20201010_32241000591.tif,2020-10-10,32241000591,2020,valid,91.04748200,62.15835810,EPSG:32646,1081,1087,10,0,392869.706325,0,-10,6898789.46259
S1_20201010_32253000171.tif,2020-10-10,32253000171,2020,train,90.58489763,60.99439751,EPSG:32646,1088,1093,10,0,363934.654515,0,-10,6770036.56507
S1_20201010_34100000341.tif,2020-10-10,34100000341,2020,train,125.54811886,72.37163843,EPSG:32651,1095,1101,10,0,580632.355928,0,-10,8037716.6163
S1_20201010_34211101585.tif,2020-10-10,34211101585,2020,train,126.85539138,72.65726445,EPSG:32652,1088,1094,10,0,423219.920006,0,-10,8068991.93216
S1_20201010_34211102066.tif,2020-10-10,34211102066,2020,valid,125.64801639,72.38769154,EPSG:32651,1096,1102,10,0,583922.355928,0,-10,8039656.6163
S1_20201010_34217900641.tif,2020-10-10,34217900641,2020,train,123.68416878,66.02866231,EPSG:32651,1061,1068,10,0,525711.724325,0,-10,7328614.0482
S1_20201010_34218000051.tif,2020-10-10,34218000051,2020,valid,124.04555463,64.89219528,EPSG:32651,1068,1073,10,0,544161.724325,0,-10,7202214.0482
S1_20201010_34223600061.tif,2020-10-10,34223600061,2020,train,119.60606454,63.75356818,EPSG:32651,1106,1110,10,0,327064.4438,0,-10,7079552.84754
S1_20201010_35139000175.tif,2020-10-10,35139000175,2020,train,150.19676652,71.23781852,EPSG:32655,1105,1111,10,0,609186.759202,0,-10,7912506.97379
S1_20201010_35185600261.tif,2020-10-10,35185600261,2020,train,148.32096341,66.00002318,EPSG:32656,1127,1132,10,0,282157.816402,0,-10,7333494.2795
S1_20201010_35601500041.tif,2020-10-10,35601500041,2020,train,156.59585690,61.58640644,EPSG:32657,1089,1094,10,0,366949.330919,0,-10,6835931.98843
S1_20201010_41301103814.tif,2020-10-10,41301103814,2020,train,134.37957557,34.81625998,EPSG:32653,1056,1057,10,0,437978.592418,0,-10,3858127.708
S1_20201010_41301104093.tif,2020-10-10,41301104093,2020,valid,134.69394760,34.79766301,EPSG:32653,1051,1054,10,0,466748.592418,0,-10,3855917.708
S1_20201010_41301104104.tif,2020-10-10,41301104104,2020,valid,134.69511622,34.80686399,EPSG:32653,1051,1054,10,0,466858.592418,0,-10,3856937.708
S1_20201010_41301106816.tif,2020-10-10,41301106816,2020,train,134.67757016,34.77841301,EPSG:32653,1052,1054,10,0,465238.592418,0,-10,3853787.708
S1_20201010_42246300401.tif,2020-10-10,42246300401,2020,train,126.48789592,43.66390526,EPSG:32651,1094,1096,10,0,775750.990842,0,-10,4845938.24879
S1_20201010_42304000136.tif,2020-10-10,42304000136,2020,train,138.78326535,47.22592364,EPSG:32654,1079,1082,10,0,326791.380727,0,-10,5238064.16043
S1_20201010_42440200801.tif,2020-10-10,42440200801,2020,valid,124.58753594,40.88291903,EPSG:32651,1069,1070,10,0,628407.669949,0,-10,4532323.07478
S1_20201010_42440300161.tif,2020-10-10,42440300161,2020,train,124.67117117,40.59275820,EPSG:32651,1069,1072,10,0,636067.669949,0,-10,4500253.07478
S1_20201010_42440401756.tif,2020-10-10,42440401756,2020,train,124.88737842,40.82795752,EPSG:32651,1072,1074,10,0,653787.669949,0,-10,4526743.07478
S1_20201010_42460001031.tif,2020-10-10,42460001031,2020,train,123.74972378,41.11057700,EPSG:32651,1058,1060,10,0,557657.669949,0,-10,4556603.07478
S1_20201010_42460001951.tif,2020-10-10,42460001951,2020,train,124.45247339,41.18884693,EPSG:32651,1066,1069,10,0,616477.669949,0,-10,4566083.07478
S1_20201010_43428200564.tif,2020-10-10,43428200564,2020,train,116.34998303,31.24146262,EPSG:32650,1054,1056,10,0,432831.734847,0,-10,3461824.66844
S1_20201010_43428300313.tif,2020-10-10,43428300313,2020,train,116.42555256,32.39759593,EPSG:32650,1054,1056,10,0,440705.431603,0,-10,3589932.69666
S1_20201010_43428900474.tif,2020-10-10,43428900474,2020,train,114.13245186,32.08943293,EPSG:32650,1077,1078,10,0,223973.407846,0,-10,3559338.44599
S1_20201010_43430600716.tif,2020-10-10,43430600716,2020,train,116.70552963,31.30110089,EPSG:32650,1051,1053,10,0,466721.734847,0,-10,3468274.66844
S1_20201010_43430800164.tif,2020-10-10,43430800164,2020,train,116.49287640,30.66209923,EPSG:32650,1053,1054,10,0,446151.734847,0,-10,3397534.66844
S1_20201010_43430800366.tif,2020-10-10,43430800366,2020,train,116.54333852,30.76316894,EPSG:32650,1053,1054,10,0,451031.734847,0,-10,3408714.66844
S1_20201010_43430900091.tif,2020-10-10,43430900091,2020,train,116.35599855,29.84879931,EPSG:32650,1055,1056,10,0,432517.942413,0,-10,3307485.28919
S1_20201010_43441000063.tif,2020-10-10,43441000063,2020,train,116.11924468,29.48103684,EPSG:32650,1057,1058,10,0,409327.942413,0,-10,3266895.28919
S1_20201010_43444000361.tif,2020-10-10,43444000361,2020,valid,115.35177492,29.37092045,EPSG:32650,1064,1065,10,0,334707.942413,0,-10,3255535.28919
S1_20201010_43482400484.tif,2020-10-10,43482400484,2020,train,113.64136436,26.66404779,EPSG:32649,1070,1072,10,0,757543.734687,0,-10,2957306.96724
S1_20201010_43640300185.tif,2020-10-10,43640300185,2020,train,113.80975989,23.09364829,EPSG:32649,1069,1070,10,0,782484.878518,0,-10,2562006.38604
S1_20201010_43650000995.tif,2020-10-10,43650000995,2020,valid,113.46406254,22.86565583,EPSG:32649,1066,1067,10,0,747494.878518,0,-10,2536096.38604
S1_20201010_43662300164.tif,2020-10-10,43662300164,2020,train,112.95257119,23.59909523,EPSG:32649,1062,1063,10,0,693924.878518,0,-10,2616516.38604
S1_20201010_43662300241.tif,2020-10-10,43662300241,2020,valid,112.87751250,23.87234475,EPSG:32649,1062,1063,10,0,685864.878518,0,-10,2646676.38604
S1_20201010_43662400151.tif,2020-10-10,43662400151,2020,train,112.74846612,24.47539149,EPSG:32649,1061,1062,10,0,671892.171671,0,-10,2713291.02139
S1_20201010_43663100381.tif,2020-10-10,43663100381,2020,train,112.07641904,22.51248072,EPSG:32649,1055,1057,10,0,605434.878518,0,-10,2495236.38604
S1_20201010_44588000171.tif,2020-10-10,44588000171,2020,train,97.73355680,26.58917063,EPSG:32647,1058,1059,10,0,368600.014937,0,-10,2946852.32499
S1_20201010_45100300506.tif,2020-10-10,45100300506,2020,train,93.12596217,20.48065108,EPSG:32646,1049,1049,10,0,507890.854478,0,-10,2269921.66198
S1_20201010_45100500291.tif,2020-10-10,45100500291,2020,valid,92.19422206,21.79226094,EPSG:32646,1054,1055,10,0,411434.32602,0,-10,2415325.8977
S1_20201010_45242200321.tif,2020-10-10,45242200321,2020,train,85.37363306,27.03900235,EPSG:32645,1062,1063,10,0,333372.603539,0,-10,2997111.12135
S1_20201010_45590001056.tif,2020-10-10,45590001056,2020,train,67.89605408,24.00065639,EPSG:32642,1056,1058,10,0,382432.363364,0,-10,2660029.24512
S1_20201010_45610000251.tif,2020-10-10,45610000251,2020,train,68.33035849,25.18118922,EPSG:32642,1053,1054,10,0,427260.116283,0,-10,2790448.59147
S1_20201010_45610000545.tif,2020-10-10,45610000545,2020,train,67.69034358,24.06473521,EPSG:32642,1058,1059,10,0,361562.363364,0,-10,2667309.24512
S1_20201010_45656000051.tif,2020-10-10,45656000051,2020,train,70.98956915,32.64328646,EPSG:32642,1069,1070,10,0,681272.34596,0,-10,3618840.93847
S1_20201010_45657000064.tif,2020-10-10,45657000064,2020,train,71.52253019,32.91849793,EPSG:32642,1074,1076,10,0,730522.110533,0,-10,3650454.75969
S1_20201010_45657000071.tif,2020-10-10,45657000071,2020,valid,71.56587364,32.96450222,EPSG:32642,1074,1076,10,0,734452.110533,0,-10,3655654.75969
S1_20201010_52501100326.tif,2020-10-10,52501100326,2020,train,119.61765303,-5.05654584,EPSG:32750,1053,1052,10,0,784988.279161,0,-10,9445760.50614
S1_20201010_56424200306.tif,2020-10-10,56424200306,2020,train,143.99908209,-35.42732793,EPSG:32754,1081,1083,10,0,766876.928697,0,-10,6080848.19063
S1_20201010_56429000213.tif,2020-10-10,56429000213,2020,valid,148.81331949,-34.93565159,EPSG:32755,1068,1070,10,0,660267.43182,0,-10,6137941.89006
S1_20201010_56450000101.tif,2020-10-10,56450000101,2020,train,144.48572831,-30.91160196,EPSG:32755,1072,1075,10,0,254354.57105,0,-10,6582860.2579
S1_20201010_56464900031.tif,2020-10-10,56464900031,2020,train,149.16597263,-32.69713362,EPSG:32755,1071,1072,10,0,697689.89728,0,-10,6385574.21401
S1_20201010_56873000151.tif,2020-10-10,56873000151,2020,train,139.66450649,-23.90410335,EPSG:32754,1058,1059,10,0,358766.729526,0,-10,7361043.42661
S1_20201010_61570100091.tif,2020-10-10,61570100091,2020,train,-67.47683595,5.94374759,EPSG:32619,1051,1050,10,0,663349.4683,0,-10,662468.422604
S1_20201010_61570100101.tif,2020-10-10,61570100101,2020,train,-67.54068899,5.89327658,EPSG:32619,1050,1050,10,0,656299.4683,0,-10,656868.422604
S1_20201010_61570700011.tif,2020-10-10,61570700011,2020,train,-67.82059981,4.99729215,EPSG:32619,1049,1049,10,0,625506.32947,0,-10,557727.211765
S1_20201010_62283000291.tif,2020-10-10,62283000291,2020,train,-62.63704732,-1.91107882,EPSG:32720,1047,1047,10,0,535130.503394,0,-10,9793998.3202
S1_20201010_62286500031.tif,2020-10-10,62286500031,2020,train,-62.65488470,0.53406174,EPSG:32620,1048,1047,10,0,533161.268986,0,-10,64265.9635384
S1_20201010_62286500201.tif,2020-10-10,62286500201,2020,train,-63.26588807,1.34197975,EPSG:32620,1048,1047,10,0,465181.268986,0,-10,153565.963538
S1_20201010_62287600951.tif,2020-10-10,62287600951,2020,valid,-68.90824858,-1.20891251,EPSG:32719,1048,1048,10,0,504967.382957,0,-10,9871618.47277
S1_20201010_62292501621.tif,2020-10-10,62292501621,2020,train,-68.74331166,-7.20933274,EPSG:32719,1048,1048,10,0,523098.760449,0,-10,9208342.05601
S1_20201010_62297201911.tif,2020-10-10,62297201911,2020,valid,-69.42409613,-5.80143485,EPSG:32719,1049,1048,10,0,447803.395752,0,-10,9363967.61333
S1_20201010_62297600981.tif,2020-10-10,62297600981,2020,train,-69.99340038,-4.35852835,EPSG:32719,1049,1049,10,0,384526.46367,0,-10,9523414.71326
S1_20201010_62299500171.tif,2020-10-10,62299500171,2020,train,-74.16222709,-9.58918240,EPSG:32718,1050,1050,10,0,586682.243451,0,-10,8945146.42988
S1_20201010_64110400331.tif,2020-10-10,64110400331,2020,train,-49.68925623,-27.24614903,EPSG:32722,1060,1061,10,0,624467.961298,0,-10,6990926.38272
S1_20201010_64120800146.tif,2020-10-10,64120800146,2020,train,-53.90799183,-30.04964525,EPSG:32722,1076,1077,10,0,214230.18132,0,-10,6677533.53132
S1_20201010_65322300043.tif,2020-10-10,65322300043,2020,train,-68.67182910,-38.53382423,EPSG:32719,1052,1055,10,0,523342.452291,0,-10,5740177.34326
S1_20201010_72110600351.tif,2020-10-10,72110600351,2020,valid,-78.96263274,49.68664356,EPSG:32617,1078,1082,10,0,641563.969749,0,-10,5511193.90351
S1_20201010_74225000301.tif,2020-10-10,74225000301,2020,train,-96.40585963,33.74952760,EPSG:32614,1076,1078,10,0,734915.745583,0,-10,3742798.08453
S1_20201010_74242300704.tif,2020-10-10,74242300704,2020,train,-101.55099097,35.71130095,EPSG:32614,1076,1078,10,0,263845.690533,0,-10,3960318.14931
S1_20201010_74292500024.tif,2020-10-10,74292500024,2020,train,-96.89848012,39.07614823,EPSG:32615,1095,1096,10,0,157256.993768,0,-10,4337945.81304
S1_20201010_74297700063.tif,2020-10-10,74297700063,2020,train,-100.49668107,45.94469002,EPSG:32614,1069,1072,10,0,378648.517862,0,-10,5094351.226
S1_20201010_75211000513.tif,2020-10-10,75211000513,2020,train,-99.24329981,26.78638601,EPSG:32614,1050,1051,10,0,470565.476163,0,-10,2968054.02694
S1_20201010_75215100061.tif,2020-10-10,75215100061,2020,train,-100.33837349,28.42215926,EPSG:32614,1060,1061,10,0,363617.579811,0,-10,3150002.33215
S1_20201010_75215100091.tif,2020-10-10,75215100091,2020,train,-100.50964719,28.69210596,EPSG:32614,1062,1063,10,0,347207.579811,0,-10,3180122.33215
S1_20201010_75330500093.tif,2020-10-10,75330500093,2020,train,-96.77685403,20.21556839,EPSG:32614,1062,1063,10,0,726969.14819,0,-10,2242209.13062
S1_20201010_77115800096.tif,2020-10-10,77115800096,2020,valid,-91.33637445,14.39338091,EPSG:32615,1055,1056,10,0,674093.64443,0,-10,1597160.43527
S1_20201010_77141000084.tif,2020-10-10,77141000084,2020,train,-104.88760243,21.77976779,EPSG:32613,1049,1049,10,0,506374.605444,0,-10,2413699.89389
S1_20201010_81310600033.tif,2020-10-10,81310600033,2020,train,-161.11064283,66.11510698,EPSG:32604,1086,1091,10,0,399221.628832,0,-10,7339801.33847
S1_20201010_81380100561.tif,2020-10-10,81380100561,2020,train,-150.00298016,68.43542896,EPSG:32606,1101,1106,10,0,371359.971902,0,-10,7599943.91285
S1_20201010_81380100891.tif,2020-10-10,81380100891,2020,train,-150.07082083,68.89113027,EPSG:32606,1102,1108,10,0,371111.473367,0,-10,7650848.11871
S1_20201010_82226400011.tif,2020-10-10,82226400011,2020,train,-121.33572224,66.90620003,EPSG:32610,1078,1084,10,0,567448.95547,0,-10,7427316.80462
S1_20201011_29380100071.tif,2020-10-11,29380100071,2020,valid,51.44455994,28.38962973,EPSG:32639,1052,1054,10,0,538292.266188,0,-10,3145715.21527
S1_20201011_62292900971.tif,2020-10-11,62292900971,2020,train,-70.78699328,-9.62444773,EPSG:32719,1053,1053,10,0,298637.645986,0,-10,8940863.03439
S1_20201011_62296401121.tif,2020-10-11,62296401121,2020,train,-71.09941701,-8.30291339,EPSG:32719,1054,1054,10,0,263500.011454,0,-10,9086872.39705
S1_20201012_22519000543.tif,2020-10-12,22519000543,2020,train,30.74194783,50.20934378,EPSG:32636,1081,1085,10,0,333478.299279,0,-10,5569772.00958
S1_20201012_22735000151.tif,2020-10-12,22735000151,2020,train,25.78246302,43.71209414,EPSG:32635,1065,1067,10,0,396588.923006,0,-10,4845951.80865
S1_20201012_25109300086.tif,2020-10-12,25109300086,2020,train,13.40216364,66.05580158,EPSG:32633,1077,1082,10,0,422259.474459,0,-10,7332462.03094
S1_20201012_31241600171.tif,2020-10-12,31241600171,2020,train,72.00204587,61.99568311,EPSG:32642,1098,1103,10,0,651731.035674,0,-10,6882852.02118
S1_20201012_35301202581.tif,2020-10-12,35301202581,2020,train,-174.10983851,64.66465815,EPSG:32602,1101,1107,10,0,346055.724104,0,-10,7180259.4254
S1_20201012_35301205785.tif,2020-10-12,35301205785,2020,train,-172.35824007,65.60531718,EPSG:32602,1073,1079,10,0,432041.7868,0,-10,7281989.43551
S1_20201012_74294400571.tif,2020-10-12,74294400571,2020,train,-99.97176650,41.81749451,EPSG:32614,1061,1063,10,0,413985.619249,0,-10,4635284.55044
S1_20201013_12991004771.tif,2020-10-13,12991004771,2020,train,19.69553594,-17.87531078,EPSG:32734,1056,1055,10,0,356519.53057,0,-10,8028401.54723
S1_20201013_17245600171.tif,2020-10-13,17245600171,2020,valid,36.37002951,11.27096314,EPSG:32636,1061,1061,10,0,862706.979904,0,-10,1253362.35907
S1_20201013_17300000924.tif,2020-10-13,17300000924,2020,valid,31.50804532,30.59270531,EPSG:32636,1062,1064,10,0,351649.351536,0,-10,3390732.8199
S1_20201013_18170300526.tif,2020-10-13,18170300526,2020,train,44.68611100,-18.77203967,EPSG:32738,1050,1051,10,0,461668.35751,0,-10,7929621.38523
S1_20201013_22130000421.tif,2020-10-13,22130000421,2020,valid,32.08813521,41.31792387,EPSG:32636,1060,1063,10,0,418380.037016,0,-10,4579766.59565
S1_20201013_22202900331.tif,2020-10-13,22202900331,2020,train,41.39761208,43.64353053,EPSG:32638,1095,1098,10,0,203973.86701,0,-10,4844080.08344
S1_20201013_22519000343.tif,2020-10-13,22519000343,2020,train,31.49079767,49.88683748,EPSG:32636,1070,1075,10,0,386238.332604,0,-10,5532515.96849
S1_20201013_22519000353.tif,2020-10-13,22519000353,2020,valid,31.47671880,49.97096096,EPSG:32636,1071,1074,10,0,385412.357423,0,-10,5541883.99538
S1_20201013_22602300125.tif,2020-10-13,22602300125,2020,train,31.64140445,47.34625614,EPSG:32636,1068,1071,10,0,392041.94375,0,-10,5249893.33938
S1_20201013_22602700041.tif,2020-10-13,22602700041,2020,train,30.62659561,48.11530323,EPSG:32635,1099,1102,10,0,764409.922625,0,-10,5340989.26703
S1_20201013_22602700124.tif,2020-10-13,22602700124,2020,valid,29.86872250,48.32768133,EPSG:32635,1089,1092,10,0,707179.922625,0,-10,5362159.26703
S1_20201013_23140300451.tif,2020-10-13,23140300451,2020,valid,-6.33795317,38.90062658,EPSG:32629,1080,1082,10,0,725451.123922,0,-10,4314528.16577
S1_20201013_23140500031.tif,2020-10-13,23140500031,2020,train,-5.88017061,39.04566736,EPSG:32630,1082,1085,10,0,245329.488402,0,-10,4331217.76101
S1_20201013_23160700744.tif,2020-10-13,23160700744,2020,valid,-3.85360892,39.93827257,EPSG:32630,1059,1062,10,0,421775.151851,0,-10,4426564.88351
S1_20201013_23180200491.tif,2020-10-13,23180200491,2020,train,-5.51305082,40.44493766,EPSG:32630,1079,1081,10,0,281479.554253,0,-10,4485580.97714
S1_20201013_23180400291.tif,2020-10-13,23180400291,2020,train,-5.58091326,42.09150184,EPSG:32629,1092,1094,10,0,777311.87496,0,-10,4671064.73805
S1_20201013_24433000266.tif,2020-10-13,24433000266,2020,train,21.78135939,66.40579196,EPSG:32634,1063,1069,10,0,529583.089943,0,-10,7370705.03413
S1_20201013_24460000231.tif,2020-10-13,24460000231,2020,valid,16.06162385,60.19041155,EPSG:32633,1067,1072,10,0,553537.607706,0,-10,6678450.47063
S1_20201013_24478000031.tif,2020-10-13,24478000031,2020,valid,13.08319440,56.49590031,EPSG:32633,1080,1084,10,0,376596.888915,0,-10,6268340.3305
S1_20201013_27103500031.tif,2020-10-13,27103500031,2020,train,-18.03343335,65.89093334,EPSG:32628,1100,1106,10,0,356278.185137,0,-10,7316624.08738
S1_20201013_28285000291.tif,2020-10-13,28285000291,2020,train,57.32931442,51.25076467,EPSG:32640,1054,1059,10,0,517713.051162,0,-10,5683057.97932
S1_20201013_31248500121.tif,2020-10-13,31248500121,2020,train,83.68443921,53.08615437,EPSG:32644,1088,1093,10,0,674336.609689,0,-10,5890687.86491
S1_20201013_31248500271.tif,2020-10-13,31248500271,2020,valid,82.85640584,52.50567388,EPSG:32644,1076,1081,10,0,620616.609689,0,-10,5824307.86491
S1_20201013_32273900023.tif,2020-10-13,32273900023,2020,train,102.39891589,57.56570848,EPSG:32648,1090,1095,10,0,338967.673239,0,-10,6388817.24371
S1_20201013_32273900383.tif,2020-10-13,32273900383,2020,train,101.96002333,56.88804615,EPSG:32647,1095,1099,10,0,674847.412044,0,-10,6314321.74081
S1_20201013_33123000511.tif,2020-10-13,33123000511,2020,train,91.10238714,73.07553768,EPSG:32646,1084,1090,10,0,432930.177263,0,-10,8115333.07327
S1_20201013_33123000831.tif,2020-10-13,33123000831,2020,train,91.47607079,73.90246760,EPSG:32646,1078,1083,10,0,447450.08638,0,-10,8207174.69749
S1_20201013_33149000421.tif,2020-10-13,33149000421,2020,train,93.39651252,73.30371806,EPSG:32646,1057,1064,10,0,507430.177263,0,-10,8139723.07327
S1_20201013_33149000621.tif,2020-10-13,33149000621,2020,train,92.39144018,73.37420466,EPSG:32646,1061,1068,10,0,475260.177263,0,-10,8147663.07327
S1_20201013_34211200111.tif,2020-10-13,34211200111,2020,train,127.65182441,71.69897480,EPSG:32652,1074,1080,10,0,447383.596324,0,-10,7961283.96433
S1_20201013_34214000191.tif,2020-10-13,34214000191,2020,train,124.39326236,67.63011504,EPSG:32652,1126,1132,10,0,298865.87185,0,-10,7514559.48518
S1_20201013_34217800251.tif,2020-10-13,34217800251,2020,train,127.10824270,66.46192022,EPSG:32652,1082,1087,10,0,410295.87185,0,-10,7378109.48518
S1_20201013_34300000101.tif,2020-10-13,34300000101,2020,train,129.73030999,70.89412214,EPSG:32652,1063,1069,10,0,521363.596324,0,-10,7871093.96433
S1_20201013_35301200301.tif,2020-10-13,35301200301,2020,valid,-178.55728965,67.11298319,EPSG:32601,1077,1082,10,0,427034.439255,0,-10,7450231.42385
S1_20201013_35301205876.tif,2020-10-13,35301205876,2020,valid,-179.24789361,67.16398962,EPSG:32601,1088,1094,10,0,397224.439255,0,-10,7456891.42385
S1_20201013_35412400481.tif,2020-10-13,35412400481,2020,train,179.11469357,66.00074074,EPSG:32660,1086,1091,10,0,590531.319431,0,-10,7327065.64938
S1_20201013_35412400581.tif,2020-10-13,35412400581,2020,train,178.77819824,66.18223858,EPSG:32660,1080,1085,10,0,574721.319431,0,-10,7346785.64938
S1_20201013_35412900466.tif,2020-10-13,35412900466,2020,train,176.75059531,66.66907524,EPSG:32660,1055,1060,10,0,483702.741505,0,-10,7399812.34176
S1_20201013_35450400871.tif,2020-10-13,35450400871,2020,train,168.11677901,63.64548224,EPSG:32658,1100,1106,10,0,648830.814802,0,-10,7066802.90642
S1_20201013_41305500201.tif,2020-10-13,41305500201,2020,train,130.70757233,32.79627802,EPSG:32652,1066,1067,10,0,654559.728671,0,-10,3635328.43953
S1_20201013_42249500526.tif,2020-10-13,42249500526,2020,valid,124.52873742,48.20553657,EPSG:32652,1110,1114,10,0,162278.447485,0,-10,5354387.46783
S1_20201013_42249700273.tif,2020-10-13,42249700273,2020,valid,124.51767541,48.54409052,EPSG:32651,1070,1074,10,0,606664.629049,0,-10,5383258.49079
S1_20201013_42249900071.tif,2020-10-13,42249900071,2020,train,125.15999223,49.66635046,EPSG:32652,1103,1106,10,0,217416.560667,0,-10,5514147.58489
S1_20201013_44584600021.tif,2020-10-13,44584600021,2020,train,97.49546736,22.71588279,EPSG:32647,1059,1060,10,0,340184.840492,0,-10,2518152.19098
S1_20201013_45244400221.tif,2020-10-13,45244400221,2020,valid,80.62120521,28.33030783,EPSG:32644,1051,1053,10,0,457614.975349,0,-10,3139116.38846
S1_20201013_45244400781.tif,2020-10-13,45244400781,2020,train,80.41446529,29.64451012,EPSG:32644,1054,1055,10,0,438055.833434,0,-10,3284813.49562
S1_20201013_45244500471.tif,2020-10-13,45244500471,2020,train,80.39278361,28.75913442,EPSG:32644,1053,1055,10,0,435454.975349,0,-10,3186726.38846
S1_20201013_45246900141.tif,2020-10-13,45246900141,2020,train,79.64906809,30.03149133,EPSG:32644,1061,1062,10,0,364435.833434,0,-10,3328353.49562
S1_20201013_45247800261.tif,2020-10-13,45247800261,2020,valid,78.84007755,26.42447469,EPSG:32644,1066,1067,10,0,279261.718797,0,-10,2929835.53906
S1_20201013_46327800201.tif,2020-10-13,46327800201,2020,train,79.96083300,45.92132641,EPSG:32644,1063,1066,10,0,414106.063707,0,-10,5091161.34766
S1_20201013_48250300591.tif,2020-10-13,48250300591,2020,valid,83.36391337,40.97981556,EPSG:32645,1093,1096,10,0,188612.217873,0,-10,4548366.91605
S1_20201013_56299700056.tif,2020-10-13,56299700056,2020,train,144.13757283,-14.68132658,EPSG:32754,1064,1064,10,0,832635.101291,0,-10,8379893.30185
S1_20201013_56410500241.tif,2020-10-13,56410500241,2020,train,140.90065681,-33.95291428,EPSG:32754,1050,1052,10,0,485570.811391,0,-10,6248320.32952
S1_20201013_56821700131.tif,2020-10-13,56821700131,2020,train,141.26519888,-27.59082697,EPSG:32754,1051,1051,10,0,520917.904679,0,-10,6953349.42325
S1_20201013_61589000251.tif,2020-10-13,61589000251,2020,train,-64.25140432,2.24608704,EPSG:32620,1049,1048,10,0,355600.19446,0,-10,253560.94511
S1_20201013_62295600181.tif,2020-10-13,62295600181,2020,train,-65.83529582,-3.43242385,EPSG:32720,1052,1051,10,0,179676.200796,0,-10,9625397.46312
S1_20201013_62298800421.tif,2020-10-13,62298800421,2020,train,-78.04775494,-3.04726563,EPSG:32717,1051,1051,10,0,822939.964667,0,-10,9667987.61515
S1_20201013_64217000045.tif,2020-10-13,64217000045,2020,train,-60.23688622,-33.21418814,EPSG:32720,1077,1078,10,0,752148.328887,0,-10,6326954.57173
S1_20201013_64218300181.tif,2020-10-13,64218300181,2020,train,-61.78816193,-33.02738671,EPSG:32720,1061,1062,10,0,607868.328887,0,-10,6350334.57173
S1_20201013_64231000353.tif,2020-10-13,64231000353,2020,valid,-60.06084300,-31.26029151,EPSG:32720,1077,1078,10,0,774496.75867,0,-10,6543213.40243
S1_20201013_64278900414.tif,2020-10-13,64278900414,2020,valid,-46.54153767,-23.50216241,EPSG:32723,1059,1060,10,0,337303.256307,0,-10,7405344.69288
S1_20201013_64278900471.tif,2020-10-13,64278900471,2020,train,-46.72291691,-23.66253040,EPSG:32723,1061,1062,10,0,318983.256307,0,-10,7387384.69288
S1_20201013_71352500111.tif,2020-10-13,71352500111,2020,train,-87.00894548,54.73779660,EPSG:32616,1051,1054,10,0,494169.045103,0,-10,6070884.35902
S1_20201013_72557400284.tif,2020-10-13,72557400284,2020,train,-81.24525717,42.97514621,EPSG:32617,1052,1055,10,0,474741.432836,0,-10,4763359.00919
S1_20201013_72557400291.tif,2020-10-13,72557400291,2020,train,-81.17503323,42.97018724,EPSG:32617,1051,1054,10,0,480471.432836,0,-10,4762789.00919
S1_20201013_73114001666.tif,2020-10-13,73114001666,2020,train,-70.13970592,44.93787366,EPSG:32619,1064,1067,10,0,404756.698749,0,-10,4982015.7535
S1_20201013_73118000194.tif,2020-10-13,73118000194,2020,train,-71.46448857,43.10164796,EPSG:32619,1080,1083,10,0,294050.850384,0,-10,4780465.83089
S1_20201013_73282100211.tif,2020-10-13,73282100211,2020,train,-88.10326666,31.94025681,EPSG:32616,1060,1061,10,0,390420.193376,0,-10,3539649.82689
S1_20201013_73282500174.tif,2020-10-13,73282500174,2020,train,-87.59193194,33.20778876,EPSG:32616,1055,1056,10,0,439558.767437,0,-10,3679758.88301
S1_20201013_73282800406.tif,2020-10-13,73282800406,2020,train,-87.35090584,33.99799253,EPSG:32616,1053,1054,10,0,462328.767437,0,-10,3767258.88301
S1_20201013_73290001486.tif,2020-10-13,73290001486,2020,train,-88.73637586,32.02035664,EPSG:32616,1065,1068,10,0,330690.193376,0,-10,3549349.82689
S1_20201013_74252900191.tif,2020-10-13,74252900191,2020,valid,-93.06662664,36.67584839,EPSG:32615,1050,1052,10,0,488796.753287,0,-10,4064176.22907
S1_20201013_74262100143.tif,2020-10-13,74262100143,2020,valid,-87.95089882,36.29752110,EPSG:32616,1059,1061,10,0,409324.635238,0,-10,4022673.15261
S1_20201013_74269900231.tif,2020-10-13,74269900231,2020,train,-79.50407289,41.15811353,EPSG:32617,1067,1070,10,0,620175.566345,0,-10,4562737.8777
S1_20201013_74286400151.tif,2020-10-13,74286400151,2020,train,-92.85677660,43.27993001,EPSG:32615,1051,1054,10,0,506365.768711,0,-10,4797181.2678
S1_20201013_74289500031.tif,2020-10-13,74289500031,2020,valid,-93.21061305,44.95509911,EPSG:32615,1052,1055,10,0,478127.510337,0,-10,4983259.07274
S1_20201013_75216900041.tif,2020-10-13,75216900041,2020,train,-104.33805032,32.87709738,EPSG:32613,1055,1057,10,0,556647.741351,0,-10,3643141.26278
S1_20201013_81210900516.tif,2020-10-13,81210900516,2020,train,-159.25776925,63.52020853,EPSG:32604,1054,1060,10,0,481906.235129,0,-10,7048877.28709
S1_20201013_81292900181.tif,2020-10-13,81292900181,2020,valid,-139.06864695,61.42961569,EPSG:32607,1081,1086,10,0,597629.501967,0,-10,6817596.74372
S1_20201014_31380000201.tif,2020-10-14,31380000201,2020,train,80.38159283,68.33921304,EPSG:32644,1061,1067,10,0,469221.898754,0,-10,7586147.07735
S1_20201015_12520900204.tif,2020-10-15,12520900204,2020,train,31.79688162,-25.63551517,EPSG:32736,1057,1059,10,0,373935.003345,0,-10,7169425.85137
S1_20201015_14696000061.tif,2020-10-15,14696000061,2020,train,-9.58483161,13.69896633,EPSG:32629,1050,1051,10,0,431511.253807,0,-10,1519765.32152
S1_20201015_21103600071.tif,2020-10-15,21103600071,2020,train,33.47737006,36.52769163,EPSG:32636,1054,1056,10,0,537465.919681,0,-10,4047865.72121
S1_20201015_21103600131.tif,2020-10-15,21103600131,2020,train,33.29747317,36.74567141,EPSG:32636,1052,1055,10,0,521295.919681,0,-10,4071975.72121
S1_20201015_31299400021.tif,2020-10-15,31299400021,2020,train,86.26807612,47.95423092,EPSG:32645,1060,1063,10,0,440053.645371,0,-10,5316787.40811
S1_20201015_42249500411.tif,2020-10-15,42249500411,2020,train,123.82124869,47.35706565,EPSG:32651,1060,1064,10,0,556718.560647,0,-10,5250491.72283
S1_20201015_56400100091.tif,2020-10-15,56400100091,2020,train,144.32474763,-29.51975901,EPSG:32755,1073,1074,10,0,235331.008455,0,-10,6736813.12088
S1_20201015_56430100301.tif,2020-10-15,56430100301,2020,valid,142.36357015,-32.95080009,EPSG:32754,1062,1064,10,0,622144.6445,0,-10,6358662.32096
S1_20201015_63304300383.tif,2020-10-15,63304300383,2020,train,-38.44821940,-5.53483202,EPSG:32724,1049,1048,10,0,555870.9427,0,-10,9393427.3025
S1_20201015_81296000131.tif,2020-10-15,81296000131,2020,train,-133.59327071,61.55072621,EPSG:32608,1073,1078,10,0,569394.236739,0,-10,6830329.22628
S1_20201016_12291900176.tif,2020-10-16,12291900176,2020,train,23.08040119,-15.61459594,EPSG:32734,1058,1059,10,0,717759.242454,0,-10,8277899.79916
S1_20201016_12480000031.tif,2020-10-16,12480000031,2020,valid,28.84366985,-22.14534241,EPSG:32735,1061,1062,10,0,684829.278752,0,-10,7555242.11615
S1_20201016_12499000151.tif,2020-10-16,12499000151,2020,valid,27.24430774,-24.57927487,EPSG:32735,1050,1050,10,0,519486.358784,0,-10,7286865.29962
S1_20201016_12602000261.tif,2020-10-16,12602000261,2020,valid,18.84161658,-33.10720370,EPSG:32734,1070,1072,10,0,293247.640106,0,-10,6340115.70741
S1_20201016_12950200011.tif,2020-10-16,12950200011,2020,train,23.47724859,-19.96087882,EPSG:32734,1064,1064,10,0,753939.484278,0,-10,7796253.67575
S1_20201016_14450700241.tif,2020-10-16,14450700241,2020,train,-2.78995758,10.16042939,EPSG:32630,1048,1048,10,0,517768.373543,0,-10,1128397.65562
S1_20201016_16281000021.tif,2020-10-16,16281000021,2020,train,18.12032699,9.44090361,EPSG:32633,1058,1058,10,0,837413.613729,0,-10,1050419.67523
S1_20201016_17267000011.tif,2020-10-16,17267000011,2020,train,33.00321033,7.94029224,EPSG:32636,1048,1048,10,0,495113.826632,0,-10,882937.076318
S1_20201016_18193300281.tif,2020-10-16,18193300281,2020,train,49.08337636,-13.02369570,EPSG:32739,1056,1057,10,0,286863.39279,0,-10,8564745.18907
S1_20201016_18193400086.tif,2020-10-16,18193400086,2020,train,49.81621176,-14.29153067,EPSG:32739,1054,1053,10,0,367046.55699,0,-10,8424970.81422
S1_20201016_21302900274.tif,2020-10-16,21302900274,2020,train,24.65445710,42.14626950,EPSG:32634,1094,1097,10,0,796510.007668,0,-10,4677968.50783
S1_20201016_22180000294.tif,2020-10-16,22180000294,2020,train,41.29027717,40.67655633,EPSG:32638,1094,1096,10,0,180983.153513,0,-10,4514953.80104
S1_20201016_22740800221.tif,2020-10-16,22740800221,2020,train,15.50966928,45.46357427,EPSG:32633,1056,1059,10,0,534564.490144,0,-10,5039871.04727
S1_20201016_23216000464.tif,2020-10-16,23216000464,2020,train,0.63350316,44.84429256,EPSG:32630,1096,1099,10,0,781671.462674,0,-10,4977573.6044
S1_20201016_25220000063.tif,2020-10-16,25220000063,2020,train,29.97506313,69.40805324,EPSG:32636,1101,1107,10,0,375802.218337,0,-10,7708331.87
S1_20201016_25251400611.tif,2020-10-16,25251400611,2020,train,35.09096571,67.64697942,EPSG:32636,1086,1091,10,0,583298.484626,0,-10,7510459.09429
S1_20201016_27106000525.tif,2020-10-16,27106000525,2020,train,-20.54954197,63.74480932,EPSG:32627,1058,1063,10,0,516943.458825,0,-10,7073971.45128
S1_20201016_27107000031.tif,2020-10-16,27107000031,2020,train,-20.16062676,64.04170487,EPSG:32627,1064,1070,10,0,535673.458825,0,-10,7107281.45128
S1_20201016_32286100181.tif,2020-10-16,32286100181,2020,train,103.53892124,48.58849401,EPSG:32648,1069,1073,10,0,386911.850954,0,-10,5388107.64877
S1_20201016_32292100021.tif,2020-10-16,32292100021,2020,train,103.62396561,49.43472105,EPSG:32648,1068,1073,10,0,394893.675669,0,-10,5482058.65431
S1_20201016_34224900331.tif,2020-10-16,34224900331,2020,train,110.33996540,65.72563663,EPSG:32649,1062,1067,10,0,464412.25551,0,-10,7294823.25585
S1_20201016_34224900421.tif,2020-10-16,34224900421,2020,valid,109.00681644,66.14073717,EPSG:32649,1083,1089,10,0,404632.25551,0,-10,7342473.25585
S1_20201016_35301203491.tif,2020-10-16,35301203491,2020,train,-176.52026964,66.87639704,EPSG:32601,1059,1064,10,0,515728.388511,0,-10,7423002.24292
S1_20201016_35301206596.tif,2020-10-16,35301206596,2020,train,-176.20731463,66.80534451,EPSG:32601,1064,1070,10,0,529518.388511,0,-10,7415252.24292
S1_20201016_41100400031.tif,2020-10-16,41100400031,2020,train,143.03747350,51.72823869,EPSG:32654,1079,1083,10,0,635317.194733,0,-10,5738192.41665
S1_20201016_42303000031.tif,2020-10-16,42303000031,2020,train,139.92069209,48.60042870,EPSG:32654,1064,1068,10,0,415107.730326,0,-10,5388941.10416
S1_20201016_42440401374.tif,2020-10-16,42440401374,2020,valid,126.58752289,42.05194061,EPSG:32652,1079,1081,10,0,294965.778614,0,-10,4663764.20587
S1_20201016_42440600081.tif,2020-10-16,42440600081,2020,train,126.28614782,41.03204200,EPSG:32652,1082,1084,10,0,266449.50593,0,-10,4551282.44164
S1_20201016_44587100106.tif,2020-10-16,44587100106,2020,train,96.59476185,24.24864197,EPSG:32647,1067,1068,10,0,250450.108909,0,-10,2689201.17491
S1_20201016_45220200351.tif,2020-10-16,45220200351,2020,train,89.94609669,24.94975072,EPSG:32646,1073,1074,10,0,186246.577508,0,-10,2768222.75286
S1_20201016_45253000231.tif,2020-10-16,45253000231,2020,train,89.43629781,26.12639666,EPSG:32645,1068,1070,10,0,738262.747933,0,-10,2897313.16164
S1_20201016_45254000081.tif,2020-10-16,45254000081,2020,train,89.75961877,25.93035561,EPSG:32645,1071,1072,10,0,771050.312163,0,-10,2876243.41334
S1_20201016_45254000511.tif,2020-10-16,45254000511,2020,train,89.64912576,26.41035790,EPSG:32645,1071,1071,10,0,758892.747933,0,-10,2929203.16164
S1_20201016_45270001396.tif,2020-10-16,45270001396,2020,valid,96.00128987,27.47484966,EPSG:32647,1074,1075,10,0,198294.027781,0,-10,3047985.83087
S1_20201016_45380100145.tif,2020-10-16,45380100145,2020,train,79.25983446,10.97348994,EPSG:32644,1054,1054,10,0,304583.364113,0,-10,1218867.98693
S1_20201016_45642800613.tif,2020-10-16,45642800613,2020,valid,73.57628923,33.22969813,EPSG:32643,1063,1065,10,0,362028.064072,0,-10,3682980.06837
S1_20201016_56360100321.tif,2020-10-16,56360100321,2020,train,151.48332029,-25.89968193,EPSG:32756,1060,1062,10,0,342774.496835,0,-10,7139857.223
S1_20201016_56360100353.tif,2020-10-16,56360100353,2020,valid,151.43769924,-26.11523211,EPSG:32756,1061,1062,10,0,338484.496835,0,-10,7115927.223
S1_20201016_61650800203.tif,2020-10-16,61650800203,2020,train,-55.15127154,4.54123894,EPSG:32621,1051,1051,10,0,699856.050492,0,-10,507470.963275
S1_20201016_61650800941.tif,2020-10-16,61650800941,2020,train,-54.91612382,4.84418634,EPSG:32621,1051,1051,10,0,725856.050492,0,-10,541050.963275
S1_20201016_61650801003.tif,2020-10-16,61650801003,2020,train,-55.16982552,4.71928074,EPSG:32621,1051,1050,10,0,697746.050492,0,-10,527150.963275
S1_20201016_61670200221.tif,2020-10-16,61670200221,2020,valid,-53.63891916,4.58163146,EPSG:32622,1052,1052,10,0,201923.538007,0,-10,512217.696479
S1_20201016_62269900131.tif,2020-10-16,62269900131,2020,train,-63.52304978,-16.20255791,EPSG:32720,1051,1050,10,0,438839.148929,0,-10,8213837.37965
S1_20201016_62458000216.tif,2020-10-16,62458000216,2020,train,-49.44593498,-10.00788617,EPSG:32722,1053,1053,10,0,665069.194804,0,-10,8898579.06647
S1_20201016_62460600151.tif,2020-10-16,62460600151,2020,train,-49.77130167,-11.13863079,EPSG:32722,1053,1053,10,0,628909.194804,0,-10,8773679.06647
S1_20201016_63108500131.tif,2020-10-16,63108500131,2020,train,-43.36025941,-4.87983794,EPSG:32723,1051,1051,10,0,676574.734051,0,-10,9465651.8322
S1_20201016_66190400746.tif,2020-10-16,66190400746,2020,train,-71.64196999,-41.26668243,EPSG:32719,1081,1084,10,0,273288.933846,0,-10,5433691.375
S1_20201016_66240000691.tif,2020-10-16,66240000691,2020,train,-70.95077756,-36.02124073,EPSG:32719,1070,1072,10,0,318867.652351,0,-10,6017295.40988
S1_20201016_72390500076.tif,2020-10-16,72390500076,2020,train,-64.01850254,50.29271980,EPSG:32620,1064,1068,10,0,422131.748833,0,-10,5577013.54702
S1_20201016_73140700585.tif,2020-10-16,73140700585,2020,valid,-73.57088009,43.26903579,EPSG:32618,1068,1070,10,0,610636.446448,0,-10,4797032.96767
S1_20201016_73140700606.tif,2020-10-16,73140700606,2020,train,-73.48514781,43.39430882,EPSG:32618,1069,1071,10,0,617336.446448,0,-10,4811072.96767
S1_20201016_73150600896.tif,2020-10-16,73150600896,2020,train,-75.10971257,41.46044692,EPSG:32618,1051,1053,10,0,485582.514612,0,-10,4595143.8959
S1_20201016_73190300086.tif,2020-10-16,73190300086,2020,valid,-76.30236675,37.56434245,EPSG:32618,1063,1065,10,0,379664.98784,0,-10,4163601.73936
S1_20201016_74264900101.tif,2020-10-16,74264900101,2020,train,-84.19765006,36.78449666,EPSG:32616,1080,1082,10,0,744672.443286,0,-10,4080040.0346
S1_20201016_75181000243.tif,2020-10-16,75181000243,2020,train,-98.05495203,30.45503821,EPSG:32614,1057,1059,10,0,585446.000513,0,-10,3374883.31249
S1_20201016_77128000201.tif,2020-10-16,77128000201,2020,train,-98.12819100,17.70706270,EPSG:32614,1053,1053,10,0,587181.099821,0,-10,1963255.51298
S1_20201016_78299100323.tif,2020-10-16,78299100323,2020,train,-114.00693498,42.52496289,EPSG:32611,1087,1089,10,0,740405.555362,0,-10,4717852.17426
S1_20201016_81260800021.tif,2020-10-16,81260800021,2020,train,-137.25250428,67.22045540,EPSG:32608,1088,1094,10,0,397252.981632,0,-10,7463190.04899
S1_20201016_81299000371.tif,2020-10-16,81299000371,2020,train,-132.14049689,59.66602732,EPSG:32608,1095,1099,10,0,655593.511526,0,-10,6623183.48144
S1_20201016_81390400436.tif,2020-10-16,81390400436,2020,train,-147.43955434,69.26649507,EPSG:32606,1059,1064,10,0,477338.509448,0,-10,7689460.30771
S1_20201016_81390500081.tif,2020-10-16,81390500081,2020,valid,-148.52530852,70.02910793,EPSG:32605,1126,1131,10,0,664803.42329,0,-10,7781033.16366
S1_20201016_82211000125.tif,2020-10-16,82211000125,2020,train,-134.31349020,68.66939363,EPSG:32608,1062,1068,10,0,522557.834224,0,-10,7622994.28324
S1_20201016_82211000135.tif,2020-10-16,82211000135,2020,valid,-134.22651969,68.67673133,EPSG:32608,1064,1070,10,0,526067.834224,0,-10,7623864.28324
S1_20201016_82211000495.tif,2020-10-16,82211000495,2020,train,-134.63519636,68.14826352,EPSG:32608,1057,1063,10,0,509867.834224,0,-10,7564754.28324
S1_20201016_82212100495.tif,2020-10-16,82212100495,2020,train,-135.07999651,67.97970974,EPSG:32608,1053,1058,10,0,491387.834224,0,-10,7545894.28324
S1_20201017_28106600136.tif,2020-10-17,28106600136,2020,train,62.51966739,35.52616825,EPSG:32641,1054,1056,10,0,451181.113124,0,-10,3936781.73521
S1_20201017_72530800091.tif,2020-10-17,72530800091,2020,valid,-73.58736243,45.65493784,EPSG:32618,1068,1071,10,0,604721.510852,0,-10,5062035.28134
S1_20201018_12470000031.tif,2020-10-18,12470000031,2020,train,29.12157244,-22.14431207,EPSG:32735,1063,1064,10,0,713489.278752,0,-10,7554992.11615
S1_20201018_25210500081.tif,2020-10-18,25210500081,2020,train,25.80454176,70.13464395,EPSG:32635,1071,1077,10,0,449309.894789,0,-10,7786718.22106
S1_20201018_25210600264.tif,2020-10-18,25210600264,2020,train,24.68643862,69.16871442,EPSG:32635,1090,1096,10,0,402749.125729,0,-10,7680387.31032
S1_20201018_35450201391.tif,2020-10-18,35450201391,2020,train,168.12845042,62.38741169,EPSG:32658,1101,1105,10,0,656224.438723,0,-10,6926778.26052
S1_20201018_45246200171.tif,2020-10-18,45246200171,2020,train,79.86479149,27.92227212,EPSG:32644,1058,1059,10,0,383009.313874,0,-10,3094405.32487
S1_20201019_11720901576.tif,2020-10-19,11720901576,2020,train,38.30898198,0.00001109,EPSG:32737,1047,1048,10,0,417870.118317,0,-10,10005241.2257
S1_20201019_12520100221.tif,2020-10-19,12520100221,2020,train,32.52562588,-25.14585263,EPSG:32736,1052,1053,10,0,446927.357318,0,-10,7224082.93333
S1_20201019_12552000751.tif,2020-10-19,12552000751,2020,train,30.27118450,-28.69933244,EPSG:32736,1073,1074,10,0,228028.363894,0,-10,6827644.76473
S1_20201019_14228600251.tif,2020-10-19,14228600251,2020,train,14.06875175,8.86119951,EPSG:32633,1050,1050,10,0,392349.749541,0,-10,984885.036427
S1_20201019_14258000041.tif,2020-10-19,14258000041,2020,train,3.02906054,11.87546728,EPSG:32631,1048,1048,10,0,497924.949194,0,-10,1318023.2779
S1_20201019_14271900191.tif,2020-10-19,14271900191,2020,train,1.71264526,13.69809125,EPSG:32631,1053,1054,10,0,355522.516151,0,-10,1519977.50849
S1_20201019_14277800391.tif,2020-10-19,14277800391,2020,train,-3.46260894,15.50160314,EPSG:32630,1050,1050,10,0,445133.450812,0,-10,1719110.29389
S1_20201019_14277801241.tif,2020-10-19,14277801241,2020,train,-3.54443472,15.90113464,EPSG:32630,1051,1050,10,0,436465.766261,0,-10,1763325.35418
S1_20201019_17300001116.tif,2020-10-19,17300001116,2020,train,31.44650783,31.21498174,EPSG:32636,1064,1065,10,0,346699.519194,0,-10,3459792.54924
S1_20201019_18120100106.tif,2020-10-19,18120100106,2020,train,43.76485694,-23.57160866,EPSG:32738,1057,1058,10,0,368668.229254,0,-10,7397947.66504
S1_20201019_18140600041.tif,2020-10-19,18140600041,2020,valid,45.70613284,-21.69268728,EPSG:32738,1053,1053,10,0,567779.975775,0,-10,7606286.23698
S1_20201019_18160200121.tif,2020-10-19,18160200121,2020,train,45.59781254,-19.50231637,EPSG:32738,1052,1052,10,0,557469.388287,0,-10,7848741.57712
S1_20201019_18160700266.tif,2020-10-19,18160700266,2020,train,46.10925973,-20.21118063,EPSG:32738,1055,1056,10,0,610609.388287,0,-10,7770041.57712
S1_20201019_18170200151.tif,2020-10-19,18170200151,2020,valid,45.20603593,-18.96662776,EPSG:32738,1049,1050,10,0,516444.616261,0,-10,7908102.4317
S1_20201019_18170400371.tif,2020-10-19,18170400371,2020,train,45.28837076,-17.87272094,EPSG:32738,1049,1050,10,0,525304.616261,0,-10,8029122.4317
S1_20201019_18180700141.tif,2020-10-19,18180700141,2020,valid,46.81510188,-17.29045404,EPSG:32738,1058,1058,10,0,687641.991304,0,-10,8092694.52154
S1_20201019_21306000181.tif,2020-10-19,21306000181,2020,valid,22.34820686,41.38905351,EPSG:32634,1065,1068,10,0,607393.244395,0,-10,4588164.06212
S1_20201019_21306000341.tif,2020-10-19,21306000341,2020,train,21.34467107,42.00360614,EPSG:32634,1054,1056,10,0,523273.244395,0,-10,4655514.06212
S1_20201019_21307500041.tif,2020-10-19,21307500041,2020,train,21.24727699,38.47120846,EPSG:32634,1051,1054,10,0,516315.62366,0,-10,4263397.63903
S1_20201019_21309200306.tif,2020-10-19,21309200306,2020,train,17.84396035,43.70477002,EPSG:32633,1086,1088,10,0,723713.963915,0,-10,4848454.16356
S1_20201019_21309400276.tif,2020-10-19,21309400276,2020,train,16.45442533,43.92063337,EPSG:32633,1068,1071,10,0,611423.079518,0,-10,4869440.93594
S1_20201019_22720900331.tif,2020-10-19,22720900331,2020,train,26.25772997,47.66302934,EPSG:32635,1059,1063,10,0,438975.52672,0,-10,5284430.28861
S1_20201019_22740600394.tif,2020-10-19,22740600394,2020,train,16.11606915,44.87507605,EPSG:32633,1064,1067,10,0,582834.288657,0,-10,4975013.90769
S1_20201019_22762500011.tif,2020-10-19,22762500011,2020,train,23.12076514,45.85416168,EPSG:32634,1077,1081,10,0,659260.582438,0,-10,5085436.07965
S1_20201019_22762600034.tif,2020-10-19,22762600034,2020,train,23.94586062,46.15666945,EPSG:32635,1089,1093,10,0,258738.655209,0,-10,5121454.92016
S1_20201019_22762900141.tif,2020-10-19,22762900141,2020,valid,24.49825277,46.51699831,EPSG:32635,1082,1086,10,0,302689.196675,0,-10,5159962.95436
S1_20201019_23250801264.tif,2020-10-19,23250801264,2020,train,4.56093751,50.42782440,EPSG:32631,1072,1075,10,0,605509.398748,0,-10,5592739.19258
S1_20201019_23262001526.tif,2020-10-19,23262001526,2020,train,6.00004901,48.65297553,EPSG:32632,1091,1094,10,0,273613.426004,0,-10,5398693.83933
S1_20201019_24460000911.tif,2020-10-19,24460000911,2020,valid,14.61055011,61.12859468,EPSG:32633,1056,1062,10,0,473741.569823,0,-10,6782483.38223
S1_20201019_25210400371.tif,2020-10-19,25210400371,2020,train,23.16117006,69.41756539,EPSG:32635,1115,1121,10,0,343895.290764,0,-10,7711251.77625
S1_20201019_25253000061.tif,2020-10-19,25253000061,2020,train,38.58615516,66.56835131,EPSG:32637,1058,1063,10,0,476346.059127,0,-10,7388638.29011
S1_20201019_27108000101.tif,2020-10-19,27108000101,2020,valid,-20.54779737,64.21399182,EPSG:32627,1058,1063,10,0,516658.760352,0,-10,7126253.20371
S1_20201019_31210300031.tif,2020-10-19,31210300031,2020,train,66.90083927,66.59858951,EPSG:32641,1115,1120,10,0,667219.739756,0,-10,7397634.18692
S1_20201019_31210600131.tif,2020-10-19,31210600131,2020,train,66.64809911,66.27811138,EPSG:32641,1111,1116,10,0,658139.755462,0,-10,7361262.84835
S1_20201019_31210900051.tif,2020-10-19,31210900051,2020,train,65.95286897,66.14019594,EPSG:32641,1099,1105,10,0,627749.755462,0,-10,7344202.84835
S1_20201019_31221001071.tif,2020-10-19,31221001071,2020,train,64.29286737,66.47599252,EPSG:32641,1072,1078,10,0,552219.755462,0,-10,7378952.84835
S1_20201019_32100400861.tif,2020-10-19,32100400861,2020,train,80.81336357,70.42662646,EPSG:32643,1147,1153,10,0,711336.775565,0,-10,7829602.40668
S1_20201019_35142600061.tif,2020-10-19,35142600061,2020,train,143.86718461,68.55449505,EPSG:32655,1103,1109,10,0,366705.252209,0,-10,7613485.17845
S1_20201019_35301203573.tif,2020-10-19,35301203573,2020,train,-170.16343469,66.15653579,EPSG:32602,1065,1070,10,0,532410.052399,0,-10,7342960.12182
S1_20201019_35301203753.tif,2020-10-19,35301203753,2020,train,-170.27690848,66.18895766,EPSG:32602,1063,1068,10,0,527260.052399,0,-10,7346500.12182
S1_20201019_42229000141.tif,2020-10-19,42229000141,2020,train,131.82326157,45.41049143,EPSG:32652,1086,1090,10,0,715490.446462,0,-10,5037880.22981
S1_20201019_42229000431.tif,2020-10-19,42229000431,2020,train,130.32283918,44.58239610,EPSG:32652,1066,1070,10,0,599684.672495,0,-10,4942762.62338
S1_20201019_42308200084.tif,2020-10-19,42308200084,2020,train,130.51674786,42.93909975,EPSG:32652,1068,1071,10,0,618410.709312,0,-10,4760522.92476
S1_20201019_42308400421.tif,2020-10-19,42308400421,2020,valid,129.64494101,42.99114214,EPSG:32652,1057,1060,10,0,547290.709312,0,-10,4765332.92476
S1_20201019_42308400914.tif,2020-10-19,42308400914,2020,train,129.25823887,42.88944270,EPSG:32652,1053,1055,10,0,515821.328801,0,-10,4753845.05586
S1_20201019_43110000071.tif,2020-10-19,43110000071,2020,train,119.26897942,39.85526784,EPSG:32650,1076,1078,10,0,688716.858368,0,-10,4419547.2088
S1_20201019_43170000241.tif,2020-10-19,43170000241,2020,train,116.29853637,37.40440600,EPSG:32650,1057,1059,10,0,432633.212152,0,-10,4145261.82707
S1_20201019_43170000354.tif,2020-10-19,43170000354,2020,valid,115.44909033,36.71791853,EPSG:32650,1066,1068,10,0,356163.212152,0,-10,4070041.82707
S1_20201019_43180000501.tif,2020-10-19,43180000501,2020,train,115.99538621,36.43342140,EPSG:32650,1060,1062,10,0,404653.212152,0,-10,4037801.82707
S1_20201019_45243803413.tif,2020-10-19,45243803413,2020,valid,80.70997033,23.97746143,EPSG:32644,1050,1051,10,0,465245.54995,0,-10,2657016.55527
S1_20201019_45245600771.tif,2020-10-19,45245600771,2020,train,80.93346018,26.85909026,EPSG:32644,1049,1050,10,0,488145.029433,0,-10,2976080.08276
S1_20201019_45346400943.tif,2020-10-19,45346400943,2020,train,79.17797243,21.50893288,EPSG:32644,1060,1062,10,0,305964.750317,0,-10,2384884.8633
S1_20201019_45346402096.tif,2020-10-19,45346402096,2020,valid,79.55404024,21.27644348,EPSG:32644,1057,1059,10,0,344704.750317,0,-10,2358724.8633
S1_20201019_45660100521.tif,2020-10-19,45660100521,2020,train,71.49115821,34.14547481,EPSG:32642,1075,1077,10,0,724312.132954,0,-10,3786474.88883
S1_20201019_45660300021.tif,2020-10-19,45660300021,2020,train,71.53939893,34.17766248,EPSG:32642,1075,1077,10,0,728672.132954,0,-10,3790154.88883
S1_20201019_56271000046.tif,2020-10-19,56271000046,2020,train,135.58572961,-15.17409046,EPSG:32753,1051,1050,10,0,557665.024086,0,-10,8327584.49615
S1_20201019_56310000565.tif,2020-10-19,56310000565,2020,valid,145.94291201,-17.25691088,EPSG:32755,1054,1054,10,0,382359.276247,0,-10,8096986.30151
S1_20201019_56821700236.tif,2020-10-19,56821700236,2020,train,140.14189335,-27.41808630,EPSG:32754,1055,1057,10,0,409903.064628,0,-10,6972248.97262
S1_20201019_64245100231.tif,2020-10-19,64245100231,2020,valid,-57.04951699,-24.98647474,EPSG:32721,1048,1049,10,0,489762.7075,0,-10,7241793.97137
S1_20201019_64245200131.tif,2020-10-19,64245200131,2020,train,-56.37703462,-24.11870660,EPSG:32721,1053,1054,10,0,558040.058273,0,-10,7337760.25289
S1_20201019_64401900311.tif,2020-10-19,64401900311,2020,train,-65.15966226,-26.81071783,EPSG:32720,1066,1068,10,0,280010.752119,0,-10,7038043.90522
S1_20201019_71270000181.tif,2020-10-19,71270000181,2020,valid,-110.85890318,50.06811842,EPSG:32612,1051,1056,10,0,504842.699709,0,-10,5551493.99897
S1_20201019_77154000101.tif,2020-10-19,77154000101,2020,train,-106.85828715,24.51970323,EPSG:32613,1062,1064,10,0,306426.611163,0,-10,2718354.1884
S1_20201019_77155000035.tif,2020-10-19,77155000035,2020,train,-107.56730111,24.50402268,EPSG:32613,1068,1069,10,0,234506.611163,0,-10,2717794.1884
S1_20201019_81260300191.tif,2020-10-19,81260300191,2020,valid,-143.22688986,66.98392090,EPSG:32606,1112,1118,10,0,658982.798548,0,-10,7440166.55739
S1_20201019_82237000111.tif,2020-10-19,82237000111,2020,train,-123.52229736,62.63757018,EPSG:32610,1059,1064,10,0,467922.074238,0,-10,6950637.80788
S1_20201019_82269800023.tif,2020-10-19,82269800023,2020,train,-111.82128671,64.77403112,EPSG:32612,1064,1069,10,0,455624.852882,0,-10,7188869.40665
S1_20201021_25240001186.tif,2020-10-21,25240001186,2020,train,31.63030628,68.20508626,EPSG:32636,1074,1079,10,0,437881.32117,0,-10,7571754.73599
S1_20201022_11764000091.tif,2020-10-22,11764000091,2020,train,37.19948551,-10.83905832,EPSG:32737,1054,1054,10,0,297898.636416,0,-10,8806504.14187
S1_20201022_12291100081.tif,2020-10-22,12291100081,2020,train,25.04024124,-17.72532107,EPSG:32735,1059,1059,10,0,286887.73481,0,-10,8044416.0734
S1_20201022_12296400136.tif,2020-10-22,12296400136,2020,train,24.43262029,-13.96875689,EPSG:32735,1060,1060,10,0,217326.683781,0,-10,8459528.16564
S1_20201022_12799000341.tif,2020-10-22,12799000341,2020,train,29.27414856,-26.93247320,EPSG:32735,1068,1068,10,0,720459.90225,0,-10,7024353.54312
S1_20201022_12799000354.tif,2020-10-22,12799000354,2020,train,29.28113358,-26.92184694,EPSG:32735,1067,1069,10,0,721179.90225,0,-10,7025523.54312
S1_20201022_14296300153.tif,2020-10-22,14296300153,2020,valid,-8.45074275,11.28902632,EPSG:32629,1050,1049,10,0,554694.611629,0,-10,1253238.76156
S1_20201022_14297000051.tif,2020-10-22,14297000051,2020,train,-8.78247424,11.53390635,EPSG:32629,1049,1049,10,0,518474.611629,0,-10,1280268.76156
S1_20201022_17293000233.tif,2020-10-22,17293000233,2020,train,31.47702521,2.41285301,EPSG:32636,1049,1048,10,0,325415.275411,0,-10,272029.104372
S1_20201022_21302600133.tif,2020-10-22,21302600133,2020,train,25.98037206,41.63155354,EPSG:32635,1061,1064,10,0,409765.938012,0,-10,4614691.41759
S1_20201022_21302900114.tif,2020-10-22,21302900114,2020,train,25.68529352,42.03682926,EPSG:32635,1065,1068,10,0,385855.938012,0,-10,4660041.41759
S1_20201022_21302900221.tif,2020-10-22,21302900221,2020,train,24.76128566,42.15686304,EPSG:32634,1096,1099,10,0,805276.957859,0,-10,4679538.91502
S1_20201022_22720800064.tif,2020-10-22,22720800064,2020,train,26.92447848,46.57441235,EPSG:32635,1050,1054,10,0,488963.002067,0,-10,5163144.63386
S1_20201022_22740900131.tif,2020-10-22,22740900131,2020,train,15.43683750,45.85366851,EPSG:32633,1055,1058,10,0,528639.385767,0,-10,5083172.04115
S1_20201022_22740900726.tif,2020-10-22,22740900726,2020,train,14.98049944,45.79226253,EPSG:32633,1051,1053,10,0,493229.385767,0,-10,5076232.04115
S1_20201022_22761000061.tif,2020-10-22,22761000061,2020,train,20.36711207,45.21514064,EPSG:32634,1058,1060,10,0,445015.78015,0,-10,5012345.05527
S1_20201022_23222000111.tif,2020-10-22,23222000111,2020,train,-0.61078641,47.54568893,EPSG:32631,1099,1101,10,0,222816.126294,0,-10,5277632.85332
S1_20201022_24434001193.tif,2020-10-22,24434001193,2020,train,20.62927474,66.44127628,EPSG:32634,1057,1062,10,0,478180.372327,0,-10,7374456.40026
S1_20201022_24434002166.tif,2020-10-22,24434002166,2020,valid,19.82313061,66.88714515,EPSG:32634,1070,1076,10,0,443100.372327,0,-10,7424666.40026
S1_20201022_24435000826.tif,2020-10-22,24435000826,2020,valid,19.10301326,65.94587485,EPSG:32634,1082,1087,10,0,408320.372327,0,-10,7320616.40026
S1_20201022_24450800161.tif,2020-10-22,24450800161,2020,train,16.39749007,61.37168447,EPSG:32633,1073,1078,10,0,569330.63666,0,-10,6810378.03499
S1_20201022_31234700071.tif,2020-10-22,31234700071,2020,train,68.11161759,63.84304838,EPSG:32642,1065,1071,10,0,450979.791025,0,-10,7085183.87113
S1_20201022_33169901106.tif,2020-10-22,33169901106,2020,train,97.93244626,68.09994356,EPSG:32647,1069,1074,10,0,450220.55149,0,-10,7559761.28206
S1_20201022_34246800171.tif,2020-10-22,34246800171,2020,train,128.22106507,56.03129886,EPSG:32652,1061,1066,10,0,446154.360352,0,-10,6215166.72705
S1_20201022_34269000491.tif,2020-10-22,34269000491,2020,train,119.09199677,54.59174584,EPSG:32650,1081,1085,10,0,629762.434733,0,-10,6056799.44768
S1_20201022_35127000551.tif,2020-10-22,35127000551,2020,train,137.11690911,66.84811848,EPSG:32654,1114,1120,10,0,324152.261326,0,-10,7425357.00621
S1_20201022_35144000511.tif,2020-10-22,35144000511,2020,train,139.64377228,67.85661836,EPSG:32654,1074,1079,10,0,437586.32379,0,-10,7532899.03367
S1_20201022_35198000171.tif,2020-10-22,35198000171,2020,train,175.95805582,69.17623490,EPSG:32659,1133,1138,10,0,690856.593732,0,-10,7687657.06245
S1_20201022_35412400251.tif,2020-10-22,35412400251,2020,valid,177.59528287,66.06404169,EPSG:32660,1061,1066,10,0,521644.751541,0,-10,7332506.30407
S1_20201022_35417200361.tif,2020-10-22,35417200361,2020,train,176.49780089,63.43130884,EPSG:32660,1059,1063,10,0,469643.54865,0,-10,7039059.09008
S1_20201022_42246300254.tif,2020-10-22,42246300254,2020,train,126.69303572,43.97534992,EPSG:32651,1097,1100,10,0,790730.990842,0,-10,4881268.24879
S1_20201022_42265000381.tif,2020-10-22,42265000381,2020,train,127.54146199,52.98337861,EPSG:32652,1071,1075,10,0,396727.286444,0,-10,5876791.76104
S1_20201022_42267000101.tif,2020-10-22,42267000101,2020,train,127.31468184,53.81555032,EPSG:32652,1075,1079,10,0,383670.223882,0,-10,5969712.26515
S1_20201022_42282000021.tif,2020-10-22,42282000021,2020,train,118.91843455,53.00425152,EPSG:32650,1078,1081,10,0,623337.591384,0,-10,5879869.98286
S1_20201022_42282000141.tif,2020-10-22,42282000141,2020,train,118.58146360,53.49026746,EPSG:32650,1073,1077,10,0,599557.591384,0,-10,5933359.98286
S1_20201022_42283000031.tif,2020-10-22,42283000031,2020,train,118.77932548,52.69063040,EPSG:32650,1076,1080,10,0,614877.864833,0,-10,5844742.02936
S1_20201022_43442200903.tif,2020-10-22,43442200903,2020,train,116.62132363,29.23460775,EPSG:32650,1051,1053,10,0,457945.399014,0,-10,3239302.99093
S1_20201022_43442400654.tif,2020-10-22,43442400654,2020,train,116.32264545,26.82023570,EPSG:32650,1053,1055,10,0,427423.673154,0,-10,2971979.47227
S1_20201022_43442400971.tif,2020-10-22,43442400971,2020,valid,116.17195459,27.45122024,EPSG:32650,1055,1056,10,0,412899.114511,0,-10,3041966.22998
S1_20201022_43442500043.tif,2020-10-22,43442500043,2020,valid,116.42371037,28.72149431,EPSG:32650,1054,1054,10,0,438449.114511,0,-10,3182536.22998
S1_20201022_43442600011.tif,2020-10-22,43442600011,2020,train,116.88913373,28.39266593,EPSG:32650,1050,1050,10,0,483889.114511,0,-10,3145956.22998
S1_20201022_43449900031.tif,2020-10-22,43449900031,2020,valid,115.59382202,26.03307434,EPSG:32650,1060,1061,10,0,354003.673154,0,-10,2885409.47227
S1_20201022_43465000556.tif,2020-10-22,43465000556,2020,train,111.36123338,32.21265630,EPSG:32649,1053,1054,10,0,528776.534851,0,-10,3569334.63954
S1_20201022_43468000181.tif,2020-10-22,43468000181,2020,train,110.23841595,32.22107240,EPSG:32649,1056,1058,10,0,422956.534851,0,-10,3570484.63954
S1_20201022_43468000343.tif,2020-10-22,43468000343,2020,valid,109.97764670,32.16231028,EPSG:32649,1059,1060,10,0,398306.534851,0,-10,3564184.63954
S1_20201022_43469100051.tif,2020-10-22,43469100051,2020,train,110.26740759,32.78310313,EPSG:32649,1056,1057,10,0,426116.534851,0,-10,3632764.63954
S1_20201022_43482600124.tif,2020-10-22,43482600124,2020,train,112.88180737,26.71325831,EPSG:32649,1064,1065,10,0,681875.286419,0,-10,2961383.81893
S1_20201022_43482600181.tif,2020-10-22,43482600181,2020,train,112.84144139,26.39213413,EPSG:32649,1063,1064,10,0,678375.286419,0,-10,2925743.81893
S1_20201022_43482700361.tif,2020-10-22,43482700361,2020,valid,112.68449829,26.13999931,EPSG:32649,1062,1063,10,0,663085.286419,0,-10,2897593.81893
S1_20201022_43487000511.tif,2020-10-22,43487000511,2020,valid,110.86407023,28.79545752,EPSG:32649,1049,1051,10,0,481489.462109,0,-10,3190586.9863
S1_20201022_43620001641.tif,2020-10-22,43620001641,2020,train,116.35620784,25.26728871,EPSG:32650,1053,1054,10,0,429910.495099,0,-10,2799970.2362
S1_20201022_43669900561.tif,2020-10-22,43669900561,2020,valid,103.29073897,25.01205127,EPSG:32648,1062,1063,10,0,322209.240167,0,-10,2772685.16331
S1_20201022_43685000903.tif,2020-10-22,43685000903,2020,valid,103.67529149,21.61082575,EPSG:32648,1057,1058,10,0,357598.56653,0,-10,2395625.70642
S1_20201022_43686000211.tif,2020-10-22,43686000211,2020,train,102.84612900,22.74614373,EPSG:32648,1064,1065,10,0,273500.630842,0,-10,2522351.33099
S1_20201022_44268000281.tif,2020-10-22,44268000281,2020,train,102.37907717,16.82006164,EPSG:32647,1067,1068,10,0,854861.412312,0,-10,1868065.59715
S1_20201022_45403901213.tif,2020-10-22,45403901213,2020,train,73.23456249,20.14314413,EPSG:32643,1060,1060,10,0,310171.089638,0,-10,2233600.98949
S1_20201022_45403901884.tif,2020-10-22,45403901884,2020,train,73.31130305,20.45405784,EPSG:32643,1059,1059,10,0,318551.089638,0,-10,2267930.98949
S1_20201022_45406102383.tif,2020-10-22,45406102383,2020,valid,73.96612033,21.88368529,EPSG:32643,1055,1056,10,0,387916.046141,0,-10,2425591.848
S1_20201022_48220900541.tif,2020-10-22,48220900541,2020,train,83.94994430,42.85429657,EPSG:32645,1087,1090,10,0,245364.387355,0,-10,4754598.39534
S1_20201022_64187600511.tif,2020-10-22,64187600511,2020,valid,-53.65198516,-28.27161749,EPSG:32722,1072,1073,10,0,234495.29659,0,-10,6875220.63056
S1_20201022_64252200154.tif,2020-10-22,64252200154,2020,train,-52.74586994,-25.98669426,EPSG:32722,1063,1064,10,0,319925.952525,0,-10,7129942.81493
S1_20201022_64252300053.tif,2020-10-22,64252300053,2020,train,-52.99243506,-25.56235050,EPSG:32722,1065,1065,10,0,294518.226863,0,-10,7176604.53921
S1_20201022_64256100191.tif,2020-10-22,64256100191,2020,train,-52.20017290,-23.65222744,EPSG:32722,1057,1058,10,0,372312.214574,0,-10,7389051.49087
S1_20201022_64276000043.tif,2020-10-22,64276000043,2020,train,-51.91466017,-20.53081045,EPSG:32722,1054,1054,10,0,399373.491267,0,-10,7734780.4821
S1_20201022_78220000301.tif,2020-10-22,78220000301,2020,train,-123.11580309,44.08218207,EPSG:32610,1050,1054,10,0,485478.41493,0,-10,4886277.20633
S1_20201022_81190900455.tif,2020-10-22,81190900455,2020,train,-164.56194108,62.70479191,EPSG:32603,1058,1063,10,0,517122.440549,0,-10,6958089.82569
S1_20201022_81296000241.tif,2020-10-22,81296000241,2020,valid,-132.75976027,60.62129497,EPSG:32609,1109,1114,10,0,288765.425242,0,-10,6732060.58135
S1_20201022_82247800211.tif,2020-10-22,82247800211,2020,train,-127.32197141,61.32636161,EPSG:32609,1077,1082,10,0,584433.01449,0,-10,6805703.9539
S1_20201023_25107500281.tif,2020-10-23,25107500281,2020,train,8.78763321,62.98094431,EPSG:32632,1054,1059,10,0,483966.083062,0,-10,6988778.86031
S1_20201024_13122000081.tif,2020-10-24,13122000081,2020,train,14.51763692,-16.42411651,EPSG:32733,1050,1050,10,0,443250.971794,0,-10,8189338.99401
S1_20201024_14277900151.tif,2020-10-24,14277900151,2020,train,-4.26665954,15.74246804,EPSG:32630,1054,1054,10,0,359026.389771,0,-10,1746125.9916
S1_20201024_14279000411.tif,2020-10-24,14279000411,2020,train,-4.08877106,14.88095994,EPSG:32630,1053,1054,10,0,377613.31552,0,-10,1650715.5106
S1_20201024_14279000511.tif,2020-10-24,14279000511,2020,valid,-4.96989874,14.25990056,EPSG:32630,1058,1057,10,0,282183.31552,0,-10,1582655.5106
S1_20201024_14279000521.tif,2020-10-24,14279000521,2020,train,-5.00690387,14.17464482,EPSG:32630,1057,1057,10,0,278113.31552,0,-10,1573255.5106
S1_20201024_14279001631.tif,2020-10-24,14279001631,2020,train,-4.14400562,14.88516578,EPSG:32630,1053,1053,10,0,371673.31552,0,-10,1651205.5106
S1_20201024_25107900734.tif,2020-10-24,25107900734,2020,train,11.25977667,63.11312202,EPSG:32632,1087,1092,10,0,608567.852403,0,-10,7005658.55117
S1_20201024_32277400011.tif,2020-10-24,32277400011,2020,train,107.64556847,51.82764716,EPSG:32649,1097,1102,10,0,263379.235695,0,-10,5752700.75737
S1_20201024_41301600764.tif,2020-10-24,41301600764,2020,train,139.26725708,36.45506048,EPSG:32654,1067,1070,10,0,339392.106949,0,-10,4041168.5759
S1_20201024_42410600104.tif,2020-10-24,42410600104,2020,train,126.82779503,35.16772323,EPSG:32652,1072,1074,10,0,296811.933952,0,-10,3899173.71984
S1_20201024_42410700074.tif,2020-10-24,42410700074,2020,train,127.10720148,35.86766578,EPSG:32652,1069,1071,10,0,323767.18687,0,-10,3976280.02225
S1_20201024_42410800161.tif,2020-10-24,42410800161,2020,train,127.41223370,36.39894857,EPSG:32652,1066,1068,10,0,352287.18687,0,-10,4034710.02225
S1_20201024_42410900195.tif,2020-10-24,42410900195,2020,train,126.59083498,37.48441909,EPSG:32652,1076,1078,10,0,281613.053444,0,-10,4156728.88709
S1_20201024_42420000041.tif,2020-10-24,42420000041,2020,train,126.89747033,37.40380534,EPSG:32652,1073,1075,10,0,308543.053444,0,-10,4147118.88709
S1_20201024_42420000624.tif,2020-10-24,42420000624,2020,train,127.53841703,37.40481667,EPSG:32652,1066,1067,10,0,365313.053444,0,-10,4146118.88709
S1_20201024_42420002581.tif,2020-10-24,42420002581,2020,valid,128.18717848,38.06928192,EPSG:32652,1058,1061,10,0,423413.053444,0,-10,4219118.88709
S1_20201024_42420003806.tif,2020-10-24,42420003806,2020,train,126.92568863,37.40263671,EPSG:32652,1072,1074,10,0,311043.053444,0,-10,4146928.88709
S1_20201024_42430200344.tif,2020-10-24,42430200344,2020,train,127.05202101,38.41058812,EPSG:32652,1072,1074,10,0,324563.053444,0,-10,4258538.88709
S1_20201024_45520000111.tif,2020-10-24,45520000111,2020,train,72.53124906,22.81712146,EPSG:32643,1066,1067,10,0,241273.882753,0,-10,2530728.2986
S1_20201024_45520000253.tif,2020-10-24,45520000253,2020,train,72.60546950,23.08769446,EPSG:32643,1066,1066,10,0,249383.882753,0,-10,2560568.2986
S1_20201024_78340700041.tif,2020-10-24,78340700041,2020,train,-127.68280413,55.50745707,EPSG:32609,1070,1074,10,0,577839.71388,0,-10,6157421.29336
S1_20201024_82247700031.tif,2020-10-24,82247700031,2020,train,-126.88388335,59.62988021,EPSG:32609,1083,1088,10,0,613919.727216,0,-10,6617534.59492
S1_20201025_12520700021.tif,2020-10-25,12520700021,2020,train,32.22328485,-25.40836459,EPSG:32736,1055,1056,10,0,416606.418112,0,-10,7194886.17794
S1_20201025_14298100011.tif,2020-10-25,14298100011,2020,train,-9.13573378,11.30447266,EPSG:32629,1048,1048,10,0,479947.332851,0,-10,1254888.89694
S1_20201025_14298100031.tif,2020-10-25,14298100031,2020,train,-9.16769974,11.12113760,EPSG:32629,1048,1048,10,0,476447.332851,0,-10,1234618.89694
S1_20201025_14298400131.tif,2020-10-25,14298400131,2020,train,-9.88523100,9.56067075,EPSG:32629,1050,1050,10,0,397601.499894,0,-10,1062213.98944
S1_20201025_14638001361.tif,2020-10-25,14638001361,2020,valid,-11.34191589,12.47813463,EPSG:32629,1057,1058,10,0,240169.599921,0,-10,1385840.21692
S1_20201025_14680300024.tif,2020-10-25,14680300024,2020,train,-10.65711461,13.25779662,EPSG:32629,1055,1055,10,0,315189.973761,0,-10,1471515.29486
S1_20201025_17211100231.tif,2020-10-25,17211100231,2020,valid,31.18060387,30.13619500,EPSG:32636,1065,1066,10,0,319423.847345,0,-10,3340604.2894
S1_20201025_17245600161.tif,2020-10-25,17245600161,2020,train,36.27963983,11.16867016,EPSG:32636,1061,1061,10,0,852952.43352,0,-10,1241922.15345
S1_20201025_17284500181.tif,2020-10-25,17284500181,2020,train,28.09466758,8.47635390,EPSG:32635,1051,1051,10,0,615239.369113,0,-10,942384.812159
S1_20201025_23287000204.tif,2020-10-25,23287000204,2020,valid,14.39904171,50.00849030,EPSG:32633,1058,1062,10,0,451648.798945,0,-10,5545057.71272
S1_20201025_26170900686.tif,2020-10-25,26170900686,2020,valid,52.34823841,68.31774898,EPSG:32639,1074,1079,10,0,550215.312661,0,-10,7584293.92472
S1_20201025_26170900806.tif,2020-10-25,26170900806,2020,train,53.42913667,68.06784056,EPSG:32639,1091,1097,10,0,595775.312661,0,-10,7557903.92472
S1_20201025_26190200316.tif,2020-10-25,26190200316,2020,train,56.61263073,68.62139313,EPSG:32639,1143,1149,10,0,722345.312661,0,-10,7628303.92472
S1_20201025_33169200061.tif,2020-10-25,33169200061,2020,train,102.90562024,67.73389574,EPSG:32648,1086,1091,10,0,406024.372646,0,-10,7520149.40757
S1_20201025_35121900021.tif,2020-10-25,35121900021,2020,train,134.44704883,69.06781537,EPSG:32653,1060,1066,10,0,472653.545593,0,-10,7667353.25294
S1_20201025_35122200061.tif,2020-10-25,35122200061,2020,valid,133.06739470,68.34534701,EPSG:32652,1118,1124,10,0,661806.817118,0,-10,7592513.5464
S1_20201025_35122200111.tif,2020-10-25,35122200111,2020,train,132.69628856,68.19162944,EPSG:32652,1112,1117,10,0,647606.817118,0,-10,7574403.5464
S1_20201025_35185200041.tif,2020-10-25,35185200041,2020,train,155.26363278,67.44843342,EPSG:32656,1088,1094,10,0,591421.054842,0,-10,7488608.99907
S1_20201025_35185400031.tif,2020-10-25,35185400031,2020,train,152.74889118,67.07414005,EPSG:32656,1054,1061,10,0,483814.421433,0,-10,7444972.09923
S1_20201025_35185500353.tif,2020-10-25,35185500353,2020,valid,152.00687022,66.45960466,EPSG:32656,1067,1072,10,0,450404.421433,0,-10,7376852.09923
S1_20201025_41301105691.tif,2020-10-25,41301105691,2020,train,133.56407950,34.87084729,EPSG:32653,1064,1066,10,0,363439.531926,0,-10,3864991.02133
S1_20201025_41304000705.tif,2020-10-25,41304000705,2020,train,134.54386387,34.14425623,EPSG:32653,1054,1056,10,0,452677.991013,0,-10,3783524.96414
S1_20201025_43140000754.tif,2020-10-25,43140000754,2020,train,117.92717418,40.07136253,EPSG:32650,1059,1062,10,0,573766.458992,0,-10,4441399.62875
S1_20201025_43170000063.tif,2020-10-25,43170000063,2020,train,117.68227331,38.07688119,EPSG:32650,1057,1058,10,0,554554.524985,0,-10,4219854.93567
S1_20201025_43180000131.tif,2020-10-25,43180000131,2020,train,117.86732529,37.99035696,EPSG:32650,1059,1061,10,0,570864.524985,0,-10,4210404.93567
S1_20201025_43670300124.tif,2020-10-25,43670300124,2020,valid,111.76280146,22.17053421,EPSG:32649,1054,1054,10,0,573374.19766,0,-10,2457170.46309
S1_20201025_44306401151.tif,2020-10-25,44306401151,2020,train,98.78129613,18.34495288,EPSG:32647,1049,1049,10,0,471647.823702,0,-10,2033609.35172
S1_20201025_45244500221.tif,2020-10-25,45244500221,2020,train,81.20497340,28.52515992,EPSG:32644,1050,1052,10,0,514804.975349,0,-10,3160656.38846
S1_20201025_45244900101.tif,2020-10-25,45244900101,2020,train,81.46782756,29.07212108,EPSG:32644,1052,1054,10,0,540274.975349,0,-10,3221336.38846
S1_20201025_45313000074.tif,2020-10-25,45313000074,2020,train,88.01510451,22.63572804,EPSG:32645,1056,1056,10,0,599030.379282,0,-10,2508831.54351
S1_20201025_45314500171.tif,2020-10-25,45314500171,2020,train,87.34098788,23.44163782,EPSG:32645,1050,1052,10,0,529580.379282,0,-10,2597711.54351
S1_20201025_45318200545.tif,2020-10-25,45318200545,2020,train,86.77509869,20.74054899,EPSG:32645,1050,1050,10,0,471336.075246,0,-10,2298700.19388
S1_20201025_64251300123.tif,2020-10-25,64251300123,2020,train,-55.80742087,-27.45952130,EPSG:32721,1058,1059,10,0,612552.14651,0,-10,6967396.30218
S1_20201025_71181800156.tif,2020-10-25,71181800156,2020,train,-100.54406044,56.21246582,EPSG:32614,1073,1078,10,0,398868.720477,0,-10,6236189.43136
S1_20201025_71181900103.tif,2020-10-25,71181900103,2020,valid,-100.38691971,55.81611722,EPSG:32614,1071,1075,10,0,407738.720477,0,-10,6191859.43136
S1_20201025_71181901473.tif,2020-10-25,71181901473,2020,train,-101.81186986,55.74409389,EPSG:32614,1092,1096,10,0,318038.720477,0,-10,6186659.43136
S1_20201025_71230600533.tif,2020-10-25,71230600533,2020,train,-101.64132053,54.42986316,EPSG:32614,1089,1093,10,0,323225.867912,0,-10,6040028.34457
S1_20201025_71260100191.tif,2020-10-25,71260100191,2020,train,-111.94695519,51.01700388,EPSG:32612,1063,1067,10,0,428262.452217,0,-10,5657477.48078
S1_20201025_77124000131.tif,2020-10-25,77124000131,2020,train,-100.59921326,18.90042559,EPSG:32614,1058,1058,10,0,326275.712393,0,-10,2095861.38896
S1_20201025_78263000013.tif,2020-10-25,78263000013,2020,valid,-119.69858212,48.08330203,EPSG:32610,1094,1098,10,0,740389.701116,0,-10,5336322.5394
S1_20201027_43666200886.tif,2020-10-27,43666200886,2020,train,110.04935602,24.86981670,EPSG:32649,1056,1056,10,0,398687.09211,0,-10,2756147.9335
S1_20201027_45243601541.tif,2020-10-27,45243601541,2020,train,84.45434819,26.58673970,EPSG:32644,1078,1079,10,0,838703.538111,0,-10,2950705.20723
S1_20201028_14253000091.tif,2020-10-28,14253000091,2020,train,3.49023027,11.84727846,EPSG:32631,1050,1050,10,0,548146.474815,0,-10,1314962.97722
S1_20201028_14520700261.tif,2020-10-28,14520700261,2020,train,-4.55904709,9.69494159,EPSG:32630,1052,1052,10,0,323698.436351,0,-10,1077336.42024
S1_20201028_17255500251.tif,2020-10-28,17255500251,2020,train,32.29239763,10.18585194,EPSG:32636,1050,1050,10,0,417242.572178,0,-10,1131295.6921
S1_20201028_17270400341.tif,2020-10-28,17270400341,2020,valid,30.67702119,8.39449049,EPSG:32636,1054,1054,10,0,238924.177854,0,-10,933937.161347
S1_20201028_17295100051.tif,2020-10-28,17295100051,2020,train,31.64986742,2.26181512,EPSG:32636,1049,1048,10,0,344621.365809,0,-10,255309.653988
S1_20201028_22514000081.tif,2020-10-28,22514000081,2020,train,34.26660334,49.20795442,EPSG:32636,1067,1071,10,0,586920.173311,0,-10,5456700.57545
S1_20201028_22514000201.tif,2020-10-28,22514000201,2020,train,34.60972159,49.61922907,EPSG:32636,1072,1076,10,0,610910.173311,0,-10,5502920.57545
S1_20201028_23212000694.tif,2020-10-28,23212000694,2020,train,-0.45174179,43.78486524,EPSG:32630,1082,1084,10,0,699634.083876,0,-10,4856554.92696
S1_20201028_24434001363.tif,2020-10-28,24434001363,2020,train,16.85810188,67.47637288,EPSG:32633,1082,1087,10,0,574009.817256,0,-10,7491111.11381
S1_20201028_25109200051.tif,2020-10-28,25109200051,2020,train,13.36284439,65.59524213,EPSG:32633,1077,1083,10,0,419141.114316,0,-10,7281192.81461
S1_20201028_25109600231.tif,2020-10-28,25109600231,2020,valid,13.87262651,66.49327306,EPSG:32633,1069,1075,10,0,444479.817256,0,-10,7380721.11381
S1_20201028_28322200091.tif,2020-10-28,28322200091,2020,train,51.45320031,56.92223449,EPSG:32639,1057,1062,10,0,522303.239753,0,-10,6314130.90842
S1_20201028_28322200181.tif,2020-10-28,28322200181,2020,train,51.74881521,57.25383835,EPSG:32639,1061,1066,10,0,539873.239753,0,-10,6351220.90842
S1_20201028_28370200881.tif,2020-10-28,28370200881,2020,valid,40.01032280,55.99477502,EPSG:32637,1065,1070,10,0,557693.904684,0,-10,6211308.68295
S1_20201028_28398900081.tif,2020-10-28,28398900081,2020,train,36.87370663,53.05851813,EPSG:32637,1081,1085,10,0,352100.728985,0,-10,5886318.88657
S1_20201028_32100600441.tif,2020-10-28,32100600441,2020,valid,83.28882797,67.99207828,EPSG:32644,1089,1095,10,0,590253.402164,0,-10,7549228.57434
S1_20201028_32100600541.tif,2020-10-28,32100600541,2020,train,83.35183427,68.18481926,EPSG:32644,1090,1096,10,0,592063.402164,0,-10,7570808.57434
S1_20201028_32216100061.tif,2020-10-28,32216100061,2020,valid,88.25032596,66.74113753,EPSG:32645,1072,1077,10,0,549733.347934,0,-10,7408460.62153
S1_20201028_42104400651.tif,2020-10-28,42104400651,2020,train,131.78204562,54.11971680,EPSG:32652,1091,1095,10,0,676360.852394,0,-10,6005894.23946
S1_20201028_42296100071.tif,2020-10-28,42296100071,2020,train,118.95377908,49.98724085,EPSG:32651,1106,1109,10,0,204454.117823,0,-10,5550606.23734
S1_20201028_42410100024.tif,2020-10-28,42410100024,2020,valid,127.57395839,39.83784345,EPSG:32652,1066,1068,10,0,372653.784296,0,-10,4416072.52824
S1_20201028_42410100054.tif,2020-10-28,42410100054,2020,valid,127.48438128,40.07896791,EPSG:32652,1066,1070,10,0,365443.784296,0,-10,4442972.52824
S1_20201028_43462000211.tif,2020-10-28,43462000211,2020,train,113.70660491,31.00358133,EPSG:32649,1074,1076,10,0,753054.696829,0,-10,3438524.35373
S1_20201028_43462000271.tif,2020-10-28,43462000271,2020,train,113.94305144,30.78143890,EPSG:32649,1077,1078,10,0,776274.696829,0,-10,3414474.35373
S1_20201028_44588000676.tif,2020-10-28,44588000676,2020,train,97.93776679,27.55553632,EPSG:32647,1057,1058,10,0,389844.699471,0,-10,3053708.18241
S1_20201028_45220401451.tif,2020-10-28,45220401451,2020,valid,90.70184779,25.08708746,EPSG:32646,1066,1068,10,0,262887.774042,0,-10,2781902.4931
S1_20201028_45220401844.tif,2020-10-28,45220401844,2020,valid,90.28395616,25.31966440,EPSG:32646,1071,1071,10,0,221217.774042,0,-10,2808472.4931
S1_20201028_45242100211.tif,2020-10-28,45242100211,2020,train,86.44026502,25.60885187,EPSG:32645,1053,1054,10,0,438533.26207,0,-10,2837756.48269
S1_20201028_45242500301.tif,2020-10-28,45242500301,2020,train,87.39742946,26.95520715,EPSG:32645,1051,1053,10,0,534191.83792,0,-10,2986801.05367
S1_20201028_45242600341.tif,2020-10-28,45242600341,2020,train,85.76720327,27.71132694,EPSG:32645,1059,1060,10,0,373166.475167,0,-10,3071133.33294
S1_20201028_45243500221.tif,2020-10-28,45243500221,2020,train,85.42743409,25.50748134,EPSG:32645,1061,1062,10,0,336653.26207,0,-10,2827386.48269
S1_20201028_45314600094.tif,2020-10-28,45314600094,2020,valid,86.65536778,23.77394588,EPSG:32645,1051,1052,10,0,459630.985685,0,-10,2634502.14284
S1_20201028_45316000291.tif,2020-10-28,45316000291,2020,valid,86.14573384,22.80431430,EPSG:32645,1054,1055,10,0,407055.522051,0,-10,2527386.01954
S1_20201028_45318200131.tif,2020-10-28,45318200131,2020,valid,86.01741185,21.44672337,EPSG:32645,1055,1056,10,0,392909.037849,0,-10,2377188.27873
S1_20201028_45318200221.tif,2020-10-28,45318200221,2020,train,85.70027788,21.99709988,EPSG:32645,1057,1058,10,0,360545.522051,0,-10,2438366.01954
S1_20201028_45318600041.tif,2020-10-28,45318600041,2020,valid,84.62693577,22.30467677,EPSG:32645,1065,1066,10,0,250201.885192,0,-10,2473803.26889
S1_20201028_45318600111.tif,2020-10-28,45318600111,2020,train,84.40165777,22.41921295,EPSG:32645,1067,1068,10,0,227191.885192,0,-10,2486883.26889
S1_20201028_45318900061.tif,2020-10-28,45318900061,2020,train,84.94095384,22.81472760,EPSG:32645,1063,1064,10,0,283351.885192,0,-10,2529803.26889
S1_20201028_45343000331.tif,2020-10-28,45343000331,2020,train,80.47513788,18.33575024,EPSG:32644,1050,1051,10,0,439292.195952,0,-10,2032667.2009
S1_20201028_45344500051.tif,2020-10-28,45344500051,2020,train,80.92072719,19.11308661,EPSG:32644,1048,1049,10,0,486422.195952,0,-10,2118587.2009
S1_20201028_45361000664.tif,2020-10-28,45361000664,2020,train,80.40440019,17.08075235,EPSG:32644,1051,1051,10,0,431373.691335,0,-10,1893840.04664
S1_20201028_45374100084.tif,2020-10-28,45374100084,2020,train,79.74386084,14.57737639,EPSG:32644,1054,1054,10,0,359414.54704,0,-10,1617226.18052
S1_20201028_61544900101.tif,2020-10-28,61544900101,2020,train,-68.43531433,8.87688687,EPSG:32619,1049,1049,10,0,556843.659205,0,-10,986533.392427
S1_20201028_62294102121.tif,2020-10-28,62294102121,2020,train,-65.45532399,-2.40326367,EPSG:32720,1051,1050,10,0,221683.760296,0,-10,9739370.13771
S1_20201028_62297300451.tif,2020-10-28,62297300451,2020,train,-67.05038626,-2.29536976,EPSG:32719,1050,1049,10,0,711562.283687,0,-10,9751388.53059
S1_20201028_66140000583.tif,2020-10-28,66140000583,2020,train,-71.78041592,-46.33495161,EPSG:32718,1092,1096,10,0,742325.324524,0,-10,4869177.2883
S1_20201028_71211000243.tif,2020-10-28,71211000243,2020,train,-92.82134189,56.91846186,EPSG:32615,1053,1057,10,0,505611.818662,0,-10,6313608.7441
S1_20201028_71321000061.tif,2020-10-28,71321000061,2020,valid,-92.67484626,56.56353312,EPSG:32615,1054,1059,10,0,514713.015157,0,-10,6274144.4928
S1_20201028_71322300101.tif,2020-10-28,71322300101,2020,train,-93.31901034,55.80308153,EPSG:32615,1054,1059,10,0,474733.015157,0,-10,6189504.4928
S1_20201028_71326000011.tif,2020-10-28,71326000011,2020,train,-92.55822329,55.27937372,EPSG:32615,1056,1061,10,0,522783.015157,0,-10,6131274.4928
S1_20201028_71349000786.tif,2020-10-28,71349000786,2020,train,-91.95096703,53.31787730,EPSG:32615,1066,1069,10,0,564551.723674,0,-10,5913490.77388
S1_20201028_81151000043.tif,2020-10-28,81151000043,2020,train,-151.34941685,61.35108277,EPSG:32605,1077,1081,10,0,582894.581104,0,-10,6808414.58679
S1_20201028_81160300101.tif,2020-10-28,81160300101,2020,train,-157.68480182,58.95154674,EPSG:32604,1070,1075,10,0,570314.195722,0,-10,6540775.79085
S1_20201028_81186000041.tif,2020-10-28,81186000041,2020,train,-154.72331970,62.91981780,EPSG:32605,1078,1083,10,0,407087.849419,0,-10,6983242.65589
S1_20201028_81220100181.tif,2020-10-28,81220100181,2020,valid,-157.20531479,65.52643545,EPSG:32604,1080,1085,10,0,577553.295605,0,-10,7273734.42279
S1_20201028_81280600091.tif,2020-10-28,81280600091,2020,train,-134.20215000,64.03331922,EPSG:32608,1063,1069,10,0,533662.321812,0,-10,7106316.01431
S1_20201028_81320200206.tif,2020-10-28,81320200206,2020,train,-160.68111345,67.40024589,EPSG:32604,1079,1085,10,0,422518.534052,0,-10,7482400.95185
S1_20201028_83250000215.tif,2020-10-28,83250000215,2020,train,-91.55157834,63.58861704,EPSG:32615,1074,1079,10,0,566510.535336,0,-10,7057382.72894
S1_20201028_83270400671.tif,2020-10-28,83270400671,2020,valid,-96.27343889,61.75027223,EPSG:32615,1102,1107,10,0,321686.347142,0,-10,6856245.83243
S1_20201030_25107500091.tif,2020-10-30,25107500091,2020,train,9.63656821,62.59310193,EPSG:32632,1061,1066,10,0,527386.377184,0,-10,6945746.36463
S1_20201030_31368000051.tif,2020-10-30,31368000051,2020,train,83.90748806,63.99966207,EPSG:32645,1100,1106,10,0,343281.925415,0,-10,7106175.67385
S1_20201030_31369000481.tif,2020-10-30,31369000481,2020,train,84.05196329,63.36914139,EPSG:32644,1099,1104,10,0,647096.309546,0,-10,7035873.03885
S1_20201030_32236000461.tif,2020-10-30,32236000461,2020,train,85.36275891,61.78951662,EPSG:32644,1119,1124,10,0,724366.309546,0,-10,6864073.03885
S1_20201031_14470900051.tif,2020-10-31,14470900051,2020,train,-2.87190651,12.38853378,EPSG:32630,1048,1048,10,0,508683.862024,0,-10,1374760.88103
S1_20201031_14638001341.tif,2020-10-31,14638001341,2020,train,-11.42701734,12.53092862,EPSG:32628,1063,1064,10,0,883088.484025,0,-10,1393213.89323
S1_20201031_17297600083.tif,2020-10-31,17297600083,2020,train,33.79343634,-0.09111826,EPSG:32736,1048,1048,10,0,583052.329356,0,-10,9995167.7227
S1_20201031_21602300503.tif,2020-10-31,21602300503,2020,train,4.77354023,44.71116962,EPSG:32631,1072,1075,10,0,635122.85066,0,-10,4957770.73298
S1_20201031_21602601914.tif,2020-10-31,21602601914,2020,train,6.33852985,46.11982490,EPSG:32632,1085,1088,10,0,288939.319205,0,-10,5116244.7442
S1_20201031_21602901114.tif,2020-10-31,21602901114,2020,train,6.02991600,47.22868032,EPSG:32632,1089,1093,10,0,269725.61552,0,-10,5240321.54913
S1_20201031_21602901144.tif,2020-10-31,21602901144,2020,train,6.03109233,47.24072493,EPSG:32632,1089,1092,10,0,269865.61552,0,-10,5241651.54913
S1_20201031_23261000461.tif,2020-10-31,23261000461,2020,train,7.00449191,50.82467774,EPSG:32632,1078,1082,10,0,354064.6699,0,-10,5637636.35004
S1_20201031_23263000021.tif,2020-10-31,23263000021,2020,train,7.59609726,50.33723137,EPSG:32632,1070,1073,10,0,394743.778971,0,-10,5582434.05266
S1_20201031_23266000424.tif,2020-10-31,23266000424,2020,train,9.26419634,48.75309925,EPSG:32632,1053,1057,10,0,514154.312838,0,-10,5405328.25054
S1_20201031_25260700291.tif,2020-10-31,25260700291,2020,train,31.47996809,65.90963182,EPSG:32636,1076,1081,10,0,425392.349104,0,-10,7316080.7852
S1_20201031_31222000041.tif,2020-10-31,31222000041,2020,train,64.74633461,65.03692762,EPSG:32641,1079,1085,10,0,576834.410649,0,-10,7219131.29873
S1_20201031_31227000131.tif,2020-10-31,31227000131,2020,train,61.56882384,62.88810315,EPSG:32640,1123,1128,10,0,726548.919886,0,-10,6987007.66064
S1_20201031_31262400321.tif,2020-10-31,31262400321,2020,train,62.28247409,60.82366639,EPSG:32641,1062,1066,10,0,455667.60681,0,-10,6748690.11603
S1_20201031_31262600591.tif,2020-10-31,31262600591,2020,valid,61.60752969,59.89785401,EPSG:32641,1072,1077,10,0,416735.73994,0,-10,6646239.561
S1_20201031_31262900041.tif,2020-10-31,31262900041,2020,train,61.22240543,59.30508570,EPSG:32641,1078,1083,10,0,393395.73994,0,-10,6580789.561
S1_20201031_31293700141.tif,2020-10-31,31293700141,2020,train,73.15384427,55.06166367,EPSG:32643,1077,1082,10,0,376707.320431,0,-10,6108620.7689
S1_20201031_34222900311.tif,2020-10-31,34222900311,2020,train,116.07126821,66.55396887,EPSG:32650,1066,1072,10,0,453435.62437,0,-10,7387325.82248
S1_20201031_35414300351.tif,2020-10-31,35414300351,2020,train,173.68768169,65.21956913,EPSG:32660,1104,1110,10,0,339621.389498,0,-10,7242541.10332
S1_20201031_35414800271.tif,2020-10-31,35414800271,2020,train,166.66572354,65.15504786,EPSG:32658,1078,1083,10,0,572697.256756,0,-10,7232179.6727
S1_20201031_43700100841.tif,2020-10-31,43700100841,2020,train,121.36814132,23.43055536,EPSG:32651,1060,1061,10,0,327984.228977,0,-10,2597432.6393
S1_20201031_44295900021.tif,2020-10-31,44295900021,2020,valid,97.37435901,30.73769128,EPSG:32647,1064,1065,10,0,339053.233262,0,-10,3406985.73538
S1_20201031_45247201571.tif,2020-10-31,45247201571,2020,train,79.33078369,23.44523543,EPSG:32644,1061,1062,10,0,324180.76432,0,-10,2599107.02347
S1_20201031_45247202676.tif,2020-10-31,45247202676,2020,train,79.74631610,24.55197231,EPSG:32644,1058,1059,10,0,367739.553209,0,-10,2721212.03096
S1_20201031_45248200091.tif,2020-10-31,45248200091,2020,train,76.17714211,26.17019097,EPSG:32643,1058,1059,10,0,612350.462887,0,-10,2900359.66313
S1_20201031_45248500041.tif,2020-10-31,45248500041,2020,train,76.30917824,25.70656716,EPSG:32643,1058,1060,10,0,626060.462887,0,-10,2849139.66313
S1_20201031_45248900711.tif,2020-10-31,45248900711,2020,train,75.50246983,23.89474882,EPSG:32643,1052,1052,10,0,545888.668431,0,-10,2647924.69595
S1_20201031_45248900731.tif,2020-10-31,45248900731,2020,valid,75.56854891,23.84217754,EPSG:32643,1052,1053,10,0,552638.668431,0,-10,2642134.69595
S1_20201031_45248901004.tif,2020-10-31,45248901004,2020,train,75.60778822,23.55687195,EPSG:32643,1052,1053,10,0,556769.420698,0,-10,2610563.99878
S1_20201031_45248901184.tif,2020-10-31,45248901184,2020,train,75.76355839,23.19493177,EPSG:32643,1054,1054,10,0,572869.420698,0,-10,2570573.99878
S1_20201031_45248902271.tif,2020-10-31,45248902271,2020,train,75.98287750,23.43055885,EPSG:32643,1055,1056,10,0,595132.870749,0,-10,2596806.28117
S1_20201031_45249900063.tif,2020-10-31,45249900063,2020,train,77.28286881,28.58532191,EPSG:32643,1069,1070,10,0,717920.152949,0,-10,3169523.11958
S1_20201031_45249900073.tif,2020-10-31,45249900073,2020,train,77.25657000,28.62943188,EPSG:32643,1068,1070,10,0,715260.152949,0,-10,3174363.11958
S1_20201031_45346401794.tif,2020-10-31,45346401794,2020,train,79.05140117,22.18041720,EPSG:32644,1062,1063,10,0,293781.512383,0,-10,2459401.94642
S1_20201031_45346401861.tif,2020-10-31,45346401861,2020,train,78.85026084,22.18046033,EPSG:32644,1063,1064,10,0,273031.512383,0,-10,2459691.94642
S1_20201031_45349900884.tif,2020-10-31,45349900884,2020,train,73.79172957,20.00758912,EPSG:32643,1056,1056,10,0,368327.431561,0,-10,2218057.14462
S1_20201031_45366600331.tif,2020-10-31,45366600331,2020,train,74.53381284,16.07332510,EPSG:32643,1050,1050,10,0,444889.664757,0,-10,1782352.37889
S1_20201031_45366700464.tif,2020-10-31,45366700464,2020,train,74.55728547,16.85545218,EPSG:32643,1050,1051,10,0,447589.664757,0,-10,1868872.37889
S1_20201031_45366700771.tif,2020-10-31,45366700771,2020,train,74.21277472,17.28272214,EPSG:32643,1052,1052,10,0,411069.664757,0,-10,1916262.37889
S1_20201031_45369400554.tif,2020-10-31,45369400554,2020,train,73.87929544,18.22570385,EPSG:32643,1055,1055,10,0,376230.009662,0,-10,2020794.3161
S1_20201031_45369601101.tif,2020-10-31,45369601101,2020,train,74.04123846,19.07167836,EPSG:32643,1054,1054,10,0,393860.009662,0,-10,2114304.3161
S1_20201031_45369601463.tif,2020-10-31,45369601463,2020,train,73.87037934,19.30865731,EPSG:32643,1055,1056,10,0,376047.431561,0,-10,2140647.14462
S1_20201031_45369800124.tif,2020-10-31,45369800124,2020,train,73.88340295,18.54274206,EPSG:32643,1055,1055,10,0,376880.009662,0,-10,2055874.3161
S1_20201031_45369900071.tif,2020-10-31,45369900071,2020,train,74.22474973,18.63139168,EPSG:32643,1053,1053,10,0,412960.009662,0,-10,2065484.3161
S1_20201031_45403501944.tif,2020-10-31,45403501944,2020,train,73.73398920,15.96921020,EPSG:32643,1054,1054,10,0,359247.371702,0,-10,1771211.43861
S1_20201031_45403502225.tif,2020-10-31,45403502225,2020,train,73.33852886,17.25674224,EPSG:32643,1058,1057,10,0,318079.664757,0,-10,1914002.37889
S1_20201031_45403502905.tif,2020-10-31,45403502905,2020,train,73.48174830,16.75700553,EPSG:32643,1056,1056,10,0,332889.664757,0,-10,1858572.37889
S1_20201031_45404100334.tif,2020-10-31,45404100334,2020,train,74.74607935,21.25894007,EPSG:32643,1050,1051,10,0,468406.046141,0,-10,2356081.848
S1_20201031_45404100364.tif,2020-10-31,45404100364,2020,valid,74.72637903,21.22705976,EPSG:32643,1050,1050,10,0,466356.046141,0,-10,2352551.848
S1_20201031_45404400021.tif,2020-10-31,45404400021,2020,valid,75.32413828,21.09514426,EPSG:32643,1050,1050,10,0,528416.046141,0,-10,2337961.848
S1_20201031_45406100521.tif,2020-10-31,45406100521,2020,train,75.12190079,21.70874281,EPSG:32643,1049,1049,10,0,507363.240585,0,-10,2405839.40121
S1_20201031_45406101264.tif,2020-10-31,45406101264,2020,train,75.43725590,22.01895344,EPSG:32643,1051,1052,10,0,539873.240585,0,-10,2440249.40121
S1_20201031_45406101681.tif,2020-10-31,45406101681,2020,train,75.72973636,22.15296600,EPSG:32643,1053,1053,10,0,569979.420698,0,-10,2455203.99878
S1_20201031_45406102991.tif,2020-10-31,45406102991,2020,train,75.10475074,22.19171666,EPSG:32643,1049,1049,10,0,505552.870749,0,-10,2459296.28117
S1_20201031_45406103354.tif,2020-10-31,45406103354,2020,valid,75.92885626,21.60563592,EPSG:32643,1054,1055,10,0,590873.240585,0,-10,2394739.40121
S1_20201031_53153000351.tif,2020-10-31,53153000351,2020,valid,139.39569183,-7.96130388,EPSG:32754,1052,1052,10,0,317907.541636,0,-10,9124897.09912
S1_20201031_65250600041.tif,2020-10-31,65250600041,2020,train,-69.00365128,-33.61328386,EPSG:32719,1049,1050,10,0,494416.292181,0,-10,6285970.98721
S1_20201031_72552000173.tif,2020-10-31,72552000173,2020,train,-77.57261762,44.24698299,EPSG:32618,1083,1085,10,0,289183.296541,0,-10,4907948.96689
S1_20201031_72608800071.tif,2020-10-31,72608800071,2020,train,-69.38103429,46.68690241,EPSG:32619,1055,1057,10,0,465587.872061,0,-10,5175727.16194
S1_20201031_73112000111.tif,2020-10-31,73112000111,2020,train,-68.65172356,45.24492377,EPSG:32619,1053,1057,10,0,522067.312833,0,-10,5015502.90362
S1_20201031_73112000504.tif,2020-10-31,73112000504,2020,train,-68.60698502,45.63254514,EPSG:32619,1055,1058,10,0,525357.872061,0,-10,5058587.16194
S1_20201031_74267800214.tif,2020-10-31,74267800214,2020,valid,-83.01999842,40.02194278,EPSG:32617,1072,1075,10,0,322262.495509,0,-10,4437522.19089
S1_20201031_74267800224.tif,2020-10-31,74267800224,2020,train,-83.02325897,40.02720106,EPSG:32617,1073,1075,10,0,321992.495509,0,-10,4438112.19089
S1_20201031_74291400751.tif,2020-10-31,74291400751,2020,train,-92.53245925,38.08273549,EPSG:32615,1055,1057,10,0,535727.777744,0,-10,4220382.94699
S1_20201031_74293400091.tif,2020-10-31,74293400091,2020,train,-94.99398060,40.78493010,EPSG:32614,1097,1100,10,0,832560.933045,0,-10,4528109.14727
S1_20201031_77122000171.tif,2020-10-31,77122000171,2020,train,-102.68922649,19.08905230,EPSG:32613,1063,1063,10,0,737816.158977,0,-10,2117599.95739
S1_20201031_78266100231.tif,2020-10-31,78266100231,2020,train,-116.85536123,48.15164988,EPSG:32611,1051,1055,10,0,505502.742199,0,-10,5338440.81682
S1_20201031_78331000126.tif,2020-10-31,78331000126,2020,valid,-123.13150571,49.19798205,EPSG:32610,1052,1055,10,0,485159.523448,0,-10,5454748.20815
S1_20201031_81241000071.tif,2020-10-31,81241000071,2020,train,-151.88990603,65.14761223,EPSG:32606,1130,1134,10,0,265211.768657,0,-10,7239455.53687
S1_20201101_45244201271.tif,2020-11-01,45244201271,2020,train,83.44824829,27.65891603,EPSG:32644,1070,1071,10,0,736163.760694,0,-10,3067170.91579
S1_20201101_81243000111.tif,2020-11-01,81243000111,2020,train,-149.50858396,64.94337042,EPSG:32606,1091,1097,10,0,376022.465645,0,-10,7209979.31957
S1_20201102_13229200314.tif,2020-11-02,13229200314,2020,train,20.35282827,-9.48516745,EPSG:32734,1050,1050,10,0,423712.64846,0,-10,8956692.22858
S1_20201102_43304000021.tif,2020-11-02,43304000021,2020,train,119.46335011,37.05324261,EPSG:32651,1088,1091,10,0,180047.194006,0,-10,4112086.95624
S1_20201102_43305200061.tif,2020-11-02,43305200061,2020,train,119.54517234,36.79391748,EPSG:32651,1087,1089,10,0,186287.194006,0,-10,4083026.95624
S1_20201102_45348200174.tif,2020-11-02,45348200174,2020,valid,77.51988246,18.74772529,EPSG:32644,1070,1071,10,0,127639.275562,0,-10,2081854.66627
S1_20201102_45406500131.tif,2020-11-02,45406500131,2020,train,78.40053941,23.12758931,EPSG:32644,1068,1068,10,0,228450.76432,0,-10,2565357.02347
S1_20201102_72240300021.tif,2020-11-02,72240300021,2020,train,-70.84143693,58.45169670,EPSG:32619,1079,1083,10,0,387141.543941,0,-10,6485887.59743
S1_20201102_72262300111.tif,2020-11-02,72262300111,2020,valid,-70.66058524,57.79362828,EPSG:32619,1076,1080,10,0,395906.008484,0,-10,6412345.05754
S1_20201102_72262600203.tif,2020-11-02,72262600203,2020,train,-71.83517633,56.44958096,EPSG:32618,1098,1102,10,0,689557.066621,0,-10,6266119.82208
S1_20201102_74291900041.tif,2020-11-02,74291900041,2020,train,-93.35218246,39.24227492,EPSG:32615,1053,1055,10,0,464343.13808,0,-10,4348996.74086
S1_20201103_14232000211.tif,2020-11-03,14232000211,2020,valid,7.14074677,9.48055421,EPSG:32632,1053,1054,10,0,290619.793643,0,-10,1053797.24993
S1_20201103_17291500481.tif,2020-11-03,17291500481,2020,train,31.61332133,6.00828271,EPSG:32636,1050,1050,10,0,341274.619688,0,-10,669564.583701
S1_20201103_22740801161.tif,2020-11-03,22740801161,2020,train,15.03491797,45.48607479,EPSG:32633,1050,1053,10,0,497478.701883,0,-10,5042215.04931
S1_20201103_22780500311.tif,2020-11-03,22780500311,2020,valid,15.63762938,46.55612581,EPSG:32633,1058,1061,10,0,543586.085308,0,-10,5161342.36544
S1_20201103_23222000561.tif,2020-11-03,23222000561,2020,valid,0.20769465,47.63367222,EPSG:32631,1088,1091,10,0,284803.808177,0,-10,5284818.58942
S1_20201103_23226000044.tif,2020-11-03,23226000044,2020,train,0.71176989,47.37290351,EPSG:32631,1080,1083,10,0,321853.808177,0,-10,5254558.58942
S1_20201103_23250601111.tif,2020-11-03,23250601111,2020,train,4.23279058,50.72261604,EPSG:32631,1068,1071,10,0,581677.855953,0,-10,5625059.19558
S1_20201103_23250601651.tif,2020-11-03,23250601651,2020,train,4.29745833,50.80427951,EPSG:32631,1068,1072,10,0,586083.055867,0,-10,5634222.67921
S1_20201103_23270100891.tif,2020-11-03,23270100891,2020,train,5.14837801,52.01409908,EPSG:32631,1081,1085,10,0,642027.632748,0,-10,5770210.35402
S1_20201103_23270300381.tif,2020-11-03,23270300381,2020,train,6.56315546,53.20517871,EPSG:32632,1085,1090,10,0,331827.620579,0,-10,5903317.5226
S1_20201103_23282000631.tif,2020-11-03,23282000631,2020,valid,13.06461915,52.39338113,EPSG:32633,1078,1082,10,0,362919.194657,0,-10,5811964.978
S1_20201103_24223000031.tif,2020-11-03,24223000031,2020,valid,14.98762430,52.64640911,EPSG:32633,1051,1054,10,0,493907.693103,0,-10,5838207.70633
S1_20201103_24230000015.tif,2020-11-03,24230000015,2020,train,18.65407208,54.37299916,EPSG:32634,1085,1089,10,0,342192.112036,0,-10,6033004.30785
S1_20201103_28330800591.tif,2020-11-03,28330800591,2020,train,46.52486748,58.78004160,EPSG:32638,1074,1079,10,0,582790.429208,0,-10,6521958.29282
S1_20201103_35301203931.tif,2020-11-03,35301203931,2020,train,-172.96006801,65.41300132,EPSG:32602,1083,1088,10,0,403595.844755,0,-10,7261339.46158
S1_20201103_41301101314.tif,2020-11-03,41301101314,2020,train,134.93725503,34.90321732,EPSG:32653,1049,1051,10,0,489022.684318,0,-10,3867567.11495
S1_20201103_41301106465.tif,2020-11-03,41301106465,2020,train,135.42442165,34.80131530,EPSG:32653,1054,1055,10,0,533552.684318,0,-10,3856367.11495
S1_20201103_41301107066.tif,2020-11-03,41301107066,2020,train,135.44727980,34.56846108,EPSG:32653,1053,1056,10,0,535763.290702,0,-10,3830559.60541
S1_20201103_41301107116.tif,2020-11-03,41301107116,2020,train,135.46081377,34.62071479,EPSG:32653,1054,1056,10,0,536973.290702,0,-10,3836359.60541
S1_20201103_41301200491.tif,2020-11-03,41301200491,2020,valid,138.18669965,36.62357152,EPSG:32653,1084,1086,10,0,779554.30213,0,-10,4063275.7198
S1_20201103_42289100101.tif,2020-11-03,42289100101,2020,train,115.48300262,50.59017279,EPSG:32650,1071,1075,10,0,387265.334165,0,-10,5610725.58437
S1_20201103_43260900114.tif,2020-11-03,43260900114,2020,train,109.08738128,38.03486592,EPSG:32649,1070,1073,10,0,326799.139908,0,-10,4216774.99302
S1_20201103_43670400181.tif,2020-11-03,43670400181,2020,train,110.86697575,22.01474949,EPSG:32649,1049,1049,10,0,481025.53565,0,-10,2439710.49508
S1_20201103_43670400965.tif,2020-11-03,43670400965,2020,train,110.70023645,21.52249793,EPSG:32649,1050,1051,10,0,463705.53565,0,-10,2385260.49508
S1_20201103_44274000041.tif,2020-11-03,44274000041,2020,train,104.31361344,17.67107890,EPSG:32648,1051,1052,10,0,421947.368006,0,-10,1959187.96987
S1_20201103_44274000443.tif,2020-11-03,44274000443,2020,train,103.40516614,17.72139649,EPSG:32648,1057,1058,10,0,325600.654261,0,-10,1965368.93186
S1_20201103_44277000051.tif,2020-11-03,44277000051,2020,train,103.63107593,18.39124486,EPSG:32648,1056,1056,10,0,350113.961861,0,-10,2039297.33258
S1_20201103_45243803401.tif,2020-11-03,45243803401,2020,valid,84.32851314,23.49804160,EPSG:32644,1073,1074,10,0,834613.134161,0,-10,2607965.0197
S1_20201103_45311900085.tif,2020-11-03,45311900085,2020,valid,88.92795933,21.60824582,EPSG:32645,1061,1062,10,0,694270.169026,0,-10,2396013.14384
S1_20201103_45403902404.tif,2020-11-03,45403902404,2020,train,73.32841776,20.86882317,EPSG:32643,1060,1059,10,0,320804.57535,0,-10,2313828.86497
S1_20201103_56426900111.tif,2020-11-03,56426900111,2020,train,147.96286024,-33.40276400,EPSG:32755,1058,1061,10,0,584247.171142,0,-10,6308951.95237
S1_20201103_56464500244.tif,2020-11-03,56464500244,2020,train,148.24009693,-32.21091518,EPSG:32755,1061,1062,10,0,611563.823201,0,-10,6440821.34143
S1_20201103_65250100301.tif,2020-11-03,65250100301,2020,train,-66.79925521,-33.86518207,EPSG:32720,1088,1090,10,0,143055.372431,0,-10,6251742.37235
S1_20201103_65342300311.tif,2020-11-03,65342300311,2020,valid,-69.31273352,-43.08066219,EPSG:32719,1053,1056,10,0,469277.967111,0,-10,5235460.28775
S1_20201103_72551000513.tif,2020-11-03,72551000513,2020,train,-75.82003656,44.46769702,EPSG:32618,1059,1063,10,0,429477.908734,0,-10,4929463.04489
S1_20201103_72551000613.tif,2020-11-03,72551000613,2020,train,-75.81182207,44.45101056,EPSG:32618,1060,1063,10,0,430107.908734,0,-10,4927603.04489
S1_20201103_72551000914.tif,2020-11-03,72551000914,2020,valid,-74.98980794,44.66847271,EPSG:32618,1050,1052,10,0,495557.908734,0,-10,4951383.04489
S1_20201103_73282800223.tif,2020-11-03,73282800223,2020,train,-87.24161450,34.08782736,EPSG:32616,1051,1053,10,0,472455.389692,0,-10,3777185.51158
S1_20201103_74262200131.tif,2020-11-03,74262200131,2020,train,-87.26590649,35.73209894,EPSG:32616,1052,1053,10,0,470693.658975,0,-10,3959532.5607
S1_20201103_74262301346.tif,2020-11-03,74262301346,2020,train,-86.07601892,34.46583015,EPSG:32616,1059,1060,10,0,579565.389692,0,-10,3819495.51158
S1_20201103_74266700171.tif,2020-11-03,74266700171,2020,train,-87.36660942,39.84142546,EPSG:32616,1053,1056,10,0,463369.023629,0,-10,4415501.52706
S1_20201103_74267200371.tif,2020-11-03,74267200371,2020,train,-86.15263674,37.18082918,EPSG:32616,1058,1061,10,0,569926.878521,0,-10,4120573.79032
S1_20201103_74294500151.tif,2020-11-03,74294500151,2020,valid,-98.69546391,40.71879974,EPSG:32614,1053,1056,10,0,520455.511124,0,-10,4512866.51971
S1_20201103_77144000051.tif,2020-11-03,77144000051,2020,train,-103.88310455,21.45615364,EPSG:32613,1055,1056,10,0,610451.688723,0,-10,2378325.40267
S1_20201103_82254900171.tif,2020-11-03,82254900171,2020,valid,-118.27638733,58.86285158,EPSG:32611,1070,1075,10,0,421030.029852,0,-10,6530857.55386
S1_20201103_83188000411.tif,2020-11-03,83188000411,2020,valid,-105.80815111,64.54718158,EPSG:32613,1064,1069,10,0,455927.195303,0,-10,7163582.19852
S1_20201103_83188000623.tif,2020-11-03,83188000623,2020,train,-105.51865041,64.25374099,EPSG:32613,1059,1064,10,0,469567.195303,0,-10,7130712.19852
S1_20201105_17265000141.tif,2020-11-05,17265000141,2020,train,34.25892745,7.63090194,EPSG:32636,1051,1051,10,0,633610.551888,0,-10,848951.458934
S1_20201105_24249300181.tif,2020-11-05,24249300181,2020,train,23.50324576,52.17126300,EPSG:32635,1100,1104,10,0,255399.795002,0,-10,5791372.82535
S1_20201105_56360100173.tif,2020-11-05,56360100173,2020,train,151.88358062,-25.36106213,EPSG:32756,1057,1058,10,0,382384.369116,0,-10,7199892.59192
S1_20201105_62268202586.tif,2020-11-05,62268202586,2020,train,-59.61758236,-15.40720469,EPSG:32720,1066,1066,10,0,857790.265119,0,-10,8299114.5457
S1_20201105_75165000403.tif,2020-11-05,75165000403,2020,train,-97.43020695,32.02276778,EPSG:32614,1064,1066,10,0,642926.872518,0,-10,3549366.36473
S1_20201105_81110200271.tif,2020-11-05,81110200271,2020,train,-138.50778880,59.18297928,EPSG:32607,1089,1094,10,0,636956.558157,0,-10,6568557.55745
S1_20201106_12243000101.tif,2020-11-06,12243000101,2020,train,30.75077377,-14.04288097,EPSG:32736,1059,1058,10,0,251798.995861,0,-10,8451663.92815
S1_20201106_13363000411.tif,2020-11-06,13363000411,2020,valid,11.94947647,4.63350320,EPSG:32632,1054,1053,10,0,822011.056342,0,-10,518098.473311
S1_20201106_14229500081.tif,2020-11-06,14229500081,2020,valid,11.68042882,10.19451243,EPSG:32632,1058,1057,10,0,788397.676876,0,-10,1133420.12919
S1_20201106_14577700406.tif,2020-11-06,14577700406,2020,train,-13.62801521,10.70229454,EPSG:32628,1052,1052,10,0,644782.719671,0,-10,1188655.97667
S1_20201106_22740200351.tif,2020-11-06,22740200351,2020,train,19.77833006,43.05316293,EPSG:32634,1064,1067,10,0,395189.063793,0,-10,4772777.636
S1_20201106_22764000291.tif,2020-11-06,22764000291,2020,train,21.94863217,47.05341876,EPSG:32634,1062,1066,10,0,566738.163621,0,-10,5216866.97948
S1_20201106_22764000314.tif,2020-11-06,22764000314,2020,train,21.96148996,47.05088186,EPSG:32634,1062,1066,10,0,567718.163621,0,-10,5216596.97948
S1_20201106_22780400291.tif,2020-11-06,22780400291,2020,train,15.43477377,47.05875380,EPSG:32633,1056,1058,10,0,527737.651905,0,-10,5217074.94807
S1_20201106_22780400511.tif,2020-11-06,22780400511,2020,train,15.23952053,47.40260275,EPSG:32633,1052,1056,10,0,512812.444376,0,-10,5255213.28121
S1_20201106_22797000021.tif,2020-11-06,22797000021,2020,valid,16.68932873,48.11770814,EPSG:32633,1073,1076,10,0,620362.444376,0,-10,5336143.28121
S1_20201106_22797000721.tif,2020-11-06,22797000721,2020,train,13.53553452,48.58156155,EPSG:32633,1070,1073,10,0,386642.340098,0,-10,5387341.87022
S1_20201106_23216000694.tif,2020-11-06,23216000694,2020,train,2.01005767,45.15212510,EPSG:32631,1062,1066,10,0,416874.15392,0,-10,5005656.42697
S1_20201106_23216001261.tif,2020-11-06,23216001261,2020,train,2.20896499,45.22987487,EPSG:32631,1060,1063,10,0,432604.15392,0,-10,5014106.42697
S1_20201106_23226000394.tif,2020-11-06,23226000394,2020,valid,2.28453633,46.92598667,EPSG:32631,1059,1062,10,0,440236.487844,0,-10,5202497.75595
S1_20201106_23240600051.tif,2020-11-06,23240600051,2020,train,2.39354832,48.67535995,EPSG:32631,1058,1062,10,0,450065.131825,0,-10,5396855.54894
S1_20201106_23240604014.tif,2020-11-06,23240604014,2020,train,3.62387304,47.72314138,EPSG:32631,1058,1062,10,0,541496.487844,0,-10,5291027.75595
S1_20201106_23250500285.tif,2020-11-06,23250500285,2020,train,3.72167421,51.10487045,EPSG:32631,1060,1064,10,0,545225.068303,0,-10,5667054.64079
S1_20201106_23250800784.tif,2020-11-06,23250800784,2020,train,4.79927296,50.08393767,EPSG:32631,1075,1079,10,0,623345.270128,0,-10,5554908.74453
S1_20201106_23250800901.tif,2020-11-06,23250800901,2020,train,4.72333718,50.00899497,EPSG:32631,1073,1077,10,0,618115.270128,0,-10,5546438.74453
S1_20201106_23264000994.tif,2020-11-06,23264000994,2020,train,11.00477631,49.63765127,EPSG:32633,1105,1109,10,0,206040.371347,0,-10,5511557.61653
S1_20201106_23264001084.tif,2020-11-06,23264001084,2020,train,10.99600345,49.59937541,EPSG:32633,1105,1109,10,0,205180.371347,0,-10,5507337.61653
S1_20201106_23270600771.tif,2020-11-06,23270600771,2020,valid,8.85571435,52.23422213,EPSG:32632,1052,1056,10,0,484886.493385,0,-10,5792379.39355
S1_20201106_23282000584.tif,2020-11-06,23282000584,2020,train,13.41117332,52.51441621,EPSG:32633,1073,1077,10,0,386819.421527,0,-10,5824826.8846
S1_20201106_25107300161.tif,2020-11-06,25107300161,2020,train,8.26438365,58.74105839,EPSG:32632,1061,1066,10,0,452115.805711,0,-10,6516782.96433
S1_20201106_32227000281.tif,2020-11-06,32227000281,2020,train,100.75911379,63.81173265,EPSG:32647,1079,1084,10,0,581217.2146,0,-10,7082648.53154
S1_20201106_32296000436.tif,2020-11-06,32296000436,2020,train,99.43555243,50.51976770,EPSG:32647,1056,1059,10,0,525596.889015,0,-10,5601809.03704
S1_20201106_43226400071.tif,2020-11-06,43226400071,2020,train,107.66730198,35.36365580,EPSG:32649,1085,1087,10,0,191755.57554,0,-10,3923907.8676
S1_20201106_43306600174.tif,2020-11-06,43306600174,2020,train,118.36949538,35.03898417,EPSG:32650,1063,1066,10,0,619598.508461,0,-10,3883553.46853
S1_20201106_43306600204.tif,2020-11-06,43306600204,2020,train,118.37814586,35.09708737,EPSG:32650,1063,1065,10,0,620298.508461,0,-10,3890003.46853
S1_20201106_43306600563.tif,2020-11-06,43306600563,2020,train,118.33913712,35.08652447,EPSG:32650,1063,1065,10,0,616758.508461,0,-10,3888783.46853
S1_20201106_43306700983.tif,2020-11-06,43306700983,2020,train,118.22194519,34.04436487,EPSG:32650,1062,1063,10,0,607478.508461,0,-10,3773063.46853
S1_20201106_43421001314.tif,2020-11-06,43421001314,2020,train,119.13802383,33.46639035,EPSG:32650,1070,1072,10,0,693336.066786,0,-10,3710397.77342
S1_20201106_43423000121.tif,2020-11-06,43423000121,2020,train,118.48231952,33.09100322,EPSG:32650,1064,1065,10,0,633016.066786,0,-10,3667677.77342
S1_20201106_43430100101.tif,2020-11-06,43430100101,2020,train,119.41908369,32.36963917,EPSG:32650,1073,1074,10,0,722238.019532,0,-10,3589351.93655
S1_20201106_43430300141.tif,2020-11-06,43430300141,2020,valid,118.35225855,31.96772730,EPSG:32650,1062,1063,10,0,622468.019532,0,-10,3542971.93655
S1_20201106_43430500011.tif,2020-11-06,43430500011,2020,valid,118.40191499,31.56341153,EPSG:32650,1062,1063,10,0,627738.019532,0,-10,3498211.93655
S1_20201106_43494202351.tif,2020-11-06,43494202351,2020,train,104.54814843,31.18114750,EPSG:32648,1052,1054,10,0,451685.059754,0,-10,3455035.80829
S1_20201106_43494203421.tif,2020-11-06,43494203421,2020,valid,105.15927010,31.56160699,EPSG:32648,1050,1052,10,0,509865.059754,0,-10,3497115.80829
S1_20201106_43494501164.tif,2020-11-06,43494501164,2020,valid,105.92389805,31.76031997,EPSG:32648,1058,1059,10,0,582205.059754,0,-10,3519535.80829
S1_20201106_43494501411.tif,2020-11-06,43494501411,2020,train,106.05467718,31.85389378,EPSG:32648,1059,1060,10,0,594485.059754,0,-10,3530025.80829
S1_20201106_43494900301.tif,2020-11-06,43494900301,2020,train,104.75767768,33.45597045,EPSG:32648,1051,1053,10,0,472225.385706,0,-10,3707128.97875
S1_20201106_43495601351.tif,2020-11-06,43495601351,2020,valid,104.44315664,29.99122552,EPSG:32648,1053,1055,10,0,441023.596605,0,-10,3323218.53962
S1_20201106_43495602754.tif,2020-11-06,43495602754,2020,train,104.75561458,30.50603614,EPSG:32648,1051,1052,10,0,471295.059754,0,-10,3380145.80829
S1_20201106_43495604646.tif,2020-11-06,43495604646,2020,valid,105.32429981,29.25641695,EPSG:32648,1051,1052,10,0,526253.596605,0,-10,3241698.53962
S1_20201106_43496100191.tif,2020-11-06,43496100191,2020,train,104.28051625,28.97789090,EPSG:32648,1054,1056,10,0,424636.439787,0,-10,3211029.34279
S1_20201106_43496500131.tif,2020-11-06,43496500131,2020,train,103.65927424,29.30821107,EPSG:32648,1060,1062,10,0,364496.439787,0,-10,3248189.34279
S1_20201106_43505000776.tif,2020-11-06,43505000776,2020,valid,121.16727739,30.05330055,EPSG:32650,1088,1089,10,0,896447.109124,0,-10,3337464.02391
S1_20201106_44570002335.tif,2020-11-06,44570002335,2020,train,95.09929139,16.35808981,EPSG:32646,1059,1060,10,0,718949.594391,0,-10,1815003.31776
S1_20201106_44581100021.tif,2020-11-06,44581100021,2020,train,95.39586336,18.16206389,EPSG:32646,1062,1063,10,0,748149.594391,0,-10,2015083.31776
S1_20201106_44584200154.tif,2020-11-06,44584200154,2020,train,96.20190368,21.51714612,EPSG:32647,1068,1068,10,0,204785.829243,0,-10,2387320.91369
S1_20201106_45100700235.tif,2020-11-06,45100700235,2020,valid,91.43706463,22.95258013,EPSG:32646,1059,1060,10,0,334463.176737,0,-10,2544422.86215
S1_20201106_45247401133.tif,2020-11-06,45247401133,2020,train,78.26508354,24.44936422,EPSG:32643,1074,1075,10,0,825680.429651,0,-10,2713260.80806
S1_20201106_45348200281.tif,2020-11-06,45348200281,2020,train,77.27946537,18.85386729,EPSG:32643,1062,1062,10,0,734862.60684,0,-10,2091512.78063
S1_20201106_45367001574.tif,2020-11-06,45367001574,2020,valid,76.25326531,17.68924007,EPSG:32643,1055,1055,10,0,627638.100437,0,-10,1961521.56433
S1_20201106_45367001821.tif,2020-11-06,45367001821,2020,train,76.92012840,17.52091732,EPSG:32643,1059,1060,10,0,698548.100437,0,-10,1943511.56433
S1_20201106_45367002204.tif,2020-11-06,45367002204,2020,train,76.70980689,17.66235375,EPSG:32643,1058,1058,10,0,676078.100437,0,-10,1958941.56433
S1_20201106_45367002244.tif,2020-11-06,45367002244,2020,train,76.69191864,17.72982412,EPSG:32643,1057,1058,10,0,674118.100437,0,-10,1966391.56433
S1_20201106_45403302441.tif,2020-11-06,45403302441,2020,train,75.48681371,11.99768094,EPSG:32643,1050,1050,10,0,547745.136522,0,-10,1331593.99924
S1_20201106_45404800216.tif,2020-11-06,45404800216,2020,train,77.55191742,20.82145428,EPSG:32643,1065,1066,10,0,760272.939991,0,-10,2309821.11909
S1_20201106_45406300121.tif,2020-11-06,45406300121,2020,valid,77.16499335,22.12545056,EPSG:32643,1063,1064,10,0,717998.685414,0,-10,2453622.26462
S1_20201106_45406301576.tif,2020-11-06,45406301576,2020,valid,77.48693874,22.27231054,EPSG:32643,1066,1067,10,0,750938.685414,0,-10,2470412.26462
S1_20201106_45406500091.tif,2020-11-06,45406500091,2020,train,78.29621668,22.95304881,EPSG:32643,1072,1073,10,0,832688.685414,0,-10,2547482.26462
S1_20201106_56121000055.tif,2020-11-06,56121000055,2020,valid,115.97458822,-31.89407759,EPSG:32750,1058,1060,10,0,397740.890864,0,-10,6476146.41847
S1_20201106_64160700746.tif,2020-11-06,64160700746,2020,train,-56.33249959,-32.74840140,EPSG:32721,1055,1057,10,0,557257.074658,0,-10,6381692.6905
S1_20201106_64272200141.tif,2020-11-06,64272200141,2020,train,-53.97156425,-21.53301983,EPSG:32722,1069,1070,10,0,186832.064579,0,-10,7621278.08113
S1_20201106_65375000015.tif,2020-11-06,65375000015,2020,train,-68.50648853,-49.99663992,EPSG:32719,1057,1061,10,0,530085.913234,0,-10,4466931.19696
S1_20201106_74242700081.tif,2020-11-06,74242700081,2020,train,-104.01166046,35.34488851,EPSG:32613,1059,1061,10,0,584514.052364,0,-10,3917044.10551
S1_20201106_74269800031.tif,2020-11-06,74269800031,2020,train,-79.83667328,40.37118212,EPSG:32617,1062,1066,10,0,593452.563548,0,-10,4474935.6175
S1_20201106_74269900031.tif,2020-11-06,74269900031,2020,train,-79.85042785,40.49388488,EPSG:32617,1063,1065,10,0,592102.563548,0,-10,4488535.6175
S1_20201106_74269900643.tif,2020-11-06,74269900643,2020,train,-78.95321897,42.01649917,EPSG:32617,1075,1077,10,0,664094.555687,0,-10,4659019.66478
S1_20201106_74292500521.tif,2020-11-06,74292500521,2020,train,-101.00700879,40.16560032,EPSG:32613,1097,1099,10,0,834577.431035,0,-10,4459282.2532
S1_20201106_77152000021.tif,2020-11-06,77152000021,2020,train,-105.49954070,21.80798231,EPSG:32613,1051,1052,10,0,443112.383058,0,-10,2416917.15825
S1_20201106_78390400561.tif,2020-11-06,78390400561,2020,valid,-133.17245429,58.85480919,EPSG:32608,1079,1083,10,0,600035.093403,0,-10,6530739.38129
S1_20201106_81292900063.tif,2020-11-06,81292900063,2020,train,-138.49411896,61.15706640,EPSG:32607,1090,1095,10,0,629389.961418,0,-10,6788340.80365
S1_20201106_82254100031.tif,2020-11-06,82254100031,2020,train,-115.86542609,60.71615016,EPSG:32611,1069,1073,10,0,556564.077281,0,-10,6737071.19504
S1_20201106_82269900303.tif,2020-11-06,82269900303,2020,train,-112.96236590,65.25117274,EPSG:32611,1116,1122,10,0,682930.240119,0,-10,7248093.22318
S1_20201106_82291000121.tif,2020-11-06,82291000121,2020,train,-111.65779828,58.93923436,EPSG:32612,1061,1065,10,0,456836.793375,0,-10,6538796.92472
S1_20201106_82298000171.tif,2020-11-06,82298000171,2020,train,-123.89823508,55.23329492,EPSG:32610,1063,1068,10,0,437560.906618,0,-10,6126460.59507
S1_20201107_14447000061.tif,2020-11-07,14447000061,2020,train,-0.71516669,10.64282318,EPSG:32630,1056,1056,10,0,744681.805738,0,-10,1182687.51617
S1_20201107_23266000454.tif,2020-11-07,23266000454,2020,train,9.31940214,48.72855682,EPSG:32632,1053,1058,10,0,518223.551052,0,-10,5402620.65169
S1_20201107_23266000481.tif,2020-11-07,23266000481,2020,train,9.40129329,48.71521143,EPSG:32632,1055,1059,10,0,524243.551052,0,-10,5401170.65169
S1_20201107_43306700944.tif,2020-11-07,43306700944,2020,train,117.57016772,34.38633391,EPSG:32650,1054,1056,10,0,547144.502392,0,-10,3810420.55833
S1_20201107_45348500344.tif,2020-11-07,45348500344,2020,valid,77.48138392,18.02238558,EPSG:32643,1062,1063,10,0,757409.499024,0,-10,1999738.08487
S1_20201108_23270300135.tif,2020-11-08,23270300135,2020,train,5.63877266,52.96662299,EPSG:32632,1099,1102,10,0,268793.367571,0,-10,5879355.39378
S1_20201108_23270300175.tif,2020-11-08,23270300175,2020,train,5.69961120,52.89251334,EPSG:32632,1098,1102,10,0,272503.367571,0,-10,5870925.39378
S1_20201108_24222700414.tif,2020-11-08,24222700414,2020,train,17.71871815,50.79126553,EPSG:32633,1088,1092,10,0,686171.663954,0,-10,5635596.93108
S1_20201108_43482800131.tif,2020-11-08,43482800131,2020,train,111.28001673,26.36930878,EPSG:32649,1050,1052,10,0,522685.286419,0,-10,2921873.81893
S1_20201108_43482801004.tif,2020-11-08,43482801004,2020,train,111.18592134,25.66013030,EPSG:32649,1049,1051,10,0,513414.807521,0,-10,2843314.40986
S1_20201108_43482900264.tif,2020-11-08,43482900264,2020,train,111.57515536,25.58763760,EPSG:32649,1053,1054,10,0,552495.286419,0,-10,2835413.81893
S1_20201108_43482900784.tif,2020-11-08,43482900784,2020,valid,111.84388351,25.49978345,EPSG:32649,1055,1055,10,0,579535.286419,0,-10,2825833.81893
S1_20201108_43482901081.tif,2020-11-08,43482901081,2020,train,111.68898855,25.11756554,EPSG:32649,1053,1055,10,0,564195.409959,0,-10,2783417.99717
S1_20201108_43484001541.tif,2020-11-08,43484001541,2020,train,110.82720626,27.08243923,EPSG:32649,1050,1051,10,0,477618.740368,0,-10,3000832.95955
S1_20201108_43484001624.tif,2020-11-08,43484001624,2020,train,110.73216417,26.90275765,EPSG:32649,1051,1052,10,0,468148.740368,0,-10,2980952.95955
S1_20201108_43663400801.tif,2020-11-08,43663400801,2020,train,111.31867579,24.52800545,EPSG:32649,1050,1052,10,0,527029.350129,0,-10,2717983.37934
S1_20201108_43663400841.tif,2020-11-08,43663400841,2020,valid,111.28628257,24.63143620,EPSG:32649,1051,1051,10,0,523719.350129,0,-10,2729423.37934
S1_20201108_43663600281.tif,2020-11-08,43663600281,2020,train,110.79669097,24.23769730,EPSG:32649,1050,1051,10,0,474109.350129,0,-10,2685813.37934
S1_20201108_43663900071.tif,2020-11-08,43663900071,2020,train,110.63416457,23.45334810,EPSG:32649,1050,1052,10,0,457384.825705,0,-10,2599014.18842
S1_20201108_72404600021.tif,2020-11-08,72404600021,2020,train,-68.64121959,51.08659041,EPSG:32619,1055,1059,10,0,519853.554389,0,-10,5664810.35864
S1_20201108_78269100103.tif,2020-11-08,78269100103,2020,train,-118.11574430,49.77787088,EPSG:32611,1065,1069,10,0,414345.8915,0,-10,5519876.08264
S1_20201108_78269100133.tif,2020-11-08,78269100133,2020,valid,-117.90901915,49.97939849,EPSG:32611,1062,1066,10,0,429515.8915,0,-10,5542066.08264
S1_20201109_14221400101.tif,2020-11-09,14221400101,2020,train,8.25091446,8.63382041,EPSG:32632,1050,1050,10,0,412331.638131,0,-10,959699.661692
S1_20201109_14223000131.tif,2020-11-09,14223000131,2020,train,9.32194154,8.29798041,EPSG:32632,1048,1049,10,0,530211.638131,0,-10,922499.661692
S1_20201109_14223000536.tif,2020-11-09,14223000536,2020,valid,9.13287447,8.82723692,EPSG:32632,1048,1047,10,0,509371.638131,0,-10,980989.661692
S1_20201109_14229800136.tif,2020-11-09,14229800136,2020,train,9.16008137,9.55293662,EPSG:32632,1049,1048,10,0,512322.670287,0,-10,1061228.3152
S1_20201109_21304000081.tif,2020-11-09,21304000081,2020,train,23.28498491,41.10357843,EPSG:32634,1077,1079,10,0,686491.571554,0,-10,4558166.41394
S1_20201109_21500800161.tif,2020-11-09,21500800161,2020,train,11.10979532,43.77792850,EPSG:32633,1098,1102,10,0,181444.797169,0,-10,4860077.33526
S1_20201109_21500800254.tif,2020-11-09,21500800254,2020,train,11.31626584,43.76240707,EPSG:32633,1096,1099,10,0,197994.797169,0,-10,4857577.33526
S1_20201109_21500800274.tif,2020-11-09,21500800274,2020,train,11.33151321,43.76902023,EPSG:32633,1096,1099,10,0,199254.797169,0,-10,4858257.33526
S1_20201109_21500800301.tif,2020-11-09,21500800301,2020,train,11.35661239,43.77202992,EPSG:32633,1095,1098,10,0,201294.797169,0,-10,4858497.33526
S1_20201109_21500900231.tif,2020-11-09,21500900231,2020,valid,10.52830000,43.88427682,EPSG:32633,1106,1110,10,0,135244.797169,0,-10,4874297.33526
S1_20201109_21602601244.tif,2020-11-09,21602601244,2020,train,5.83370595,45.97146192,EPSG:32632,1091,1094,10,0,249249.606121,0,-10,5101222.3644
S1_20201109_22710800661.tif,2020-11-09,22710800661,2020,train,24.81743167,48.15254679,EPSG:32635,1080,1083,10,0,332275.036852,0,-10,5340974.01971
S1_20201109_22736000434.tif,2020-11-09,22736000434,2020,train,24.37641002,45.12092807,EPSG:32635,1083,1086,10,0,288241.609278,0,-10,5005162.89412
S1_20201109_22769200151.tif,2020-11-09,22769200151,2020,train,23.38966613,48.08963565,EPSG:32634,1082,1086,10,0,672533.840976,0,-10,5334455.23702
S1_20201109_22769200211.tif,2020-11-09,22769200211,2020,train,23.95777359,48.29671753,EPSG:32635,1091,1094,10,0,268925.036852,0,-10,5359224.01971
S1_20201109_23214200864.tif,2020-11-09,23214200864,2020,train,1.94825070,44.51733815,EPSG:32631,1062,1066,10,0,411102.992742,0,-10,4935202.98262
S1_20201109_24249800081.tif,2020-11-09,24249800081,2020,train,24.05458800,52.19197321,EPSG:32635,1092,1096,10,0,293223.936604,0,-10,5791960.19763
S1_20201109_24322500244.tif,2020-11-09,24322500244,2020,valid,28.77961499,61.17086015,EPSG:32635,1078,1083,10,0,590336.301664,0,-10,6788536.31001
S1_20201109_32229800201.tif,2020-11-09,32229800201,2020,train,108.38836631,58.19397144,EPSG:32648,1102,1107,10,0,693637.837751,0,-10,6460847.57271
S1_20201109_43449300283.tif,2020-11-09,43449300283,2020,train,114.96416034,26.05157814,EPSG:32650,1065,1066,10,0,290995.456669,0,-10,2888315.4634
S1_20201109_43462000671.tif,2020-11-09,43462000671,2020,valid,113.89676619,31.13230184,EPSG:32649,1076,1078,10,0,770835.487585,0,-10,3453266.41429
S1_20201109_43462001074.tif,2020-11-09,43462001074,2020,train,114.00023793,31.60508269,EPSG:32649,1078,1079,10,0,779265.487585,0,-10,3505966.41429
S1_20201109_43462001121.tif,2020-11-09,43462001121,2020,train,114.03579120,31.64549293,EPSG:32649,1078,1080,10,0,782515.487585,0,-10,3510546.41429
S1_20201109_43470000844.tif,2020-11-09,43470000844,2020,valid,113.88892213,29.69537564,EPSG:32649,1075,1077,10,0,774162.636441,0,-10,3293909.32027
S1_20201109_43482100751.tif,2020-11-09,43482100751,2020,train,113.89003042,28.69629031,EPSG:32649,1074,1076,10,0,777002.636441,0,-10,3183139.32027
S1_20201109_43482101151.tif,2020-11-09,43482101151,2020,train,113.81088586,28.28378180,EPSG:32650,1077,1078,10,0,181788.924302,0,-10,3138156.99283
S1_20201109_43670900055.tif,2020-11-09,43670900055,2020,train,106.40007524,20.48334277,EPSG:32648,1057,1057,10,0,640729.029581,0,-10,2270878.85759
S1_20201109_43682200361.tif,2020-11-09,43682200361,2020,valid,104.57050716,22.73387104,EPSG:32648,1051,1052,10,0,450643.81239,0,-10,2519383.73596
S1_20201109_43685000283.tif,2020-11-09,43685000283,2020,train,104.24719571,21.26286457,EPSG:32648,1053,1054,10,0,416633.077683,0,-10,2356696.10771
S1_20201109_43690000125.tif,2020-11-09,43690000125,2020,valid,106.18013553,20.42028721,EPSG:32648,1055,1057,10,0,617849.029581,0,-10,2263718.85759
S1_20201109_44266000031.tif,2020-11-09,44266000031,2020,train,103.62488692,16.31543166,EPSG:32648,1055,1055,10,0,347820.569049,0,-10,1809597.48521
S1_20201109_44266000431.tif,2020-11-09,44266000431,2020,valid,103.21876109,16.95711827,EPSG:32648,1058,1057,10,0,305040.572557,0,-10,1880956.33362
S1_20201109_44291600341.tif,2020-11-09,44291600341,2020,train,99.36435744,20.40193567,EPSG:32647,1050,1051,10,0,532766.214794,0,-10,2261257.66297
S1_20201109_44570001925.tif,2020-11-09,44570001925,2020,train,95.34416008,16.32694644,EPSG:32646,1060,1061,10,0,745152.699125,0,-10,1811846.78754
S1_20201109_45243802461.tif,2020-11-09,45243802461,2020,train,81.10645174,23.25263361,EPSG:32644,1049,1049,10,0,505643.932699,0,-10,2576735.67159
S1_20201109_45243803081.tif,2020-11-09,45243803081,2020,train,80.78816760,23.69585958,EPSG:32644,1050,1051,10,0,473153.932699,0,-10,2625825.67159
S1_20201109_45344400141.tif,2020-11-09,45344400141,2020,train,80.76387006,20.09823224,EPSG:32644,1049,1050,10,0,470069.878706,0,-10,2227619.22749
S1_20201109_45346401171.tif,2020-11-09,45346401171,2020,train,80.40142176,21.41444328,EPSG:32644,1052,1053,10,0,432702.985917,0,-10,2373399.65312
S1_20201109_45406800524.tif,2020-11-09,45406800524,2020,train,80.80942021,22.78963810,EPSG:32644,1049,1050,10,0,475193.932699,0,-10,2525495.67159
S1_20201109_45406800531.tif,2020-11-09,45406800531,2020,train,80.81794753,22.78784133,EPSG:32644,1050,1050,10,0,476063.932699,0,-10,2525295.67159
S1_20201109_45406900321.tif,2020-11-09,45406900321,2020,train,81.00271754,22.78699664,EPSG:32644,1049,1049,10,0,495033.932699,0,-10,2525185.67159
S1_20201109_62294900986.tif,2020-11-09,62294900986,2020,valid,-74.99156524,1.98072152,EPSG:32618,1048,1047,10,0,495698.020345,0,-10,224165.118543
S1_20201109_62297801571.tif,2020-11-09,62297801571,2020,train,-75.57306506,-0.83031115,EPSG:32718,1048,1047,10,0,430997.788055,0,-10,9913455.98498
S1_20201109_71187000071.tif,2020-11-09,71187000071,2020,valid,-107.77539819,54.90807642,EPSG:32613,1091,1095,10,0,316624.759021,0,-10,6093564.4146
S1_20201109_72551001783.tif,2020-11-09,72551001783,2020,train,-75.18236704,44.25245954,EPSG:32618,1052,1054,10,0,480181.024008,0,-10,4905199.75631
S1_20201109_72554000024.tif,2020-11-09,72554000024,2020,train,-76.47323860,43.40058640,EPSG:32618,1068,1071,10,0,375361.024008,0,-10,4811709.75631
S1_20201109_72554000601.tif,2020-11-09,72554000601,2020,train,-77.60228918,43.10578900,EPSG:32618,1082,1084,10,0,282841.024008,0,-10,4781269.75631
S1_20201109_72555200101.tif,2020-11-09,72555200101,2020,train,-77.69473964,43.06884618,EPSG:32618,1083,1085,10,0,275181.024008,0,-10,4777409.75631
S1_20201109_75369000371.tif,2020-11-09,75369000371,2020,train,-90.70595556,15.43602918,EPSG:32615,1059,1060,10,0,740881.886906,0,-10,1713165.91932
S1_20201109_83270800301.tif,2020-11-09,83270800301,2020,valid,-94.80379877,60.50079113,EPSG:32615,1079,1084,10,0,395526.177801,0,-10,6713962.87507
S1_20201110_45252000344.tif,2020-11-10,45252000344,2020,train,88.58242453,26.31745451,EPSG:32645,1062,1062,10,0,652639.564433,0,-10,2917117.86234
S1_20201110_45311400205.tif,2020-11-10,45311400205,2020,train,89.26970175,23.80930506,EPSG:32645,1065,1067,10,0,725908.749533,0,-10,2640298.79754
S1_20201110_74227400051.tif,2020-11-10,74227400051,2020,train,-98.38087683,33.99419942,EPSG:32614,1054,1056,10,0,551908.988971,0,-10,3766965.55049
S1_20201110_75165000651.tif,2020-11-10,75165000651,2020,train,-98.61238353,32.87632772,EPSG:32614,1052,1054,10,0,531000.062797,0,-10,3642913.33928
S1_20201111_23214400514.tif,2020-11-11,23214400514,2020,train,0.99983674,43.18606789,EPSG:32630,1099,1102,10,0,819556.639526,0,-10,4794759.05587
S1_20201111_23214400951.tif,2020-11-11,23214400951,2020,train,0.67090007,43.10626467,EPSG:32630,1096,1098,10,0,793226.639526,0,-10,4784649.05587
S1_20201111_34269000261.tif,2020-11-11,34269000261,2020,train,118.61038554,54.65938649,EPSG:32650,1074,1078,10,0,598510.299919,0,-10,6063470.33725
S1_20201111_74295900163.tif,2020-11-11,74295900163,2020,train,-99.88350885,44.13284437,EPSG:32614,1060,1063,10,0,424023.614075,0,-10,4892322.20118
S1_20201112_14228300051.tif,2020-11-12,14228300051,2020,valid,12.41812540,9.33394482,EPSG:32633,1056,1056,10,0,211109.357501,0,-10,1038089.4429
S1_20201112_14637000111.tif,2020-11-12,14637000111,2020,train,-12.45343584,14.92518727,EPSG:32628,1061,1061,10,0,768643.385741,0,-10,1656925.14875
S1_20201112_21307500521.tif,2020-11-12,21307500521,2020,train,20.97790101,39.56112206,EPSG:32634,1050,1051,10,0,492851.61571,0,-10,4384303.14134
S1_20201112_23269000484.tif,2020-11-12,23269000484,2020,train,9.05485240,47.57387031,EPSG:32632,1050,1053,10,0,498875.323904,0,-10,5274205.90318
S1_20201112_32269700166.tif,2020-11-12,32269700166,2020,train,99.15359675,51.74046137,EPSG:32647,1052,1056,10,0,505345.368078,0,-10,5737463.39014
S1_20201112_42225400121.tif,2020-11-12,42225400121,2020,train,134.87832926,46.52827015,EPSG:32653,1051,1054,10,0,485413.814786,0,-10,5158021.84318
S1_20201112_42279000011.tif,2020-11-12,42279000011,2020,valid,121.96680952,53.42847663,EPSG:32651,1065,1069,10,0,426026.669542,0,-10,5925778.85788
S1_20201112_43306200131.tif,2020-11-12,43306200131,2020,train,119.00496866,33.92943717,EPSG:32650,1069,1071,10,0,679976.837543,0,-10,3761497.47698
S1_20201112_43427000451.tif,2020-11-12,43427000451,2020,train,116.81569030,32.21577860,EPSG:32650,1050,1052,10,0,477381.844747,0,-10,3569628.42295
S1_20201112_43430600223.tif,2020-11-12,43430600223,2020,train,117.57533643,31.50878847,EPSG:32650,1054,1055,10,0,549361.741592,0,-10,3491409.06204
S1_20201112_43489600754.tif,2020-11-12,43489600754,2020,train,108.17597616,27.04654825,EPSG:32649,1073,1074,10,0,214497.411461,0,-10,3000101.819
S1_20201112_43489600956.tif,2020-11-12,43489600956,2020,valid,107.96851118,27.03758251,EPSG:32649,1074,1075,10,0,193877.411461,0,-10,2999591.819
S1_20201112_43492400011.tif,2020-11-12,43492400011,2020,valid,108.40689841,28.92794419,EPSG:32648,1079,1081,10,0,826771.423577,0,-10,3210188.00484
S1_20201112_43492900491.tif,2020-11-12,43492900491,2020,train,104.81244667,26.67533237,EPSG:32648,1050,1051,10,0,476088.699732,0,-10,2955744.85391
S1_20201112_43495700031.tif,2020-11-12,43495700031,2020,train,105.41288689,28.73585962,EPSG:32648,1052,1053,10,0,535057.156933,0,-10,3184056.54139
S1_20201112_43497600371.tif,2020-11-12,43497600371,2020,train,102.48340285,25.80608148,EPSG:32648,1069,1069,10,0,242337.038491,0,-10,2861967.16725
S1_20201112_43508600181.tif,2020-11-12,43508600181,2020,train,118.34176611,27.42842055,EPSG:32650,1060,1061,10,0,627322.404895,0,-10,3039908.61671
S1_20201112_43666900154.tif,2020-11-12,43666900154,2020,train,107.92501766,25.96783338,EPSG:32649,1074,1074,10,0,186717.411461,0,-10,2881111.819
S1_20201112_43668000531.tif,2020-11-12,43668000531,2020,train,104.53154630,26.25352013,EPSG:32648,1052,1053,10,0,447959.01242,0,-10,2909109.67972
S1_20201112_43669200481.tif,2020-11-12,43669200481,2020,train,104.44359623,25.03546135,EPSG:32648,1052,1054,10,0,438609.01242,0,-10,2774259.67972
S1_20201112_43900100424.tif,2020-11-12,43900100424,2020,train,108.96867130,19.18072108,EPSG:32649,1060,1061,10,0,281099.413688,0,-10,2127373.43142
S1_20201112_43900100971.tif,2020-11-12,43900100971,2020,train,110.30110619,19.15719914,EPSG:32649,1052,1053,10,0,421249.413688,0,-10,2123633.43142
S1_20201112_43900102921.tif,2020-11-12,43900102921,2020,valid,110.26293205,19.43204002,EPSG:32649,1053,1053,10,0,417359.413688,0,-10,2154063.43142
S1_20201112_44547500011.tif,2020-11-12,44547500011,2020,valid,98.63636104,21.62139038,EPSG:32647,1050,1051,10,0,457115.878035,0,-10,2396220.14844
S1_20201112_44570003926.tif,2020-11-12,44570003926,2020,train,95.49868045,16.13668710,EPSG:32647,1068,1068,10,0,120105.583285,0,-10,1792578.64389
S1_20201112_44582100231.tif,2020-11-12,44582100231,2020,train,94.42490532,22.99648305,EPSG:32646,1058,1059,10,0,640750.787494,0,-10,2549134.98978
S1_20201112_44582300846.tif,2020-11-12,44582300846,2020,train,94.46326638,24.54144785,EPSG:32646,1060,1060,10,0,642911.708789,0,-10,2720260.67652
S1_20201112_44586000351.tif,2020-11-12,44586000351,2020,train,98.13685709,24.21470702,EPSG:32647,1055,1056,10,0,407077.86041,0,-10,2683548.72163
S1_20201112_45220201536.tif,2020-11-12,45220201536,2020,train,90.41128805,24.49017450,EPSG:32646,1068,1070,10,0,232307.241993,0,-10,2716305.4036
S1_20201112_45311700455.tif,2020-11-12,45311700455,2020,train,89.31850903,22.19234622,EPSG:32645,1065,1065,10,0,733716.331447,0,-10,2461269.7441
S1_20201112_56246000151.tif,2020-11-12,56246000151,2020,train,130.73324190,-17.58318338,EPSG:32752,1058,1058,10,0,678644.864358,0,-10,8060377.82212
S1_20201112_71226600101.tif,2020-11-12,71226600101,2020,train,-96.48000287,47.79223032,EPSG:32615,1096,1100,10,0,233902.293477,0,-10,5304573.83259
S1_20201112_75362900021.tif,2020-11-12,75362900021,2020,train,-92.17655158,15.90484734,EPSG:32615,1052,1052,10,0,582886.211264,0,-10,1763843.75516
S1_20201112_77115900246.tif,2020-11-12,77115900246,2020,train,-91.89036160,14.71985590,EPSG:32615,1053,1053,10,0,614189.856918,0,-10,1632900.13609
S1_20201112_82286900051.tif,2020-11-12,82286900051,2020,train,-108.70070677,57.19472902,EPSG:32612,1085,1090,10,0,633506.439619,0,-10,6346856.17392
S1_20201114_12540400271.tif,2020-11-14,12540400271,2020,valid,31.36212689,-27.45300274,EPSG:32736,1062,1063,10,0,332831.568713,0,-10,6967637.17228
S1_20201114_13279300261.tif,2020-11-14,13279300261,2020,train,25.46336734,-0.49739286,EPSG:32735,1048,1047,10,0,323757.021663,0,-10,9950238.22067
S1_20201114_18150000081.tif,2020-11-14,18150000081,2020,valid,44.85917696,-20.44979074,EPSG:32738,1049,1050,10,0,480066.455886,0,-10,7743987.2694
S1_20201114_21307400211.tif,2020-11-14,21307400211,2020,train,21.71868034,39.53492131,EPSG:32634,1058,1059,10,0,556470.804945,0,-10,4381681.67852
S1_20201114_22606700321.tif,2020-11-14,22606700321,2020,train,24.54641886,49.07214669,EPSG:32635,1084,1087,10,0,315385.936454,0,-10,5443810.71581
S1_20201114_22606700544.tif,2020-11-14,22606700544,2020,train,24.55639011,48.85076732,EPSG:32635,1084,1087,10,0,315322.068857,0,-10,5419180.72947
S1_20201114_22799200051.tif,2020-11-14,22799200051,2020,train,12.84366656,48.71712506,EPSG:32633,1079,1083,10,0,335998.900756,0,-10,5403668.98586
S1_20201114_45247200131.tif,2020-11-14,45247200131,2020,train,80.41630802,25.16165565,EPSG:32644,1053,1054,10,0,435911.456173,0,-10,2788245.23962
S1_20201114_45247200711.tif,2020-11-14,45247200711,2020,train,80.11549543,24.11751473,EPSG:32644,1055,1056,10,0,404840.577282,0,-10,2672800.66115
S1_20201114_45259700041.tif,2020-11-14,45259700041,2020,valid,93.30117333,26.69993742,EPSG:32646,1050,1052,10,0,524709.953019,0,-10,2958496.63764
S1_20201114_45291000811.tif,2020-11-14,45291000811,2020,train,95.40840020,29.49788817,EPSG:32646,1070,1072,10,0,728130.725906,0,-10,3270926.54187
S1_20201114_45347300093.tif,2020-11-14,45347300093,2020,train,79.21666674,18.86507501,EPSG:32644,1059,1059,10,0,306834.448563,0,-10,2092138.98769
S1_20201114_45362000341.tif,2020-11-14,45362000341,2020,train,78.44313155,17.36663277,EPSG:32644,1063,1063,10,0,222983.754268,0,-10,1927239.92249
S1_20201115_12493100346.tif,2020-11-15,12493100346,2020,valid,27.94328734,-22.99535865,EPSG:32735,1055,1056,10,0,591400.887254,0,-10,7461963.12449
S1_20201115_12780400041.tif,2020-11-15,12780400041,2020,train,26.16260497,-30.46690175,EPSG:32735,1057,1058,10,0,414329.536432,0,-10,6634468.44488
S1_20201115_14450500066.tif,2020-11-15,14450500066,2020,train,-2.40445252,8.36433099,EPSG:32630,1050,1049,10,0,560320.402736,0,-10,929870.139033
S1_20201115_14480300021.tif,2020-11-15,14480300021,2020,train,-3.43688074,12.76636085,EPSG:32630,1049,1050,10,0,447334.71489,0,-10,1416588.6301
S1_20201115_22733000594.tif,2020-11-15,22733000594,2020,train,26.37567304,44.56421396,EPSG:32635,1057,1060,10,0,445136.902737,0,-10,4940031.49596
S1_20201115_31252700131.tif,2020-11-15,31252700131,2020,train,66.52194651,59.60286895,EPSG:32641,1105,1109,10,0,693209.537301,0,-10,6618000.90962
S1_20201115_31254500401.tif,2020-11-15,31254500401,2020,valid,71.76843564,59.02800663,EPSG:32642,1093,1098,10,0,653429.765974,0,-10,6551952.98905
S1_20201115_31264500331.tif,2020-11-15,31264500331,2020,train,63.46604574,58.12154977,EPSG:32641,1057,1062,10,0,522169.050923,0,-10,6447647.61688
S1_20201115_32272411321.tif,2020-11-15,32272411321,2020,valid,95.59335900,57.67158514,EPSG:32646,1090,1095,10,0,649219.730554,0,-10,6400581.2739
S1_20201115_42256100346.tif,2020-11-15,42256100346,2020,valid,130.62960159,50.24050373,EPSG:32652,1073,1077,10,0,610837.297346,0,-10,5572027.06222
S1_20201115_42268700161.tif,2020-11-15,42268700161,2020,valid,129.94786569,54.84900002,EPSG:32652,1064,1069,10,0,555540.137461,0,-10,6083745.13122
S1_20201115_42410100831.tif,2020-11-15,42410100831,2020,train,126.99751719,39.50987568,EPSG:32652,1072,1075,10,0,322486.11708,0,-10,4380649.91453
S1_20201115_43429200031.tif,2020-11-15,43429200031,2020,train,115.46182359,33.02523616,EPSG:32650,1064,1066,10,0,351023.827827,0,-10,3660465.73367
S1_20201115_43684900156.tif,2020-11-15,43684900156,2020,train,102.00045005,24.84730978,EPSG:32648,1072,1073,10,0,191493.09172,0,-10,2756742.16473
S1_20201115_44250000141.tif,2020-11-15,44250000141,2020,train,105.92249826,14.79473158,EPSG:32648,1052,1052,10,0,594013.183522,0,-10,1641086.68757
S1_20201115_44590000845.tif,2020-11-15,44590000845,2020,train,94.82501414,16.62579992,EPSG:32646,1058,1058,10,0,689379.511093,0,-10,1844337.19954
S1_20201115_45241200201.tif,2020-11-15,45241200201,2020,train,88.11976695,25.45034256,EPSG:32645,1057,1058,10,0,607299.564433,0,-10,2820577.86234
S1_20201115_45243802381.tif,2020-11-15,45243802381,2020,train,84.32183942,24.08573910,EPSG:32644,1074,1075,10,0,832400.698069,0,-10,2673093.05939
S1_20201115_45311901906.tif,2020-11-15,45311901906,2020,train,88.38292495,21.63408569,EPSG:32645,1058,1058,10,0,637830.169026,0,-10,2398253.14384
S1_20201115_45326000011.tif,2020-11-15,45326000011,2020,valid,82.72868135,21.75328729,EPSG:32644,1060,1061,10,0,673462.744701,0,-10,2411824.37924
S1_20201115_45326000204.tif,2020-11-15,45326000204,2020,valid,82.59853470,22.60493524,EPSG:32644,1060,1061,10,0,659008.26199,0,-10,2505973.46623
S1_20201115_45326000223.tif,2020-11-15,45326000223,2020,train,82.57045988,22.70649993,EPSG:32644,1059,1060,10,0,656008.26199,0,-10,2517183.46623
S1_20201115_45327000201.tif,2020-11-15,45327000201,2020,train,82.64017731,21.11970400,EPSG:32644,1060,1060,10,0,665042.744701,0,-10,2341574.37924
S1_20201115_45328000124.tif,2020-11-15,45328000124,2020,train,82.07545507,21.27085585,EPSG:32644,1056,1056,10,0,606292.744701,0,-10,2357784.37924
S1_20201115_45342000221.tif,2020-11-15,45342000221,2020,train,81.85427160,18.57780928,EPSG:32644,1053,1053,10,0,584874.000155,0,-10,2059593.13734
S1_20201115_45344900571.tif,2020-11-15,45344900571,2020,valid,82.91182732,19.41952608,EPSG:32644,1060,1061,10,0,695439.18681,0,-10,2153666.95333
S1_20201115_52409700211.tif,2020-11-15,52409700211,2020,train,120.64128716,18.16305101,EPSG:32651,1062,1062,10,0,245163.796552,0,-10,2015136.72365
S1_20201115_72290000091.tif,2020-11-15,72290000091,2020,valid,-64.69176008,58.77607727,EPSG:32619,1116,1121,10,0,743434.828501,0,-10,6528735.31022
S1_20201115_81120800021.tif,2020-11-15,81120800021,2020,train,-142.60967963,61.14002425,EPSG:32607,1075,1081,10,0,407953.716652,0,-10,6784855.42414
S1_20201115_81181100065.tif,2020-11-15,81181100065,2020,train,-162.49148576,60.26892240,EPSG:32603,1090,1094,10,0,633309.468302,0,-10,6689469.42285
S1_20201115_81190200035.tif,2020-11-15,81190200035,2020,train,-163.73319350,60.34274246,EPSG:32603,1071,1075,10,0,564569.468302,0,-10,6695629.42285
S1_20201117_26145000191.tif,2020-11-17,26145000191,2020,train,45.18399848,61.95266155,EPSG:32638,1053,1059,10,0,504387.281519,0,-10,6874215.29449
S1_20201118_11571900411.tif,2020-11-18,11571900411,2020,train,39.29410090,8.40443919,EPSG:32637,1048,1049,10,0,527137.074108,0,-10,934266.818708
S1_20201118_17286300151.tif,2020-11-18,17286300151,2020,train,26.97465200,9.13775792,EPSG:32635,1048,1048,10,0,491974.962103,0,-10,1015322.46403
S1_20201118_21602600151.tif,2020-11-18,21602600151,2020,train,5.21953884,45.82102113,EPSG:32632,1099,1102,10,0,200838.655132,0,-10,5086625.12814
S1_20201118_21602600464.tif,2020-11-18,21602600464,2020,train,5.38099709,46.08206479,EPSG:32632,1097,1100,10,0,214708.655132,0,-10,5115035.12814
S1_20201118_21602601334.tif,2020-11-18,21602601334,2020,train,6.13126897,46.20265611,EPSG:32632,1087,1090,10,0,273248.655132,0,-10,5126015.12814
S1_20201118_21602602381.tif,2020-11-18,21602602381,2020,train,5.35838721,45.88107376,EPSG:32632,1097,1100,10,0,211938.655132,0,-10,5092785.12814
S1_20201118_22791500301.tif,2020-11-18,22791500301,2020,train,18.89724698,46.54770032,EPSG:32634,1077,1080,10,0,333409.853972,0,-10,5162451.58607
S1_20201118_23160800114.tif,2020-11-18,23160800114,2020,train,-3.69370608,40.38584770,EPSG:32630,1057,1060,10,0,435834.858353,0,-10,4476114.92853
S1_20201118_23160800294.tif,2020-11-18,23160800294,2020,valid,-3.73152210,40.42912836,EPSG:32630,1057,1060,10,0,432664.858353,0,-10,4480944.92853
S1_20201118_23240600531.tif,2020-11-18,23240600531,2020,valid,4.33290988,48.49608259,EPSG:32631,1068,1072,10,0,593131.035398,0,-10,5377658.00906
S1_20201118_23240602734.tif,2020-11-18,23240602734,2020,train,3.29574997,48.15877565,EPSG:32631,1053,1057,10,0,516728.827477,0,-10,5339275.01251
S1_20201118_23263000271.tif,2020-11-18,23263000271,2020,valid,8.07466948,50.01302927,EPSG:32632,1063,1066,10,0,428387.690801,0,-10,5545819.5575
S1_20201118_23270200586.tif,2020-11-18,23270200586,2020,train,6.34063812,51.92184651,EPSG:32632,1087,1091,10,0,311696.271542,0,-10,5761142.54184
S1_20201118_26146202501.tif,2020-11-18,26146202501,2020,train,48.96766657,60.58930776,EPSG:32639,1082,1088,10,0,383265.340292,0,-10,6724204.19719
S1_20201118_28322700141.tif,2020-11-18,28322700141,2020,train,48.84425998,58.43315599,EPSG:32639,1084,1088,10,0,368711.729575,0,-10,6484394.28138
S1_20201118_28322700151.tif,2020-11-18,28322700151,2020,train,48.88006963,58.51703656,EPSG:32639,1083,1088,10,0,371101.729575,0,-10,6493664.28138
S1_20201118_28322800201.tif,2020-11-18,28322800201,2020,train,50.28474202,58.86350732,EPSG:32639,1062,1067,10,0,453434.761136,0,-10,6530409.05628
S1_20201118_28330400071.tif,2020-11-18,28330400071,2020,train,48.82675144,56.20293414,EPSG:32639,1083,1087,10,0,359767.637548,0,-10,6236226.15686
S1_20201118_34249600041.tif,2020-11-18,34249600041,2020,train,123.36474941,57.96936827,EPSG:32651,1056,1060,10,0,516298.393907,0,-10,6430658.07053
S1_20201118_34265000111.tif,2020-11-18,34265000111,2020,train,121.39414607,56.61694506,EPSG:32651,1074,1079,10,0,396082.797414,0,-10,6281295.6312
S1_20201118_34266100021.tif,2020-11-18,34266100021,2020,train,121.75061061,56.60275067,EPSG:32651,1069,1074,10,0,417952.797414,0,-10,6279235.6312
S1_20201118_42291800041.tif,2020-11-18,42291800041,2020,valid,121.03311198,52.14211610,EPSG:32651,1078,1082,10,0,360016.576278,0,-10,5784079.26713
S1_20201118_43226103711.tif,2020-11-18,43226103711,2020,train,108.31084293,34.85584428,EPSG:32649,1077,1079,10,0,248763.832369,0,-10,3865750.69779
S1_20201118_43507000523.tif,2020-11-18,43507000523,2020,train,120.18910173,27.78234785,EPSG:32651,1073,1074,10,0,217643.795405,0,-10,3081630.976
S1_20201118_43507002206.tif,2020-11-18,43507002206,2020,valid,120.07429360,27.81031848,EPSG:32651,1074,1075,10,0,206393.795405,0,-10,3085000.976
S1_20201118_43664500591.tif,2020-11-18,43664500591,2020,train,106.61797156,23.80264924,EPSG:32648,1061,1062,10,0,659525.483041,0,-10,2638626.78972
S1_20201118_44240400754.tif,2020-11-18,44240400754,2020,train,107.80864556,14.64540385,EPSG:32649,1064,1064,10,0,150870.587171,0,-10,1626849.43116
S1_20201118_44263000261.tif,2020-11-18,44263000261,2020,train,104.81459811,15.22073927,EPSG:32648,1049,1048,10,0,474843.476363,0,-10,1687989.43094
S1_20201118_44306700181.tif,2020-11-18,44306700181,2020,train,100.24008614,16.64730493,EPSG:32647,1054,1054,10,0,626981.878291,0,-10,1846218.87407
S1_20201118_44543000081.tif,2020-11-18,44543000081,2020,train,97.55536255,18.33643431,EPSG:32647,1056,1057,10,0,342066.468044,0,-10,2033298.50087
S1_20201118_44544000021.tif,2020-11-18,44544000021,2020,train,97.32680749,19.03180957,EPSG:32647,1058,1058,10,0,318620.318471,0,-10,2110475.7185
S1_20201118_44544000114.tif,2020-11-18,44544000114,2020,train,97.31486392,19.57272084,EPSG:32647,1059,1059,10,0,317940.318471,0,-10,2170365.7185
S1_20201118_44560200034.tif,2020-11-18,44560200034,2020,train,96.62045365,18.91265623,EPSG:32647,1063,1063,10,0,244050.318471,0,-10,2098165.7185
S1_20201118_52409801241.tif,2020-11-18,52409801241,2020,train,122.06429275,16.96627607,EPSG:32651,1053,1053,10,0,395113.796552,0,-10,1881326.72365
S1_20201118_53159303255.tif,2020-11-18,53159303255,2020,valid,137.63719520,-4.91906973,EPSG:32753,1053,1053,10,0,787217.606254,0,-10,9460969.10466
S1_20201118_65120700123.tif,2020-11-18,65120700123,2020,train,-59.73752951,-35.47576599,EPSG:32720,1084,1086,10,0,790605.031556,0,-10,6074729.87745
S1_20201118_73251000135.tif,2020-11-18,73251000135,2020,train,-79.36600250,33.16155634,EPSG:32617,1065,1067,10,0,647045.804911,0,-10,3675720.99505
S1_20201118_73251000356.tif,2020-11-18,73251000356,2020,train,-79.28257466,33.11511530,EPSG:32617,1066,1068,10,0,654905.804911,0,-10,3670700.99505
S1_20201118_74283000513.tif,2020-11-18,74283000513,2020,train,-90.84838858,39.34852586,EPSG:32616,1094,1096,10,0,162882.962823,0,-10,4368001.72764
S1_20201120_24450800203.tif,2020-11-20,24450800203,2020,train,16.44286955,61.40384378,EPSG:32633,1073,1078,10,0,571676.692206,0,-10,6814012.45179
S1_20201120_24460000961.tif,2020-11-20,24460000961,2020,train,14.44208571,61.03166375,EPSG:32633,1059,1064,10,0,464560.033531,0,-10,6771762.6166
S1_20201120_24460001003.tif,2020-11-20,24460001003,2020,train,14.23195837,61.11062792,EPSG:32633,1063,1068,10,0,453290.033531,0,-10,6780692.6166
S1_20201120_24480900064.tif,2020-11-20,24480900064,2020,train,13.47494787,59.60683734,EPSG:32632,1120,1124,10,0,746832.439331,0,-10,6621756.52162
S1_20201121_11447002161.tif,2020-11-21,11447002161,2020,train,41.97551958,4.31680811,EPSG:32638,1053,1053,10,0,158979.209317,0,-10,483078.564112
S1_20201121_18193500261.tif,2020-11-21,18193500261,2020,train,49.81069396,-15.18930057,EPSG:32739,1054,1054,10,0,366975.928073,0,-10,8325658.91174
S1_20201121_21604100144.tif,2020-11-21,21604100144,2020,train,0.43319055,41.24410262,EPSG:32630,1091,1093,10,0,782236.496268,0,-10,4577006.4314
S1_20201121_21604200194.tif,2020-11-21,21604200194,2020,train,0.64367946,41.62264671,EPSG:32630,1093,1096,10,0,798096.496268,0,-10,4619776.4314
S1_20201121_22796000294.tif,2020-11-21,22796000294,2020,valid,17.39039443,49.01779155,EPSG:32634,1099,1103,10,0,230607.683214,0,-10,5441227.8348
S1_20201121_22796000381.tif,2020-11-21,22796000381,2020,train,17.48802988,49.08343372,EPSG:32634,1098,1101,10,0,238087.683214,0,-10,5448177.8348
S1_20201121_22799200754.tif,2020-11-21,22799200754,2020,train,11.61611949,48.16827330,EPSG:32633,1096,1099,10,0,242935.725222,0,-10,5346037.03143
S1_20201121_23212001154.tif,2020-11-21,23212001154,2020,train,-0.67527235,43.25124667,EPSG:32630,1078,1081,10,0,683324.083876,0,-10,4796744.92696
S1_20201121_23214200864.tif,2020-11-21,23214200864,2020,train,1.94828565,44.51737862,EPSG:32631,1063,1066,10,0,411100.828549,0,-10,4935207.44275
S1_20201121_23224000444.tif,2020-11-21,23224000444,2020,train,0.67365950,46.32689445,EPSG:32631,1080,1084,10,0,315532.034082,0,-10,5138418.83113
S1_20201121_23224000544.tif,2020-11-21,23224000544,2020,train,0.66776177,46.00951106,EPSG:32631,1080,1084,10,0,314042.034082,0,-10,5103168.83113
S1_20201121_23250200031.tif,2020-11-21,23250200031,2020,train,3.09499249,50.23898864,EPSG:32631,1051,1055,10,0,501519.026346,0,-10,5570482.41898
S1_20201121_23250600451.tif,2020-11-21,23250600451,2020,train,3.60217336,50.44242302,EPSG:32631,1058,1062,10,0,537468.524701,0,-10,5593306.43941
S1_20201121_28321000291.tif,2020-11-21,28321000291,2020,train,51.20764243,55.25301703,EPSG:32639,1053,1057,10,0,507933.857081,0,-10,6128252.14335
S1_20201121_31267500011.tif,2020-11-21,31267500011,2020,train,65.67956341,55.97057266,EPSG:32642,1100,1105,10,0,287297.625237,0,-10,6213307.46175
S1_20201121_41301104021.tif,2020-11-21,41301104021,2020,valid,135.35873232,33.96773721,EPSG:32653,1052,1054,10,0,527880.752899,0,-10,3763906.72031
S1_20201121_41301800654.tif,2020-11-21,41301800654,2020,train,136.63474436,35.40832341,EPSG:32653,1066,1068,10,0,643104.976956,0,-10,3924893.20934
S1_20201121_41301800834.tif,2020-11-21,41301800834,2020,train,136.63432339,35.43654793,EPSG:32653,1066,1068,10,0,643014.976956,0,-10,3928023.20934
S1_20201121_42283000121.tif,2020-11-21,42283000121,2020,valid,117.54220621,52.19346159,EPSG:32650,1058,1062,10,0,531771.942534,0,-10,5788004.47076
S1_20201121_44581500131.tif,2020-11-21,44581500131,2020,train,94.46979252,20.08050723,EPSG:32646,1058,1058,10,0,648392.6347,0,-10,2226357.1713
S1_20201121_44582400111.tif,2020-11-21,44582400111,2020,valid,95.15714335,24.54367071,EPSG:32647,1079,1079,10,0,105210.984195,0,-10,2725245.36504
S1_20201121_44582400571.tif,2020-11-21,44582400571,2020,train,95.61458176,24.75376163,EPSG:32647,1076,1076,10,0,152190.448229,0,-10,2747301.86177
S1_20201121_45220200625.tif,2020-11-21,45220200625,2020,train,90.50964996,23.76874202,EPSG:32646,1067,1068,10,0,240863.921114,0,-10,2636187.48003
S1_20201121_45329800094.tif,2020-11-21,45329800094,2020,train,81.63104523,21.49545263,EPSG:32644,1052,1052,10,0,560105.887347,0,-10,2382374.24819
S1_20201121_64120200691.tif,2020-11-21,64120200691,2020,train,-51.42352216,-28.67015026,EPSG:32722,1052,1053,10,0,453358.486474,0,-10,6833749.63513
S1_20201121_64248700481.tif,2020-11-21,64248700481,2020,train,-57.70769004,-16.09368813,EPSG:32721,1051,1052,10,0,419061.87323,0,-10,8225831.7483
S1_20201121_72586000031.tif,2020-11-21,72586000031,2020,train,-85.93716416,43.00943277,EPSG:32616,1063,1065,10,0,581302.098543,0,-10,4767735.31816
S1_20201121_72587000311.tif,2020-11-21,72587000311,2020,valid,-87.90839200,43.04898893,EPSG:32616,1061,1064,10,0,420712.098543,0,-10,4771975.31816
S1_20201121_73260400231.tif,2020-11-21,73260400231,2020,valid,-83.99981969,31.78617163,EPSG:32616,1078,1080,10,0,778706.965089,0,-10,3526055.0615
S1_20201121_74287200511.tif,2020-11-21,74287200511,2020,train,-88.67644469,43.15457751,EPSG:32616,1070,1073,10,0,358347.507438,0,-10,4784709.68307
S1_20201122_31267500114.tif,2020-11-22,31267500114,2020,train,65.35682895,55.43407672,EPSG:32641,1085,1090,10,0,643690.957722,0,-10,6151072.8754
S1_20201122_31267500201.tif,2020-11-22,31267500201,2020,train,65.00709464,55.01044878,EPSG:32642,1109,1113,10,0,239171.851414,0,-10,6108811.55782
S1_20201123_13263300081.tif,2020-11-23,13263300081,2020,train,19.20479639,4.94959158,EPSG:32634,1051,1051,10,0,295691.433813,0,-10,552616.350229
S1_20201123_13263300101.tif,2020-11-23,13263300101,2020,train,19.43446504,5.13063858,EPSG:32634,1050,1051,10,0,321217.090489,0,-10,572571.967249
S1_20201123_41301600701.tif,2020-11-23,41301600701,2020,train,139.41841170,36.33672218,EPSG:32654,1066,1068,10,0,352728.22199,0,-10,4027797.89757
S1_20201123_41301704014.tif,2020-11-23,41301704014,2020,train,139.29615233,35.76941837,EPSG:32654,1067,1069,10,0,340648.22199,0,-10,3965057.89757
S1_20201123_43280400241.tif,2020-11-23,43280400241,2020,train,101.85785651,36.57530390,EPSG:32648,1084,1085,10,0,213416.034625,0,-10,4057782.79921
S1_20201123_43280400674.tif,2020-11-23,43280400674,2020,train,101.67698362,36.65402332,EPSG:32647,1079,1080,10,0,733892.521303,0,-10,4065231.71068
S1_20201123_62299600721.tif,2020-11-23,62299600721,2020,train,-73.01645539,-11.67148122,EPSG:32718,1056,1055,10,0,710944.729988,0,-10,8714290.51642
S1_20201124_15180800031.tif,2020-11-24,15180800031,2020,train,-4.46099380,34.14886996,EPSG:32630,1064,1065,10,0,359990.766945,0,-10,3784951.66785
S1_20201124_21602801854.tif,2020-11-24,21602801854,2020,train,5.74838546,47.54930446,EPSG:32632,1093,1097,10,0,249885.673469,0,-10,5276819.1878
S1_20201124_22511200291.tif,2020-11-24,22511200291,2020,train,33.22989483,47.76044020,EPSG:32636,1052,1056,10,0,511968.358637,0,-10,5294980.29516
S1_20201124_22720800271.tif,2020-11-24,22720800271,2020,train,26.25534070,46.93924363,EPSG:32635,1059,1063,10,0,438027.809499,0,-10,5203996.61695
S1_20201124_45368000431.tif,2020-11-24,45368000431,2020,train,75.17729983,18.57707142,EPSG:32643,1049,1049,10,0,513462.450278,0,-10,2059286.62108
S1_20201124_45368000451.tif,2020-11-24,45368000451,2020,train,75.17728194,18.60558648,EPSG:32643,1048,1050,10,0,513462.450278,0,-10,2062446.62108
S1_20201124_62266700101.tif,2020-11-24,62266700101,2020,train,-67.35190601,-15.56842208,EPSG:32719,1056,1057,10,0,671446.688085,0,-10,8283405.10599
S1_20201124_62269401566.tif,2020-11-24,62269401566,2020,train,-65.89117137,-16.46230282,EPSG:32719,1065,1066,10,0,826655.562278,0,-10,8182702.04405
S1_20201124_64247400301.tif,2020-11-24,64247400301,2020,train,-55.94992381,-20.12524834,EPSG:32721,1055,1055,10,0,604486.041172,0,-10,7779587.51253
S1_20201124_75369000171.tif,2020-11-24,75369000171,2020,train,-90.50859430,15.98577869,EPSG:32615,1061,1061,10,0,761345.030036,0,-10,1774264.61957
S1_20201124_77115700021.tif,2020-11-24,77115700021,2020,valid,-91.29080791,13.99932824,EPSG:32615,1055,1055,10,0,679326.859078,0,-10,1553593.24229
S1_20201124_78280900071.tif,2020-11-24,78280900071,2020,train,-114.05098095,44.69761191,EPSG:32612,1089,1092,10,0,252828.228677,0,-10,4959348.78528
S1_20201125_21602200791.tif,2020-11-25,21602200791,2020,valid,6.09227834,43.72760091,EPSG:32631,1089,1091,10,0,743612.662989,0,-10,4851721.79416
S1_20201126_24222700171.tif,2020-11-26,24222700171,2020,train,16.98770184,51.13950392,EPSG:32633,1078,1082,10,0,633661.663954,0,-10,5672626.93108
S1_20201126_74100600371.tif,2020-11-26,74100600371,2020,train,-89.93676978,32.53010910,EPSG:32616,1078,1080,10,0,218772.929004,0,-10,3608400.19652
S1_20201127_14234200291.tif,2020-11-27,14234200291,2020,train,6.05638710,10.45016050,EPSG:32632,1059,1058,10,0,172418.801894,0,-10,1161977.10627
S1_20201127_14234200451.tif,2020-11-27,14234200451,2020,train,6.79871426,11.29305382,EPSG:32632,1056,1056,10,0,254428.801894,0,-10,1254567.10627
S1_20201127_21602700231.tif,2020-11-27,21602700231,2020,valid,4.89386543,46.73172157,EPSG:32632,1104,1107,10,0,180765.673469,0,-10,5189079.1878
S1_20201127_21602801874.tif,2020-11-27,21602801874,2020,train,5.47274964,47.31665612,EPSG:32632,1097,1100,10,0,227955.673469,0,-10,5251889.1878
S1_20201127_23302300216.tif,2020-11-27,23302300216,2020,train,-4.76704180,57.97328949,EPSG:32629,1115,1119,10,0,744718.387988,0,-10,6439175.51908
S1_20201127_31249800176.tif,2020-11-27,31249800176,2020,valid,91.92556209,56.73948139,EPSG:32646,1066,1071,10,0,428946.312819,0,-10,6294257.12936
S1_20201127_31249900111.tif,2020-11-27,31249900111,2020,train,90.53830190,57.10633434,EPSG:32645,1104,1108,10,0,708755.041476,0,-10,6340321.03665
S1_20201127_31249900241.tif,2020-11-27,31249900241,2020,train,90.42987227,56.45485117,EPSG:32645,1102,1106,10,0,705835.339191,0,-10,6267509.9832
S1_20201127_31249900481.tif,2020-11-27,31249900481,2020,train,90.27781916,56.03849120,EPSG:32645,1100,1104,10,0,698685.339191,0,-10,6220729.9832
S1_20201127_31249900641.tif,2020-11-27,31249900641,2020,train,91.49061788,55.52377485,EPSG:32646,1073,1077,10,0,399347.819799,0,-10,6159498.84324
S1_20201127_41301704455.tif,2020-11-27,41301704455,2020,train,139.85293071,35.73642561,EPSG:32654,1061,1063,10,0,390967.233364,0,-10,3960636.33069
S1_20201127_42256700211.tif,2020-11-27,42256700211,2020,train,132.17105730,51.88768487,EPSG:32653,1090,1094,10,0,299874.675895,0,-10,5757799.04368
S1_20201127_42284000121.tif,2020-11-27,42284000121,2020,valid,115.84857193,52.75660576,EPSG:32650,1067,1070,10,0,416959.783656,0,-10,5851167.08441
S1_20201127_42284000231.tif,2020-11-27,42284000231,2020,train,115.80319909,53.13508718,EPSG:32650,1067,1072,10,0,414599.783656,0,-10,5893327.08441
S1_20201127_42289300021.tif,2020-11-27,42289300021,2020,train,115.15563992,50.51485209,EPSG:32650,1076,1079,10,0,363861.347558,0,-10,5602896.40384
S1_20201127_43630001115.tif,2020-11-27,43630001115,2020,train,116.46578702,23.56395275,EPSG:32650,1052,1053,10,0,440222.574381,0,-10,2611318.0123
S1_20201127_44547200121.tif,2020-11-27,44547200121,2020,train,98.29829454,21.85417088,EPSG:32647,1053,1054,10,0,422229.231314,0,-10,2422121.1409
S1_20201127_44570000695.tif,2020-11-27,44570000695,2020,train,96.05107043,16.85360017,EPSG:32646,1065,1066,10,0,819820.61984,0,-10,1871201.33468
S1_20201127_45330600501.tif,2020-11-27,45330600501,2020,valid,83.48275369,19.78634473,EPSG:32644,1064,1065,10,0,754800.795031,0,-10,2195072.13411
S1_20201127_56350000235.tif,2020-11-27,56350000235,2020,valid,150.80843321,-23.51145579,EPSG:32756,1064,1065,10,0,270902.529817,0,-10,7403477.49368
S1_20201127_56427001431.tif,2020-11-27,56427001431,2020,valid,147.54749377,-35.12483901,EPSG:32755,1055,1057,10,0,544608.974576,0,-10,6118260.4904
S1_20201127_64287000053.tif,2020-11-27,64287000053,2020,valid,-48.79659120,-18.35915211,EPSG:32722,1061,1061,10,0,727523.182215,0,-10,7973972.92714
S1_20201127_66256000031.tif,2020-11-27,66256000031,2020,valid,-71.48512267,-30.65302983,EPSG:32719,1072,1073,10,0,256504.366988,0,-10,6611581.00389
S1_20201127_73240200534.tif,2020-11-27,73240200534,2020,valid,-81.90089689,34.16951518,EPSG:32617,1058,1060,10,0,411678.476226,0,-10,3786618.39025
S1_20201127_73240200543.tif,2020-11-27,73240200543,2020,train,-81.94286116,34.20148508,EPSG:32617,1059,1060,10,0,407838.476226,0,-10,3790198.39025
S1_20201127_73252000923.tif,2020-11-27,73252000923,2020,train,-82.24195783,33.68358612,EPSG:32617,1062,1063,10,0,379570.89041,0,-10,3733080.56972
S1_20201127_74262800174.tif,2020-11-27,74262800174,2020,train,-83.21173102,36.14573511,EPSG:32617,1073,1075,10,0,295649.181655,0,-10,4007753.81677
S1_20201129_22799200144.tif,2020-11-29,22799200144,2020,valid,12.48480366,48.63332140,EPSG:32633,1084,1088,10,0,309273.002648,0,-10,5395188.6117
S1_20201129_22799200263.tif,2020-11-29,22799200263,2020,valid,11.98674435,48.48981017,EPSG:32633,1090,1094,10,0,271923.002648,0,-10,5380598.6117
S1_20201129_32267300606.tif,2020-11-29,32267300606,2020,train,91.89014304,52.76307575,EPSG:32646,1066,1070,10,0,419781.253509,0,-10,5851842.67612
S1_20201130_13246200371.tif,2020-11-30,13246200371,2020,train,15.09556878,6.10090583,EPSG:32633,1048,1048,10,0,505334.587035,0,-10,679599.874806
S1_20201130_14229700271.tif,2020-11-30,14229700271,2020,train,9.95900302,9.99531369,EPSG:32632,1051,1051,10,0,599853.572482,0,-10,1110302.04389
S1_20201130_23266000041.tif,2020-11-30,23266000041,2020,valid,8.69288461,49.41201537,EPSG:32632,1053,1057,10,0,472457.690801,0,-10,5478589.5575
S1_20201130_23267000031.tif,2020-11-30,23267000031,2020,train,8.45064685,49.32696908,EPSG:32632,1057,1060,10,0,454797.690801,0,-10,5469249.5575
S1_20201130_31248400191.tif,2020-11-30,31248400191,2020,train,83.66740695,53.80531944,EPSG:32644,1089,1093,10,0,670197.926755,0,-10,5970627.28452
S1_20201130_32268400531.tif,2020-11-30,32268400531,2020,train,97.25334798,52.54023931,EPSG:32647,1075,1079,10,0,376169.939769,0,-10,5827956.33129
S1_20201130_32272411751.tif,2020-11-30,32272411751,2020,train,98.25192105,56.09815470,EPSG:32647,1062,1065,10,0,448152.766778,0,-10,6222581.18914
S1_20201130_32272412361.tif,2020-11-30,32272412361,2020,valid,97.92557372,54.63366370,EPSG:32647,1066,1070,10,0,425317.093665,0,-10,6059907.41544
S1_20201130_34296500801.tif,2020-11-30,34296500801,2020,train,113.32875541,55.20768892,EPSG:32649,1085,1089,10,0,642757.390892,0,-10,6125821.83336
S1_20201130_34299900191.tif,2020-11-30,34299900191,2020,train,111.61977023,53.36021317,EPSG:32649,1059,1063,10,0,535950.785994,0,-10,5917836.49476
S1_20201130_44306600981.tif,2020-11-30,44306600981,2020,valid,100.15149979,18.56036627,EPSG:32647,1055,1055,10,0,616241.524284,0,-10,2057847.80994
S1_20201130_45243600801.tif,2020-11-30,45243600801,2020,train,84.10074827,28.33314985,EPSG:32645,1074,1076,10,0,210382.640034,0,-10,3142903.01073
S1_20201130_51160200081.tif,2020-11-30,51160200081,2020,train,102.81285746,-2.13322734,EPSG:32748,1050,1049,10,0,251484.01116,0,-10,9769285.29588
S1_20201130_51160200461.tif,2020-11-30,51160200461,2020,train,101.96492563,-2.16918179,EPSG:32747,1051,1051,10,0,824579.963334,0,-10,9765170.849
S1_20201130_62292101381.tif,2020-11-30,62292101381,2020,train,-61.96829010,-4.33276406,EPSG:32720,1049,1049,10,0,609238.728521,0,-10,9526257.35488
S1_20201130_64160600041.tif,2020-11-30,64160600041,2020,valid,-56.91147403,-33.18047529,EPSG:32721,1049,1051,10,0,503007.850968,0,-10,6333956.76856
S1_20201130_64160800071.tif,2020-11-30,64160800071,2020,train,-55.49629822,-32.00366209,EPSG:32721,1063,1065,10,0,636719.226193,0,-10,6463495.48115
S1_20201130_71217000581.tif,2020-11-30,71217000581,2020,valid,-96.79452041,53.15663140,EPSG:32615,1105,1109,10,0,240797.921148,0,-10,5901966.3805
S1_20201130_71366400041.tif,2020-11-30,71366400041,2020,train,-85.03365888,50.84057375,EPSG:32616,1078,1081,10,0,633054.193466,0,-10,5639343.70977
S1_20201201_44582400501.tif,2020-12-01,44582400501,2020,valid,96.11740823,25.51972743,EPSG:32647,1072,1073,10,0,204916.653818,0,-10,2831005.08012
S1_20201202_22606900101.tif,2020-12-02,22606900101,2020,train,23.36386036,49.15535236,EPSG:32635,1100,1103,10,0,229397.321512,0,-10,5456608.38061
S1_20201202_22606900171.tif,2020-12-02,22606900171,2020,train,23.03754149,49.01828822,EPSG:32634,1077,1082,10,0,643587.000183,0,-10,5436898.86574
S1_20201202_45364900031.tif,2020-12-02,45364900031,2020,train,75.69042073,14.78413067,EPSG:32643,1051,1051,10,0,569045.899627,0,-10,1639819.35155
S1_20201202_56410500031.tif,2020-12-02,56410500031,2020,train,140.56300659,-34.39935709,EPSG:32754,1053,1055,10,0,454569.295604,0,-10,6198751.12085
S1_20201202_74287500251.tif,2020-12-02,74287500251,2020,train,-91.73825261,44.12374574,EPSG:32615,1065,1069,10,0,595624.249541,0,-10,4891736.08231
S1_20201202_74287600051.tif,2020-12-02,74287600051,2020,train,-91.93847573,44.78122631,EPSG:32615,1063,1066,10,0,578667.164176,0,-10,4964525.92084
S1_20201203_22764000031.tif,2020-12-03,22764000031,2020,train,20.33467134,46.89489128,EPSG:32634,1058,1062,10,0,444028.968318,0,-10,5199008.71042
S1_20201203_28281100281.tif,2020-12-03,28281100281,2020,valid,51.89823862,49.05350036,EPSG:32639,1062,1065,10,0,560318.667814,0,-10,5439116.7705
S1_20201203_28380100031.tif,2020-12-03,28380100031,2020,train,41.98828037,54.61211069,EPSG:32638,1094,1098,10,0,300050.095092,0,-10,6061287.52098
S1_20201203_28380200211.tif,2020-12-03,28380200211,2020,train,42.09985681,54.10481830,EPSG:32638,1092,1097,10,0,304940.095092,0,-10,6004557.52098
S1_20201203_31247400186.tif,2020-12-03,31247400186,2020,valid,82.31374039,57.62492524,EPSG:32644,1071,1075,10,0,573106.522595,0,-10,6393087.92338
S1_20201203_31248300503.tif,2020-12-03,31248300503,2020,train,82.46583666,54.58992015,EPSG:32644,1072,1076,10,0,589357.926755,0,-10,6055527.28452
S1_20201203_31249900891.tif,2020-12-03,31249900891,2020,valid,89.79326109,54.88250153,EPSG:32646,1098,1102,10,0,288816.902294,0,-10,6091936.85183
S1_20201203_44106001461.tif,2020-12-03,44106001461,2020,train,107.97403610,11.27878067,EPSG:32648,1060,1060,10,0,819421.602287,0,-10,1253754.0238
S1_20201203_44106001973.tif,2020-12-03,44106001973,2020,train,106.95507322,12.00031446,EPSG:32648,1055,1055,10,0,707590.238734,0,-10,1332618.72574
S1_20201203_44106002051.tif,2020-12-03,44106002051,2020,train,107.11322352,11.79965563,EPSG:32648,1056,1056,10,0,724980.238734,0,-10,1310548.72574
S1_20201203_44240600091.tif,2020-12-03,44240600091,2020,train,107.72596132,13.42472610,EPSG:32649,1063,1063,10,0,140083.867651,0,-10,1491774.43081
S1_20201203_44303500051.tif,2020-12-03,44303500051,2020,valid,103.42261125,11.52380887,EPSG:32648,1054,1054,10,0,322701.262962,0,-10,1279641.39846
S1_20201203_44303500071.tif,2020-12-03,44303500071,2020,valid,103.52472862,11.63016846,EPSG:32648,1054,1053,10,0,333901.262962,0,-10,1291341.39846
S1_20201203_44303500233.tif,2020-12-03,44303500233,2020,train,103.32098751,11.62503088,EPSG:32648,1054,1054,10,0,311681.262962,0,-10,1290901.39846
S1_20201203_71230700241.tif,2020-12-03,71230700241,2020,train,-103.03035234,54.14818926,EPSG:32614,1109,1113,10,0,231274.569811,0,-10,6013082.37534
S1_20201203_71230800061.tif,2020-12-03,71230800061,2020,valid,-103.54836250,53.68355123,EPSG:32614,1116,1121,10,0,194114.569811,0,-10,5963532.37534
S1_20201203_72582900201.tif,2020-12-03,72582900201,2020,train,-88.86815055,44.41452388,EPSG:32616,1074,1077,10,0,345898.839325,0,-10,4924997.00293
S1_20201203_72589000241.tif,2020-12-03,72589000241,2020,train,-85.64599168,41.88842747,EPSG:32616,1066,1069,10,0,607002.574622,0,-10,4643619.88832
S1_20201203_73120000361.tif,2020-12-03,73120000361,2020,valid,-72.52562155,42.92950336,EPSG:32618,1081,1083,10,0,696512.563566,0,-10,4761371.87058
S1_20201203_75362700433.tif,2020-12-03,75362700433,2020,train,-92.90186717,16.22301815,EPSG:32615,1049,1048,10,0,505242.66452,0,-10,1798847.16597
S1_20201205_43441000101.tif,2020-12-05,43441000101,2020,train,116.04488306,29.41511398,EPSG:32650,1057,1059,10,0,402058.562386,0,-10,3259652.43238
S1_20201205_43498400113.tif,2020-12-05,43498400113,2020,valid,101.18400623,27.83036764,EPSG:32647,1067,1069,10,0,709766.929887,0,-10,3085671.09639
S1_20201206_13276500051.tif,2020-12-06,13276500051,2020,valid,28.62545155,1.01284789,EPSG:32635,1048,1049,10,0,675628.401592,0,-10,117240.600986
S1_20201206_13276600031.tif,2020-12-06,13276600031,2020,train,28.83513655,0.92592605,EPSG:32635,1049,1049,10,0,698968.401592,0,-10,107640.600986
S1_20201206_22380600051.tif,2020-12-06,22380600051,2020,train,42.25796346,51.60098496,EPSG:32638,1089,1093,10,0,304660.175899,0,-10,5725687.4614
S1_20201206_22590300071.tif,2020-12-06,22590300071,2020,train,30.28424720,53.13305933,EPSG:32636,1089,1093,10,0,312879.648272,0,-10,5895983.17419
S1_20201206_23400600044.tif,2020-12-06,23400600044,2020,train,-8.10170732,54.48765600,EPSG:32629,1063,1067,10,0,552876.565489,0,-10,6043487.04351
S1_20201206_24296700071.tif,2020-12-06,24296700071,2020,train,28.48498430,57.23544121,EPSG:32635,1073,1078,10,0,584270.044883,0,-10,6349961.48953
S1_20201206_28330200051.tif,2020-12-06,28330200051,2020,train,48.59550488,55.30928637,EPSG:32639,1086,1090,10,0,341959.144882,0,-10,6137293.03268
S1_20201206_28396000773.tif,2020-12-06,28396000773,2020,train,35.82793604,55.84623261,EPSG:32637,1097,1102,10,0,295933.01373,0,-10,6199026.79851
S1_20201206_66170000071.tif,2020-12-06,66170000071,2020,valid,-72.07368937,-44.71176464,EPSG:32719,1089,1092,10,0,251088.425228,0,-10,5049931.37896
S1_20201206_66180000471.tif,2020-12-06,66180000471,2020,train,-71.65085955,-43.46001069,EPSG:32719,1082,1085,10,0,280137.425334,0,-10,5190111.09537
S1_20201206_66405300321.tif,2020-12-06,66405300321,2020,train,-68.43540748,-17.76360977,EPSG:32719,1051,1051,10,0,554594.169322,0,-10,8041132.47134
S1_20201207_14580900521.tif,2020-12-07,14580900521,2020,train,-12.06020103,12.16349993,EPSG:32628,1060,1060,10,0,814658.484025,0,-10,1351663.89323
S1_20201208_24222900854.tif,2020-12-08,24222900854,2020,train,18.24170523,50.07522452,EPSG:32634,1088,1092,10,0,297203.073373,0,-10,5556098.96193
S1_20201208_74100600121.tif,2020-12-08,74100600121,2020,train,-89.82794604,30.76923548,EPSG:32616,1075,1077,10,0,223951.44397,0,-10,3412831.89263
S1_20201209_11470500071.tif,2020-12-09,11470500071,2020,train,45.36111987,4.37108919,EPSG:32638,1048,1048,10,0,534827.762217,0,-10,488395.714674
S1_20201209_17297100041.tif,2020-12-09,17297100041,2020,train,33.02044294,0.83742568,EPSG:32636,1048,1048,10,0,497034.546329,0,-10,97800.7713212
S1_20201209_22762900161.tif,2020-12-09,22762900161,2020,train,24.54996845,46.55323805,EPSG:32635,1082,1085,10,0,306781.0568,0,-10,5163860.16927
S1_20201209_28364000171.tif,2020-12-09,28364000171,2020,train,41.03314187,58.27899552,EPSG:32637,1082,1086,10,0,613820.056702,0,-10,6467002.00542
S1_20201209_53159700543.tif,2020-12-09,53159700543,2020,train,132.32137869,-0.40639479,EPSG:32753,1049,1049,10,0,196589.60509,0,-10,9960276.69423
S1_20201209_57205900241.tif,2020-12-09,57205900241,2020,train,171.23315715,-43.98501818,EPSG:32759,1052,1055,10,0,513437.872558,0,-10,5135039.7336
S1_20201209_73256000595.tif,2020-12-09,73256000595,2020,train,-81.54715734,29.78612428,EPSG:32617,1053,1055,10,0,441849.738244,0,-10,3300487.01989
S1_20201211_75350400255.tif,2020-12-11,75350400255,2020,train,-94.09692348,18.07945872,EPSG:32615,1054,1055,10,0,378653.160937,0,-10,2004596.43949
S1_20201212_11441100121.tif,2020-12-12,11441100121,2020,train,42.59819390,0.94318470,EPSG:32637,1051,1050,10,0,895345.047267,0,-10,109707.610882
S1_20201212_11441100301.tif,2020-12-12,11441100301,2020,train,42.23738540,2.20235672,EPSG:32637,1051,1051,10,0,854913.042978,0,-10,249074.135477
S1_20201212_11544000083.tif,2020-12-12,11544000083,2020,train,35.97495666,4.55505294,EPSG:32637,1053,1053,10,0,159024.450155,0,-10,509450.159172
S1_20201212_22190400261.tif,2020-12-12,22190400261,2020,valid,42.18326795,43.09226746,EPSG:32638,1084,1088,10,0,265330.356092,0,-10,4780352.39708
S1_20201212_23160700043.tif,2020-12-12,23160700043,2020,train,-5.77659512,39.76625395,EPSG:32630,1082,1084,10,0,256757.415259,0,-10,4410922.0007
S1_20201212_23160800024.tif,2020-12-12,23160800024,2020,train,-3.60744726,40.08648143,EPSG:32630,1056,1058,10,0,442933.788571,0,-10,4442822.66118
S1_20201212_23180400401.tif,2020-12-12,23180400401,2020,train,-5.54736056,42.53682179,EPSG:32629,1092,1095,10,0,778078.505474,0,-10,4720636.0206
S1_20201212_23180800014.tif,2020-12-12,23180800014,2020,train,-4.86517267,41.55459768,EPSG:32629,1099,1102,10,0,839355.467175,0,-10,4614097.35156
S1_20201212_23301400074.tif,2020-12-12,23301400074,2020,train,-2.22551910,52.17942236,EPSG:32630,1061,1065,10,0,547650.309607,0,-10,5786602.11254
S1_20201212_28326900301.tif,2020-12-12,28326900301,2020,valid,59.91254142,56.89473491,EPSG:32640,1094,1098,10,0,671929.14897,0,-10,6314936.67101
S1_20201212_32273700271.tif,2020-12-12,32273700271,2020,valid,102.67532120,58.71358043,EPSG:32648,1086,1091,10,0,359921.360876,0,-10,6515949.59166
S1_20201212_45364500253.tif,2020-12-12,45364500253,2020,train,76.27866376,15.16909012,EPSG:32643,1054,1055,10,0,632097.192667,0,-10,1682704.38474
S1_20201212_45364800141.tif,2020-12-12,45364800141,2020,train,75.21249898,14.64822446,EPSG:32643,1049,1049,10,0,517637.192667,0,-10,1624674.38474
S1_20201212_45366400054.tif,2020-12-12,45366400054,2020,train,75.93495494,16.11552083,EPSG:32643,1052,1052,10,0,594718.399636,0,-10,1787200.15403
S1_20201212_45366400596.tif,2020-12-12,45366400596,2020,valid,75.27533058,15.62689493,EPSG:32643,1049,1050,10,0,524267.192667,0,-10,1732934.38474
S1_20201212_45369300024.tif,2020-12-12,45369300024,2020,valid,75.52197639,17.64202469,EPSG:32643,1051,1051,10,0,550113.840187,0,-10,1955912.70922
S1_20201212_45403300161.tif,2020-12-12,45403300161,2020,train,74.77022051,14.87107742,EPSG:32643,1049,1049,10,0,470037.192667,0,-10,1649324.38474
S1_20201212_45403300964.tif,2020-12-12,45403300964,2020,train,76.31156124,11.35526061,EPSG:32643,1052,1053,10,0,637857.28624,0,-10,1260848.7888
S1_20201212_66405900221.tif,2020-12-12,66405900221,2020,valid,-70.35752911,-15.02422928,EPSG:32719,1055,1054,10,0,348785.028552,0,-10,8343815.89778
S1_20201215_11796000101.tif,2020-12-15,11796000101,2020,train,37.06105642,-16.95341237,EPSG:32737,1059,1059,10,0,288233.714957,0,-10,8129874.71859
S1_20201215_13269600571.tif,2020-12-15,13269600571,2020,train,28.48008493,2.83099887,EPSG:32635,1049,1049,10,0,659270.068544,0,-10,318262.958211
S1_20201215_13279400441.tif,2020-12-15,13279400441,2020,train,28.03434382,-1.62121075,EPSG:32735,1048,1048,10,0,609817.088664,0,-10,9826017.63612
S1_20201215_13279600811.tif,2020-12-15,13279600811,2020,train,27.73368081,-2.30217951,EPSG:32735,1048,1048,10,0,576337.088664,0,-10,9750757.63612
S1_20201215_17295800011.tif,2020-12-15,17295800011,2020,train,32.80921948,1.14955094,EPSG:32636,1048,1048,10,0,473535.109233,0,-10,132300.79872
S1_20201215_18197600081.tif,2020-12-15,18197600081,2020,train,47.59054233,-22.25652171,EPSG:32738,1067,1067,10,0,761644.702506,0,-10,7541827.18405
S1_20201215_23303800241.tif,2020-12-15,23303800241,2020,train,-0.66885917,51.48922573,EPSG:32630,1083,1087,10,0,656424.028902,0,-10,5712242.75261
S1_20201215_43684600054.tif,2020-12-15,43684600054,2020,train,101.30987834,24.52587222,EPSG:32648,1078,1079,10,0,120654.071906,0,-10,2722848.36473
S1_20201215_44306401554.tif,2020-12-15,44306401554,2020,train,98.91606178,17.92173044,EPSG:32647,1048,1049,10,0,485870.165854,0,-10,1986773.14104
S1_20201215_45328000234.tif,2020-12-15,45328000234,2020,train,81.84268778,20.94067944,EPSG:32644,1053,1054,10,0,582351.465407,0,-10,2321082.78354
S1_20201215_45328000284.tif,2020-12-15,45328000284,2020,train,81.90861696,20.82921162,EPSG:32644,1054,1054,10,0,589271.465407,0,-10,2308782.78354
S1_20201217_11542400233.tif,2020-12-17,11542400233,2020,valid,35.30576741,1.86453450,EPSG:32637,1052,1052,10,0,83594.3107639,0,-10,211779.529283
S1_20201217_23230500063.tif,2020-12-17,23230500063,2020,train,-1.20702235,49.33302195,EPSG:32630,1074,1078,10,0,624893.174238,0,-10,5471413.54303
S1_20201218_32277300011.tif,2020-12-18,32277300011,2020,valid,107.49875266,51.95599609,EPSG:32649,1100,1104,10,0,253937.802425,0,-10,5767455.71175
S1_20201218_32278100051.tif,2020-12-18,32278100051,2020,valid,106.64596579,50.70177043,EPSG:32649,1111,1115,10,0,187028.234659,0,-10,5631283.54474
S1_20201218_43427000221.tif,2020-12-18,43427000221,2020,train,116.72565364,32.66304107,EPSG:32650,1051,1053,10,0,469019.691251,0,-10,3619230.89304
S1_20201218_53153000421.tif,2020-12-18,53153000421,2020,train,140.59374494,-7.02212160,EPSG:32754,1049,1048,10,0,449885.461124,0,-10,9229026.21957
S1_20201218_53153000593.tif,2020-12-18,53153000593,2020,train,140.56385884,-7.12711511,EPSG:32754,1049,1048,10,0,446595.461124,0,-10,9217416.21957
S1_20201218_71382000051.tif,2020-12-18,71382000051,2020,train,-81.31401113,50.69870181,EPSG:32617,1054,1058,10,0,472553.589725,0,-10,5621657.28582
S1_20201218_72320000476.tif,2020-12-18,72320000476,2020,valid,-60.74517135,54.01939385,EPSG:32620,1083,1087,10,0,642307.493249,0,-10,5993467.137
S1_20201218_72408100115.tif,2020-12-18,72408100115,2020,train,-70.97927690,48.45123034,EPSG:32619,1076,1080,10,0,348270.416346,0,-10,5373746.73166
S1_20201219_63304400351.tif,2020-12-19,63304400351,2020,train,-38.96346376,-6.94682550,EPSG:32724,1048,1048,10,0,498795.920201,0,-10,9237369.2289
S1_20201219_63415000011.tif,2020-12-19,63415000011,2020,train,-39.48281718,-8.58844693,EPSG:32724,1049,1049,10,0,441627.415488,0,-10,9055859.05456
S1_20201220_31293400221.tif,2020-12-20,31293400221,2020,valid,76.13969301,56.45800718,EPSG:32643,1068,1072,10,0,564895.458982,0,-10,6262998.69931
S1_20201221_16282905981.tif,2020-12-21,16282905981,2020,train,17.87373771,6.74126841,EPSG:32634,1056,1055,10,0,149066.477759,0,-10,751529.92673
S1_20201221_42440400011.tif,2020-12-21,42440400011,2020,train,125.65757011,40.90951515,EPSG:32651,1081,1084,10,0,718417.669949,0,-10,4537533.07478
S1_20201221_43486000844.tif,2020-12-21,43486000844,2020,train,110.81340814,29.50493702,EPSG:32649,1051,1051,10,0,476659.97828,0,-10,3269199.92452
S1_20201221_43620000344.tif,2020-12-21,43620000344,2020,train,116.53025028,24.42793693,EPSG:32650,1052,1052,10,0,447120.219863,0,-10,2706947.16944
S1_20201221_43620000471.tif,2020-12-21,43620000471,2020,valid,116.60859290,24.17350981,EPSG:32650,1051,1052,10,0,454987.914314,0,-10,2678752.31595
S1_20201221_43620000644.tif,2020-12-21,43620000644,2020,valid,116.81090503,24.27433058,EPSG:32650,1050,1050,10,0,475557.914314,0,-10,2689862.31595
S1_20201221_43620000841.tif,2020-12-21,43620000841,2020,train,116.64786725,24.54047398,EPSG:32650,1051,1051,10,0,459080.219863,0,-10,2719367.16944
S1_20201221_43620001201.tif,2020-12-21,43620001201,2020,train,116.35951527,25.10915133,EPSG:32650,1053,1054,10,0,430160.219863,0,-10,2782457.16944
S1_20201221_45350000155.tif,2020-12-21,45350000155,2020,valid,81.87398050,16.61397948,EPSG:32644,1053,1053,10,0,587955.703278,0,-10,1842320.62072
S1_20201223_11491000151.tif,2020-12-23,11491000151,2020,train,44.72415087,5.23410750,EPSG:32638,1048,1047,10,0,464191.920434,0,-10,583783.989827
S1_20201224_43502000211.tif,2020-12-24,43502000211,2020,train,119.75647826,30.80058433,EPSG:32650,1074,1076,10,0,758374.877008,0,-10,3416132.20492
S1_20201224_43504300144.tif,2020-12-24,43504300144,2020,train,119.93466456,29.82327536,EPSG:32650,1076,1077,10,0,778224.877008,0,-10,3308202.20492
S1_20201224_43504400063.tif,2020-12-24,43504400063,2020,valid,119.43363482,29.96989953,EPSG:32650,1072,1072,10,0,729464.877008,0,-10,3323302.20492
S1_20201224_43505000194.tif,2020-12-24,43505000194,2020,train,120.76251750,28.85037108,EPSG:32651,1068,1069,10,0,276386.383652,0,-10,3198810.36078
S1_20201224_56410800281.tif,2020-12-24,56410800281,2020,train,141.94841811,-33.23427537,EPSG:32754,1059,1060,10,0,583069.004704,0,-10,6327639.93162
S1_20201224_66257000041.tif,2020-12-24,66257000041,2020,train,-71.00959464,-29.99379274,EPSG:32719,1067,1069,10,0,300812.159261,0,-10,6685547.53931
S1_20201224_71322300313.tif,2020-12-24,71322300313,2020,train,-95.08670533,54.85343793,EPSG:32615,1081,1085,10,0,360635.375835,0,-10,6085902.35689
S1_20201224_71327000213.tif,2020-12-24,71327000213,2020,train,-94.22737157,54.71862528,EPSG:32615,1069,1072,10,0,415595.375835,0,-10,6069532.35689
S1_20201224_77158000151.tif,2020-12-24,77158000151,2020,train,-107.94540611,25.86553804,EPSG:32612,1073,1075,10,0,800769.2433,0,-10,2869730.47404
S1_20201225_23270600121.tif,2020-12-25,23270600121,2020,train,8.85801559,53.06042551,EPSG:32632,1052,1056,10,0,485224.684818,0,-10,5884281.82515
S1_20201225_23270600961.tif,2020-12-25,23270600961,2020,train,8.62184153,53.16692708,EPSG:32632,1055,1059,10,0,469444.684818,0,-10,5896201.82515
S1_20201225_44306400921.tif,2020-12-25,44306400921,2020,train,98.66020615,17.85452575,EPSG:32647,1050,1050,10,0,458748.980175,0,-10,1979373.68694
S1_20201226_16282906151.tif,2020-12-26,16282906151,2020,valid,16.58763180,6.61177904,EPSG:32633,1051,1051,10,0,670263.501863,0,-10,736367.781257
S1_20201226_61570800991.tif,2020-12-26,61570800991,2020,train,-71.91421282,3.88479088,EPSG:32618,1053,1052,10,0,837487.476659,0,-10,435278.501441
S1_20201226_71211000463.tif,2020-12-26,71211000463,2020,train,-96.19026596,56.09444472,EPSG:32614,1093,1097,10,0,669317.945382,0,-10,6225634.1386
S1_20201226_71223200171.tif,2020-12-26,71223200171,2020,train,-96.36659156,52.17234364,EPSG:32615,1098,1102,10,0,264313.020539,0,-10,5791061.5419
S1_20201226_71322700206.tif,2020-12-26,71322700206,2020,valid,-96.00401368,54.54963284,EPSG:32615,1095,1099,10,0,300245.375835,0,-10,6054322.35689
S1_20201227_13276600111.tif,2020-12-27,13276600111,2020,train,29.12511190,0.65771240,EPSG:32635,1048,1048,10,0,731270.857368,0,-10,77987.3798744
S1_20201227_43640900081.tif,2020-12-27,43640900081,2020,train,115.51496946,24.61864982,EPSG:32650,1060,1060,10,0,344375.713502,0,-10,2728834.11918
S1_20201227_78266400101.tif,2020-12-27,78266400101,2020,valid,-114.28302941,47.46710243,EPSG:32612,1094,1097,10,0,247130.904985,0,-10,5267784.41612
S1_20201228_64187900154.tif,2020-12-28,64187900154,2020,train,-52.37969545,-27.27425527,EPSG:32722,1060,1061,10,0,358139.190508,0,-10,6987739.31679
S1_20201229_22798000454.tif,2020-12-29,22798000454,2020,valid,12.53049403,48.00143231,EPSG:32633,1083,1087,10,0,310381.962567,0,-10,5324845.39495
S1_20201229_72408600856.tif,2020-12-29,72408600856,2020,train,-72.71572806,50.21683028,EPSG:32618,1081,1085,10,0,657556.846142,0,-10,5570661.31143
S1_20201230_23303100466.tif,2020-12-30,23303100466,2020,train,-2.27605475,55.14637835,EPSG:32630,1060,1065,10,0,540840.545,0,-10,6116644.66763
S1_20201230_43670701955.tif,2020-12-30,43670701955,2020,train,108.13595561,21.81808157,EPSG:32649,1068,1069,10,0,198565.495176,0,-10,2420788.39466
S1_20201230_62470600021.tif,2020-12-30,62470600021,2020,train,-50.69605046,-10.66174073,EPSG:32722,1049,1049,10,0,527997.044926,0,-10,8826650.32742
S1_20201230_63570000013.tif,2020-12-30,63570000013,2020,train,-40.82256573,-20.98895001,EPSG:32724,1060,1061,10,0,305245.053484,0,-10,7683300.72694
S1_20201230_74299400741.tif,2020-12-30,74299400741,2020,train,-110.87241118,49.12647934,EPSG:32612,1052,1055,10,0,504048.515004,0,-10,5446798.88141
S1_20201230_82292500211.tif,2020-12-30,82292500211,2020,train,-113.82005770,56.17467312,EPSG:32612,1093,1097,10,0,319475.119178,0,-10,6234585.63862
S1_20201231_43670700941.tif,2020-12-31,43670700941,2020,train,108.61360439,22.24835051,EPSG:32649,1065,1065,10,0,248729.360838,0,-10,2467581.31957
S1_20210102_13222601253.tif,2021-01-02,13222601253,2021,train,18.02268217,-1.55467291,EPSG:32734,1051,1050,10,0,163415.276489,0,-10,9833177.78873
S1_20210102_13225100051.tif,2021-01-02,13225100051,2021,valid,17.82794723,-3.42564783,EPSG:32734,1052,1053,10,0,142216.380152,0,-10,9626039.91408
S1_20210102_13272300171.tif,2021-01-02,13272300171,2021,train,18.47899555,-0.13952112,EPSG:32734,1049,1048,10,0,214139.980946,0,-10,9989803.68293
S1_20210102_13272300236.tif,2021-01-02,13272300236,2021,train,18.46858442,-0.10386341,EPSG:32734,1049,1049,10,0,212979.980946,0,-10,9993753.68293
S1_20210102_13273000031.tif,2021-01-02,13273000031,2021,train,18.28595394,0.30011006,EPSG:32734,1049,1049,10,0,192639.980946,0,-10,10038453.6829
S1_20210102_43482101523.tif,2021-01-02,43482101523,2021,train,112.72230213,28.56183200,EPSG:32649,1063,1065,10,0,663153.539209,0,-10,3165977.76834
S1_20210102_43482300021.tif,2021-01-02,43482300021,2021,train,112.89583073,27.75979606,EPSG:32649,1065,1066,10,0,681509.004094,0,-10,3077364.25029
S1_20210102_43482600941.tif,2021-01-02,43482600941,2021,train,112.87564595,25.82070320,EPSG:32649,1064,1065,10,0,682695.286419,0,-10,2862493.81893
S1_20210102_43482700051.tif,2021-01-02,43482700051,2021,train,112.39489991,26.95756042,EPSG:32649,1060,1061,10,0,633155.286419,0,-10,2987803.81893
S1_20210102_43482700461.tif,2021-01-02,43482700461,2021,valid,112.22502513,26.54763788,EPSG:32649,1059,1060,10,0,616734.267568,0,-10,2942216.68974
S1_20210102_43482700664.tif,2021-01-02,43482700664,2021,train,111.90214651,26.61807689,EPSG:32649,1055,1057,10,0,584534.267568,0,-10,2949736.68974
S1_20210102_43482702354.tif,2021-01-02,43482702354,2021,train,112.24663602,25.85409660,EPSG:32649,1059,1059,10,0,619625.286419,0,-10,2865413.81893
S1_20210102_43482702506.tif,2021-01-02,43482702506,2021,train,112.18547492,25.36003091,EPSG:32649,1057,1059,10,0,613995.409959,0,-10,2810637.99717
S1_20210102_43482902406.tif,2021-01-02,43482902406,2021,train,112.02959877,25.52374435,EPSG:32649,1056,1058,10,0,598175.286419,0,-10,2828633.81893
S1_20210102_43484001174.tif,2021-01-02,43484001174,2021,train,111.64009354,27.29327209,EPSG:32649,1054,1054,10,0,558072.193039,0,-10,3024350.74954
S1_20210102_43662400401.tif,2021-01-02,43662400401,2021,train,112.42123683,24.71925955,EPSG:32649,1059,1060,10,0,638455.409959,0,-10,2739907.99717
S1_20210102_62259000121.tif,2021-01-02,62259000121,2021,train,-58.52729336,-3.18570078,EPSG:32721,1049,1049,10,0,325046.253351,0,-10,9652999.98261
S1_20210102_62259000181.tif,2021-01-02,62259000181,2021,train,-58.74828562,-3.34126262,EPSG:32721,1050,1049,10,0,300507.931286,0,-10,9635758.12563
S1_20210102_64120900413.tif,2021-01-02,64120900413,2021,valid,-53.23595735,-29.31880580,EPSG:32722,1069,1070,10,0,277515.635455,0,-10,6759967.23935
S1_20210102_64120900504.tif,2021-01-02,64120900504,2021,train,-53.36646648,-29.12222257,EPSG:32722,1070,1071,10,0,264393.291316,0,-10,6781513.01986
S1_20210105_13272800571.tif,2021-01-05,13272800571,2021,valid,23.12169575,-2.11498433,EPSG:32734,1050,1049,10,0,730736.015813,0,-10,9771313.31104
S1_20210105_23180200324.tif,2021-01-05,23180200324,2021,valid,-5.49504030,40.87358240,EPSG:32630,1079,1082,10,0,284358.209243,0,-10,4533130.34582
S1_20210105_23180400956.tif,2021-01-05,23180400956,2021,train,-5.58129548,42.59914506,EPSG:32629,1092,1095,10,0,775011.701248,0,-10,4727444.32529
S1_20210105_23180500263.tif,2021-01-05,23180500263,2021,train,-5.23361570,41.41625759,EPSG:32629,1095,1097,10,0,809311.122307,0,-10,4597301.92899
S1_20210105_23230500034.tif,2021-01-05,23230500034,2021,valid,-4.09308825,48.21244956,EPSG:32630,1064,1068,10,0,413476.417767,0,-10,5345831.14138
S1_20210105_31248301243.tif,2021-01-05,31248301243,2021,train,83.24584677,54.72704204,EPSG:32645,1106,1109,10,0,252752.409875,0,-10,6076431.60089
S1_20210105_52409300426.tif,2021-01-05,52409300426,2021,train,120.31114900,15.25236177,EPSG:32651,1062,1062,10,0,205868.285618,0,-10,1693332.44445
S1_20210105_56370800176.tif,2021-01-05,56370800176,2021,train,153.58237341,-28.82001886,EPSG:32756,1053,1054,10,0,551556.640024,0,-10,6817085.27362
S1_20210105_61547001446.tif,2021-01-05,61547001446,2021,train,-70.78180793,8.40193482,EPSG:32619,1053,1052,10,0,298547.851373,0,-10,934438.65002
S1_20210105_61563800371.tif,2021-01-05,61563800371,2021,valid,-72.24916163,5.67320923,EPSG:32618,1053,1054,10,0,799460.672378,0,-10,633074.169852
S1_20210105_61567000131.tif,2021-01-05,61567000131,2021,train,-72.56736730,4.30592462,EPSG:32618,1052,1051,10,0,764752.907497,0,-10,481628.601874
S1_20210105_61570800981.tif,2021-01-05,61570800981,2021,train,-71.89242242,3.95124419,EPSG:32618,1053,1053,10,0,839882.907497,0,-10,442648.601874
S1_20210105_62289900871.tif,2021-01-05,62289900871,2021,valid,-72.54265150,1.46667626,EPSG:32618,1050,1049,10,0,768186.674329,0,-10,167507.3041
S1_20210105_71224300433.tif,2021-01-05,71224300433,2021,train,-94.88667316,49.34384535,EPSG:32615,1076,1080,10,0,357580.095701,0,-10,5472792.54941
S1_20210105_72311400041.tif,2021-01-05,72311400041,2021,train,-62.79794831,57.00301116,EPSG:32620,1053,1057,10,0,507008.209162,0,-10,6323024.25928
S1_20210107_13286700171.tif,2021-01-07,13286700171,2021,train,29.02165044,-2.76704478,EPSG:32735,1050,1050,10,0,719495.279089,0,-10,9699214.55426
S1_20210108_52501800731.tif,2021-01-08,52501800731,2021,train,120.02484620,-3.84318439,EPSG:32751,1053,1052,10,0,164266.180827,0,-10,9579890.78493
S1_20210108_72547100121.tif,2021-01-08,72547100121,2021,valid,-76.70366832,45.82795753,EPSG:32618,1072,1075,10,0,362313.296541,0,-10,5081718.96689
S1_20210108_72547500023.tif,2021-01-08,72547500023,2021,train,-76.94785610,45.78782632,EPSG:32618,1075,1078,10,0,343223.296541,0,-10,5077708.96689
S1_20210110_23250900105.tif,2021-01-10,23250900105,2021,train,4.62867084,51.75696995,EPSG:32631,1073,1077,10,0,607045.073955,0,-10,5740648.22363
S1_20210110_44250000091.tif,2021-01-10,44250000091,2021,train,105.85592427,14.26936040,EPSG:32648,1051,1052,10,0,587071.289003,0,-10,1582946.54879
S1_20210110_72408300413.tif,2021-01-10,72408300413,2021,train,-71.85378242,47.64045152,EPSG:32619,1088,1092,10,0,280213.783148,0,-10,5285745.19115
S1_20210111_13182000031.tif,2021-01-11,13182000031,2021,train,14.34436232,-9.53019874,EPSG:32733,1050,1050,10,0,422792.749376,0,-10,8951711.50248
S1_20210111_13183100291.tif,2021-01-11,13183100291,2021,train,15.33668183,-9.81826538,EPSG:32733,1049,1048,10,0,531674.336351,0,-10,8919902.12167
S1_20210111_23140300484.tif,2021-01-11,23140300484,2021,valid,-6.21141991,38.86522531,EPSG:32629,1082,1083,10,0,736535.965109,0,-10,4310931.79468
S1_20210111_43308000466.tif,2021-01-11,43308000466,2021,train,120.00069333,33.37510681,EPSG:32651,1080,1081,10,0,215558.176416,0,-10,3702297.64123
S1_20210111_43494201524.tif,2021-01-11,43494201524,2021,train,104.72559138,31.45794831,EPSG:32648,1051,1052,10,0,468674.270421,0,-10,3485648.49641
S1_20210111_43494400291.tif,2021-01-11,43494400291,2021,train,106.83266562,30.56026965,EPSG:32648,1066,1067,10,0,670439.621026,0,-10,3387635.01074
S1_20210111_43495603464.tif,2021-01-11,43495603464,2021,train,104.06163344,30.81659242,EPSG:32648,1057,1059,10,0,404959.926263,0,-10,3414947.60438
S1_20210111_43496200341.tif,2021-01-11,43496200341,2021,train,104.00108403,30.66153187,EPSG:32648,1058,1060,10,0,399009.926263,0,-10,3397817.60438
S1_20210111_43496200374.tif,2021-01-11,43496200374,2021,train,103.98110175,30.68587416,EPSG:32648,1058,1059,10,0,397119.926263,0,-10,3400527.60438
S1_20210111_43504601063.tif,2021-01-11,43504601063,2021,train,118.86644577,28.79813733,EPSG:32650,1065,1066,10,0,676836.158534,0,-10,3192380.90356
S1_20210111_61201000225.tif,2021-01-11,61201000225,2021,train,-74.77771088,11.01295902,EPSG:32618,1048,1048,10,0,519042.712812,0,-10,1222661.31741
S1_20210111_72350400096.tif,2021-01-11,72350400096,2021,train,-57.38730086,53.38242071,EPSG:32621,1055,1060,10,0,468963.394211,0,-10,5920182.93897
S1_20210111_78266500021.tif,2021-01-11,78266500021,2021,train,-114.80417658,47.31761933,EPSG:32611,1079,1082,10,0,660548.630267,0,-10,5248209.10447
S1_20210113_13269200091.tif,2021-01-13,13269200091,2021,train,25.71190015,3.34343212,EPSG:32635,1049,1048,10,0,351652.021925,0,-10,374887.742282
S1_20210113_13269601461.tif,2021-01-13,13269601461,2021,train,26.37211072,3.46362811,EPSG:32635,1049,1047,10,0,425012.021925,0,-10,388097.742282
S1_20210113_13275800521.tif,2021-01-13,13275800521,2021,valid,25.30872507,2.72214356,EPSG:32635,1049,1049,10,0,306742.021925,0,-10,306257.742282
S1_20210113_74252400031.tif,2021-01-13,74252400031,2021,train,-91.61649866,35.26390109,EPSG:32615,1063,1065,10,0,620529.230677,0,-10,3908511.6216
S1_20210114_13224200671.tif,2021-01-14,13224200671,2021,train,18.18851981,-6.22165715,EPSG:32733,1056,1056,10,0,847625.648001,0,-10,9316507.83417
S1_20210114_13230800581.tif,2021-01-14,13230800581,2021,train,15.02922181,-1.53651891,EPSG:32733,1047,1048,10,0,498015.495076,0,-10,9835408.06327
S1_20210114_13242200091.tif,2021-01-14,13242200091,2021,train,15.87867791,-0.47777814,EPSG:32633,1048,1047,10,0,592535.332818,0,-10,-47580.1043214
S1_20210114_13275600181.tif,2021-01-14,13275600181,2021,train,20.78129196,2.79384546,EPSG:32634,1048,1047,10,0,470451.945693,0,-10,314043.585789
S1_20210114_13275700101.tif,2021-01-14,13275700101,2021,train,20.50493673,2.00349322,EPSG:32634,1048,1048,10,0,439704.614855,0,-10,226695.419701
S1_20210114_41301106906.tif,2021-01-14,41301106906,2021,train,135.78729512,35.04991242,EPSG:32653,1057,1059,10,0,566514.105775,0,-10,3884156.48753
S1_20210114_43670100055.tif,2021-01-14,43670100055,2021,train,113.33700401,22.20257060,EPSG:32649,1065,1066,10,0,735606.486854,0,-10,2462436.43411
S1_20210114_44230000111.tif,2021-01-14,44230000111,2021,train,105.50249685,12.03776610,EPSG:32648,1050,1049,10,0,549444.367579,0,-10,1336024.76372
S1_20210114_72403000273.tif,2021-01-14,72403000273,2021,valid,-66.96951946,51.30302955,EPSG:32619,1079,1082,10,0,636146.48017,0,-10,5690891.57741
S1_20210114_73286000526.tif,2021-01-14,73286000526,2021,train,-85.84616260,32.74813045,EPSG:32616,1060,1062,10,0,602794.947359,0,-10,3629264.05258
S1_20210115_14245000081.tif,2021-01-15,14245000081,2021,train,5.65433466,13.45175767,EPSG:32631,1060,1060,10,0,782102.44991,0,-10,1493944.23957
S1_20210115_45342000933.tif,2021-01-15,45342000933,2021,train,82.59187041,18.72723148,EPSG:32644,1058,1058,10,0,662542.555771,0,-10,2076685.34781
S1_20210116_43610601141.tif,2021-01-16,43610601141,2021,train,117.08958358,25.19317447,EPSG:32650,1049,1050,10,0,503780.670624,0,-10,2791590.96301
S1_20210116_75211000081.tif,2021-01-16,75211000081,2021,valid,-97.55876369,25.93053027,EPSG:32614,1060,1061,10,0,639029.762374,0,-10,2874089.43099
S1_20210117_24450201164.tif,2021-01-17,24450201164,2021,train,13.83795846,63.64563178,EPSG:32633,1070,1074,10,0,437095.700501,0,-10,7063419.91719
S1_20210117_24450201343.tif,2021-01-17,24450201343,2021,valid,12.64720502,63.38226247,EPSG:32633,1088,1094,10,0,376965.700501,0,-10,7035809.91719
S1_20210117_43469600131.tif,2021-01-17,43469600131,2021,valid,108.54987473,32.03382031,EPSG:32649,1072,1074,10,0,263266.490354,0,-10,3552179.44586
S1_20210117_43664202531.tif,2021-01-17,43664202531,2021,valid,106.37504071,22.11000015,EPSG:32648,1058,1058,10,0,636542.967314,0,-10,2450933.17903
S1_20210117_43664203214.tif,2021-01-17,43664203214,2021,train,106.73996065,21.84650134,EPSG:32648,1060,1060,10,0,674512.967314,0,-10,2422153.17903
S1_20210117_43670701515.tif,2021-01-17,43670701515,2021,train,106.53681392,20.95887124,EPSG:32648,1058,1059,10,0,654487.313783,0,-10,2323657.42265
S1_20210117_51111300171.tif,2021-01-17,51111300171,2021,train,101.10629639,-2.45917450,EPSG:32747,1050,1050,10,0,728966.565646,0,-10,9733250.86833
S1_20210117_63580800131.tif,2021-01-17,63580800131,2021,train,-43.74164314,-22.09433738,EPSG:32723,1057,1057,10,0,624525.108993,0,-10,7561479.92996
S1_20210117_63580900121.tif,2021-01-17,63580900121,2021,valid,-44.13214995,-22.51576035,EPSG:32723,1054,1055,10,0,583985.108993,0,-10,7515099.92996
S1_20210117_63590000134.tif,2021-01-17,63590000134,2021,train,-43.62631385,-22.80817302,EPSG:32723,1058,1058,10,0,635695.108993,0,-10,7482349.92996
S1_20210117_66210200261.tif,2021-01-17,66210200261,2021,train,-73.28443450,-40.37154662,EPSG:32718,1070,1072,10,0,640296.92765,0,-10,5534950.7834
S1_20210117_66210400041.tif,2021-01-17,66210400041,2021,train,-72.72903784,-39.81736092,EPSG:32718,1076,1078,10,0,688993.378891,0,-10,5595436.25942
S1_20210117_71381000023.tif,2021-01-17,71381000023,2021,train,-80.58035949,51.27787978,EPSG:32617,1056,1060,10,0,523989.713377,0,-10,5686110.5346
S1_20210117_72570600143.tif,2021-01-17,72570600143,2021,train,-83.15156060,46.08157962,EPSG:32617,1078,1081,10,0,328256.120928,0,-10,5110767.03999
S1_20210120_14239300103.tif,2021-01-20,14239300103,2021,train,4.39347571,10.41224388,EPSG:32631,1053,1052,10,0,647271.408916,0,-10,1156587.48074
S1_20210120_24328600051.tif,2021-01-20,24328600051,2021,train,30.96240361,56.87892739,EPSG:32635,1110,1115,10,0,735861.172477,0,-10,6316479.57173
S1_20210120_31243800331.tif,2021-01-20,31243800331,2021,train,82.39739666,59.95608691,EPSG:32644,1072,1077,10,0,572682.962422,0,-10,6652729.60026
S1_20210120_31246300071.tif,2021-01-20,31246300071,2021,valid,83.15456042,58.42400684,EPSG:32644,1084,1088,10,0,620412.052889,0,-10,6483373.72772
S1_20210120_41301101064.tif,2021-01-20,41301101064,2021,train,137.18311644,36.23547080,EPSG:32653,1073,1075,10,0,690821.932621,0,-10,4017651.06354
S1_20210121_43630000334.tif,2021-01-21,43630000334,2021,valid,115.84581137,23.42231486,EPSG:32650,1056,1057,10,0,376802.668114,0,-10,2596028.30402
S1_20210121_72340400431.tif,2021-01-21,72340400431,2021,train,-64.46237011,51.99124463,EPSG:32620,1071,1075,10,0,394235.535518,0,-10,5766449.13696
S1_20210122_31248100031.tif,2021-01-22,31248100031,2021,valid,83.87211645,57.52691687,EPSG:32645,1097,1103,10,0,307235.64532,0,-10,6385871.69655
S1_20210122_75362200101.tif,2021-01-22,75362200101,2021,train,-92.32456588,17.54410100,EPSG:32615,1051,1052,10,0,566431.079831,0,-10,1945135.19748
S1_20210122_75362200375.tif,2021-01-22,75362200375,2021,valid,-92.35184378,17.81977473,EPSG:32615,1051,1052,10,0,563431.079831,0,-10,1975625.19748
S1_20210123_13269500041.tif,2021-01-23,13269500041,2021,valid,25.56342076,3.54989250,EPSG:32635,1050,1049,10,0,335182.667731,0,-10,397743.700837
S1_20210123_13275800521.tif,2021-01-23,13275800521,2021,valid,25.30873093,2.72210702,EPSG:32635,1049,1049,10,0,306742.667731,0,-10,306253.700837
S1_20210123_13276100291.tif,2021-01-23,13276100291,2021,train,26.05430502,1.96810163,EPSG:32635,1048,1048,10,0,389584.69121,0,-10,222805.034197
S1_20210123_23400800041.tif,2021-01-23,23400800041,2021,train,-6.54595084,54.97873445,EPSG:32630,1103,1106,10,0,267585.206974,0,-10,6103708.04327
S1_20210123_56426900436.tif,2021-01-23,56426900436,2021,train,149.03549094,-34.05363987,EPSG:32756,1090,1092,10,0,128556.77755,0,-10,6230259.2832
S1_20210123_64247800921.tif,2021-01-23,64247800921,2021,train,-54.25921671,-18.58168579,EPSG:32721,1065,1065,10,0,783943.841156,0,-10,7948576.17754
S1_20210123_72220700051.tif,2021-01-23,72220700051,2021,train,-72.72543293,59.38585804,EPSG:32618,1086,1091,10,0,623767.764511,0,-10,6590681.29891
S1_20210123_72240600111.tif,2021-01-23,72240600111,2021,train,-73.43327880,58.21849684,EPSG:32618,1074,1079,10,0,586667.764511,0,-10,6459501.29891
S1_20210125_23250700245.tif,2021-01-25,23250700245,2021,train,4.13807334,51.37642293,EPSG:32631,1066,1070,10,0,573879.101023,0,-10,5697650.52797
S1_20210126_12554000264.tif,2021-01-26,12554000264,2021,train,27.32757062,-31.93985891,EPSG:32735,1052,1053,10,0,525701.050081,0,-10,6471448.63961
S1_20210126_13276700811.tif,2021-01-26,13276700811,2021,train,29.43350090,1.19337354,EPSG:32635,1050,1049,10,0,765561.29156,0,-10,137268.653832
S1_20210126_13295500131.tif,2021-01-26,13295500131,2021,train,28.04922683,-7.38227670,EPSG:32735,1050,1050,10,0,610547.608087,0,-10,9189105.17785
S1_20210126_25102700031.tif,2021-01-26,25102700031,2021,train,10.89397367,61.97288323,EPSG:32632,1081,1086,10,0,593874.264188,0,-10,6878037.96515
S1_20210126_72120300091.tif,2021-01-26,72120300091,2021,valid,-77.69368124,50.39032526,EPSG:32618,1088,1091,10,0,303092.355352,0,-10,5590953.91516
S1_20210126_82268000383.tif,2021-01-26,82268000383,2021,train,-107.99003747,62.66433572,EPSG:32613,1098,1103,10,0,341360.849165,0,-10,6957257.40787
S1_20210126_82268000391.tif,2021-01-26,82268000391,2021,train,-107.97382286,62.68183773,EPSG:32613,1098,1103,10,0,342280.849165,0,-10,6959167.40787
S1_20210126_82268000606.tif,2021-01-26,82268000606,2021,train,-107.28174654,62.82640353,EPSG:32613,1087,1092,10,0,378320.849165,0,-10,6973767.40787
S1_20210127_13276800041.tif,2021-01-27,13276800041,2021,train,29.92762801,2.01271772,EPSG:32636,1051,1051,10,0,152911.872673,0,-10,228043.825585
S1_20210128_73256000183.tif,2021-01-28,73256000183,2021,train,-81.23175213,28.82773640,EPSG:32617,1050,1052,10,0,472140.000676,0,-10,3194182.57797
S1_20210128_73256000223.tif,2021-01-28,73256000223,2021,train,-81.05384095,28.78342537,EPSG:32617,1049,1050,10,0,489500.000676,0,-10,3189242.57797
S1_20210128_73256000766.tif,2021-01-28,73256000766,2021,train,-81.22856776,28.82458267,EPSG:32617,1050,1052,10,0,472450.000676,0,-10,3193832.57797
S1_20210129_24460001581.tif,2021-01-29,24460001581,2021,train,13.06657617,61.51950284,EPSG:32632,1115,1120,10,0,710668.961866,0,-10,6833003.56456
S1_20210129_35422000121.tif,2021-01-29,35422000121,2021,valid,161.08733225,57.52639014,EPSG:32657,1082,1087,10,0,619583.622813,0,-10,6383339.829
S1_20210129_53190200811.tif,2021-01-29,53190200811,2021,valid,144.95652845,-5.34272803,EPSG:32755,1051,1051,10,0,268291.585032,0,-10,9414329.73038
S1_20210129_61563600221.tif,2021-01-29,61563600221,2021,train,-72.38193969,5.89964667,EPSG:32618,1053,1053,10,0,784626.226641,0,-10,658057.436543
S1_20210129_61598000486.tif,2021-01-29,61598000486,2021,train,-73.69754146,3.47820584,EPSG:32618,1049,1049,10,0,639433.290547,0,-10,389795.769223
S1_20210129_62297402371.tif,2021-01-29,62297402371,2021,train,-74.37144403,-0.64313889,EPSG:32618,1048,1048,10,0,564699.577129,0,-10,-65850.5069544
S1_20210129_66140000081.tif,2021-01-29,66140000081,2021,train,-72.89146908,-47.50020517,EPSG:32719,1102,1105,10,0,201430.746515,0,-10,4737429.52757
S1_20210129_72403000083.tif,2021-01-29,72403000083,2021,train,-66.65651462,50.60168602,EPSG:32620,1102,1105,10,0,235757.353093,0,-10,5617441.1045
S1_20210131_23282000411.tif,2021-01-31,23282000411,2021,train,13.91547707,52.40010383,EPSG:32633,1065,1070,10,0,420888.62527,0,-10,5811443.72925
S1_20210131_72549700033.tif,2021-01-31,72549700033,2021,train,-78.51043491,47.93210722,EPSG:32618,1097,1100,10,0,232325.58114,0,-10,5320220.39186
S1_20210131_72549700646.tif,2021-01-31,72549700646,2021,train,-78.19258283,47.57848774,EPSG:32617,1088,1091,10,0,705673.391127,0,-10,5278727.16593
S1_20210201_28340700284.tif,2021-02-01,28340700284,2021,train,45.02728502,53.22058940,EPSG:32638,1051,1054,10,0,496566.76174,0,-10,5902080.08479
S1_20210201_41301302896.tif,2021-02-01,41301302896,2021,train,139.81696178,38.92648184,EPSG:32654,1062,1065,10,0,392141.168525,0,-10,4314608.50938
S1_20210201_62262100153.tif,2021-02-01,62262100153,2021,valid,-60.29498235,-5.69201073,EPSG:32720,1054,1054,10,0,794366.365842,0,-10,9375409.13256
S1_20210201_72582400614.tif,2021-02-01,72582400614,2021,train,-88.22485359,46.13379487,EPSG:32616,1065,1069,10,0,400060.886834,0,-10,5114987.36846
S1_20210201_72596300043.tif,2021-02-01,72596300043,2021,train,-87.36686788,48.37626728,EPSG:32616,1055,1058,10,0,467557.919304,0,-10,5363477.16296
S1_20210201_78390100046.tif,2021-02-01,78390100046,2021,train,-132.53663236,56.68812674,EPSG:32609,1103,1107,10,0,277902.717038,0,-10,6293794.45139
S1_20210201_81158000443.tif,2021-02-01,81158000443,2021,train,-154.51123051,60.13197861,EPSG:32604,1120,1125,10,0,743646.589804,0,-10,6680207.6203
S1_20210203_17299300051.tif,2021-02-03,17299300051,2021,train,31.57726600,-1.13548107,EPSG:32736,1049,1048,10,0,336454.840669,0,-10,9879696.10669
S1_20210203_17299300081.tif,2021-02-03,17299300081,2021,train,31.53372872,-1.22490725,EPSG:32736,1049,1048,10,0,331614.840669,0,-10,9869806.10669
S1_20210203_24434001144.tif,2021-02-03,24434001144,2021,train,19.18682427,66.73762834,EPSG:32634,1080,1086,10,0,414699.136681,0,-10,7408723.75006
S1_20210203_24438000831.tif,2021-02-03,24438000831,2021,valid,17.50802944,65.53585774,EPSG:32634,1108,1113,10,0,333161.957538,0,-10,7278217.85029
S1_20210203_25260400561.tif,2021-02-03,25260400561,2021,train,30.93787028,64.51284286,EPSG:32636,1084,1089,10,0,395582.929015,0,-10,7161217.04502
S1_20210203_63108500101.tif,2021-02-03,63108500101,2021,train,-43.52491851,-4.67880605,EPSG:32723,1050,1050,10,0,658364.262545,0,-10,9487917.99833
S1_20210203_64294500141.tif,2021-02-03,64294500141,2021,train,-47.93377741,-21.58568847,EPSG:32723,1069,1069,10,0,190858.806594,0,-10,7615512.24604
S1_20210204_22206001153.tif,2021-02-04,22206001153,2021,train,40.67812422,46.01601600,EPSG:32637,1072,1075,10,0,624542.913122,0,-10,5102570.98077
S1_20210204_26190800941.tif,2021-02-04,26190800941,2021,train,64.28463167,68.29980224,EPSG:32642,1129,1133,10,0,299942.90114,0,-10,7589393.52603
S1_20210204_31223000441.tif,2021-02-04,31223000441,2021,train,64.32114605,63.91497698,EPSG:32641,1072,1077,10,0,559452.878383,0,-10,7093596.03824
S1_20210204_31223000851.tif,2021-02-04,31223000851,2021,train,65.47430163,63.83166672,EPSG:32641,1091,1096,10,0,616272.878383,0,-10,7086096.03824
S1_20210204_31231000151.tif,2021-02-04,31231000151,2021,train,65.38766655,65.00989241,EPSG:32641,1089,1094,10,0,607086.794039,0,-10,7217152.72504
S1_20210204_31232000296.tif,2021-02-04,31232000296,2021,train,66.87851895,65.31641747,EPSG:32641,1113,1119,10,0,675076.794039,0,-10,7254872.72504
S1_20210204_31233000403.tif,2021-02-04,31233000403,2021,train,65.89845324,64.28769440,EPSG:32641,1098,1103,10,0,634782.878383,0,-10,7137786.03824
S1_20210204_43496500111.tif,2021-02-04,43496500111,2021,train,103.55070125,29.35162034,EPSG:32648,1062,1063,10,0,354000.936953,0,-10,3253130.46567
S1_20210204_61301600155.tif,2021-02-04,61301600155,2021,train,-71.89810742,11.07769462,EPSG:32619,1059,1059,10,0,178061.896358,0,-10,1231404.84543
S1_20210204_62453000131.tif,2021-02-04,62453000131,2021,train,-49.44862533,-8.60393422,EPSG:32722,1053,1052,10,0,665454.259974,0,-10,9053849.45447
S1_20210204_72140900286.tif,2021-02-04,72140900286,2021,valid,-71.44713770,51.99905718,EPSG:32619,1085,1089,10,0,326586.454545,0,-10,5769206.01801
S1_20210204_72240900253.tif,2021-02-04,72240900253,2021,train,-74.24235995,57.42303304,EPSG:32618,1062,1066,10,0,540190.973465,0,-10,6370061.09373
S1_20210204_72262600141.tif,2021-02-04,72262600141,2021,train,-71.95478044,56.60306516,EPSG:32618,1096,1100,10,0,681440.973465,0,-10,6282851.09373
S1_20210204_72263000131.tif,2021-02-04,72263000131,2021,train,-69.22745016,57.35682449,EPSG:32619,1054,1058,10,0,481045.411787,0,-10,6362419.96636
S1_20210204_75375000031.tif,2021-02-04,75375000031,2021,train,-83.54433934,15.10342579,EPSG:32616,1066,1066,10,0,866196.168057,0,-10,1678017.27508
S1_20210204_81140200201.tif,2021-02-04,81140200201,2021,train,-151.85771936,61.96419442,EPSG:32605,1069,1074,10,0,554552.54814,0,-10,6876088.41682
S1_20210205_77112000101.tif,2021-02-05,77112000101,2021,train,-86.86655267,13.65437250,EPSG:32616,1048,1048,10,0,509192.369585,0,-10,1514746.12812
S1_20210207_26143000321.tif,2021-02-07,26143000321,2021,train,41.42358905,63.35160208,EPSG:32638,1108,1113,10,0,315557.329061,0,-10,7035322.3997
S1_20210207_32228200301.tif,2021-02-07,32228200301,2021,train,96.40526897,65.75551689,EPSG:32647,1093,1099,10,0,375669.688685,0,-10,7300609.379
S1_20210207_32257000101.tif,2021-02-07,32257000101,2021,train,91.19842574,59.69121837,EPSG:32646,1078,1083,10,0,393195.622034,0,-10,6623815.34634
S1_20210207_32263100071.tif,2021-02-07,32263100071,2021,train,93.13389570,56.14732931,EPSG:32646,1052,1057,10,0,503058.983357,0,-10,6227770.21015
S1_20210207_32263700133.tif,2021-02-07,32263700133,2021,train,91.26724059,54.47282127,EPSG:32646,1075,1080,10,0,382339.950323,0,-10,6042912.04427
S1_20210207_35414300501.tif,2021-02-07,35414300501,2021,train,174.83709541,65.02204874,EPSG:32660,1086,1091,10,0,392674.29132,0,-10,7218110.54375
S1_20210207_45660700216.tif,2021-02-07,45660700216,2021,train,71.39761674,35.41332411,EPSG:32642,1075,1077,10,0,712326.683187,0,-10,3926906.10092
S1_20210207_62268201571.tif,2021-02-07,62268201571,2021,train,-60.03402933,-14.72249791,EPSG:32720,1063,1063,10,0,814081.579054,0,-10,8375579.29062
S1_20210207_75366000021.tif,2021-02-07,75366000021,2021,train,-90.68737221,16.53040477,EPSG:32615,1061,1061,10,0,741519.951281,0,-10,1834330.1073
S1_20210209_31320400091.tif,2021-02-09,31320400091,2021,train,73.83697353,65.60265275,EPSG:32643,1070,1076,10,0,441046.649242,0,-10,7281497.22871
S1_20210209_31320900041.tif,2021-02-09,31320900041,2021,train,73.66836743,64.74965859,EPSG:32643,1072,1077,10,0,431261.211133,0,-10,7186606.17612
S1_20210209_31320900051.tif,2021-02-09,31320900051,2021,valid,73.55373797,64.67301577,EPSG:32643,1074,1079,10,0,425601.211133,0,-10,7178196.17612
S1_20210210_13272600681.tif,2021-02-10,13272600681,2021,valid,22.11626533,-1.89642134,EPSG:32734,1049,1048,10,0,618907.694897,0,-10,9795587.66732
S1_20210210_14577500231.tif,2021-02-10,14577500231,2021,train,-12.77743873,9.32311235,EPSG:32628,1055,1054,10,0,738853.346772,0,-10,1036612.25977
S1_20210210_23301900306.tif,2021-02-10,23301900306,2021,train,-2.87576471,53.98174199,EPSG:32630,1052,1056,10,0,502887.127323,0,-10,5986777.41402
S1_20210210_26181000365.tif,2021-02-10,26181000365,2021,train,52.77016162,67.75858309,EPSG:32639,1081,1086,10,0,569358.115446,0,-10,7522447.94876
S1_20210210_32229100501.tif,2021-02-10,32229100501,2021,train,104.65612263,63.45589038,EPSG:32648,1056,1061,10,0,477573.978708,0,-10,7041735.86092
S1_20210210_34242500121.tif,2021-02-10,34242500121,2021,train,127.67257931,59.64407789,EPSG:32652,1071,1076,10,0,419813.976764,0,-10,6617902.08132
S1_20210210_34248700356.tif,2021-02-10,34248700356,2021,train,126.34427086,56.87691469,EPSG:32652,1091,1095,10,0,332706.185018,0,-10,6312301.89166
S1_20210210_45403300533.tif,2021-02-10,45403300533,2021,train,74.75103063,14.03491358,EPSG:32643,1049,1049,10,0,467872.592509,0,-10,1556846.74568
S1_20210210_83150200011.tif,2021-02-10,83150200011,2021,train,-107.09954915,66.30487407,EPSG:32613,1085,1091,10,0,400436.88504,0,-10,7360927.47808
S1_20210210_83170500291.tif,2021-02-10,83170500291,2021,train,-100.70963507,66.90280697,EPSG:32614,1079,1085,10,0,419770.952691,0,-10,7426997.44514
S1_20210210_83170600903.tif,2021-02-10,83170600903,2021,train,-100.46747585,67.04816485,EPSG:32614,1075,1081,10,0,430770.952691,0,-10,7442907.44514
S1_20210212_43469600031.tif,2021-02-12,43469600031,2021,valid,108.28927073,32.36695512,EPSG:32649,1075,1078,10,0,239566.207382,0,-10,3589732.56348
S1_20210212_43469700091.tif,2021-02-12,43469700091,2021,train,108.22454408,32.92913047,EPSG:32648,1081,1083,10,0,796124.649247,0,-10,3653460.74129
S1_20210212_43469701171.tif,2021-02-12,43469701171,2021,train,107.67450460,32.95983451,EPSG:32648,1076,1078,10,0,744611.545486,0,-10,3655399.9669
S1_20210212_83170600803.tif,2021-02-12,83170600803,2021,train,-98.98932456,66.51392160,EPSG:32614,1052,1056,10,0,495214.75166,0,-10,7382475.16186
S1_20210213_13279600141.tif,2021-02-13,13279600141,2021,train,26.50453346,-2.26901522,EPSG:32735,1047,1047,10,0,439674.227375,0,-10,9754429.89584
S1_20210213_25220000421.tif,2021-02-13,25220000421,2021,train,25.94088938,68.86874385,EPSG:32635,1069,1075,10,0,452046.028199,0,-10,7645468.94686
S1_20210213_25256000133.tif,2021-02-13,25256000133,2021,train,33.05348656,67.60953113,EPSG:32636,1052,1057,10,0,497013.622116,0,-10,7504617.51987
S1_20210213_25256000423.tif,2021-02-13,25256000423,2021,train,33.05753885,67.92077445,EPSG:32636,1052,1057,10,0,497153.622116,0,-10,7539317.51987
S1_20210213_26187000151.tif,2021-02-13,26187000151,2021,train,55.19759913,66.13741706,EPSG:32640,1081,1086,10,0,413239.655022,0,-10,7341827.45162
S1_20210213_26187000551.tif,2021-02-13,26187000551,2021,train,55.98734558,66.86247652,EPSG:32640,1067,1073,10,0,450263.113994,0,-10,7421775.33859
S1_20210213_26188200041.tif,2021-02-13,26188200041,2021,valid,57.29772887,66.18544540,EPSG:32640,1055,1061,10,0,508139.655022,0,-10,7345917.45162
S1_20210213_26188600191.tif,2021-02-13,26188600191,2021,valid,62.08195836,67.42450443,EPSG:32641,1066,1072,10,0,455341.414201,0,-10,7484354.88202
S1_20210213_26189800051.tif,2021-02-13,26189800051,2021,valid,56.80865394,61.99096851,EPSG:32640,1053,1058,10,0,484709.856346,0,-10,6878478.81087
S1_20210213_28317000091.tif,2021-02-13,28317000091,2021,train,50.51450477,53.59774406,EPSG:32639,1057,1061,10,0,462585.112383,0,-10,5944182.54689
S1_20210213_35148000101.tif,2021-02-13,35148000101,2021,train,144.59303818,64.69148379,EPSG:32655,1090,1095,10,0,379759.720394,0,-10,7181726.93189
S1_20210213_35443100561.tif,2021-02-13,35443100561,2021,train,156.31897666,53.76942927,EPSG:32657,1089,1093,10,0,317864.849244,0,-10,5966669.37734
S1_20210213_41301104801.tif,2021-02-13,41301104801,2021,valid,137.48755796,36.56536302,EPSG:32653,1076,1078,10,0,717227.001829,0,-10,4054928.31687
S1_20210213_41301104834.tif,2021-02-13,41301104834,2021,train,137.50208657,36.55856975,EPSG:32653,1076,1078,10,0,718547.001829,0,-10,4054208.31687
S1_20210213_51115301026.tif,2021-02-13,51115301026,2021,train,95.96951320,4.27271995,EPSG:32647,1053,1053,10,0,158292.456665,0,-10,478201.08703
S1_20210213_78340600061.tif,2021-02-13,78340600061,2021,train,-127.22760101,54.92935394,EPSG:32609,1076,1080,10,0,608190.738146,0,-10,6093767.92255
S1_20210213_81210700071.tif,2021-02-13,81210700071,2021,train,-160.03269523,62.34218271,EPSG:32604,1067,1072,10,0,441184.489271,0,-10,6918087.5022
S1_20210213_81310400335.tif,2021-02-13,81310400335,2021,train,-165.88448064,65.13457227,EPSG:32602,1134,1138,10,0,734140.273836,0,-10,7238864.31161
S1_20210213_83170900245.tif,2021-02-13,83170900245,2021,valid,-97.24645865,67.36853066,EPSG:32614,1080,1086,10,0,569891.406363,0,-10,7478957.36903
S1_20210214_35126000311.tif,2021-02-14,35126000311,2021,valid,138.11260719,66.94783600,EPSG:32654,1099,1104,10,0,368374.980441,0,-10,7434010.18896
S1_20210216_24440400593.tif,2021-02-16,24440400593,2021,train,16.14494291,64.27739683,EPSG:32633,1069,1075,10,0,550098.495711,0,-10,7133799.94137
S1_20210216_31221000603.tif,2021-02-16,31221000603,2021,train,64.86806999,65.57429015,EPSG:32641,1082,1087,10,0,580776.180451,0,-10,7279174.953
S1_20210216_31224000221.tif,2021-02-16,31224000221,2021,train,64.10273901,62.15242624,EPSG:32641,1068,1073,10,0,552127.712484,0,-10,6897014.7735
S1_20210216_31225000081.tif,2021-02-16,31225000081,2021,train,63.89152121,63.07380435,EPSG:32641,1065,1070,10,0,539717.712484,0,-10,6999474.7735
S1_20210216_31225000121.tif,2021-02-16,31225000121,2021,train,63.02157284,63.13386847,EPSG:32641,1052,1056,10,0,495827.712484,0,-10,7005784.7735
S1_20210216_31390300021.tif,2021-02-16,31390300021,2021,train,76.45736178,69.18644626,EPSG:32643,1075,1081,10,0,552412.410512,0,-10,7681243.98581
S1_20210216_35182400061.tif,2021-02-16,35182400061,2021,valid,163.93517960,68.48662147,EPSG:32658,1068,1074,10,0,451083.718823,0,-10,7602866.59533
S1_20210216_35182500186.tif,2021-02-16,35182500186,2021,train,164.81530522,67.99951350,EPSG:32658,1053,1059,10,0,487013.718823,0,-10,7548116.59533
S1_20210216_44406000221.tif,2021-02-16,44406000221,2021,train,101.13173245,5.20795459,EPSG:32647,1052,1052,10,0,731029.705397,0,-10,581310.492076
S1_20210216_44407200031.tif,2021-02-16,44407200031,2021,valid,100.44948947,5.56115125,EPSG:32647,1051,1050,10,0,655299.705397,0,-10,620140.492076
S1_20210216_45247201684.tif,2021-02-16,45247201684,2021,train,79.35197050,23.47552218,EPSG:32644,1060,1061,10,0,326388.875219,0,-10,2602430.96815
S1_20210216_62284200161.tif,2021-02-16,62284200161,2021,train,-61.72715857,1.13545911,EPSG:32620,1048,1048,10,0,636379.476334,0,-10,130773.689214
S1_20210216_71215000301.tif,2021-02-16,71215000301,2021,valid,-97.01567303,55.24549897,EPSG:32614,1079,1084,10,0,620754.462487,0,-10,6129325.91678
S1_20210216_82304500361.tif,2021-02-16,82304500361,2021,train,-126.67020977,68.58888088,EPSG:32609,1090,1095,10,0,589446.748408,0,-10,7615793.15324
S1_20210219_25259000611.tif,2021-02-19,25259000611,2021,train,33.03698860,65.80991706,EPSG:32636,1052,1057,10,0,496431.271476,0,-10,7304008.62247
S1_20210219_33183100121.tif,2021-02-19,33183100121,2021,train,122.78532233,70.54207032,EPSG:32651,1054,1061,10,0,486748.703264,0,-10,7831644.34928
S1_20210219_34211700351.tif,2021-02-19,34211700351,2021,valid,125.30772660,69.97675391,EPSG:32651,1090,1095,10,0,582718.703264,0,-10,7770424.34928
S1_20210219_34212000981.tif,2021-02-19,34212000981,2021,train,120.98382313,69.02098614,EPSG:32651,1084,1090,10,0,414033.807559,0,-10,7663475.58976
S1_20210219_34213000171.tif,2021-02-19,34213000171,2021,train,124.25974512,68.87573402,EPSG:32651,1072,1078,10,0,545303.807559,0,-10,7646415.58976
S1_20210219_35139001055.tif,2021-02-19,35139001055,2021,train,150.29516138,71.17080931,EPSG:32655,1106,1112,10,0,613116.302594,0,-10,7905237.52087
S1_20210219_43620000344.tif,2021-02-19,43620000344,2021,train,116.53021550,24.42793059,EPSG:32650,1052,1053,10,0,447116.691699,0,-10,2706951.47901
S1_20210219_44220200261.tif,2021-02-19,44220200261,2021,train,105.03492178,13.79305655,EPSG:32648,1048,1048,10,0,498534.58118,0,-10,1530079.85717
S1_20210219_61550201341.tif,2021-02-19,61550201341,2021,valid,-67.80871316,7.52905407,EPSG:32619,1051,1051,10,0,626179.295334,0,-10,837668.686278
S1_20210219_62256200623.tif,2021-02-19,62256200623,2021,valid,-60.08044397,-1.31905969,EPSG:32720,1050,1050,10,0,819679.417916,0,-10,9859263.31586
S1_20210219_72160400596.tif,2021-02-19,72160400596,2021,train,-75.48224098,52.80611397,EPSG:32618,1056,1061,10,0,462211.94032,0,-10,5856116.63903
S1_20210219_72180400211.tif,2021-02-19,72180400211,2021,train,-75.80084280,53.35855259,EPSG:32618,1062,1066,10,0,441391.94032,0,-10,5917786.63903
S1_20210222_24230000175.tif,2021-02-22,24230000175,2021,train,14.67176735,53.91288394,EPSG:32633,1054,1059,10,0,473169.638826,0,-10,5979174.06548
S1_20210222_24230000206.tif,2021-02-22,24230000206,2021,train,14.28206524,53.91977020,EPSG:32633,1060,1064,10,0,447549.638826,0,-10,5980154.06548
S1_20210222_26160700051.tif,2021-02-22,26160700051,2021,train,48.84358125,64.17255463,EPSG:32639,1086,1090,10,0,389761.161085,0,-10,7123468.22937
S1_20210222_33128600031.tif,2021-02-22,33128600031,2021,train,92.97650358,71.07966172,EPSG:32646,1054,1057,10,0,493879.668532,0,-10,7891566.62323
S1_20210222_33129500323.tif,2021-02-22,33129500323,2021,valid,87.89250054,69.53414416,EPSG:32645,1066,1071,10,0,529496.100187,0,-10,7719532.61311
S1_20210222_33129601011.tif,2021-02-22,33129601011,2021,train,89.13688005,69.47629325,EPSG:32645,1086,1092,10,0,578166.100187,0,-10,7714392.61311
S1_20210222_33186600301.tif,2021-02-22,33186600301,2021,train,107.60523822,68.90293285,EPSG:32648,1094,1100,10,0,599157.071538,0,-10,7651258.51674
S1_20210222_35121100265.tif,2021-02-22,35121100265,2021,train,135.60725725,71.35349846,EPSG:32653,1062,1068,10,0,516359.751839,0,-10,7922271.93035
S1_20210222_35160100435.tif,2021-02-22,35160100435,2021,train,154.52375338,70.36421645,EPSG:32656,1077,1083,10,0,551757.160934,0,-10,7812621.14089
S1_20210222_35160100495.tif,2021-02-22,35160100495,2021,valid,154.59411899,70.37217578,EPSG:32656,1078,1084,10,0,554367.160934,0,-10,7813581.14089
S1_20210222_43494200021.tif,2021-02-22,43494200021,2021,train,106.23647722,29.94698208,EPSG:32648,1059,1061,10,0,614028.387418,0,-10,3318858.35966
S1_20210222_43495400383.tif,2021-02-22,43495400383,2021,train,106.59199706,28.03597242,EPSG:32648,1063,1063,10,0,651173.477143,0,-10,3107524.26581
S1_20210222_43496201553.tif,2021-02-22,43496201553,2021,train,103.58532303,31.01839206,EPSG:32648,1062,1064,10,0,359655.807492,0,-10,3437819.40038
S1_20210222_43496401591.tif,2021-02-22,43496401591,2021,train,102.59628680,30.04539282,EPSG:32648,1071,1072,10,0,262883.858324,0,-10,3331610.25051
S1_20210222_44407800051.tif,2021-02-22,44407800051,2021,train,98.97384612,11.38477981,EPSG:32647,1047,1048,10,0,491911.619693,0,-10,1263765.38879
S1_20210222_56324300061.tif,2021-02-22,56324300061,2021,train,146.85926691,-20.92229878,EPSG:32755,1049,1049,10,0,480121.209341,0,-10,7691690.3113
S1_20210222_72311100605.tif,2021-02-22,72311100605,2021,train,-64.05767877,59.69594885,EPSG:32620,1067,1072,10,0,435131.296079,0,-10,6623384.92558
S1_20210222_72311100625.tif,2021-02-22,72311100625,2021,train,-63.13421698,58.03291438,EPSG:32620,1052,1057,10,0,486813.824574,0,-10,6437667.50411
S1_20210222_72319000071.tif,2021-02-22,72319000071,2021,train,-58.18496496,54.60307148,EPSG:32621,1068,1072,10,0,418114.873376,0,-10,6056628.3299
S1_20210222_83170300031.tif,2021-02-22,83170300031,2021,train,-102.73074588,67.64648448,EPSG:32613,1089,1094,10,0,590848.332053,0,-10,7510685.21818
S1_20210223_24440900073.tif,2021-02-23,24440900073,2021,train,16.36981026,64.69623267,EPSG:32634,1126,1130,10,0,273701.957538,0,-10,7188317.85029
S1_20210225_26189900251.tif,2021-02-25,26189900251,2021,train,58.96265673,62.58782618,EPSG:32640,1081,1087,10,0,595396.235799,0,-10,6946635.19385
S1_20210225_27103400101.tif,2021-02-25,27103400101,2021,train,-18.49703684,65.03070358,EPSG:32627,1092,1096,10,0,612411.757026,0,-10,7219690.91804
S1_20210225_28328200211.tif,2021-02-25,28328200211,2021,train,57.75300779,61.43643907,EPSG:32640,1062,1067,10,0,534856.450399,0,-10,6816968.3166
S1_20210225_28440400081.tif,2021-02-25,28440400081,2021,valid,45.73852170,43.33321981,EPSG:32638,1058,1062,10,0,554579.476539,0,-10,4803394.16259
S1_20210225_33161000373.tif,2021-02-25,33161000373,2021,train,104.50159697,72.42709321,EPSG:32648,1059,1065,10,0,477909.633878,0,-10,8041966.85542
S1_20210225_33164100201.tif,2021-02-25,33164100201,2021,train,101.98442219,71.98197299,EPSG:32648,1102,1108,10,0,390419.633878,0,-10,7995066.85542
S1_20210225_35182201201.tif,2021-02-25,35182201201,2021,valid,161.29175301,68.16038656,EPSG:32657,1089,1095,10,0,589679.388906,0,-10,7567987.33108
S1_20210225_43499500011.tif,2021-02-25,43499500011,2021,train,99.40436625,28.04249846,EPSG:32647,1052,1053,10,0,534482.88582,0,-10,3107241.09041
S1_20210225_44105400641.tif,2021-02-25,44105400641,2021,train,108.10927365,15.19850582,EPSG:32649,1063,1063,10,0,184084.441947,0,-10,1687652.21444
S1_20210225_72558800153.tif,2021-02-25,72558800153,2021,train,-84.33777505,44.05630676,EPSG:32616,1084,1086,10,0,707822.198428,0,-10,4887002.91944
S1_20210225_75371800011.tif,2021-02-25,75371800011,2021,train,-88.29151333,15.70774654,EPSG:32616,1054,1054,10,0,356339.822547,0,-10,1742300.68469
S1_20210226_64120200141.tif,2021-02-26,64120200141,2021,train,-51.85890563,-29.22470366,EPSG:32722,1056,1058,10,0,411242.574075,0,-10,6772103.2259
S1_20210227_51501600231.tif,2021-02-27,51501600231,2021,train,111.54265169,-7.22761564,EPSG:32749,1049,1049,10,0,554662.79647,0,-10,9206298.19865
S1_20210228_11720900341.tif,2021-02-28,11720900341,2021,train,39.47381372,-0.22690163,EPSG:32637,1047,1047,10,0,547488.798329,0,-10,-19845.3125957
S1_20210228_11734700251.tif,2021-02-28,11734700251,2021,train,37.86111215,-4.58063287,EPSG:32737,1049,1049,10,0,368419.114866,0,-10,9498836.33361
S1_20210228_14577300281.tif,2021-02-28,14577300281,2021,train,-12.28218124,8.65541376,EPSG:32629,1058,1058,10,0,133427.504071,0,-10,963604.601763
S1_20210228_17297100054.tif,2021-02-28,17297100054,2021,train,33.04489220,0.77283415,EPSG:32636,1048,1047,10,0,499754.926601,0,-10,90656.4727079
S1_20210228_22780500843.tif,2021-02-28,22780500843,2021,train,14.12269184,46.53506127,EPSG:32633,1061,1064,10,0,427420.908842,0,-10,5159193.09683
S1_20210228_31107500081.tif,2021-02-28,31107500081,2021,train,70.33300525,72.37094233,EPSG:32642,1074,1080,10,0,539686.136934,0,-10,8036208.33302
S1_20210228_31264601421.tif,2021-02-28,31264601421,2021,train,61.31088863,58.80203597,EPSG:32641,1076,1081,10,0,397026.752343,0,-10,6524644.59924
S1_20210228_31390800261.tif,2021-02-28,31390800261,2021,train,75.81236576,70.31866029,EPSG:32643,1065,1070,10,0,525209.291536,0,-10,7806963.76392
S1_20210228_32100301156.tif,2021-02-28,32100301156,2021,train,77.99159186,71.84130068,EPSG:32644,1102,1108,10,0,389883.88576,0,-10,7979381.27302
S1_20210228_35136100671.tif,2021-02-28,35136100671,2021,train,144.31499604,71.67948404,EPSG:32655,1097,1103,10,0,400343.828625,0,-10,7960792.38369
S1_20210228_35136100826.tif,2021-02-28,35136100826,2021,train,145.08916449,71.29453888,EPSG:32655,1084,1089,10,0,426193.828625,0,-10,7916772.38369
S1_20210228_35138000175.tif,2021-02-28,35138000175,2021,train,148.76757456,71.77098982,EPSG:32655,1081,1087,10,0,556300.513108,0,-10,7969727.76892
S1_20210228_43307000121.tif,2021-02-28,43307000121,2021,train,119.79750227,34.05671474,EPSG:32650,1078,1080,10,0,752819.997314,0,-10,3777376.22235
S1_20210228_72558200071.tif,2021-02-28,72558200071,2021,train,-83.38480421,44.43252163,EPSG:32617,1079,1083,10,0,304798.728906,0,-10,4928095.06133
S1_20210228_82242700211.tif,2021-02-28,82242700211,2021,train,-126.46205040,61.96833600,EPSG:32609,1091,1096,10,0,627589.560813,0,-10,6878734.33503
S1_20210301_31104000756.tif,2021-03-01,31104000756,2021,train,69.26064565,68.93715232,EPSG:32642,1055,1061,10,0,505179.04994,0,-10,7652681.55636
S1_20210303_16282906001.tif,2021-03-03,16282906001,2021,train,17.73805408,6.62374831,EPSG:32634,1056,1056,10,0,133962.836843,0,-10,738621.386252
S1_20210303_52406000241.tif,2021-03-03,52406000241,2021,train,121.02843577,12.45864948,EPSG:32651,1056,1056,10,0,280428.374035,0,-10,1383346.66543
S1_20210303_61548000031.tif,2021-03-03,61548000031,2021,train,-70.20693104,7.77195919,EPSG:32619,1051,1051,10,0,361659.772548,0,-10,864532.299929
S1_20210303_78270600481.tif,2021-03-03,78270600481,2021,train,-115.55063354,46.69607165,EPSG:32611,1068,1072,10,0,605471.515907,0,-10,5177770.60983
S1_20210303_82284600573.tif,2021-03-03,82284600573,2021,train,-106.19034232,57.90791605,EPSG:32613,1069,1073,10,0,424116.48168,0,-10,6424444.04543
S1_20210305_63470800281.tif,2021-03-05,63470800281,2021,train,-46.15285064,-16.04391513,EPSG:32723,1054,1054,10,0,371404.57683,0,-10,8231134.03197
S1_20210305_63480600231.tif,2021-03-05,63480600231,2021,train,-46.26679489,-17.97097264,EPSG:32723,1055,1055,10,0,360587.939739,0,-10,8017843.35755
S1_20210306_33128600281.tif,2021-03-06,33128600281,2021,train,91.97968915,70.44202735,EPSG:32645,1133,1140,10,0,680202.690059,0,-10,7828485.0185
S1_20210306_33128800046.tif,2021-03-06,33128800046,2021,train,93.98515890,71.59532244,EPSG:32646,1068,1073,10,0,529374.45623,0,-10,7949443.25746
S1_20210306_43307000375.tif,2021-03-06,43307000375,2021,train,119.69335266,34.28035737,EPSG:32650,1076,1079,10,0,742558.816644,0,-10,3801920.92043
S1_20210306_72405000633.tif,2021-03-06,72405000633,2021,train,-69.07356003,50.11393089,EPSG:32619,1050,1054,10,0,489490.63703,0,-10,5556570.77551
S1_20210309_31243900281.tif,2021-03-09,31243900281,2021,valid,80.15183371,59.29261997,EPSG:32644,1064,1068,10,0,446365.820963,0,-10,6578283.63008
S1_20210309_33161000023.tif,2021-03-09,33161000023,2021,train,104.00906793,72.48432551,EPSG:32648,1068,1074,10,0,461373.503317,0,-10,8048600.80179
S1_20210309_33165001046.tif,2021-03-09,33165001046,2021,train,103.68213769,71.75551713,EPSG:32648,1074,1079,10,0,448583.503317,0,-10,7967560.80179
S1_20210310_74262300934.tif,2021-03-10,74262300934,2021,train,-85.22861168,35.10408161,EPSG:32616,1067,1070,10,0,656110.952776,0,-10,3891370.86152
S1_20210310_74262500043.tif,2021-03-10,74262500043,2021,train,-84.79456725,35.55824984,EPSG:32616,1072,1074,10,0,694529.140382,0,-10,3942561.54535
S1_20210312_63580900603.tif,2021-03-12,63580900603,2021,train,-45.85826961,-23.34405101,EPSG:32723,1054,1055,10,0,406995.453802,0,-10,7423407.66241
S1_20210315_22511100045.tif,2021-03-15,22511100045,2021,train,32.53065605,46.59353151,EPSG:32636,1056,1059,10,0,458768.176904,0,-10,5165398.33094
S1_20210315_24440400713.tif,2021-03-15,24440400713,2021,train,14.54976477,64.91001075,EPSG:32633,1058,1064,10,0,473407.151023,0,-10,7203821.32163
S1_20210315_32263100031.tif,2021-03-15,32263100031,2021,valid,93.57983243,56.34203957,EPSG:32646,1058,1063,10,0,530552.610681,0,-10,6249614.68783
S1_20210315_34262300011.tif,2021-03-15,34262300011,2021,valid,120.22848873,59.81325872,EPSG:32650,1101,1106,10,0,675539.136689,0,-10,6640555.31041
S1_20210315_35200600421.tif,2021-03-15,35200600421,2021,valid,149.99528049,74.88940536,EPSG:32656,1103,1109,10,0,407087.051419,0,-10,8319025.4286
S1_20210315_43442400191.tif,2021-03-15,43442400191,2021,train,116.06507081,28.29447892,EPSG:32650,1056,1058,10,0,403044.255527,0,-10,3135468.56684
S1_20210315_53159700885.tif,2021-03-15,53159700885,2021,train,131.58906741,-1.32293662,EPSG:32753,1051,1051,10,0,115068.490775,0,-10,9858769.33535
S1_20210315_72110600481.tif,2021-03-15,72110600481,2021,train,-78.08157384,49.23761547,EPSG:32617,1090,1093,10,0,706980.315112,0,-10,5463435.36914
S1_20210315_72606000426.tif,2021-03-15,72606000426,2021,train,-65.34431712,47.07710602,EPSG:32620,1081,1084,10,0,316627.046828,0,-10,5221819.50665
S1_20210315_78270600301.tif,2021-03-15,78270600301,2021,valid,-114.96738580,46.47042459,EPSG:32611,1076,1079,10,0,650669.236065,0,-10,5153719.30555
S1_20210316_41100400131.tif,2021-03-16,41100400131,2021,train,142.59747901,51.08680580,EPSG:32654,1072,1076,10,0,606522.125068,0,-10,5666071.84095
S1_20210318_13269100271.tif,2021-03-18,13269100271,2021,valid,24.54447004,3.47838624,EPSG:32635,1051,1051,10,0,221922.53335,0,-10,390080.796069
S1_20210318_53140600071.tif,2021-03-18,53140600071,2021,train,142.52122397,-6.39587261,EPSG:32754,1051,1051,10,0,662991.964789,0,-10,9298040.64036
S1_20210320_34230500241.tif,2021-03-20,34230500241,2021,train,128.47601786,63.58914371,EPSG:32652,1059,1064,10,0,468700.468106,0,-10,7056659.12446
S1_20210320_34230500251.tif,2021-03-20,34230500251,2021,train,128.42988567,63.50294397,EPSG:32652,1060,1065,10,0,466320.468106,0,-10,7047079.12446
S1_20210321_13281000111.tif,2021-03-21,13281000111,2021,train,27.29807428,-6.01622638,EPSG:32735,1048,1048,10,0,527746.882319,0,-10,9340232.73967
S1_20210321_24322500023.tif,2021-03-21,24322500023,2021,train,30.38418948,60.62377786,EPSG:32636,1091,1096,10,0,351422.303027,0,-10,6729210.94191
S1_20210321_43442200273.tif,2021-03-21,43442200273,2021,train,116.48983482,28.93904293,EPSG:32650,1053,1054,10,0,445015.468587,0,-10,3206609.23518
S1_20210321_45375000081.tif,2021-03-21,45375000081,2021,train,79.85979497,13.88786857,EPSG:32644,1053,1053,10,0,371536.659191,0,-10,1540884.44259
S1_20210321_66180000623.tif,2021-03-21,66180000623,2021,train,-71.89213506,-44.23092153,EPSG:32719,1087,1090,10,0,263589.098175,0,-10,5103860.54098
S1_20210321_72594000023.tif,2021-03-21,72594000023,2021,train,-87.12549906,47.52438561,EPSG:32616,1051,1055,10,0,485297.613396,0,-10,5268722.49165
S1_20210321_72599600123.tif,2021-03-21,72599600123,2021,train,-89.98393344,46.75461352,EPSG:32616,1089,1092,10,0,266669.40549,0,-10,5187680.23154
S1_20210324_13226900041.tif,2021-03-24,13226900041,2021,valid,24.18761027,-6.65449407,EPSG:32735,1055,1055,10,0,183748.433858,0,-10,9268835.36936
S1_20210324_31264601381.tif,2021-03-24,31264601381,2021,train,61.86756079,58.78003544,EPSG:32641,1068,1073,10,0,429186.252486,0,-10,6521477.62174
S1_20210324_32100200051.tif,2021-03-24,32100200051,2021,train,79.51277142,71.05242166,EPSG:32643,1126,1132,10,0,657779.291536,0,-10,7894993.76392
S1_20210324_32100200275.tif,2021-03-24,32100200275,2021,train,79.16227480,70.93120777,EPSG:32643,1121,1126,10,0,646059.291536,0,-10,7880563.76392
S1_20210324_43469701211.tif,2021-03-24,43469701211,2021,train,107.56526250,32.95885579,EPSG:32648,1074,1077,10,0,734410.239134,0,-10,3655032.14948
S1_20210324_43610400511.tif,2021-03-24,43610400511,2021,train,118.46804370,25.13896133,EPSG:32650,1060,1061,10,0,642683.233599,0,-10,2786445.3754
S1_20210324_43610400684.tif,2021-03-24,43610400684,2021,train,118.43327929,25.11785762,EPSG:32650,1060,1060,10,0,639203.233599,0,-10,2784065.3754
S1_20210324_45380400244.tif,2021-03-24,45380400244,2021,train,76.60166106,11.11353582,EPSG:32643,1054,1054,10,0,669655.538705,0,-10,1234274.55492
S1_20210324_56370100091.tif,2021-03-24,56370100091,2021,train,152.53466407,-25.43838897,EPSG:32756,1052,1052,10,0,447950.74401,0,-10,7191687.014
S1_20210325_28368000024.tif,2021-03-25,28368000024,2021,train,34.53868218,56.15017658,EPSG:32637,1117,1121,10,0,217358.616093,0,-10,6237364.55346
S1_20210326_35141600231.tif,2021-03-26,35141600231,2021,train,144.99635297,69.60134810,EPSG:32655,1084,1090,10,0,416651.273651,0,-10,7728144.82867
S1_20210327_26146300241.tif,2021-03-27,26146300241,2021,train,40.80690375,59.40547157,EPSG:32637,1078,1083,10,0,597189.500044,0,-10,6592010.42736
S1_20210327_26146400021.tif,2021-03-27,26146400021,2021,valid,40.28787728,59.17420332,EPSG:32637,1071,1076,10,0,568259.500044,0,-10,6565540.42736
S1_20210327_26146400041.tif,2021-03-27,26146400041,2021,valid,40.43348412,59.08515110,EPSG:32637,1072,1077,10,0,576789.500044,0,-10,6555800.42736
S1_20210327_31248200481.tif,2021-03-27,31248200481,2021,valid,88.03112005,54.67689825,EPSG:32645,1065,1070,10,0,561162.019305,0,-10,6064676.09208
S1_20210327_31248201111.tif,2021-03-27,31248201111,2021,train,88.39429398,53.31937853,EPSG:32645,1071,1074,10,0,587522.019305,0,-10,5914076.09208
S1_20210327_31248201426.tif,2021-03-27,31248201426,2021,train,88.04271796,54.70582822,EPSG:32645,1065,1070,10,0,561862.019305,0,-10,6067906.09208
S1_20210327_33144000436.tif,2021-03-27,33144000436,2021,valid,104.30902582,75.54319988,EPSG:32647,1141,1147,10,0,642058.377315,0,-10,8396584.53675
S1_20210327_33150303476.tif,2021-03-27,33150303476,2021,train,104.35621643,76.52656518,EPSG:32648,1063,1069,10,0,477941.20135,0,-10,8499378.98279
S1_20210327_33162000621.tif,2021-03-27,33162000621,2021,train,100.07877638,72.90006885,EPSG:32647,1070,1075,10,0,530053.396097,0,-10,8095025.81402
S1_20210327_33164100181.tif,2021-03-27,33164100181,2021,train,99.51386938,71.39318048,EPSG:32647,1060,1066,10,0,512999.702402,0,-10,7926656.80008
S1_20210327_33169400241.tif,2021-03-27,33169400241,2021,train,100.89061616,68.19746353,EPSG:32647,1083,1088,10,0,572937.50361,0,-10,7571520.37625
S1_20210327_33176300061.tif,2021-03-27,33176300061,2021,train,113.95036875,71.49591403,EPSG:32650,1102,1109,10,0,386505.557243,0,-10,7940978.42043
S1_20210327_34100000225.tif,2021-03-27,34100000225,2021,valid,126.92570447,73.48175033,EPSG:32652,1087,1092,10,0,428748.1093,0,-10,8160824.07511
S1_20210327_34100003385.tif,2021-03-27,34100003385,2021,valid,128.84458233,72.65394817,EPSG:32652,1054,1060,10,0,489558.1093,0,-10,8067184.07511
S1_20210327_34100004765.tif,2021-03-27,34100004765,2021,train,128.37628098,72.71736586,EPSG:32652,1062,1067,10,0,474008.1093,0,-10,8074394.07511
S1_20210327_44279500041.tif,2021-03-27,44279500041,2021,valid,101.42657336,18.00533203,EPSG:32647,1062,1062,10,0,751628.251993,0,-10,1997767.9807
S1_20210327_63496000071.tif,2021-03-27,63496000071,2021,train,-45.75748956,-18.41760507,EPSG:32723,1052,1052,10,0,414739.166994,0,-10,7968704.16696
S1_20210327_71290006411.tif,2021-03-27,71290006411,2021,train,-114.03132339,51.04466031,EPSG:32612,1093,1096,10,0,282053.22123,0,-10,5664644.10681
S1_20210327_72549700391.tif,2021-03-27,72549700391,2021,train,-77.52506152,47.84862847,EPSG:32618,1083,1087,10,0,305682.422881,0,-10,5307998.07723
S1_20210328_34211100875.tif,2021-03-28,34211100875,2021,train,126.24009959,72.74450996,EPSG:32652,1098,1104,10,0,403161.407843,0,-10,8079601.06261
S1_20210329_28362000491.tif,2021-03-29,28362000491,2021,train,44.85701356,58.41933507,EPSG:32638,1052,1057,10,0,486387.221968,0,-10,6480691.45619
S1_20210330_21602400954.tif,2021-03-30,21602400954,2021,train,6.63035284,45.19486815,EPSG:32632,1080,1084,10,0,308469.999361,0,-10,5012749.82522
S1_20210330_21602401134.tif,2021-03-30,21602401134,2021,train,6.65426380,45.19234647,EPSG:32632,1080,1083,10,0,310339.999361,0,-10,5012409.82522
S1_20210330_23270100415.tif,2021-03-30,23270100415,2021,train,4.76458833,52.86375211,EPSG:32632,1112,1115,10,0,209376.355364,0,-10,5871095.38655
S1_20210330_23303100174.tif,2021-03-30,23303100174,2021,valid,-1.92963888,54.54521302,EPSG:32630,1066,1070,10,0,563910.37583,0,-10,6050061.93946
S1_20210330_24351000114.tif,2021-03-30,24351000114,2021,train,23.01062456,60.86129451,EPSG:32634,1083,1087,10,0,603793.386911,0,-10,6754446.78376
S1_20210330_31241800161.tif,2021-03-30,31241800161,2021,valid,74.92946813,61.59049905,EPSG:32643,1051,1056,10,0,491001.244834,0,-10,6833844.73012
S1_20210330_34211100265.tif,2021-03-30,34211100265,2021,valid,128.50352570,72.17884479,EPSG:32652,1059,1065,10,0,477746.039365,0,-10,8014276.27341
S1_20210330_35121300175.tif,2021-03-30,35121300175,2021,train,136.30666314,71.13428616,EPSG:32653,1073,1079,10,0,541788.226968,0,-10,7898277.60106
S1_20210330_35122500051.tif,2021-03-30,35122500051,2021,train,130.56327335,67.23713249,EPSG:32652,1077,1082,10,0,562107.142255,0,-10,7464074.46146
S1_20210330_35141100055.tif,2021-03-30,35141100055,2021,valid,150.88727253,70.94405809,EPSG:32656,1087,1093,10,0,417592.152174,0,-10,7877964.16249
S1_20210330_43496213754.tif,2021-03-30,43496213754,2021,train,103.06229303,32.06929256,EPSG:32648,1068,1069,10,0,311755.675519,0,-10,3555103.81191
S1_20210330_43664200021.tif,2021-03-30,43664200021,2021,train,108.02505983,22.80148018,EPSG:32648,1071,1072,10,0,805210.892296,0,-10,2530083.21755
S1_20210330_43664203084.tif,2021-03-30,43664203084,2021,train,107.05642272,22.07895788,EPSG:32648,1062,1063,10,0,706870.892296,0,-10,2448313.21755
S1_20210330_51160200341.tif,2021-03-30,51160200341,2021,train,102.50033841,-2.26579404,EPSG:32748,1050,1050,10,0,216727.732858,0,-10,9754570.48495
S1_20210330_56294100131.tif,2021-03-30,56294100131,2021,train,142.24679865,-17.46156015,EPSG:32754,1054,1056,10,0,627122.769053,0,-10,8074231.42504
S1_20210330_61610600245.tif,2021-03-30,61610600245,2021,train,-59.12692699,7.80376501,EPSG:32621,1053,1053,10,0,260186.42258,0,-10,868460.188785
S1_20210402_41301302285.tif,2021-04-02,41301302285,2021,valid,139.02937701,37.90716856,EPSG:32654,1071,1073,10,0,321403.240954,0,-10,4202711.05699
S1_20210408_33164600366.tif,2021-04-08,33164600366,2021,valid,96.64877104,71.55087693,EPSG:32647,1091,1097,10,0,411516.132177,0,-10,7945939.09836
S1_20210412_31241900351.tif,2021-04-12,31241900351,2021,valid,75.68010776,60.96568907,EPSG:32643,1061,1066,10,0,531518.408756,0,-10,6764486.74021
S1_20210413_53190800135.tif,2021-04-13,53190800135,2021,train,148.91170722,-9.20799029,EPSG:32755,1054,1054,10,0,704769.192978,0,-10,8986861.99771
S1_20210415_35200300546.tif,2021-04-15,35200300546,2021,train,139.15474201,76.01837720,EPSG:32653,1122,1129,10,0,606358.140391,0,-10,8446822.2394
S1_20210417_33110000236.tif,2021-04-17,33110000236,2021,valid,83.83534039,73.66440551,EPSG:32645,1105,1111,10,0,395164.805142,0,-10,8182786.24698
S1_20210420_51501500054.tif,2021-04-20,51501500054,2021,valid,108.29203534,-6.38533703,EPSG:32749,1055,1054,10,0,195143.7266,0,-10,9298681.34223
S1_20210423_82262400383.tif,2021-04-23,82262400383,2021,train,-118.33699032,63.64203116,EPSG:32611,1072,1077,10,0,428413.232179,0,-10,7063203.11304
S1_20210424_75368000051.tif,2021-04-24,75368000051,2021,train,-90.21890088,16.51652215,EPSG:32615,1063,1064,10,0,791561.12416,0,-10,1833441.06583
S1_20210427_64252400114.tif,2021-04-27,64252400114,2021,train,-51.95688147,-25.64551209,EPSG:32722,1056,1057,10,0,398669.146091,0,-10,7168510.34265
S1_20210430_67107500184.tif,2021-04-30,67107500184,2021,train,-76.96892989,-12.02674334,EPSG:32717,1065,1065,10,0,933783.449884,0,-10,8672591.57392
S1_20210430_67107500204.tif,2021-04-30,67107500204,2021,train,-76.96495356,-12.02600913,EPSG:32717,1066,1066,10,0,934213.449884,0,-10,8672671.57392
S1_20210513_13276100111.tif,2021-05-13,13276100111,2021,train,24.53263253,1.26387417,EPSG:32634,1050,1051,10,0,887999.230588,0,-10,145218.955189
S1_20210515_35145700011.tif,2021-05-15,35145700011,2021,train,142.67646211,66.96648318,EPSG:32654,1079,1085,10,0,567796.20056,0,-10,7434054.25599
S1_20210524_81247600031.tif,2021-05-24,81247600031,2021,valid,-145.91254739,63.87993186,EPSG:32606,1068,1074,10,0,548075.822393,0,-10,7089459.90768
S1_20210601_23250601401.tif,2021-06-01,23250601401,2021,valid,2.69142417,50.53627348,EPSG:32631,1054,1058,10,0,472862.260319,0,-10,5603594.26934
S1_20210608_62289300041.tif,2021-06-08,62289300041,2021,train,-68.27992820,-0.01938581,EPSG:32619,1048,1047,10,0,574888.082217,0,-10,3092.11463488
S1_20210609_34289200011.tif,2021-06-09,34289200011,2021,train,105.92490761,56.03795445,EPSG:32648,1064,1068,10,0,552306.981628,0,-10,6216029.6212
S1_20210609_34289300011.tif,2021-06-09,34289300011,2021,train,105.82781640,55.96357190,EPSG:32648,1062,1067,10,0,546366.981628,0,-10,6207669.6212
S1_20210610_83160000531.tif,2021-06-10,83160000531,2021,train,-105.32491255,65.67660149,EPSG:32613,1056,1061,10,0,479786.88504,0,-10,7289207.47808
S1_20210613_83242100113.tif,2021-06-13,83242100113,2021,train,-96.20170524,63.62917843,EPSG:32615,1102,1107,10,0,335865.618556,0,-10,7065200.7921
S1_20210614_72588000081.tif,2021-06-14,72588000081,2021,valid,-87.65676365,41.84433278,EPSG:32616,1057,1059,10,0,440190.899345,0,-10,4637996.38117
S1_20210628_72555900063.tif,2021-06-28,72555900063,2021,train,-82.52506552,41.84277654,EPSG:32617,1068,1070,10,0,368045.599061,0,-10,4638794.35904
S1_20210701_72270401196.tif,2021-07-01,72270401196,2021,valid,-66.10038504,55.56384971,EPSG:32620,1096,1101,10,0,299018.172461,0,-10,6167408.26728
S1_20210706_17299600071.tif,2021-07-06,17299600071,2021,train,30.43682034,-2.75677818,EPSG:32735,1053,1052,10,0,876957.182597,0,-10,9699998.96153
S1_20210707_33122002816.tif,2021-07-07,33122002816,2021,train,85.74987555,71.98155065,EPSG:32645,1073,1078,10,0,451477.732589,0,-10,7992712.38558
S1_20210722_55200000463.tif,2021-07-22,55200000463,2021,train,178.86150132,-16.55051035,EPSG:32760,1058,1058,10,0,693349.958399,0,-10,8174539.23237
S1_20210722_55200000736.tif,2021-07-22,55200000736,2021,train,178.85760076,-16.54918976,EPSG:32760,1057,1058,10,0,692939.958399,0,-10,8174689.23237
S1_20210809_62296300051.tif,2021-08-09,62296300051,2021,train,-65.87211370,-2.80212054,EPSG:32720,1051,1052,10,0,175396.200796,0,-10,9695147.46312
S1_20210812_51501400051.tif,2021-08-12,51501400051,2021,train,107.20747795,-6.41510992,EPSG:32748,1052,1052,10,0,738908.470466,0,-10,9295642.1869
S1_20210818_62268201041.tif,2021-08-18,62268201041,2021,train,-63.77807160,-13.73667946,EPSG:32720,1051,1051,10,0,410623.342211,0,-10,8486514.68464
S1_20210823_62269600151.tif,2021-08-23,62269600151,2021,train,-64.52427736,-16.63396526,EPSG:32720,1056,1056,10,0,332143.181732,0,-10,8165597.67716
S1_20210825_13250000131.tif,2021-08-25,13250000131,2021,train,17.82723515,-0.60800716,EPSG:32733,1049,1049,10,0,809466.465072,0,-10,9937959.46939
S1_20210830_43484000061.tif,2021-08-30,43484000061,2021,train,112.52092333,28.68379507,EPSG:32649,1062,1063,10,0,643285.901188,0,-10,3179215.41554
S1_20210901_52501100244.tif,2021-09-01,52501100244,2021,train,119.44926988,-5.20864724,EPSG:32750,1053,1052,10,0,766241.384222,0,-10,9429005.01042
S1_20210912_35141500491.tif,2021-09-12,35141500491,2021,train,147.19184675,70.49174758,EPSG:32655,1054,1060,10,0,501880.205826,0,-10,7826024.34866
S1_20210920_62297404251.tif,2021-09-20,62297404251,2021,valid,-76.77749522,0.67650921,EPSG:32618,1048,1048,10,0,296951.042513,0,-10,80050.8660289
S1_20210922_62268202231.tif,2021-09-22,62268202231,2021,valid,-63.56171812,-14.68711640,EPSG:32720,1050,1050,10,0,434273.342211,0,-10,8381454.68464
S1_20210926_53190200751.tif,2021-09-26,53190200751,2021,train,145.65391074,-5.83106774,EPSG:32755,1050,1050,10,0,345720.328792,0,-10,9360541.63356
S1_20211005_72120900051.tif,2021-10-05,72120900051,2021,train,-76.92408967,48.23238865,EPSG:32618,1076,1079,10,0,351740.334614,0,-10,5349314.45514
S1_20211012_42246300916.tif,2021-10-12,42246300916,2021,train,127.19900917,43.16208948,EPSG:32652,1072,1075,10,0,348229.076514,0,-10,4785764.17252
S1_20211012_42246500063.tif,2021-10-12,42246500063,2021,train,127.19606200,42.78442634,EPSG:32652,1072,1074,10,0,347089.076514,0,-10,4743824.17252
S1_20211012_42440600251.tif,2021-10-12,42440600251,2021,train,126.45148688,40.67601297,EPSG:32652,1080,1082,10,0,279209.244079,0,-10,4511325.77313
S1_20211012_42440700163.tif,2021-10-12,42440700163,2021,train,126.56399401,41.60138123,EPSG:32652,1079,1082,10,0,291599.244079,0,-10,4613795.77313
S1_20211017_42246401326.tif,2021-10-17,42246401326,2021,train,126.42777930,42.65844053,EPSG:32652,1082,1084,10,0,283769.076514,0,-10,4731514.17252
S1_20211024_11780200011.tif,2021-10-24,11780200011,2021,train,38.67136475,-14.18233325,EPSG:32737,1050,1049,10,0,459288.411836,0,-10,8437328.47189
S1_20211024_42410100884.tif,2021-10-24,42410100884,2021,train,126.84928415,39.65312307,EPSG:32652,1074,1077,10,0,310111.850023,0,-10,4396853.95784
S1_20211024_42410101454.tif,2021-10-24,42410101454,2021,train,127.13931679,39.47469855,EPSG:32652,1071,1073,10,0,334601.850023,0,-10,4376473.95784
S1_20211024_42410101501.tif,2021-10-24,42410101501,2021,valid,127.04373281,39.44443365,EPSG:32652,1072,1074,10,0,326301.850023,0,-10,4373293.95784
S1_20211024_42430800574.tif,2021-10-24,42430800574,2021,valid,126.52141157,40.26636229,EPSG:32652,1078,1081,10,0,283851.850023,0,-10,4465673.95784
S1_20211024_42430800604.tif,2021-10-24,42430800604,2021,train,126.54211093,40.25977782,EPSG:32652,1078,1081,10,0,285591.850023,0,-10,4464893.95784
S1_20211026_74294600454.tif,2021-10-26,74294600454,2021,train,-104.89117523,39.90633697,EPSG:32613,1050,1053,10,0,504051.929853,0,-10,4422632.29004
S1_20211029_75168000186.tif,2021-10-29,75168000186,2021,train,-101.03820846,33.06042328,EPSG:32614,1069,1071,10,0,304367.570487,0,-10,3665187.35225
S1_20211112_72390400421.tif,2021-11-12,72390400421,2021,train,-63.88559547,51.93099799,EPSG:32620,1063,1067,10,0,433795.535518,0,-10,5759069.13696
S1_20211113_41301600944.tif,2021-11-13,41301600944,2021,train,139.79936911,36.74864599,EPSG:32654,1062,1064,10,0,387509.728641,0,-10,4072981.38591
S1_20211119_75120300015.tif,2021-11-19,75120300015,2021,train,-93.82108613,29.90082840,EPSG:32615,1056,1057,10,0,415448.146702,0,-10,3313364.58361
S1_20211123_22520900236.tif,2021-11-23,22520900236,2021,valid,33.65419530,53.66178502,EPSG:32636,1059,1064,10,0,537933.764222,0,-10,5951411.56898
S1_20211129_36102900121.tif,2021-11-29,36102900121,2021,train,89.64934341,48.92410804,EPSG:32645,1086,1090,10,0,688634.529373,0,-10,5427852.70779
S1_20211129_36102900131.tif,2021-11-29,36102900131,2021,valid,89.50771631,48.95318742,EPSG:32645,1084,1088,10,0,678164.529373,0,-10,5430722.70779
S1_20211129_36102900141.tif,2021-11-29,36102900141,2021,train,89.43523042,49.03557714,EPSG:32645,1084,1087,10,0,672564.529373,0,-10,5439702.70779
S1_20211209_43491900093.tif,2021-12-09,43491900093,2021,valid,108.39508513,30.79355062,EPSG:32648,1081,1082,10,0,819497.678221,0,-10,3417064.18927
S1_20211223_11770400336.tif,2021-12-23,11770400336,2021,valid,40.35548259,-11.71793788,EPSG:32737,1053,1053,10,0,642455.964648,0,-10,8709546.00204
S1_20220122_14301001425.tif,2022-01-22,14301001425,2022,train,5.81673410,5.55835683,EPSG:32632,1054,1055,10,0,141987.33281,0,-10,620609.61348
S1_20220217_11720901576.tif,2022-02-17,11720901576,2022,valid,38.30854441,0.00000770,EPSG:32737,1048,1047,10,0,417816.42403,0,-10,10005235.8508
S1_20220217_11720901586.tif,2022-02-17,11720901586,2022,valid,38.42105151,0.00000770,EPSG:32737,1048,1047,10,0,430336.42403,0,-10,10005235.8508
S1_20220224_35141500151.tif,2022-02-24,35141500151,2022,train,147.37692947,70.36596602,EPSG:32655,1057,1063,10,0,508850.205826,0,-10,7812044.34866
S1_20220224_35142600231.tif,2022-02-24,35142600231,2022,train,142.80262032,68.88106927,EPSG:32655,1120,1126,10,0,325734.240538,0,-10,7652497.28588
S1_20220225_24450800174.tif,2022-02-25,24450800174,2022,train,16.39614032,61.37787449,EPSG:32633,1073,1078,10,0,569243.752171,0,-10,6811065.89093
S1_20220226_23261001381.tif,2022-02-26,23261001381,2022,train,7.63849259,51.93642548,EPSG:32632,1069,1074,10,0,401056.531274,0,-10,5760212.95567
S1_20220310_23250801284.tif,2022-03-10,23250801284,2022,train,4.49428821,50.39646285,EPSG:32631,1071,1074,10,0,600850.774438,0,-10,5589149.93548
S1_20220319_43508600501.tif,2022-03-19,43508600501,2022,train,118.69548627,27.35059982,EPSG:32650,1063,1064,10,0,662392.404895,0,-10,3031728.61671
S1_20220322_12557000106.tif,2022-03-22,12557000106,2022,train,26.89714633,-33.60128562,EPSG:32735,1049,1052,10,0,485212.53734,0,-10,6287306.50953
S1_20220325_17264700011.tif,2022-03-25,17264700011,2022,valid,34.95827806,8.36884106,EPSG:32636,1053,1053,10,0,710377.729268,0,-10,930875.683413
S1_20220325_17265000211.tif,2022-03-25,17265000211,2022,train,34.73078551,7.28332561,EPSG:32636,1052,1052,10,0,685817.729268,0,-10,810695.683413
S1_20220326_73218000013.tif,2022-03-26,73218000013,2022,train,-77.95825099,34.28517633,EPSG:32617,1081,1082,10,0,774600.189216,0,-10,3803375.68544
S1_20220326_74210000261.tif,2022-03-26,74210000261,2022,train,-91.51742877,30.73815023,EPSG:32615,1062,1064,10,0,636618.118652,0,-10,3406841.65658
S1_20220329_73257400013.tif,2022-03-29,73257400013,2022,train,-81.80163614,26.69792371,EPSG:32617,1055,1056,10,0,414977.542782,0,-10,2958508.88918
S1_20220329_73257400146.tif,2022-03-29,73257400146,2022,train,-81.82230176,26.69220789,EPSG:32617,1055,1056,10,0,412917.542782,0,-10,2957888.88918
S1_20220413_43494401733.tif,2022-04-13,43494401733,2022,train,107.31806282,31.74774967,EPSG:32648,1072,1072,10,0,714217.678221,0,-10,3520174.18927
S1_20220417_41301302194.tif,2022-04-17,41301302194,2022,valid,139.70713568,37.51854022,EPSG:32654,1064,1065,10,0,380429.35964,0,-10,4158508.35667
S1_20220417_41301302201.tif,2022-04-17,41301302201,2022,valid,139.64524958,37.47417842,EPSG:32654,1064,1066,10,0,374889.35964,0,-10,4153668.35667
S1_20220417_41301302234.tif,2022-04-17,41301302234,2022,train,139.53803834,37.48313000,EPSG:32654,1065,1067,10,0,365419.35964,0,-10,4154808.35667
S1_20220418_23261001875.tif,2022-04-18,23261001875,2022,train,4.56803821,51.90981363,EPSG:32631,1072,1076,10,0,602499.660527,0,-10,5757549.24328
S1_20220419_81210500571.tif,2022-04-19,81210500571,2022,train,-160.15327942,61.89521112,EPSG:32604,1068,1073,10,0,434049.263734,0,-10,6868409.75384
S1_20220419_81210500686.tif,2022-04-19,81210500686,2022,train,-160.88791519,61.76623034,EPSG:32604,1080,1085,10,0,394969.263734,0,-10,6855009.75384
S1_20220420_43469100121.tif,2022-04-20,43469100121,2022,valid,109.53653812,32.90127081,EPSG:32649,1063,1065,10,0,357816.2826,0,-10,3646616.51192
S1_20220420_63570000456.tif,2022-04-20,63570000456,2022,train,-41.18298384,-20.74680735,EPSG:32724,1063,1063,10,0,267388.212095,0,-10,7709654.08807
S1_20220423_81250800941.tif,2022-04-23,81250800941,2022,train,-147.66956065,67.98239195,EPSG:32606,1062,1068,10,0,466678.339293,0,-10,7546392.89674
S1_20220423_81250800951.tif,2022-04-23,81250800951,2022,train,-147.70812702,68.10242560,EPSG:32606,1062,1068,10,0,465218.339293,0,-10,7559792.89674
S1_20220427_74262200331.tif,2022-04-27,74262200331,2022,train,-86.84745112,35.62450953,EPSG:32616,1050,1052,10,0,508563.753892,0,-10,3947573.08744
S1_20220427_74262200354.tif,2022-04-27,74262200354,2022,train,-86.78587827,35.58559973,EPSG:32616,1051,1053,10,0,514143.753892,0,-10,3943273.08744
S1_20220427_74267200071.tif,2022-04-27,74267200071,2022,train,-87.44058333,37.67013564,EPSG:32616,1053,1056,10,0,455880.239117,0,-10,4174588.20695
S1_20220501_81181300426.tif,2022-05-01,81181300426,2022,train,-161.29139750,61.04077530,EPSG:32604,1087,1091,10,0,370809.263734,0,-10,6774949.75384
S1_20220501_81181500181.tif,2022-05-01,81181500181,2022,valid,-161.19033969,60.93966114,EPSG:32604,1085,1090,10,0,375899.263734,0,-10,6763499.75384
S1_20220501_81210600943.tif,2022-05-01,81210600943,2022,train,-159.35232211,62.12041664,EPSG:32604,1056,1061,10,0,476339.263734,0,-10,6892949.75384
S1_20220512_22320700133.tif,2022-05-12,22320700133,2022,train,43.26888310,46.08149816,EPSG:32638,1072,1075,10,0,360793.28963,0,-10,5109934.2829
S1_20220524_14631000071.tif,2022-05-24,14631000071,2022,train,-15.24824921,16.63720030,EPSG:32628,1049,1050,10,0,468280.166837,0,-10,1844687.45323
S1_20220524_14631000151.tif,2022-05-24,14631000151,2022,train,-15.08722067,16.67651813,EPSG:32628,1048,1049,10,0,485460.166837,0,-10,1849017.45323
S1_20220524_16245000971.tif,2022-05-24,16245000971,2022,train,10.54809912,11.54632671,EPSG:32632,1053,1054,10,0,663555.246105,0,-10,1282114.72428
S1_20220524_16248000231.tif,2022-05-24,16248000231,2022,train,9.78159686,11.26055145,EPSG:32632,1050,1051,10,0,580061.239111,0,-10,1250157.60754
S1_20220527_67107100226.tif,2022-05-27,67107100226,2022,train,-74.15639252,-14.83320741,EPSG:32718,1052,1052,10,0,585506.8923,0,-10,8365210.79692
S1_20220529_13297300021.tif,2022-05-29,13297300021,2022,train,28.94045361,-12.19783561,EPSG:32735,1056,1055,10,0,705837.728373,0,-10,8656089.36878
S1_20220529_63470800261.tif,2022-05-29,63470800261,2022,train,-46.05671478,-16.00035407,EPSG:32723,1053,1054,10,0,381670.150962,0,-10,8236008.03937
S1_20220529_63470800291.tif,2022-05-29,63470800291,2022,train,-46.21585559,-16.02283228,EPSG:32723,1054,1054,10,0,364650.150962,0,-10,8233428.03937
S1_20220606_22320700501.tif,2022-06-06,22320700501,2022,valid,43.63149263,45.94479453,EPSG:32638,1067,1070,10,0,388593.28963,0,-10,5094174.2829
S1_20220606_25107900574.tif,2022-06-06,25107900574,2022,valid,11.14831081,63.19345415,EPSG:32632,1085,1091,10,0,602656.693523,0,-10,7014407.4178
S1_20220606_81220100181.tif,2022-06-06,81220100181,2022,train,-157.17546583,65.51806009,EPSG:32604,1081,1086,10,0,578954.714116,0,-10,7272845.91587
S1_20220606_81320700031.tif,2022-06-06,81320700031,2022,train,-157.59985326,66.97189056,EPSG:32604,1074,1079,10,0,555746.062426,0,-10,7434328.83842
S1_20220609_25107500291.tif,2022-06-09,25107500291,2022,train,9.10429918,63.03499385,EPSG:32632,1052,1057,10,0,500016.693523,0,-10,6994777.4178
S1_20220611_22520900151.tif,2022-06-11,22520900151,2022,train,34.37592398,53.27253494,EPSG:32636,1070,1074,10,0,586403.764222,0,-10,5908841.56898
S1_20220611_22520900171.tif,2022-06-11,22520900171,2022,train,34.18216567,53.32944945,EPSG:32636,1067,1072,10,0,573393.764222,0,-10,5914931.56898
S1_20220611_22520900181.tif,2022-06-11,22520900181,2022,valid,34.06565711,53.35724535,EPSG:32636,1066,1070,10,0,565593.764222,0,-10,5917891.56898
S1_20220616_74295400041.tif,2022-06-16,74295400041,2022,valid,-97.43605021,43.08731880,EPSG:32614,1069,1072,10,0,621950.392844,0,-10,4777058.42096
S1_20220619_74270100061.tif,2022-06-19,74270100061,2022,train,-89.46376340,37.22753003,EPSG:32616,1076,1079,10,0,276040.72417,0,-10,4128352.64065
S1_20220620_81380400011.tif,2022-06-20,81380400011,2022,train,-151.43591828,69.41438605,EPSG:32605,1077,1083,10,0,555984.280539,0,-10,7706768.39157
S1_20220621_13224400091.tif,2022-06-21,13224400091,2022,valid,16.97489327,-4.71870842,EPSG:32733,1051,1051,10,0,713804.372617,0,-10,9483373.44968
S1_20220621_13224500041.tif,2022-06-21,13224500041,2022,valid,16.88826936,-4.00843718,EPSG:32733,1050,1051,10,0,704394.372617,0,-10,9561953.44968
S1_20220621_72556000441.tif,2022-06-21,72556000441,2022,train,-85.12854747,41.08541621,EPSG:32616,1072,1074,10,0,651832.522968,0,-10,4555296.57941
S1_20220621_72588000023.tif,2022-06-21,72588000023,2022,train,-86.91309600,42.18499626,EPSG:32616,1050,1053,10,0,501926.298837,0,-10,4675585.13495
S1_20220621_72589000011.tif,2022-06-21,72589000011,2022,train,-86.44722306,42.06057948,EPSG:32616,1056,1059,10,0,540456.298837,0,-10,4661945.13495
S1_20220621_72589000081.tif,2022-06-21,72589000081,2022,train,-86.29863790,41.85406789,EPSG:32616,1057,1061,10,0,552932.827985,0,-10,4639116.51502
S1_20220621_74266400744.tif,2022-06-21,74266400744,2022,train,-85.43996620,40.18489353,EPSG:32616,1068,1071,10,0,627466.943806,0,-10,4454800.71088
S1_20220621_74266900314.tif,2022-06-21,74266900314,2022,valid,-85.65992788,40.57305319,EPSG:32616,1065,1068,10,0,608102.827985,0,-10,4497566.51502
S1_20220621_74266900331.tif,2022-06-21,74266900331,2022,train,-85.62887794,40.51413320,EPSG:32616,1065,1068,10,0,610832.827985,0,-10,4491066.51502
S1_20220621_74266900364.tif,2022-06-21,74266900364,2022,train,-85.47955048,40.38699285,EPSG:32616,1067,1070,10,0,623716.943806,0,-10,4477170.71088
S1_20220621_74266900381.tif,2022-06-21,74266900381,2022,train,-85.33431658,40.32099312,EPSG:32616,1069,1072,10,0,636172.522968,0,-10,4470076.57941
S1_20220623_48302100141.tif,2022-06-23,48302100141,2022,train,92.41930488,36.59361608,EPSG:32646,1055,1057,10,0,442783.107111,0,-10,4055234.34137
S1_20220623_78264000031.tif,2022-06-23,78264000031,2022,train,-118.08071081,47.80677750,EPSG:32611,1064,1067,10,0,413763.727824,0,-10,5300725.12447
S1_20220623_78270500094.tif,2022-06-23,78270500094,2022,train,-118.53911622,46.56199036,EPSG:32611,1070,1074,10,0,376685.748703,0,-10,5163012.16789
S1_20220624_75216500094.tif,2022-06-24,75216500094,2022,train,-104.00019392,32.20891852,EPSG:32613,1058,1060,10,0,588934.346684,0,-10,3569331.33239
S1_20220624_75216900071.tif,2022-06-24,75216900071,2022,train,-104.28053730,33.05488372,EPSG:32613,1056,1057,10,0,561888.286519,0,-10,3662886.41444
S1_20220624_75218100481.tif,2022-06-24,75218100481,2022,train,-104.96469149,29.32023718,EPSG:32613,1049,1050,10,0,498183.392816,0,-10,3248716.51669
S1_20220626_62254800131.tif,2022-06-26,62254800131,2022,train,-59.65628318,-7.52168952,EPSG:32720,1058,1057,10,0,863805.329531,0,-10,9172453.49917
S1_20220626_78322500111.tif,2022-06-26,78322500111,2022,train,-121.12420020,50.78816307,EPSG:32610,1076,1080,10,0,626837.850658,0,-10,5633345.47689
S1_20220628_72556000361.tif,2022-06-28,72556000361,2022,train,-84.35590650,41.06711722,EPSG:32616,1081,1084,10,0,716752.522968,0,-10,4554996.57941
S1_20220701_82212100101.tif,2022-07-01,82212100101,2022,valid,-134.91140098,67.02361400,EPSG:32608,1052,1058,10,0,498599.384116,0,-10,7439305.27886
S1_20220702_81390200206.tif,2022-07-02,81390200206,2022,train,-149.35445349,69.83135202,EPSG:32605,1112,1118,10,0,634646.830107,0,-10,7756844.8297
S1_20220702_81390400161.tif,2022-07-02,81390400161,2022,valid,-148.95138473,68.67286393,EPSG:32605,1118,1123,10,0,658634.280539,0,-10,7628908.39157
S1_20220703_82212100301.tif,2022-07-03,82212100301,2022,train,-134.08545473,66.09147840,EPSG:32608,1066,1072,10,0,536028.154795,0,-10,7335768.30928
S1_20220703_82212200011.tif,2022-07-03,82212200011,2022,train,-134.09537100,65.96498228,EPSG:32608,1065,1071,10,0,535788.154795,0,-10,7321658.30928
S1_20220704_81390400331.tif,2022-07-04,81390400331,2022,valid,-148.66635569,69.97639943,EPSG:32605,1124,1128,10,0,659866.830107,0,-10,7774764.8297
S1_20220705_57205100206.tif,2022-07-05,57205100206,2022,train,172.22500596,-41.25699522,EPSG:32759,1064,1066,10,0,597304.702366,0,-10,5437319.87854
S1_20220706_28420900113.tif,2022-07-06,28420900113,2022,train,44.49373460,48.42131268,EPSG:32638,1057,1060,10,0,457258.448509,0,-10,5368552.89367
S1_20220706_28420900186.tif,2022-07-06,28420900186,2022,train,44.39190164,48.44870893,EPSG:32638,1057,1062,10,0,449748.448509,0,-10,5371662.89367
S1_20220713_21602601431.tif,2022-07-13,21602601431,2022,valid,7.03246624,46.18872810,EPSG:32632,1075,1079,10,0,342794.315003,0,-10,5122293.41207
S1_20220714_18193300011.tif,2022-07-14,18193300011,2022,train,48.92336814,-13.04499822,EPSG:32739,1057,1057,10,0,269518.270761,0,-10,8562251.63573
S1_20220716_72530300035.tif,2022-07-16,72530300035,2022,train,-72.93019755,46.16261264,EPSG:32619,1101,1104,10,0,191072.902208,0,-10,5125147.3035
S1_20220716_72530400021.tif,2022-07-16,72530400021,2022,valid,-72.88356984,46.09832176,EPSG:32619,1101,1104,10,0,194322.902208,0,-10,5117827.3035
S1_20220718_14633000321.tif,2022-07-18,14633000321,2022,train,-14.27721548,16.58348173,EPSG:32628,1051,1052,10,0,571850.166837,0,-10,1838877.45323
S1_20220718_28314000401.tif,2022-07-18,28314000401,2022,train,48.70072321,51.94022075,EPSG:32638,1103,1107,10,0,748837.554975,0,-10,5766396.07352
S1_20220718_28420200111.tif,2022-07-18,28420200111,2022,train,44.61561233,45.51742553,EPSG:32638,1055,1058,10,0,464703.28963,0,-10,5045794.2829
S1_20220718_28420200121.tif,2022-07-18,28420200121,2022,train,44.59408977,45.51915130,EPSG:32638,1055,1058,10,0,463023.28963,0,-10,5045994.2829
S1_20220720_46130301061.tif,2022-07-20,46130301061,2022,train,59.23731833,43.59446405,EPSG:32640,1078,1080,10,0,675204.584875,0,-10,4834664.43562
S1_20220720_46130301113.tif,2022-07-20,46130301113,2022,train,59.25441074,43.56617125,EPSG:32640,1077,1081,10,0,676674.584875,0,-10,4831564.43562
S1_20220720_48238500106.tif,2022-07-20,48238500106,2022,train,83.29770443,41.40346506,EPSG:32644,1077,1079,10,0,686678.833642,0,-10,4591489.78238
S1_20220720_48250300621.tif,2022-07-20,48250300621,2022,valid,83.14612408,40.97034739,EPSG:32644,1075,1077,10,0,675204.191699,0,-10,4543068.35945
S1_20220720_72608100221.tif,2022-07-20,72608100221,2022,train,-65.80848837,45.55881277,EPSG:32619,1092,1094,10,0,743620.503787,0,-10,5055455.96017
S1_20220721_62446200081.tif,2022-07-21,62446200081,2022,train,-47.49738624,-12.45457878,EPSG:32723,1059,1058,10,0,223227.343451,0,-10,8627192.52022
S1_20220723_29499700173.tif,2022-07-23,29499700173,2022,train,41.86861357,39.04038882,EPSG:32637,1082,1085,10,0,742868.642855,0,-10,4330600.19794
S1_20220723_43292000344.tif,2022-07-23,43292000344,2022,valid,103.85172556,35.40397078,EPSG:32648,1061,1063,10,0,390428.317338,0,-10,3923763.73154
S1_20220723_43494900401.tif,2022-07-23,43494900401,2022,train,104.51288401,33.94710652,EPSG:32648,1054,1056,10,0,449717.825852,0,-10,3761678.13055
S1_20220725_12556500221.tif,2022-07-25,12556500221,2022,train,26.31966030,-33.06639702,EPSG:32735,1056,1058,10,0,431212.53734,0,-10,6346436.50953
S1_20220725_23268000231.tif,2022-07-25,23268000231,2022,valid,8.27318004,47.41951475,EPSG:32632,1059,1062,10,0,439882.214411,0,-10,5257351.02344
S1_20220725_23269000061.tif,2022-07-25,23269000061,2022,train,8.67395175,47.60288906,EPSG:32632,1054,1057,10,0,470222.214411,0,-10,5277501.02344
S1_20220728_56297000165.tif,2022-07-28,56297000165,2022,valid,141.58690720,-15.35195772,EPSG:32754,1051,1051,10,0,557738.470529,0,-10,8307914.89748
S1_20220728_63470800401.tif,2022-07-28,63470800401,2022,train,-46.24150274,-15.60075660,EPSG:32723,1054,1054,10,0,361630.150962,0,-10,8280108.03937
S1_20220728_64296000101.tif,2022-07-28,64296000101,2022,valid,-47.97783251,-20.37626004,EPSG:32723,1068,1069,10,0,183803.226618,0,-10,7749411.44129
S1_20220728_64297000451.tif,2022-07-28,64297000451,2022,valid,-46.61004696,-20.56065391,EPSG:32723,1059,1059,10,0,326873.226618,0,-10,7730941.44129
S1_20220730_12237300036.tif,2022-07-30,12237300036,2022,train,31.88558166,-15.57093265,EPSG:32736,1053,1053,10,0,375244.018658,0,-10,8283477.76092
S1_20220730_23180800566.tif,2022-07-30,23180800566,2022,train,-4.49576776,42.11838064,EPSG:32630,1068,1070,10,0,371012.498448,0,-10,4669352.59386
S1_20220730_28290600404.tif,2022-07-30,28290600404,2022,valid,48.25514697,49.96060614,EPSG:32638,1095,1098,10,0,727980.870407,0,-10,5544820.45704
S1_20220730_28290600571.tif,2022-07-30,28290600571,2022,train,47.52543076,50.54498530,EPSG:32638,1085,1089,10,0,673499.951502,0,-10,5607718.0865
S1_20220730_28290600711.tif,2022-07-30,28290600711,2022,train,47.89104016,51.03444631,EPSG:32638,1091,1095,10,0,697239.951502,0,-10,5663108.0865
S1_20220730_28290600731.tif,2022-07-30,28290600731,2022,train,48.02533732,51.04844937,EPSG:32638,1093,1096,10,0,706579.951502,0,-10,5665048.0865
S1_20220730_28290600811.tif,2022-07-30,28290600811,2022,valid,48.08896877,51.22056815,EPSG:32638,1094,1098,10,0,710229.951502,0,-10,5684378.0865
S1_20220730_28290900354.tif,2022-07-30,28290900354,2022,valid,48.16557841,50.44823172,EPSG:32638,1094,1098,10,0,719259.951502,0,-10,5598748.0865
S1_20220730_28290900804.tif,2022-07-30,28290900804,2022,train,48.44083240,51.07634524,EPSG:32638,1099,1102,10,0,735519.951502,0,-10,5669458.0865
S1_20220730_28312000371.tif,2022-07-30,28312000371,2022,train,47.18905148,50.16122373,EPSG:32638,1080,1084,10,0,650950.870407,0,-10,5564270.45704
S1_20220730_28314000271.tif,2022-07-30,28314000271,2022,train,48.17984099,51.86238446,EPSG:32638,1096,1099,10,0,713459.951502,0,-10,5756008.0865
S1_20220730_63540900211.tif,2022-07-30,63540900211,2022,train,-43.23224218,-17.41210262,EPSG:32723,1058,1058,10,0,682484.404919,0,-10,8079278.17094
S1_20220801_56424200021.tif,2022-08-01,56424200021,2022,train,143.41956746,-34.89559777,EPSG:32754,1074,1076,10,0,715722.489893,0,-10,6141243.04983
S1_20220801_56424200131.tif,2022-08-01,56424200131,2022,train,143.82921390,-35.01244402,EPSG:32754,1079,1081,10,0,752772.489893,0,-10,6127323.04983
S1_20220801_56424200201.tif,2022-08-01,56424200201,2022,valid,143.74491434,-35.16144100,EPSG:32754,1079,1080,10,0,744622.489893,0,-10,6111003.04983
S1_20220801_56424500031.tif,2022-08-01,56424500031,2022,train,143.70759158,-35.38739751,EPSG:32754,1078,1079,10,0,740542.489893,0,-10,6086023.04983
S1_20220803_23240400414.tif,2022-08-03,23240400414,2022,train,3.89874365,49.40035723,EPSG:32631,1062,1066,10,0,559897.481376,0,-10,5477681.47129
S1_20220803_23270100864.tif,2022-08-03,23270100864,2022,train,5.08265293,52.08976299,EPSG:32631,1079,1084,10,0,637286.439627,0,-10,5778488.32973
S1_20220806_75216900111.tif,2022-08-06,75216900111,2022,valid,-104.35606283,33.28051407,EPSG:32613,1055,1057,10,0,554688.359724,0,-10,3687855.36771
S1_20220808_82100800265.tif,2022-08-08,82100800265,2022,valid,-135.20290223,68.54202026,EPSG:32608,1054,1060,10,0,486446.528405,0,-10,7608610.37487
S1_20220808_82100800385.tif,2022-08-08,82100800385,2022,valid,-135.40001650,68.52422232,EPSG:32608,1058,1063,10,0,478366.528405,0,-10,7606680.37487
S1_20220809_35147000421.tif,2022-08-09,35147000421,2022,train,143.38751071,64.82302138,EPSG:32654,1090,1095,10,0,607860.450893,0,-10,7196342.86014
S1_20220811_62266800101.tif,2022-08-11,62266800101,2022,train,-67.61956078,-16.39632070,EPSG:32719,1055,1055,10,0,642137.785101,0,-10,8191998.67516
S1_20220811_77158000101.tif,2022-08-11,77158000101,2022,train,-108.15277485,25.86121332,EPSG:32612,1071,1072,10,0,779995.894984,0,-10,2868768.54878
S1_20220813_23224001084.tif,2022-08-13,23224001084,2022,valid,1.01730289,45.87632894,EPSG:32631,1076,1078,10,0,340754.392251,0,-10,5087608.36734
S1_20220813_51700200191.tif,2022-08-13,51700200191,2022,valid,125.32153878,-8.69629900,EPSG:32751,1055,1055,10,0,750171.001682,0,-10,9043216.0979
S1_20220813_57109700051.tif,2022-08-13,57109700051,2022,train,176.82148727,-39.02863700,EPSG:32760,1051,1054,10,0,479293.497328,0,-10,5685300.37248
S1_20220813_74261000061.tif,2022-08-13,74261000061,2022,train,-88.70355703,37.13712604,EPSG:32616,1068,1070,10,0,343350.72417,0,-10,4116792.64065
S1_20220814_82262400361.tif,2022-08-14,82262400361,2022,train,-118.34046037,63.59914521,EPSG:32611,1073,1078,10,0,428136.20649,0,-10,7058433.85703
S1_20220815_13224700101.tif,2022-08-15,13224700101,2022,train,16.97477704,-7.56370817,EPSG:32733,1053,1052,10,0,712620.843552,0,-10,9168699.99116
S1_20220815_13224700111.tif,2022-08-15,13224700111,2022,valid,16.94665702,-7.59642620,EPSG:32733,1053,1053,10,0,709500.843552,0,-10,9165099.99116
S1_20220815_14279000401.tif,2022-08-15,14279000401,2022,train,-4.06386692,14.85114653,EPSG:32630,1053,1053,10,0,380276.872408,0,-10,1647399.62955
S1_20220815_14279001281.tif,2022-08-15,14279001281,2022,valid,-4.44059690,14.73529398,EPSG:32630,1055,1055,10,0,339646.872408,0,-10,1634819.62955
S1_20220815_14279001551.tif,2022-08-15,14279001551,2022,train,-4.53565863,15.56738724,EPSG:32630,1056,1055,10,0,330051.618088,0,-10,1726950.44885
S1_20220815_14279001631.tif,2022-08-15,14279001631,2022,train,-4.09856084,14.91173121,EPSG:32630,1053,1053,10,0,376576.872408,0,-10,1654119.62955
S1_20220815_14279001761.tif,2022-08-15,14279001761,2022,train,-4.45064521,14.73794288,EPSG:32630,1055,1055,10,0,338566.872408,0,-10,1635119.62955
S1_20220815_14279001796.tif,2022-08-15,14279001796,2022,train,-4.13860878,14.62253160,EPSG:32630,1053,1053,10,0,372106.872408,0,-10,1622149.62955
S1_20220815_14281000011.tif,2022-08-15,14281000011,2022,valid,-4.20201521,14.50211917,EPSG:32630,1053,1054,10,0,365206.872408,0,-10,1608869.62955
S1_20220815_21602100214.tif,2022-08-15,21602100214,2022,train,4.24881567,43.96393668,EPSG:32631,1065,1068,10,0,594858.612044,0,-10,4873965.37377
S1_20220815_21602100241.tif,2022-08-15,21602100241,2022,train,4.22325914,43.97897887,EPSG:32631,1064,1068,10,0,592788.612044,0,-10,4875605.37377
S1_20220815_21602100271.tif,2022-08-15,21602100271,2022,train,4.14784109,44.01212888,EPSG:32631,1064,1067,10,0,586688.612044,0,-10,4879195.37377
S1_20220815_21603200054.tif,2022-08-15,21603200054,2022,train,3.44618638,43.36222645,EPSG:32631,1055,1058,10,0,530878.57463,0,-10,4806427.36179
S1_20220815_21603200224.tif,2022-08-15,21603200224,2022,train,3.53342528,43.64848591,EPSG:32631,1056,1059,10,0,537738.612044,0,-10,4838265.37377
S1_20220815_29498000434.tif,2022-08-15,29498000434,2022,valid,40.31912155,39.93194401,EPSG:32637,1064,1067,10,0,607393.29827,0,-10,4426371.63089
S1_20220815_29499200281.tif,2022-08-15,29499200281,2022,train,40.30208120,39.41280731,EPSG:32637,1064,1067,10,0,606773.29827,0,-10,4368731.63089
S1_20220815_56239000375.tif,2022-08-15,56239000375,2022,train,128.21900885,-15.16823367,EPSG:32752,1052,1052,10,0,410841.366523,0,-10,8328176.85607
S1_20220815_56490900161.tif,2022-08-15,56490900161,2022,train,150.59812166,-26.80189403,EPSG:32756,1069,1069,10,0,255894.231184,0,-10,7038594.07239
S1_20220815_62299500491.tif,2022-08-15,62299500491,2022,train,-73.88142162,-10.18559996,EPSG:32718,1052,1051,10,0,617268.30614,0,-10,8879110.28154
S1_20220817_22320700293.tif,2022-08-17,22320700293,2022,train,43.35545002,45.96905636,EPSG:32638,1071,1074,10,0,367233.28963,0,-10,5097294.2829
S1_20220817_28469000251.tif,2022-08-17,28469000251,2022,valid,43.92904759,42.01370621,EPSG:32638,1062,1065,10,0,406014.756778,0,-10,4657177.73058
S1_20220817_46213700346.tif,2022-08-17,46213700346,2022,train,67.33720389,43.75007160,EPSG:32642,1071,1073,10,0,360772.608937,0,-10,4850822.9637
S1_20220817_46217100113.tif,2022-08-17,46217100113,2022,train,68.27287995,41.11872821,EPSG:32642,1058,1061,10,0,433667.731489,0,-10,4557496.88116
S1_20220818_11447002011.tif,2022-08-18,11447002011,2022,train,41.71134420,4.58522985,EPSG:32637,1052,1053,10,0,795597.179385,0,-10,512650.912129
S1_20220818_11447002021.tif,2022-08-18,11447002021,2022,train,41.65974149,4.60928183,EPSG:32637,1052,1053,10,0,789857.179385,0,-10,515290.912129
S1_20220818_62293200161.tif,2022-08-18,62293200161,2022,train,-62.72443007,-3.42800041,EPSG:32720,1048,1048,10,0,525369.651746,0,-10,9626334.01881
S1_20220818_63307100015.tif,2022-08-18,63307100015,2022,train,-36.68995637,-5.15212365,EPSG:32724,1052,1052,10,0,750827.122267,0,-10,9435316.36759
S1_20220818_63570000174.tif,2022-08-18,63570000174,2022,valid,-41.36831012,-21.20307685,EPSG:32724,1064,1065,10,0,248826.755658,0,-10,7658863.57317
S1_20220818_63570000211.tif,2022-08-18,63570000211,2022,train,-41.46944132,-21.20198911,EPSG:32724,1065,1065,10,0,238316.755658,0,-10,7658823.57317
S1_20220818_63580100035.tif,2022-08-18,63580100035,2022,train,-41.16315941,-21.70670181,EPSG:32724,1063,1064,10,0,270906.755658,0,-10,7603393.57317
S1_20220818_63580100066.tif,2022-08-18,63580100066,2022,train,-41.01480417,-21.61830891,EPSG:32724,1062,1063,10,0,286136.755658,0,-10,7613383.57317
S1_20220818_65220500521.tif,2022-08-18,65220500521,2022,train,-69.77128604,-36.92884544,EPSG:32719,1058,1059,10,0,426019.525278,0,-10,5918038.19611
S1_20220818_65220700011.tif,2022-08-18,65220700011,2022,train,-69.77211665,-36.79948333,EPSG:32719,1058,1059,10,0,425829.525278,0,-10,5932388.19611
S1_20220818_65220700051.tif,2022-08-18,65220700051,2022,train,-69.64316909,-36.56618267,EPSG:32719,1056,1058,10,0,437169.525278,0,-10,5958348.19611
S1_20220818_65220700061.tif,2022-08-18,65220700061,2022,valid,-69.65489627,-36.52559664,EPSG:32719,1056,1059,10,0,436089.525278,0,-10,5962848.19611
S1_20220818_65240400163.tif,2022-08-18,65240400163,2022,train,-68.61791494,-34.60772978,EPSG:32719,1053,1054,10,0,529766.557647,0,-10,6175660.46441
S1_20220818_65240400171.tif,2022-08-18,65240400171,2022,train,-68.62746634,-34.60595573,EPSG:32719,1052,1054,10,0,528896.557647,0,-10,6175860.46441
S1_20220818_65240400193.tif,2022-08-18,65240400193,2022,train,-68.67899805,-34.59230466,EPSG:32719,1052,1054,10,0,524176.557647,0,-10,6177390.46441
S1_20220818_65240400201.tif,2022-08-18,65240400201,2022,train,-68.80988627,-34.55519892,EPSG:32719,1051,1053,10,0,512186.557647,0,-10,6181530.46441
S1_20220818_65240500291.tif,2022-08-18,65240500291,2022,valid,-68.85397701,-35.08719907,EPSG:32719,1050,1052,10,0,508060.693304,0,-10,6122537.07078
S1_20220818_65260100116.tif,2022-08-18,65260100116,2022,train,-68.27433086,-32.02669780,EPSG:32719,1056,1058,10,0,563244.268251,0,-10,6461664.91874
S1_20220818_65260200011.tif,2022-08-18,65260200011,2022,train,-68.41522735,-32.79358145,EPSG:32719,1054,1056,10,0,549484.268251,0,-10,6376724.91874
S1_20220818_65260200031.tif,2022-08-18,65260200031,2022,train,-68.49418669,-32.95674368,EPSG:32719,1054,1056,10,0,542004.268251,0,-10,6358674.91874
S1_20220818_65260200276.tif,2022-08-18,65260200276,2022,train,-68.32307919,-32.72063785,EPSG:32719,1056,1057,10,0,558154.268251,0,-10,6384764.91874
S1_20220818_65290300144.tif,2022-08-18,65290300144,2022,train,-68.83251903,-30.19692523,EPSG:32719,1050,1052,10,0,510871.175415,0,-10,6664641.55839
S1_20220818_65290300161.tif,2022-08-18,65290300161,2022,train,-69.01718366,-30.20993585,EPSG:32719,1049,1050,10,0,493101.175415,0,-10,6663201.55839
S1_20220818_65290300183.tif,2022-08-18,65290300183,2022,train,-69.06668131,-30.19227745,EPSG:32719,1050,1051,10,0,488331.175415,0,-10,6665161.55839
S1_20220818_65322700071.tif,2022-08-18,65322700071,2022,valid,-69.85441020,-37.90678511,EPSG:32719,1058,1061,10,0,419599.525278,0,-10,5809488.19611
S1_20220818_65322700121.tif,2022-08-18,65322700121,2022,train,-70.01249998,-37.65528857,EPSG:32719,1060,1062,10,0,405389.525278,0,-10,5837258.19611
S1_20220818_65322700151.tif,2022-08-18,65322700151,2022,train,-70.31763629,-37.36989639,EPSG:32719,1064,1066,10,0,378009.525278,0,-10,5868608.19611
S1_20220818_81260900131.tif,2022-08-18,81260900131,2022,train,-138.41153936,66.43208311,EPSG:32608,1107,1112,10,0,342312.30154,0,-10,7377786.17103
S1_20220819_57202000333.tif,2022-08-19,57202000333,2022,train,167.59108657,-45.34492765,EPSG:32758,1083,1086,10,0,697572.513007,0,-10,4980895.23989
S1_20220820_11795000141.tif,2022-08-20,11795000141,2022,train,38.02416110,-16.52115184,EPSG:32737,1053,1053,10,0,390599.1351,0,-10,8178429.10746
S1_20220820_11795000356.tif,2022-08-20,11795000356,2022,train,37.68547103,-17.35617776,EPSG:32737,1055,1055,10,0,355059.1351,0,-10,8085839.10746
S1_20220820_21603300134.tif,2022-08-20,21603300134,2022,train,3.13847809,43.40029153,EPSG:32631,1051,1054,10,0,505958.57463,0,-10,4810547.36179
S1_20220820_21603400064.tif,2022-08-20,21603400064,2022,train,2.95613125,43.24508297,EPSG:32631,1050,1053,10,0,491188.57463,0,-10,4793297.36179
S1_20220820_48301100053.tif,2022-08-20,48301100053,2022,valid,88.27334673,37.09600010,EPSG:32645,1063,1065,10,0,607842.350769,0,-10,4111605.54143
S1_20220820_56234000071.tif,2022-08-20,56234000071,2022,train,126.94692117,-14.53013227,EPSG:32752,1058,1058,10,0,273472.437773,0,-10,8397937.61689
S1_20220820_56234000081.tif,2022-08-20,56234000081,2022,train,126.92682841,-14.63522888,EPSG:32752,1058,1058,10,0,271412.437773,0,-10,8386287.61689
S1_20220820_56235000091.tif,2022-08-20,56235000091,2022,train,127.53506592,-14.96411795,EPSG:32752,1055,1055,10,0,337192.437773,0,-10,8350397.61689
S1_20220820_56465000021.tif,2022-08-20,56465000021,2022,train,147.47325379,-30.11047268,EPSG:32755,1053,1054,10,0,540328.85216,0,-10,6674148.81179
S1_20220820_56465000071.tif,2022-08-20,56465000071,2022,train,147.74680379,-30.04797368,EPSG:32755,1055,1057,10,0,566718.85216,0,-10,6680948.81179
S1_20220821_11734700381.tif,2022-08-21,11734700381,2022,train,37.46056521,-3.82111009,EPSG:32737,1049,1050,10,0,323812.190314,0,-10,9582743.17571
S1_20220821_11734700403.tif,2022-08-21,11734700403,2022,train,37.41009608,-3.67474002,EPSG:32737,1050,1049,10,0,318172.190314,0,-10,9598913.17571
S1_20220822_15305300031.tif,2022-08-22,15305300031,2022,train,3.94600186,36.74555651,EPSG:32631,1060,1061,10,0,579152.261524,0,-10,4072368.85651
S1_20220822_15305300051.tif,2022-08-22,15305300051,2022,valid,4.16626763,36.70813018,EPSG:32631,1061,1064,10,0,598862.261524,0,-10,4068448.85651
S1_20220822_24324600226.tif,2022-08-22,24324600226,2022,train,37.07872935,60.81138201,EPSG:32636,1115,1119,10,0,716235.020271,0,-10,6754270.32929
S1_20220822_29469400051.tif,2022-08-22,29469400051,2022,valid,41.74613269,38.12447859,EPSG:32637,1081,1082,10,0,735312.121066,0,-10,4228599.2799
S1_20220822_29499800011.tif,2022-08-22,29499800011,2022,valid,42.16824696,39.22824382,EPSG:32637,1086,1088,10,0,768058.642855,0,-10,4352330.19794
S1_20220822_29499800061.tif,2022-08-22,29499800061,2022,train,42.06675751,39.33514411,EPSG:32637,1085,1087,10,0,758898.642855,0,-10,4363890.19794
S1_20220822_82299900141.tif,2022-08-22,82299900141,2022,valid,-126.92449420,57.11483406,EPSG:32610,1109,1114,10,0,256861.38684,0,-10,6342576.24481
S1_20220823_12770100634.tif,2022-08-23,12770100634,2022,valid,21.70903600,-28.47309452,EPSG:32734,1055,1055,10,0,564133.339943,0,-10,6855458.96303
S1_20220824_24450800274.tif,2022-08-24,24450800274,2022,train,16.61932682,61.27119438,EPSG:32633,1077,1081,10,0,581443.752171,0,-10,6799475.89093
S1_20220825_22520500071.tif,2022-08-25,22520500071,2022,valid,32.61127545,51.53978665,EPSG:32636,1055,1059,10,0,467766.110942,0,-10,5715220.5982
S1_20220825_74266700011.tif,2022-08-25,74266700011,2022,train,-87.71166706,38.47997972,EPSG:32616,1057,1060,10,0,432641.608886,0,-10,4264611.83354
S1_20220825_78230000264.tif,2022-08-25,78230000264,2022,train,-121.95013885,45.64321979,EPSG:32610,1063,1067,10,0,576498.990238,0,-10,5060278.97269
S1_20220827_21602300064.tif,2022-08-27,21602300064,2022,train,4.71075307,44.11064937,EPSG:32631,1071,1074,10,0,631548.612044,0,-10,4890955.37377
S1_20220827_56464900043.tif,2022-08-27,56464900043,2022,train,149.17844173,-32.70686530,EPSG:32755,1071,1072,10,0,698836.846149,0,-10,6384471.12747
S1_20220828_23214900481.tif,2022-08-28,23214900481,2022,train,2.49961490,43.95035306,EPSG:32631,1056,1059,10,0,454568.612044,0,-10,4871775.37377
S1_20220830_57109700096.tif,2022-08-30,57109700096,2022,train,177.19213620,-39.12332338,EPSG:32760,1051,1054,10,0,511353.497328,0,-10,5674790.37248
S1_20220831_21604400193.tif,2022-08-31,21604400193,2022,train,-0.75396741,42.19118036,EPSG:32630,1077,1080,10,0,680072.99287,0,-10,4678845.09223
S1_20220901_71224300541.tif,2022-09-01,71224300541,2022,train,-94.16777656,49.39938208,EPSG:32615,1066,1069,10,0,409941.779366,0,-10,5477855.36135
S1_20220901_71224301496.tif,2022-09-01,71224301496,2022,train,-94.08591762,49.44987842,EPSG:32615,1064,1068,10,0,415971.779366,0,-10,5483375.36135
S1_20220902_22206001183.tif,2022-09-02,22206001183,2022,valid,40.67906400,46.07792726,EPSG:32637,1072,1074,10,0,624470.497782,0,-10,5109446.23275
S1_20220902_22320200113.tif,2022-09-02,22320200113,2022,train,41.02671096,46.41564807,EPSG:32637,1076,1079,10,0,650372.12214,0,-10,5147621.32789
S1_20220902_81242000291.tif,2022-09-02,81242000291,2022,train,-151.20586394,63.97899948,EPSG:32605,1079,1085,10,0,582417.117266,0,-10,7101334.65177
S1_20220902_81242000341.tif,2022-09-02,81242000341,2022,train,-151.65581618,63.70431574,EPSG:32605,1072,1078,10,0,561077.117266,0,-10,7070154.65177
S1_20220902_81242000451.tif,2022-09-02,81242000451,2022,train,-151.86250352,63.74980648,EPSG:32605,1069,1074,10,0,550787.117266,0,-10,7075004.65177
S1_20220903_23160500091.tif,2022-09-03,23160500091,2022,valid,-6.13591593,39.79065090,EPSG:32629,1083,1086,10,0,739825.988762,0,-10,4413876.52732
S1_20220904_21602500094.tif,2022-09-04,21602500094,2022,train,4.75776602,45.37844284,EPSG:32631,1072,1075,10,0,632263.575463,0,-10,5031869.81135
S1_20220904_21602602211.tif,2022-09-04,21602602211,2022,train,5.54412253,45.71391034,EPSG:32631,1083,1086,10,0,692593.575463,0,-10,5070839.81135
S1_20220905_71280001831.tif,2022-09-05,71280001831,2022,train,-113.45813582,49.71832125,EPSG:32612,1083,1087,10,0,317399.326544,0,-10,5515648.53793
S1_20220905_71280001941.tif,2022-09-05,71280001941,2022,train,-113.27222937,49.60405042,EPSG:32612,1082,1084,10,0,330419.326544,0,-10,5502508.53793
S1_20220905_71290005401.tif,2022-09-05,71290005401,2022,valid,-113.34135020,50.85202363,EPSG:32612,1083,1087,10,0,329780.631885,0,-10,5641416.62864
S1_20220907_21103200274.tif,2022-09-07,21103200274,2022,valid,36.27412290,37.27062901,EPSG:32637,1079,1082,10,0,252904.934608,0,-10,4133788.10295
S1_20220907_21606000051.tif,2022-09-07,21606000051,2022,valid,-0.33330731,39.19451815,EPSG:32630,1080,1083,10,0,724896.920175,0,-10,4347166.02962
S1_20220908_57202000351.tif,2022-09-08,57202000351,2022,train,167.42629963,-45.30327181,EPSG:32758,1081,1084,10,0,684812.513007,0,-10,4985915.23989
S1_20220909_42440700451.tif,2022-09-09,42440700451,2022,train,127.40403258,41.45863129,EPSG:32652,1068,1071,10,0,361369.244079,0,-10,4596255.77313
S1_20220909_42440800174.tif,2022-09-09,42440800174,2022,train,127.23340943,40.86651214,EPSG:32652,1071,1073,10,0,345769.244079,0,-10,4530805.77313
S1_20220909_46394000186.tif,2022-09-09,46394000186,2022,train,79.13575446,42.96746237,EPSG:32643,1101,1104,10,0,831792.457068,0,-10,4771026.31919
S1_20220910_25107900891.tif,2022-09-10,25107900891,2022,train,10.74411472,64.07496516,EPSG:32632,1079,1085,10,0,579676.693523,0,-10,7111957.4178
S1_20220911_21602601171.tif,2022-09-11,21602601171,2022,train,5.77629043,45.79792564,EPSG:32631,1086,1089,10,0,710323.575463,0,-10,5080789.81135
S1_20220911_72402000074.tif,2022-09-11,72402000074,2022,train,-66.14442321,50.56882725,EPSG:32619,1090,1093,10,0,696759.959198,0,-10,5611237.15109
S1_20220911_72608300231.tif,2022-09-11,72608300231,2022,train,-67.06597493,45.92754539,EPSG:32619,1074,1078,10,0,644580.503787,0,-10,5093205.96017
S1_20220912_21101800081.tif,2022-09-12,21101800081,2022,train,36.13094656,36.16827499,EPSG:32637,1080,1083,10,0,236536.491897,0,-10,4011842.85327
S1_20220912_52110000351.tif,2022-09-12,52110000351,2022,train,114.83993076,-3.38828876,EPSG:32750,1050,1051,10,0,254748.895577,0,-10,9630475.42801
S1_20220913_51600300126.tif,2022-09-13,51600300126,2022,train,120.49552860,-8.29782643,EPSG:32750,1059,1059,10,0,879855.258685,0,-10,9086374.59595
S1_20220913_62297802381.tif,2022-09-13,62297802381,2022,train,-77.14173489,-0.69420024,EPSG:32718,1048,1048,10,0,256400.030438,0,-10,9928455.98333
S1_20220914_21500100181.tif,2022-09-14,21500100181,2022,train,15.20825109,40.48869166,EPSG:32633,1052,1054,10,0,512388.886662,0,-10,4487290.33491
S1_20220914_29498000261.tif,2022-09-14,29498000261,2022,valid,39.64393452,39.65952123,EPSG:32637,1057,1059,10,0,549953.29827,0,-10,4395461.63089
S1_20220914_29499100071.tif,2022-09-14,29499100071,2022,train,39.22651593,38.85897662,EPSG:32637,1052,1054,10,0,514393.29827,0,-10,4306421.63089
S1_20220914_29499300061.tif,2022-09-14,29499300061,2022,train,39.96814008,38.70289070,EPSG:32637,1060,1062,10,0,578883.29827,0,-10,4289561.63089
S1_20220914_43202000076.tif,2022-09-14,43202000076,2022,train,102.31493070,37.95429049,EPSG:32647,1086,1089,10,0,785832.535107,0,-10,4211373.8324
S1_20220914_48301400666.tif,2022-09-14,48301400666,2022,valid,89.21445320,37.53691669,EPSG:32645,1074,1076,10,0,690281.945939,0,-10,4162121.25581
S1_20220916_22120100074.tif,2022-09-16,22120100074,2022,train,30.42162618,40.74114828,EPSG:32635,1090,1093,10,0,783462.587379,0,-10,4521121.50967
S1_20220916_23180100436.tif,2022-09-16,23180100436,2022,train,-6.51756245,40.59139345,EPSG:32629,1079,1081,10,0,704675.988762,0,-10,4501766.52732
S1_20220916_28440600481.tif,2022-09-16,28440600481,2022,train,43.40719174,43.08261170,EPSG:32638,1069,1072,10,0,365000.744691,0,-10,4776579.8973
S1_20220916_29469300041.tif,2022-09-16,29469300041,2022,train,42.20645760,37.28827725,EPSG:32637,1085,1087,10,0,778832.121066,0,-10,4137109.2799
S1_20220916_29469300061.tif,2022-09-16,29469300061,2022,train,41.95983775,37.42509210,EPSG:32637,1082,1085,10,0,756502.121066,0,-10,4151569.2799
S1_20220916_29469400103.tif,2022-09-16,29469400103,2022,train,42.08702627,37.95725824,EPSG:32637,1084,1086,10,0,765802.121066,0,-10,4210999.2799
S1_20220916_29469400164.tif,2022-09-16,29469400164,2022,train,42.48586665,38.19145902,EPSG:32637,1089,1091,10,0,799852.121066,0,-10,4238259.2799
S1_20220916_29469400171.tif,2022-09-16,29469400171,2022,train,42.39586957,37.97626303,EPSG:32637,1087,1089,10,0,792852.121066,0,-10,4214069.2799
S1_20220916_29469400226.tif,2022-09-16,29469400226,2022,train,42.48486415,38.19437159,EPSG:32637,1089,1091,10,0,799752.121066,0,-10,4238579.2799
S1_20220916_29499900081.tif,2022-09-16,29499900081,2022,train,42.65586010,39.44227734,EPSG:32637,1092,1094,10,0,809168.642855,0,-10,4377710.19794
S1_20220916_42268200591.tif,2022-09-16,42268200591,2022,train,126.60989883,55.26245047,EPSG:32652,1086,1090,10,0,342693.754923,0,-10,6132051.08492
S1_20220916_46160700471.tif,2022-09-16,46160700471,2022,train,67.17233438,39.51913755,EPSG:32642,1070,1073,10,0,337547.08927,0,-10,4381348.17127
S1_20220916_46175000611.tif,2022-09-16,46175000611,2022,train,66.80256655,37.35288374,EPSG:32642,1074,1076,10,0,300005.566453,0,-10,4141665.09833
S1_20220916_46177400081.tif,2022-09-16,46177400081,2022,train,67.47218170,37.63507831,EPSG:32642,1066,1068,10,0,359865.566453,0,-10,4171765.09833
S1_20220916_46217100151.tif,2022-09-16,46217100151,2022,valid,68.63178277,40.97182041,EPSG:32642,1053,1056,10,0,463754.151208,0,-10,4540974.14265
S1_20220916_73111000141.tif,2022-09-16,73111000141,2022,train,-67.44991045,45.49897283,EPSG:32619,1069,1073,10,0,615760.503787,0,-10,5044915.96017
S1_20220916_73111000431.tif,2022-09-16,73111000431,2022,train,-67.58502555,45.61063019,EPSG:32619,1068,1071,10,0,604990.503787,0,-10,5057115.96017
S1_20220918_21406300111.tif,2022-09-18,21406300111,2022,train,9.89470293,45.13762577,EPSG:32632,1061,1064,10,0,565042.249709,0,-10,5003948.39312
S1_20220918_21406900051.tif,2022-09-18,21406900051,2022,train,8.43885569,45.13859452,EPSG:32632,1056,1060,10,0,450599.999361,0,-10,5003799.82522
S1_20220918_21500900434.tif,2022-09-18,21500900434,2022,valid,9.91872061,44.16985074,EPSG:32632,1061,1064,10,0,568142.249709,0,-10,4896468.39312
S1_20220919_21105600031.tif,2022-09-19,21105600031,2022,train,27.01618403,38.65328705,EPSG:32635,1050,1052,10,0,496158.216889,0,-10,4283562.74384
S1_20220919_29497500053.tif,2022-09-19,29497500053,2022,train,38.16478754,35.98884779,EPSG:32637,1057,1060,10,0,419427.857076,0,-10,3988333.97888
S1_20220919_29497700436.tif,2022-09-19,29497700436,2022,valid,38.64096659,37.37765805,EPSG:32637,1052,1056,10,0,462953.251004,0,-10,4142109.00307
S1_20220919_45642600803.tif,2022-09-19,45642600803,2022,train,76.04706179,32.61041133,EPSG:32643,1059,1061,10,0,592947.065858,0,-10,3613887.26317
S1_20220919_56277000105.tif,2022-09-19,56277000105,2022,train,139.75154359,-17.58895098,EPSG:32754,1055,1055,10,0,362248.681812,0,-10,8060129.17119
S1_20220919_56278100015.tif,2022-09-19,56278100015,2022,valid,139.79016273,-17.58403984,EPSG:32754,1054,1055,10,0,366348.681812,0,-10,8060699.17119
S1_20220919_56879100131.tif,2022-09-19,56879100131,2022,train,138.46426304,-21.95328825,EPSG:32753,1073,1074,10,0,852494.317392,0,-10,7573665.42988
S1_20220919_56879100241.tif,2022-09-19,56879100241,2022,valid,138.11842722,-21.13360481,EPSG:32753,1070,1070,10,0,818574.317392,0,-10,7665235.42988
S1_20220919_56879100251.tif,2022-09-19,56879100251,2022,train,138.05991560,-21.12086337,EPSG:32753,1069,1070,10,0,812524.317392,0,-10,7666765.42988
S1_20220919_56880400181.tif,2022-09-19,56880400181,2022,train,137.26539083,-20.31420017,EPSG:32754,1073,1074,10,0,104545.250389,0,-10,7754700.6675
S1_20220919_56880400351.tif,2022-09-19,56880400351,2022,valid,137.77816243,-19.57292928,EPSG:32754,1069,1070,10,0,156595.250389,0,-10,7837940.6675
S1_20220919_62297700861.tif,2022-09-19,62297700861,2022,valid,-71.17547704,-3.98804221,EPSG:32719,1051,1051,10,0,253193.2568,0,-10,9564130.32024
S1_20220919_77250000191.tif,2022-09-19,77250000191,2022,valid,-111.46621231,37.09322650,EPSG:32612,1054,1056,10,0,453298.835401,0,-10,4110596.03338
S1_20220919_77250000213.tif,2022-09-19,77250000213,2022,train,-111.27399279,37.11780427,EPSG:32612,1052,1054,10,0,470398.835401,0,-10,4113246.03338
S1_20220920_25104000451.tif,2022-09-20,25104000451,2022,train,8.38029567,60.58396202,EPSG:32632,1060,1066,10,0,460745.647533,0,-10,6721938.5484
S1_20220920_25105000633.tif,2022-09-20,25105000633,2022,train,8.78627259,60.43501536,EPSG:32632,1054,1058,10,0,482965.647533,0,-10,6705168.5484
S1_20220920_25107500091.tif,2022-09-20,25107500091,2022,train,9.63836136,62.58126251,EPSG:32632,1061,1066,10,0,527491.509335,0,-10,6944428.28654
S1_20220920_25107500406.tif,2022-09-20,25107500406,2022,train,9.62405006,62.54389649,EPSG:32632,1060,1066,10,0,526801.509335,0,-10,6940258.28654
S1_20220920_53110100286.tif,2022-09-20,53110100286,2022,train,147.97342082,-9.73337966,EPSG:32755,1051,1051,10,0,601518.243551,0,-10,8929167.40593
S1_20220920_72360000141.tif,2022-09-20,72360000141,2022,train,-60.28814753,51.63518826,EPSG:32620,1089,1092,10,0,682218.634738,0,-10,5729407.41171
S1_20220920_75150000155.tif,2022-09-20,75150000155,2022,train,-94.85221357,29.47493182,EPSG:32615,1065,1067,10,0,315084.120517,0,-10,3267369.49462
S1_20220921_17225000394.tif,2022-09-21,17225000394,2022,train,35.90882619,14.92216285,EPSG:32637,1064,1064,10,0,162094.907228,0,-10,1657348.78582
S1_20220921_21602300431.tif,2022-09-21,21602300431,2022,valid,4.79188022,44.82637891,EPSG:32631,1073,1076,10,0,636288.612044,0,-10,4970605.37377
S1_20220921_21602300531.tif,2022-09-21,21602300531,2022,train,4.75612496,44.76738485,EPSG:32631,1072,1075,10,0,633608.612044,0,-10,4963985.37377
S1_20220921_21602300571.tif,2022-09-21,21602300571,2022,train,5.18127558,44.69312118,EPSG:32631,1077,1080,10,0,667448.612044,0,-10,4956575.37377
S1_20220921_21602400011.tif,2022-09-21,21602400011,2022,valid,4.88452941,45.00240237,EPSG:32631,1074,1077,10,0,643153.575463,0,-10,4990329.81135
S1_20220921_21602400051.tif,2022-09-21,21602400051,2022,valid,5.03322130,45.02703674,EPSG:32631,1076,1079,10,0,654793.575463,0,-10,4993359.81135
S1_20220921_23180100333.tif,2022-09-21,23180100333,2022,train,-6.58808652,41.25373483,EPSG:32629,1078,1081,10,0,696683.619186,0,-10,4575135.10344
S1_20220921_65390300066.tif,2022-09-21,65390300066,2022,train,-69.13976102,-50.93616767,EPSG:32719,1051,1056,10,0,484924.57726,0,-10,4362544.16872
S1_20220921_65390400031.tif,2022-09-21,65390400031,2022,train,-69.64644560,-51.67746826,EPSG:32719,1059,1063,10,0,450008.148234,0,-10,4279950.87411
S1_20220922_74230300021.tif,2022-09-22,74230300021,2022,train,-91.36268514,31.78157020,EPSG:32615,1064,1066,10,0,649708.118652,0,-10,3522721.65658
S1_20220923_46217900091.tif,2022-09-23,46217900091,2022,train,71.03701133,40.83605455,EPSG:32642,1074,1076,10,0,666374.875863,0,-10,4527934.61247
S1_20220923_46217900101.tif,2022-09-23,46217900101,2022,train,71.07065278,40.84617446,EPSG:32642,1074,1076,10,0,669184.875863,0,-10,4529124.61247
S1_20220924_29390600013.tif,2022-09-24,29390600013,2022,valid,49.52919290,30.07011697,EPSG:32639,1062,1063,10,0,352926.078558,0,-10,3332781.76146
S1_20220924_29390600021.tif,2022-09-24,29390600021,2022,train,49.56705047,30.07062537,EPSG:32639,1062,1063,10,0,356576.078558,0,-10,3332791.76146
S1_20220924_29390600101.tif,2022-09-24,29390600101,2022,train,50.11331444,30.34981355,EPSG:32639,1057,1058,10,0,409496.078558,0,-10,3363171.76146
S1_20220924_29420500511.tif,2022-09-24,29420500511,2022,valid,49.76373126,32.13554953,EPSG:32639,1061,1063,10,0,378090.971166,0,-10,3561444.71098
S1_20220924_29420500531.tif,2022-09-24,29420500531,2022,train,49.90236815,32.00530176,EPSG:32639,1059,1061,10,0,391030.971166,0,-10,3546854.71098
S1_20220924_29420700011.tif,2022-09-24,29420700011,2022,train,49.94471594,31.96826843,EPSG:32639,1059,1060,10,0,394990.971166,0,-10,3542704.71098
S1_20220924_29420700034.tif,2022-09-24,29420700034,2022,train,50.09580785,31.80348459,EPSG:32639,1058,1059,10,0,409120.971166,0,-10,3524304.71098
S1_20220924_29420700063.tif,2022-09-24,29420700063,2022,train,50.26836771,31.59560084,EPSG:32639,1056,1058,10,0,425310.971166,0,-10,3501134.71098
S1_20220924_29420700073.tif,2022-09-24,29420700073,2022,train,50.35326846,31.56569930,EPSG:32639,1055,1057,10,0,433350.971166,0,-10,3497764.71098
S1_20220924_67107100181.tif,2022-09-24,67107100181,2022,train,-74.38968412,-15.39722478,EPSG:32718,1051,1051,10,0,560236.8923,0,-10,8302900.79692
S1_20220924_77221300031.tif,2022-09-24,77221300031,2022,valid,-113.80458256,32.78242034,EPSG:32612,1077,1079,10,0,231937.698109,0,-10,3636044.0988
S1_20220924_77221300051.tif,2022-09-24,77221300051,2022,valid,-113.52786485,32.88421009,EPSG:32612,1074,1076,10,0,258147.698109,0,-10,3646664.0988
S1_20220924_77221300071.tif,2022-09-24,77221300071,2022,train,-113.36636994,32.94783311,EPSG:32612,1072,1075,10,0,273427.698109,0,-10,3653364.0988
S1_20220924_77221300161.tif,2022-09-24,77221300161,2022,train,-112.76591373,33.24235953,EPSG:32612,1067,1069,10,0,330142.712263,0,-10,3684890.57863
S1_20220924_81241000121.tif,2022-09-24,81241000121,2022,train,-151.22707414,64.88782939,EPSG:32605,1080,1085,10,0,578547.117266,0,-10,7202554.65177
S1_20220925_22720900481.tif,2022-09-25,22720900481,2022,train,26.02409537,47.50292402,EPSG:32635,1063,1066,10,0,421190.660981,0,-10,5266846.20614
S1_20220925_25220000545.tif,2022-09-25,25220000545,2022,train,30.10826890,69.69322274,EPSG:32635,1103,1109,10,0,614828.997218,0,-10,7740270.08124
S1_20220925_46140300021.tif,2022-09-25,46140300021,2022,train,60.54354678,43.83129364,EPSG:32641,1080,1084,10,0,297096.29148,0,-10,4861488.26714
S1_20220925_48220900011.tif,2022-09-25,48220900011,2022,train,86.24771492,42.22669587,EPSG:32645,1058,1062,10,0,432628.983812,0,-10,4680530.42017
S1_20220926_13284900031.tif,2022-09-26,13284900031,2022,train,30.64545850,-8.66519054,EPSG:32736,1055,1055,10,0,235624.297299,0,-10,9046635.66695
S1_20220926_21105300084.tif,2022-09-26,21105300084,2022,train,28.83372230,36.87533801,EPSG:32636,1095,1097,10,0,123129.407773,0,-10,4094639.4382
S1_20220926_21105300396.tif,2022-09-26,21105300396,2022,train,28.62087347,36.80259449,EPSG:32636,1098,1100,10,0,103759.407773,0,-10,4087429.4382
S1_20220926_23160200103.tif,2022-09-26,23160200103,2022,valid,-8.16668603,39.87541163,EPSG:32629,1059,1061,10,0,565965.988762,0,-10,4419566.52732
S1_20220926_23170000256.tif,2022-09-26,23170000256,2022,valid,-8.22728026,40.32468472,EPSG:32629,1058,1061,10,0,560355.988762,0,-10,4469386.52732
S1_20220926_56292100041.tif,2022-09-26,56292100041,2022,valid,141.02376888,-17.63631085,EPSG:32754,1048,1048,10,0,497281.344141,0,-10,8055290.70459
S1_20220926_56293000166.tif,2022-09-26,56293000166,2022,train,141.12985840,-17.28704331,EPSG:32754,1048,1049,10,0,508561.344141,0,-10,8093930.70459
S1_20220926_56294100071.tif,2022-09-26,56294100071,2022,train,141.68489341,-17.10925266,EPSG:32754,1052,1052,10,0,567601.344141,0,-10,8113490.70459
S1_20220926_56296000051.tif,2022-09-26,56296000051,2022,train,141.59480273,-16.46736503,EPSG:32754,1051,1051,10,0,558234.807169,0,-10,8184527.75769
S1_20220926_56297000035.tif,2022-09-26,56297000035,2022,train,141.41905073,-15.88945284,EPSG:32754,1049,1050,10,0,539614.807169,0,-10,8248497.75769
S1_20220926_56297000051.tif,2022-09-26,56297000051,2022,train,141.50021778,-16.03699634,EPSG:32754,1051,1050,10,0,548254.807169,0,-10,8232157.75769
S1_20220926_56297000145.tif,2022-09-26,56297000145,2022,train,141.52420529,-15.91521398,EPSG:32754,1051,1051,10,0,550854.807169,0,-10,8245627.75769
S1_20220926_56297000236.tif,2022-09-26,56297000236,2022,train,141.52402308,-15.93501236,EPSG:32754,1050,1051,10,0,550834.807169,0,-10,8243437.75769
S1_20220926_56298300061.tif,2022-09-26,56298300061,2022,valid,142.03855765,-15.52701000,EPSG:32754,1053,1053,10,0,606114.807169,0,-10,8288377.75769
S1_20220926_56299100025.tif,2022-09-26,56299100025,2022,train,141.66711847,-15.14380073,EPSG:32754,1051,1051,10,0,566418.470529,0,-10,8330914.89748
S1_20220926_63109600081.tif,2022-09-26,63109600081,2022,valid,-42.68965334,-2.66395655,EPSG:32723,1050,1050,10,0,751627.556742,0,-10,9710559.81782
S1_20220926_63420300131.tif,2022-09-26,63420300131,2022,valid,-44.86420266,-11.94892349,EPSG:32723,1048,1048,10,0,509545.564754,0,-10,8684330.66613
S1_20220926_63420400021.tif,2022-09-26,63420400021,2022,valid,-44.99085576,-11.96419431,EPSG:32723,1048,1047,10,0,495755.564754,0,-10,8682640.66613
S1_20220926_71230900214.tif,2022-09-26,71230900214,2022,train,-104.04004680,53.32063619,EPSG:32613,1064,1068,10,0,558623.683504,0,-10,5913709.24393
S1_20220926_71247000401.tif,2022-09-26,71247000401,2022,train,-113.62073629,53.45427900,EPSG:32612,1088,1092,10,0,320550.632071,0,-10,5931465.3839
S1_20220926_74298900633.tif,2022-09-26,74298900633,2022,train,-108.24063368,44.94762263,EPSG:32612,1085,1088,10,0,712253.592715,0,-10,4986276.4612
S1_20220926_77260100261.tif,2022-09-26,77260100261,2022,train,-109.08314837,37.07983417,EPSG:32612,1070,1072,10,0,665034.199941,0,-10,4110807.48455
S1_20220926_77260600231.tif,2022-09-26,77260600231,2022,train,-108.19946184,36.72225337,EPSG:32613,1085,1087,10,0,208824.70409,0,-10,4074270.13795
S1_20220926_77295000131.tif,2022-09-26,77295000131,2022,train,-109.16977352,40.49703334,EPSG:32612,1070,1073,10,0,649743.164024,0,-10,4489899.38571
S1_20220926_82287000351.tif,2022-09-26,82287000351,2022,train,-113.82577725,55.21522918,EPSG:32612,1092,1096,10,0,314773.479205,0,-10,6127864.35388
S1_20220927_78310600081.tif,2022-09-27,78310600081,2022,valid,-121.89279448,47.85269393,EPSG:32610,1064,1068,10,0,577506.893984,0,-10,5305861.36534
S1_20220927_78321000081.tif,2022-09-27,78321000081,2022,train,-121.79392586,49.20921175,EPSG:32610,1066,1070,10,0,582514.297033,0,-10,5456763.31482
S1_20220927_78321000213.tif,2022-09-27,78321000213,2022,train,-122.66679401,49.30102260,EPSG:32610,1054,1058,10,0,518954.297033,0,-10,5466263.31482
S1_20220928_16245000011.tif,2022-09-28,16245000011,2022,valid,13.32270136,13.69363668,EPSG:32633,1056,1055,10,0,313326.671674,0,-10,1519748.14033
S1_20220928_16245000061.tif,2022-09-28,16245000061,2022,train,13.01790932,13.53303665,EPSG:32633,1057,1057,10,0,280203.99218,0,-10,1502236.97007
S1_20220928_16245000071.tif,2022-09-28,16245000071,2022,valid,13.00838154,13.51804919,EPSG:32633,1056,1057,10,0,279163.99218,0,-10,1500586.97007
S1_20220928_16245000101.tif,2022-09-28,16245000101,2022,train,12.84918575,13.47371792,EPSG:32633,1058,1057,10,0,261873.99218,0,-10,1495826.97007
S1_20220928_16245001046.tif,2022-09-28,16245001046,2022,train,13.37635609,13.69503402,EPSG:32633,1055,1056,10,0,319136.671674,0,-10,1519868.14033
S1_20220928_17229000023.tif,2022-09-28,17229000023,2022,train,38.63795748,13.03588416,EPSG:32637,1049,1049,10,0,455500.028282,0,-10,1446376.99656
S1_20220928_25300400011.tif,2022-09-28,25300400011,2022,valid,25.12906000,80.07239734,EPSG:32634,1123,1129,10,0,573791.58767,0,-10,8898131.17813
S1_20220928_45245500081.tif,2022-09-28,45245500081,2022,train,83.46419896,25.44031517,EPSG:32644,1069,1069,10,0,742471.637573,0,-10,2821339.83245
S1_20220928_46217400071.tif,2022-09-28,46217400071,2022,valid,69.14413023,40.95862573,EPSG:32642,1051,1054,10,0,506874.151208,0,-10,4539444.14265
S1_20220928_46217400131.tif,2022-09-28,46217400131,2022,train,69.36547172,40.96255063,EPSG:32642,1054,1056,10,0,525484.151208,0,-10,4539944.14265
S1_20220928_46217400621.tif,2022-09-28,46217400621,2022,valid,69.31092829,41.07688943,EPSG:32642,1053,1055,10,0,520854.151208,0,-10,4552614.14265
S1_20220928_46217400684.tif,2022-09-28,46217400684,2022,train,69.58638739,41.43018297,EPSG:32642,1056,1059,10,0,543714.151208,0,-10,4591974.14265
S1_20220928_46217900011.tif,2022-09-28,46217900011,2022,train,70.27169787,40.34503238,EPSG:32642,1064,1067,10,0,602684.875863,0,-10,4472164.61247
S1_20220928_56110800046.tif,2022-09-28,56110800046,2022,train,115.87591965,-32.63157750,EPSG:32750,1059,1061,10,0,389261.000082,0,-10,6394302.40493
S1_20220928_56121000045.tif,2022-09-28,56121000045,2022,train,115.91730145,-31.94623236,EPSG:32750,1060,1060,10,0,392371.000082,0,-10,6470312.40493
S1_20220929_17294400053.tif,2022-09-29,17294400053,2022,train,29.96809845,-0.17227778,EPSG:32735,1049,1049,10,0,825177.37456,0,-10,9986177.37722
S1_20220929_23282000384.tif,2022-09-29,23282000384,2022,train,13.28793207,52.52996171,EPSG:32633,1075,1078,10,0,378488.074105,0,-10,5826752.04928
S1_20220929_23282000591.tif,2022-09-29,23282000591,2022,train,13.51321178,52.45977489,EPSG:32633,1071,1075,10,0,393628.074105,0,-10,5818592.04928
S1_20220929_24434001513.tif,2022-09-29,24434001513,2022,train,16.79649000,67.49957942,EPSG:32633,1081,1087,10,0,571307.058601,0,-10,7493619.78494
S1_20220929_24434002206.tif,2022-09-29,24434002206,2022,train,16.36997201,67.22320191,EPSG:32633,1073,1079,10,0,553817.058601,0,-10,7462309.78494
S1_20220929_25107900293.tif,2022-09-29,25107900293,2022,train,11.88578403,64.15633251,EPSG:32633,1101,1106,10,0,343069.793432,0,-10,7123669.82817
S1_20220929_25107900551.tif,2022-09-29,25107900551,2022,train,12.03926956,63.83292272,EPSG:32633,1098,1103,10,0,348869.793432,0,-10,7087289.82817
S1_20220929_25109700215.tif,2022-09-29,25109700215,2022,train,15.41812474,67.19226875,EPSG:32633,1058,1063,10,0,512797.058601,0,-10,7458189.78494
S1_20220929_25109800021.tif,2022-09-29,25109800021,2022,train,15.40382067,67.09040127,EPSG:32633,1057,1063,10,0,512257.058601,0,-10,7446829.78494
S1_20220929_25109800031.tif,2022-09-29,25109800031,2022,valid,15.29310879,66.89167648,EPSG:32633,1056,1061,10,0,507557.058601,0,-10,7424639.78494
S1_20220929_25109900096.tif,2022-09-29,25109900096,2022,valid,15.45397249,67.10094144,EPSG:32633,1059,1063,10,0,514417.058601,0,-10,7448019.78494
S1_20220929_29390900226.tif,2022-09-29,29390900226,2022,train,48.93106504,30.10913510,EPSG:32639,1067,1069,10,0,295318.033946,0,-10,3338029.52618
S1_20220929_35189200441.tif,2022-09-29,35189200441,2022,train,156.12608234,62.96655951,EPSG:32656,1101,1105,10,0,652973.999347,0,-10,6991240.71362
S1_20220929_44586000271.tif,2022-09-29,44586000271,2022,train,97.53668979,23.72595668,EPSG:32647,1059,1060,10,0,345545.632251,0,-10,2629953.17637
S1_20220929_44586000751.tif,2022-09-29,44586000751,2022,train,97.61239346,23.89426456,EPSG:32647,1059,1060,10,0,353445.632251,0,-10,2648513.17637
S1_20220929_44587900171.tif,2022-09-29,44587900171,2022,train,97.42696704,25.43166228,EPSG:32647,1060,1062,10,0,336512.143306,0,-10,2818989.1597
S1_20220929_44587900181.tif,2022-09-29,44587900181,2022,train,97.51416990,25.62501321,EPSG:32647,1060,1061,10,0,345522.143306,0,-10,2840299.1597
S1_20220929_74100900036.tif,2022-09-29,74100900036,2022,train,-89.15629252,29.00821345,EPSG:32616,1068,1069,10,0,284627.406951,0,-10,3216157.74805
S1_20220929_74210000321.tif,2022-09-29,74210000321,2022,train,-89.92182115,29.91759607,EPSG:32616,1076,1078,10,0,212522.701831,0,-10,3318633.80793
S1_20220929_74210000375.tif,2022-09-29,74210000375,2022,train,-89.28306045,29.21109926,EPSG:32616,1069,1071,10,0,272707.406951,0,-10,3238887.74805
S1_20220929_82221000123.tif,2022-09-29,82221000123,2022,valid,-122.72903399,65.15117217,EPSG:32610,1055,1061,10,0,507430.563939,0,-10,7230634.85377
S1_20220929_82221000133.tif,2022-09-29,82221000133,2022,train,-122.66051511,65.16422269,EPSG:32610,1056,1061,10,0,510630.563939,0,-10,7232104.85377
S1_20220930_11571700326.tif,2022-09-30,11571700326,2022,valid,40.46858400,10.11594001,EPSG:32637,1052,1052,10,0,655649.472324,0,-10,1123853.53445
S1_20220930_11571900021.tif,2022-09-30,11571900021,2022,train,40.51953621,10.18411478,EPSG:32637,1053,1053,10,0,661193.158927,0,-10,1131424.32991
S1_20220930_11571900041.tif,2022-09-30,11571900041,2022,train,40.54791356,9.99889692,EPSG:32637,1053,1053,10,0,664399.472324,0,-10,1110953.53445
S1_20220930_21303000031.tif,2022-09-30,21303000031,2022,train,24.74908447,41.05168245,EPSG:32634,1095,1097,10,0,809613.573828,0,-10,4556754.6864
S1_20220930_22736000123.tif,2022-09-30,22736000123,2022,train,24.41929499,44.24892732,EPSG:32635,1082,1085,10,0,288549.367386,0,-10,4908185.21058
S1_20220930_22736000851.tif,2022-09-30,22736000851,2022,valid,25.17131317,45.86588040,EPSG:32635,1074,1076,10,0,352689.507978,0,-10,5086152.04406
S1_20220930_22736001081.tif,2022-09-30,22736001081,2022,valid,23.89983844,44.73014747,EPSG:32635,1089,1093,10,0,249069.367386,0,-10,4963115.21058
S1_20220930_23218000244.tif,2022-09-30,23218000244,2022,valid,0.15326174,45.65324151,EPSG:32631,1087,1090,10,0,272764.534263,0,-10,5064913.41015
S1_20220930_23240400101.tif,2022-09-30,23240400101,2022,train,2.47787752,49.26275820,EPSG:32631,1057,1061,10,0,456727.013889,0,-10,5462102.18387
S1_20220930_25107500426.tif,2022-09-30,25107500426,2022,train,7.67066734,62.55680175,EPSG:32631,1125,1130,10,0,734382.541779,0,-10,6950549.47736
S1_20220930_25210500286.tif,2022-09-30,25210500286,2022,train,26.17527271,70.18477269,EPSG:32635,1065,1071,10,0,463473.821508,0,-10,7792044.98757
S1_20220930_25230000163.tif,2022-09-30,25230000163,2022,train,31.41982265,69.36566487,EPSG:32636,1078,1083,10,0,432469.060762,0,-10,7701353.28926
S1_20220930_25230000265.tif,2022-09-30,25230000265,2022,train,31.24166040,69.56996877,EPSG:32636,1080,1086,10,0,426109.060762,0,-10,7724333.28926
S1_20220930_25240000451.tif,2022-09-30,25240000451,2022,train,30.95838498,68.03233834,EPSG:32636,1085,1091,10,0,409357.80926,0,-10,7553332.96642
S1_20220930_25251400073.tif,2022-09-30,25251400073,2022,train,35.56519708,68.87517738,EPSG:32636,1094,1099,10,0,597679.060762,0,-10,7648093.28926
S1_20220930_25251400081.tif,2022-09-30,25251400081,2022,train,35.47790934,68.85443811,EPSG:32636,1093,1098,10,0,594269.060762,0,-10,7645633.28926
S1_20220930_25251400123.tif,2022-09-30,25251400123,2022,valid,35.25351344,68.66283210,EPSG:32636,1088,1094,10,0,586049.060762,0,-10,7623913.28926
S1_20220930_25251400161.tif,2022-09-30,25251400161,2022,train,34.95526111,68.54008198,EPSG:32636,1084,1089,10,0,574399.060762,0,-10,7609793.28926
S1_20220930_25251400281.tif,2022-09-30,25251400281,2022,train,35.36981662,68.24662042,EPSG:32636,1091,1096,10,0,592539.060762,0,-10,7577723.28926
S1_20220930_25251400544.tif,2022-09-30,25251400544,2022,train,35.69432181,68.99157098,EPSG:32636,1096,1101,10,0,602289.060762,0,-10,7661293.28926
S1_20220930_25251400625.tif,2022-09-30,25251400625,2022,train,35.78450402,69.06570434,EPSG:32636,1098,1103,10,0,605509.060762,0,-10,7669723.28926
S1_20220930_25255000243.tif,2022-09-30,25255000243,2022,train,34.43670195,67.67698473,EPSG:32636,1075,1081,10,0,555517.80926,0,-10,7512962.96642
S1_20220930_25255000293.tif,2022-09-30,25255000293,2022,train,34.29015156,67.99664468,EPSG:32636,1072,1078,10,0,548579.060762,0,-10,7548443.28926
S1_20220930_25255000476.tif,2022-09-30,25255000476,2022,train,32.80822698,67.05696216,EPSG:32636,1054,1060,10,0,486387.80926,0,-10,7443042.96642
S1_20220930_25256000093.tif,2022-09-30,25256000093,2022,train,32.56095509,67.63577098,EPSG:32636,1058,1064,10,0,476067.80926,0,-10,7507642.96642
S1_20220930_25256000251.tif,2022-09-30,25256000251,2022,valid,32.33881840,67.49436652,EPSG:32636,1062,1068,10,0,466447.80926,0,-10,7491982.96642
S1_20220930_25256000271.tif,2022-09-30,25256000271,2022,train,32.16961219,67.48919128,EPSG:32636,1065,1070,10,0,459197.80926,0,-10,7491502.96642
S1_20220930_25256000283.tif,2022-09-30,25256000283,2022,train,32.15061401,67.49025886,EPSG:32636,1065,1070,10,0,458387.80926,0,-10,7491632.96642
S1_20220930_25256000423.tif,2022-09-30,25256000423,2022,valid,32.99469915,67.93832363,EPSG:32636,1052,1057,10,0,494517.80926,0,-10,7541272.96642
S1_20220930_25256000433.tif,2022-09-30,25256000433,2022,train,32.89546666,67.96183514,EPSG:32636,1053,1058,10,0,490357.80926,0,-10,7543902.96642
S1_20220930_25256000463.tif,2022-09-30,25256000463,2022,valid,32.85935971,67.96943222,EPSG:32636,1053,1058,10,0,488847.80926,0,-10,7544752.96642
S1_20220930_25256000676.tif,2022-09-30,25256000676,2022,train,32.15929810,67.56238244,EPSG:32636,1065,1071,10,0,458867.80926,0,-10,7499672.96642
S1_20220930_28104000061.tif,2022-09-30,28104000061,2022,valid,61.23876489,37.08644990,EPSG:32641,1069,1071,10,0,338118.02942,0,-10,4111268.68843
S1_20220930_28298000325.tif,2022-09-30,28298000325,2022,valid,48.30332686,46.57607242,EPSG:32639,1085,1088,10,0,287947.053547,0,-10,5167029.21868
S1_20220930_28299000265.tif,2022-09-30,28299000265,2022,train,48.33754290,46.38346276,EPSG:32639,1085,1088,10,0,289847.053547,0,-10,5145539.21868
S1_20220930_28299000475.tif,2022-09-30,28299000475,2022,train,47.98535660,45.95002190,EPSG:32639,1089,1093,10,0,260917.558136,0,-10,5098379.29778
S1_20220930_28299000685.tif,2022-09-30,28299000685,2022,train,48.15009193,45.92315466,EPSG:32639,1087,1090,10,0,273587.558136,0,-10,5094909.29778
S1_20220930_28299000745.tif,2022-09-30,28299000745,2022,valid,48.21504308,46.05909223,EPSG:32639,1086,1089,10,0,279157.053547,0,-10,5109829.21868
S1_20220930_28299001165.tif,2022-09-30,28299001165,2022,train,48.05366584,46.28257683,EPSG:32639,1088,1091,10,0,267587.053547,0,-10,5135119.21868
S1_20220930_28311300455.tif,2022-09-30,28311300455,2022,train,47.99946619,46.33485351,EPSG:32639,1089,1092,10,0,263627.053547,0,-10,5141089.21868
S1_20220930_28311300485.tif,2022-09-30,28311300485,2022,train,48.00917096,46.41413089,EPSG:32639,1089,1092,10,0,264707.053547,0,-10,5149869.21868
S1_20220930_28450400031.tif,2022-09-30,28450400031,2022,train,48.45529046,41.78927061,EPSG:32639,1081,1083,10,0,283146.418356,0,-10,4634924.81666
S1_20220930_28450400041.tif,2022-09-30,28450400041,2022,train,48.43541346,41.70525237,EPSG:32639,1081,1083,10,0,281216.418356,0,-10,4625644.81666
S1_20220930_28465000021.tif,2022-09-30,28465000021,2022,train,48.65380908,40.07255613,EPSG:32639,1077,1080,10,0,294547.289378,0,-10,4443848.09409
S1_20220930_29145000221.tif,2022-09-30,29145000221,2022,train,63.29610708,30.44191929,EPSG:32641,1052,1052,10,0,523171.52126,0,-10,3373052.4642
S1_20220930_29170600046.tif,2022-09-30,29170600046,2022,train,61.77201580,30.80871145,EPSG:32641,1060,1061,10,0,377231.52126,0,-10,3414352.4642
S1_20220930_46110200426.tif,2022-09-30,46110200426,2022,train,59.80517731,42.97649237,EPSG:32641,1090,1092,10,0,234036.29148,0,-10,4768618.26714
S1_20220930_46130300701.tif,2022-09-30,46130300701,2022,valid,61.37384805,41.21379563,EPSG:32640,1103,1105,10,0,861188.546933,0,-10,4577247.49708
S1_20220930_46140300086.tif,2022-09-30,46140300086,2022,train,60.49092358,44.00638936,EPSG:32641,1082,1085,10,0,293446.29148,0,-10,4881068.26714
S1_20220930_46261400031.tif,2022-09-30,46261400031,2022,valid,73.02097142,44.28526520,EPSG:32643,1075,1077,10,0,336719.50296,0,-10,4910846.92484
S1_20220930_46261400051.tif,2022-09-30,46261400051,2022,train,72.29699002,44.54193976,EPSG:32643,1084,1087,10,0,279849.50296,0,-10,4941056.92484
S1_20220930_46261400071.tif,2022-09-30,46261400071,2022,train,72.42839785,44.41912026,EPSG:32643,1082,1085,10,0,289869.50296,0,-10,4927066.92484
S1_20220930_46261400091.tif,2022-09-30,46261400091,2022,train,72.76098017,44.28190338,EPSG:32643,1078,1081,10,0,315949.50296,0,-10,4911026.92484
S1_20220930_46261500021.tif,2022-09-30,46261500021,2022,train,73.19423609,44.20553410,EPSG:32643,1073,1076,10,0,350359.50296,0,-10,4901666.92484
S1_20220930_46261500031.tif,2022-09-30,46261500031,2022,valid,73.29863429,44.17022442,EPSG:32643,1071,1074,10,0,358629.50296,0,-10,4897556.92484
S1_20220930_46261500041.tif,2022-09-30,46261500041,2022,valid,73.41948771,44.11789673,EPSG:32643,1069,1073,10,0,368189.50296,0,-10,4891546.92484
S1_20220930_48234500221.tif,2022-09-30,48234500221,2022,train,86.02393750,38.55489117,EPSG:32645,1061,1062,10,0,409648.129575,0,-10,4273145.78708
S1_20220930_48234500271.tif,2022-09-30,48234500271,2022,train,85.58194951,38.35180121,EPSG:32645,1065,1067,10,0,370768.129575,0,-10,4251135.78708
S1_20220930_48234500281.tif,2022-09-30,48234500281,2022,train,85.58076242,38.31880388,EPSG:32645,1065,1067,10,0,370608.129575,0,-10,4247475.78708
S1_20220930_48234500321.tif,2022-09-30,48234500321,2022,train,85.60254853,38.01716346,EPSG:32645,1065,1067,10,0,372008.129575,0,-10,4213975.78708
S1_20220930_48234500341.tif,2022-09-30,48234500341,2022,valid,85.65371656,37.86955204,EPSG:32645,1064,1066,10,0,376268.129575,0,-10,4197525.78708
S1_20220930_48234500371.tif,2022-09-30,48234500371,2022,train,85.75782577,37.63379663,EPSG:32645,1062,1065,10,0,385088.129575,0,-10,4171235.78708
S1_20220930_48234500391.tif,2022-09-30,48234500391,2022,train,85.96315290,37.51752718,EPSG:32645,1061,1063,10,0,403068.129575,0,-10,4158105.78708
S1_20220930_48250300271.tif,2022-09-30,48250300271,2022,train,86.07690202,41.08405074,EPSG:32645,1060,1063,10,0,417164.28715,0,-10,4553813.03986
S1_20220930_48250300291.tif,2022-09-30,48250300291,2022,train,85.95763406,41.07506147,EPSG:32645,1062,1064,10,0,407124.28715,0,-10,4552933.03986
S1_20220930_48250300311.tif,2022-09-30,48250300311,2022,train,85.70696683,41.06180175,EPSG:32645,1064,1068,10,0,386034.28715,0,-10,4551763.03986
S1_20220930_48250300361.tif,2022-09-30,48250300361,2022,valid,85.23430587,41.01566908,EPSG:32645,1070,1073,10,0,346184.28715,0,-10,4547363.03986
S1_20220930_48250300411.tif,2022-09-30,48250300411,2022,train,84.92876727,41.15531579,EPSG:32645,1074,1076,10,0,320840.566705,0,-10,4563446.55579
S1_20220930_49120800043.tif,2022-09-30,49120800043,2022,train,86.73806141,32.99745722,EPSG:32645,1051,1052,10,0,470275.051602,0,-10,3656295.51379
S1_20220930_56310000696.tif,2022-09-30,56310000696,2022,train,147.56830786,-19.60067832,EPSG:32755,1052,1052,10,0,554337.204601,0,-10,7837867.48877
S1_20220930_56467000191.tif,2022-09-30,56467000191,2022,train,149.72465870,-29.49718837,EPSG:32755,1074,1075,10,0,758783.304552,0,-10,6739209.09565
S1_20220930_56467000254.tif,2022-09-30,56467000254,2022,train,149.77844981,-29.43564195,EPSG:32755,1074,1075,10,0,764163.304552,0,-10,6745909.09565
S1_20220930_56490500891.tif,2022-09-30,56490500891,2022,valid,149.62809831,-27.05754980,EPSG:32755,1071,1072,10,0,755313.358367,0,-10,7009829.8759
S1_20220930_67202500021.tif,2022-09-30,67202500021,2022,valid,-79.99849549,-1.90062332,EPSG:32717,1048,1048,10,0,606147.17616,0,-10,9795130.95344
S1_20220930_67202500041.tif,2022-09-30,67202500041,2022,valid,-80.00176292,-1.84598837,EPSG:32717,1048,1048,10,0,605787.17616,0,-10,9801170.95344
S1_20220930_67202900041.tif,2022-09-30,67202900041,2022,train,-79.93546072,-1.42216004,EPSG:32717,1048,1048,10,0,613187.17616,0,-10,9848020.95344
S1_20220930_74294500201.tif,2022-09-30,74294500201,2022,train,-99.30018875,40.67571924,EPSG:32614,1053,1056,10,0,469365.319501,0,-10,4508083.15417
S1_20220930_75211000621.tif,2022-09-30,75211000621,2022,train,-99.53160787,27.58435153,EPSG:32614,1053,1054,10,0,442266.354602,0,-10,3056542.96196
S1_20220930_77130200071.tif,2022-09-30,77130200071,2022,train,-103.49440012,19.00868400,EPSG:32613,1057,1057,10,0,653185.469013,0,-10,2107751.59728
S1_20220930_77130801271.tif,2022-09-30,77130801271,2022,train,-104.96816973,20.90826528,EPSG:32613,1048,1049,10,0,498070.099162,0,-10,2317240.4877
S1_20220930_77460000081.tif,2022-09-30,77460000081,2022,train,-123.67129308,40.23584617,EPSG:32610,1057,1059,10,0,437611.030083,0,-10,4459445.45644
S1_20220930_77460000091.tif,2022-09-30,77460000091,2022,train,-123.63140937,40.21336704,EPSG:32610,1056,1059,10,0,440991.030083,0,-10,4456925.45644
S1_20220930_77460000131.tif,2022-09-30,77460000131,2022,train,-123.92836703,40.32479187,EPSG:32610,1060,1063,10,0,415831.030083,0,-10,4469535.45644
S1_20220930_77480100041.tif,2022-09-30,77480100041,2022,train,-123.90133319,41.37088060,EPSG:32610,1060,1063,10,0,419322.605125,0,-10,4585636.53279
S1_20220930_77480100061.tif,2022-09-30,77480100061,2022,valid,-123.77263170,41.23098197,EPSG:32610,1059,1062,10,0,429952.605125,0,-10,4569996.53279
S1_20220930_77480200041.tif,2022-09-30,77480200041,2022,train,-123.62196342,40.93143129,EPSG:32610,1057,1059,10,0,442352.605125,0,-10,4536626.53279
S1_20220930_77480200084.tif,2022-09-30,77480200084,2022,train,-123.48063570,40.84967076,EPSG:32610,1055,1057,10,0,454211.030083,0,-10,4527465.45644
S1_20220930_78310300141.tif,2022-09-30,78310300141,2022,valid,-124.13189222,47.81459693,EPSG:32610,1065,1069,10,0,409939.381218,0,-10,5301659.0023
S1_20220930_78310300216.tif,2022-09-30,78310300216,2022,train,-123.90553469,47.86420285,EPSG:32610,1061,1065,10,0,426969.381218,0,-10,5306929.0023
S1_20220930_81249000181.tif,2022-09-30,81249000181,2022,valid,-141.94155866,62.99235443,EPSG:32607,1066,1070,10,0,446966.436911,0,-10,6990436.59777
S1_20220930_81270501191.tif,2022-09-30,81270501191,2022,train,-141.70950831,65.19302037,EPSG:32607,1062,1067,10,0,461474.126588,0,-10,7235488.28427
S1_20220930_81340400021.tif,2022-09-30,81340400021,2022,train,-161.64098786,68.10255602,EPSG:32603,1107,1112,10,0,634208.270521,0,-10,7563660.59256
S1_20221001_13294400011.tif,2022-10-01,13294400011,2022,train,26.75836567,-8.17607716,EPSG:32735,1048,1048,10,0,468143.567446,0,-10,9101468.48069
S1_20221001_18193800145.tif,2022-10-01,18193800145,2022,train,49.66351420,-16.87283387,EPSG:32739,1055,1056,10,0,352358.725994,0,-10,8139310.62987
S1_20221001_18195000221.tif,2022-10-01,18195000221,2022,train,49.34838275,-18.23586983,EPSG:32739,1057,1058,10,0,320084.817881,0,-10,7988220.63115
S1_20221001_18195000836.tif,2022-10-01,18195000836,2022,train,49.40423971,-18.06588568,EPSG:32739,1057,1057,10,0,325828.725994,0,-10,8007080.62987
S1_20221001_18197100256.tif,2022-10-01,18197100256,2022,train,48.54892633,-20.55801697,EPSG:32739,1064,1065,10,0,239141.350338,0,-10,7730171.3807
S1_20221001_18197400105.tif,2022-10-01,18197400105,2022,valid,48.16512592,-21.79494508,EPSG:32739,1068,1069,10,0,201535.874184,0,-10,7592520.53771
S1_20221001_18197600266.tif,2022-10-01,18197600266,2022,train,47.90278123,-22.40658997,EPSG:32739,1071,1072,10,0,175755.874184,0,-10,7524240.53771
S1_20221001_18199300156.tif,2022-10-01,18199300156,2022,train,47.24882202,-24.12255347,EPSG:32739,1078,1078,10,0,113253.169136,0,-10,7332488.05543
S1_20221001_18199400031.tif,2022-10-01,18199400031,2022,valid,47.17730136,-24.35210488,EPSG:32739,1078,1080,10,0,106673.169136,0,-10,7306848.05543
S1_20221001_21302600123.tif,2022-10-01,21302600123,2022,train,26.00682047,41.59490622,EPSG:32635,1062,1064,10,0,411917.12104,0,-10,4610596.99845
S1_20221001_21302900021.tif,2022-10-01,21302900021,2022,valid,26.21673567,41.74379394,EPSG:32635,1059,1062,10,0,429577.12104,0,-10,4626936.99845
S1_20221001_21302900141.tif,2022-10-01,21302900141,2022,train,25.47668260,42.08153773,EPSG:32635,1067,1071,10,0,368667.12104,0,-10,4665306.99845
S1_20221001_21409100044.tif,2022-10-01,21409100044,2022,train,13.77644531,42.85977546,EPSG:32633,1064,1067,10,0,394723.005555,0,-10,4751304.32799
S1_20221001_21409300021.tif,2022-10-01,21409300021,2022,train,14.71643574,41.99220219,EPSG:32633,1052,1055,10,0,471253.005555,0,-10,4654224.32799
S1_20221001_21604100091.tif,2022-10-01,21604100091,2022,train,0.63783722,41.14749097,EPSG:32631,1077,1081,10,0,296389.36577,0,-10,4563224.68981
S1_20221001_21604200303.tif,2022-10-01,21604200303,2022,train,0.82666771,41.84341688,EPSG:32631,1075,1078,10,0,314189.36577,0,-10,4640064.68981
S1_20221001_22160400021.tif,2022-10-01,22160400021,2022,train,38.38026479,40.21246003,EPSG:32637,1056,1059,10,0,441983.730873,0,-10,4456817.77909
S1_20221001_22160400091.tif,2022-10-01,22160400091,2022,valid,38.47084812,40.29818297,EPSG:32637,1055,1058,10,0,449753.730873,0,-10,4466277.77909
S1_20221001_22160400164.tif,2022-10-01,22160400164,2022,train,38.52043245,40.34132821,EPSG:32637,1055,1057,10,0,453993.730873,0,-10,4471037.77909
S1_20221001_22160800044.tif,2022-10-01,22160800044,2022,train,38.82450824,39.99882959,EPSG:32637,1051,1054,10,0,479764.816602,0,-10,4432912.06117
S1_20221001_22204000041.tif,2022-10-01,22204000041,2022,train,38.99799854,46.17013762,EPSG:32637,1051,1053,10,0,494590.497782,0,-10,5118216.23275
S1_20221001_22204000273.tif,2022-10-01,22204000273,2022,train,39.03127766,46.03216053,EPSG:32637,1050,1053,10,0,497170.497782,0,-10,5102886.23275
S1_20221001_22204002515.tif,2022-10-01,22204002515,2022,train,38.96158441,46.31138647,EPSG:32637,1050,1053,10,0,491792.12214,0,-10,5133911.32789
S1_20221001_22340700121.tif,2022-10-01,22340700121,2022,valid,39.89757825,48.44434596,EPSG:32637,1062,1065,10,0,561067.995411,0,-10,5371403.43435
S1_20221001_24222100031.tif,2022-10-01,24222100031,2022,train,14.54499942,52.42422496,EPSG:32633,1056,1061,10,0,463780.172392,0,-10,5813625.79285
S1_20221001_24222500031.tif,2022-10-01,24222500031,2022,train,15.52288159,52.03851310,EPSG:32633,1057,1061,10,0,530580.172392,0,-10,5770755.79285
S1_20221001_24224000011.tif,2022-10-01,24224000011,2022,train,15.58248007,52.76625848,EPSG:32633,1058,1062,10,0,534011.05526,0,-10,5851738.28066
S1_20221001_24227000021.tif,2022-10-01,24227000021,2022,train,15.52228456,52.62184479,EPSG:32633,1057,1061,10,0,530071.05526,0,-10,5835638.28066
S1_20221001_28106400091.tif,2022-10-01,28106400091,2022,train,62.91852995,37.78789250,EPSG:32641,1050,1052,10,0,487576.593856,0,-10,4187544.80206
S1_20221001_28480200061.tif,2022-10-01,28480200061,2022,train,49.88970042,36.62008199,EPSG:32639,1061,1063,10,0,395413.773389,0,-10,4058617.03423
S1_20221001_29380100121.tif,2022-10-01,29380100121,2022,train,51.81074318,28.26883222,EPSG:32639,1056,1057,10,0,574237.082573,0,-10,3132534.33571
S1_20221001_29380100151.tif,2022-10-01,29380100151,2022,valid,52.07177463,28.20583700,EPSG:32639,1057,1059,10,0,599897.082573,0,-10,3125764.33571
S1_20221001_29380100221.tif,2022-10-01,29380100221,2022,train,52.81867260,28.14574087,EPSG:32639,1065,1066,10,0,673267.082573,0,-10,3120014.33571
S1_20221001_29380100281.tif,2022-10-01,29380100281,2022,train,53.09427585,28.24512576,EPSG:32639,1067,1068,10,0,700137.082573,0,-10,3131474.33571
S1_20221001_29390600181.tif,2022-10-01,29390600181,2022,valid,50.77018722,30.17869817,EPSG:32639,1051,1052,10,0,472619.878881,0,-10,3343869.13287
S1_20221001_29390600191.tif,2022-10-01,29390600191,2022,train,50.83869513,30.17501007,EPSG:32639,1050,1052,10,0,479219.878881,0,-10,3343449.13287
S1_20221001_29497500071.tif,2022-10-01,29497500071,2022,train,38.07077480,36.15372554,EPSG:32637,1059,1061,10,0,411117.857076,0,-10,4006703.97888
S1_20221001_29497500091.tif,2022-10-01,29497500091,2022,train,38.20563274,36.29542558,EPSG:32637,1057,1059,10,0,423387.857076,0,-10,4022303.97888
S1_20221001_29497500101.tif,2022-10-01,29497500101,2022,train,38.21040096,36.44087125,EPSG:32637,1057,1059,10,0,423947.857076,0,-10,4038433.97888
S1_20221001_29497500171.tif,2022-10-01,29497500171,2022,train,38.12336644,36.66401118,EPSG:32637,1058,1061,10,0,416367.857076,0,-10,4063263.97888
S1_20221001_29497500266.tif,2022-10-01,29497500266,2022,train,37.88777321,37.05100527,EPSG:32637,1061,1063,10,0,395797.857076,0,-10,4106423.97888
S1_20221001_29497600034.tif,2022-10-01,29497600034,2022,train,38.17054347,37.46894494,EPSG:32637,1058,1060,10,0,421363.251004,0,-10,4152519.00307
S1_20221001_29497600051.tif,2022-10-01,29497600051,2022,train,38.09971041,37.62773662,EPSG:32637,1059,1061,10,0,415263.251004,0,-10,4170199.00307
S1_20221001_29497600061.tif,2022-10-01,29497600061,2022,train,38.08024383,37.69919570,EPSG:32637,1059,1062,10,0,413623.251004,0,-10,4178149.00307
S1_20221001_29497600074.tif,2022-10-01,29497600074,2022,train,38.04516319,37.71036339,EPSG:32637,1059,1062,10,0,410543.251004,0,-10,4179419.00307
S1_20221001_29497700023.tif,2022-10-01,29497700023,2022,train,38.26324666,37.46590886,EPSG:32637,1057,1059,10,0,429563.251004,0,-10,4152109.00307
S1_20221001_29497700034.tif,2022-10-01,29497700034,2022,train,38.32300003,37.47956129,EPSG:32637,1056,1058,10,0,434863.251004,0,-10,4153579.00307
S1_20221001_29497900011.tif,2022-10-01,29497900011,2022,valid,38.35858844,38.55588033,EPSG:32637,1056,1058,10,0,438833.251004,0,-10,4272979.00307
S1_20221001_29497900021.tif,2022-10-01,29497900021,2022,train,38.38052225,38.64997459,EPSG:32637,1056,1059,10,0,440814.816602,0,-10,4283412.06117
S1_20221001_29497900041.tif,2022-10-01,29497900041,2022,valid,38.47247908,38.73315327,EPSG:32637,1055,1057,10,0,448874.816602,0,-10,4292582.06117
S1_20221001_29498000071.tif,2022-10-01,29498000071,2022,train,38.68776791,39.17458393,EPSG:32637,1053,1055,10,0,467764.816602,0,-10,4341472.06117
S1_20221001_29499100021.tif,2022-10-01,29499100021,2022,train,38.90522823,39.01100472,EPSG:32637,1050,1052,10,0,486544.816602,0,-10,4323262.06117
S1_20221001_35602500511.tif,2022-10-01,35602500511,2022,valid,143.62393646,60.79384804,EPSG:32654,1092,1097,10,0,637350.449357,0,-10,6748165.66945
S1_20221001_42460000414.tif,2022-10-01,42460000414,2022,train,123.81832779,41.86277736,EPSG:32651,1059,1062,10,0,562622.627449,0,-10,4640174.42225
S1_20221001_42460001424.tif,2022-10-01,42460001424,2022,valid,125.02492249,41.72913530,EPSG:32651,1074,1076,10,0,663042.627449,0,-10,4627064.42225
S1_20221001_43297000361.tif,2022-10-01,43297000361,2022,train,100.15551388,35.46466466,EPSG:32647,1061,1063,10,0,599540.353636,0,-10,3930503.04634
S1_20221001_43498300401.tif,2022-10-01,43498300401,2022,train,101.71456719,28.38148775,EPSG:32647,1072,1074,10,0,760652.165104,0,-10,3147829.73645
S1_20221001_45243601711.tif,2022-10-01,45243601711,2022,train,84.76554989,27.52874204,EPSG:32645,1068,1069,10,0,273982.614386,0,-10,3052334.99122
S1_20221001_45646000241.tif,2022-10-01,45646000241,2022,valid,76.24234967,31.86123319,EPSG:32643,1060,1062,10,0,612227.065858,0,-10,3531037.26317
S1_20221001_46130300801.tif,2022-10-01,46130300801,2022,valid,61.45193267,41.28409485,EPSG:32641,1068,1070,10,0,365023.72875,0,-10,4576800.7207
S1_20221001_46130300821.tif,2022-10-01,46130300821,2022,train,61.50443568,41.28316772,EPSG:32641,1067,1070,10,0,369423.72875,0,-10,4576620.7207
S1_20221001_46130300833.tif,2022-10-01,46130300833,2022,valid,61.52126425,41.27825094,EPSG:32641,1067,1070,10,0,370823.72875,0,-10,4576050.7207
S1_20221001_46130300871.tif,2022-10-01,46130300871,2022,valid,61.61849846,41.24234821,EPSG:32641,1065,1068,10,0,378913.72875,0,-10,4571920.7207
S1_20221001_46130300951.tif,2022-10-01,46130300951,2022,train,62.19394226,40.52904417,EPSG:32641,1059,1062,10,0,426433.72875,0,-10,4492100.7207
S1_20221001_46261900161.tif,2022-10-01,46261900161,2022,train,75.35260213,42.84697740,EPSG:32643,1053,1057,10,0,523546.249634,0,-10,4749167.41291
S1_20221001_47340500011.tif,2022-10-01,47340500011,2022,train,100.33232640,41.03851824,EPSG:32647,1065,1068,10,0,606661.845902,0,-10,4549227.92618
S1_20221001_47340500024.tif,2022-10-01,47340500024,2022,valid,100.32924209,41.03895921,EPSG:32647,1065,1067,10,0,606401.845902,0,-10,4549267.92618
S1_20221001_47340500071.tif,2022-10-01,47340500071,2022,train,99.71341357,40.45395320,EPSG:32647,1058,1060,10,0,555201.845902,0,-10,4483687.92618
S1_20221001_47340500091.tif,2022-10-01,47340500091,2022,train,99.56049338,40.35236233,EPSG:32647,1055,1058,10,0,542321.845902,0,-10,4472307.92618
S1_20221001_47340500101.tif,2022-10-01,47340500101,2022,valid,99.43650544,40.25356934,EPSG:32647,1054,1057,10,0,531851.845902,0,-10,4461277.92618
S1_20221001_47340500151.tif,2022-10-01,47340500151,2022,train,99.84740161,40.52548000,EPSG:32647,1059,1062,10,0,566481.845902,0,-10,4491737.92618
S1_20221001_47340500166.tif,2022-10-01,47340500166,2022,valid,100.37557531,41.07868023,EPSG:32647,1066,1069,10,0,610221.845902,0,-10,4553747.92618
S1_20221001_47340700011.tif,2022-10-01,47340700011,2022,train,99.40197964,40.20148488,EPSG:32647,1054,1056,10,0,528941.845902,0,-10,4455477.92618
S1_20221001_47340700021.tif,2022-10-01,47340700021,2022,valid,99.42278373,40.22154685,EPSG:32647,1054,1057,10,0,530701.845902,0,-10,4457717.92618
S1_20221001_47340700031.tif,2022-10-01,47340700031,2022,train,99.39025182,40.15404500,EPSG:32647,1053,1056,10,0,527971.845902,0,-10,4450207.92618
S1_20221001_47340700041.tif,2022-10-01,47340700041,2022,train,99.34097777,40.04459855,EPSG:32647,1053,1055,10,0,523821.845902,0,-10,4438037.92618
S1_20221001_47340700051.tif,2022-10-01,47340700051,2022,train,99.37088113,39.93823630,EPSG:32647,1053,1056,10,0,526421.845902,0,-10,4426247.92618
S1_20221001_47340700064.tif,2022-10-01,47340700064,2022,train,99.37144199,39.93372957,EPSG:32647,1053,1056,10,0,526471.845902,0,-10,4425747.92618
S1_20221001_47340700071.tif,2022-10-01,47340700071,2022,train,99.41330985,39.84209093,EPSG:32647,1054,1056,10,0,530091.192214,0,-10,4415592.80865
S1_20221001_47340700081.tif,2022-10-01,47340700081,2022,train,99.45209496,39.79450843,EPSG:32647,1055,1057,10,0,533431.192214,0,-10,4410332.80865
S1_20221001_47340700094.tif,2022-10-01,47340700094,2022,valid,99.50916003,39.75593416,EPSG:32647,1055,1058,10,0,538341.192214,0,-10,4406082.80865
S1_20221001_47340700104.tif,2022-10-01,47340700104,2022,train,99.51241117,39.75357722,EPSG:32647,1055,1058,10,0,538621.192214,0,-10,4405822.80865
S1_20221001_47340700181.tif,2022-10-01,47340700181,2022,train,99.71325780,39.47076549,EPSG:32647,1058,1060,10,0,556061.192214,0,-10,4374562.80865
S1_20221001_47340700194.tif,2022-10-01,47340700194,2022,train,99.71900473,39.47000926,EPSG:32647,1057,1060,10,0,556561.192214,0,-10,4374482.80865
S1_20221001_47340700364.tif,2022-10-01,47340700364,2022,valid,99.73543702,39.46278821,EPSG:32647,1057,1060,10,0,557981.192214,0,-10,4373692.80865
S1_20221001_47340700411.tif,2022-10-01,47340700411,2022,train,99.73376390,39.46397015,EPSG:32647,1058,1060,10,0,557831.192214,0,-10,4373822.80865
S1_20221001_48297011591.tif,2022-10-01,48297011591,2022,train,76.20756482,37.65019779,EPSG:32643,1062,1064,10,0,601214.602612,0,-10,4173010.65236
S1_20221001_53159700551.tif,2022-10-01,53159700551,2022,train,132.38445501,-0.45892931,EPSG:32753,1049,1049,10,0,203617.797561,0,-10,9954466.25664
S1_20221001_57203000101.tif,2022-10-01,57203000101,2022,train,168.67110247,-43.99697060,EPSG:32759,1079,1081,10,0,307876.331595,0,-10,5131231.81877
S1_20221001_57203000156.tif,2022-10-01,57203000156,2022,train,168.67041775,-43.99853220,EPSG:32759,1079,1082,10,0,307826.331595,0,-10,5131061.81877
S1_20221001_57203000176.tif,2022-10-01,57203000176,2022,valid,168.81704725,-43.99971847,EPSG:32759,1077,1080,10,0,319596.331595,0,-10,5131241.81877
S1_20221001_57205900426.tif,2022-10-01,57205900426,2022,train,171.21080302,-44.50162611,EPSG:32759,1052,1055,10,0,511497.901103,0,-10,5077663.58747
S1_20221001_57205900476.tif,2022-10-01,57205900476,2022,train,170.94861897,-44.51442880,EPSG:32759,1050,1053,10,0,490666.331595,0,-10,5076251.81877
S1_20221001_57206000011.tif,2022-10-01,57206000011,2022,train,171.09792820,-44.92799626,EPSG:32759,1050,1054,10,0,502477.901103,0,-10,5030313.58747
S1_20221001_57207000041.tif,2022-10-01,57207000041,2022,train,170.34965811,-45.72969773,EPSG:32759,1058,1061,10,0,444107.901103,0,-10,4941083.58747
S1_20221001_57207000051.tif,2022-10-01,57207000051,2022,train,170.30363620,-45.67888684,EPSG:32759,1058,1062,10,0,440477.901103,0,-10,4946703.58747
S1_20221001_57207000115.tif,2022-10-01,57207000115,2022,train,169.83433986,-46.32651151,EPSG:32759,1065,1068,10,0,404947.901103,0,-10,4874353.58747
S1_20221001_57207000125.tif,2022-10-01,57207000125,2022,train,169.80732308,-46.28442812,EPSG:32759,1065,1069,10,0,402797.901103,0,-10,4879003.58747
S1_20221001_57207000166.tif,2022-10-01,57207000166,2022,valid,169.77056818,-46.25910875,EPSG:32759,1066,1069,10,0,399917.901103,0,-10,4881773.58747
S1_20221001_57208000031.tif,2022-10-01,57208000031,2022,train,169.43396447,-46.10477968,EPSG:32759,1070,1073,10,0,373617.901103,0,-10,4898483.58747
S1_20221001_57208000051.tif,2022-10-01,57208000051,2022,valid,169.56696541,-46.13523569,EPSG:32759,1068,1071,10,0,383967.901103,0,-10,4895283.58747
S1_20221001_62292901491.tif,2022-10-01,62292901491,2022,train,-70.35643093,-10.07366377,EPSG:32719,1052,1052,10,0,346101.743329,0,-10,8891395.17006
S1_20221001_62296401571.tif,2022-10-01,62296401571,2022,train,-71.04274317,-9.41593651,EPSG:32719,1054,1054,10,0,270421.019042,0,-10,8963778.13662
S1_20221001_62296401601.tif,2022-10-01,62296401601,2022,train,-71.11434947,-9.58208430,EPSG:32719,1055,1055,10,0,262661.743329,0,-10,8945355.17006
S1_20221001_63280500074.tif,2022-10-01,63280500074,2022,valid,-45.73478254,-8.41948959,EPSG:32723,1050,1050,10,0,413860.351273,0,-10,9074500.49948
S1_20221001_63280500251.tif,2022-10-01,63280500251,2022,valid,-45.72841141,-9.53444112,EPSG:32723,1050,1050,10,0,414806.318022,0,-10,8951226.45347
S1_20221001_63290000101.tif,2022-10-01,63290000101,2022,train,-45.26598932,-7.13684410,EPSG:32723,1048,1048,10,0,465389.745071,0,-10,9216354.97972
S1_20221001_64288000083.tif,2022-10-01,64288000083,2022,train,-48.49066986,-18.70496360,EPSG:32722,1064,1064,10,0,759316.369798,0,-10,7935277.88159
S1_20221001_64288000251.tif,2022-10-01,64288000251,2022,train,-48.22402267,-18.75867544,EPSG:32722,1065,1065,10,0,787356.369798,0,-10,7928917.88159
S1_20221001_64289300053.tif,2022-10-01,64289300053,2022,train,-48.27679557,-18.33043995,EPSG:32722,1065,1065,10,0,782506.369798,0,-10,7976427.88159
S1_20221001_64289700023.tif,2022-10-01,64289700023,2022,train,-47.60946067,-18.31324007,EPSG:32722,1069,1069,10,0,853116.369798,0,-10,7977167.88159
S1_20221001_64289700063.tif,2022-10-01,64289700063,2022,train,-47.60187912,-18.25137051,EPSG:32722,1069,1069,10,0,854046.369798,0,-10,7984007.88159
S1_20221001_67102000516.tif,2022-10-01,67102000516,2022,train,-72.00088690,-16.14336981,EPSG:32718,1065,1064,10,0,815449.701489,0,-10,8218189.9429
S1_20221001_67104000061.tif,2022-10-01,67104000061,2022,train,-72.46032178,-16.23872197,EPSG:32718,1061,1061,10,0,766169.701489,0,-10,8208279.9429
S1_20221001_71250500081.tif,2022-10-01,71250500081,2022,valid,-107.08223792,51.43197611,EPSG:32613,1080,1083,10,0,349858.166088,0,-10,5705335.84175
S1_20221001_72120700141.tif,2022-10-01,72120700141,2022,train,-77.06005763,48.65281105,EPSG:32618,1078,1082,10,0,342891.800852,0,-10,5396319.60457
S1_20221001_72530800031.tif,2022-10-01,72530800031,2022,train,-73.42635710,45.81108249,EPSG:32618,1070,1073,10,0,616914.427133,0,-10,5079626.887
S1_20221001_72543000013.tif,2022-10-01,72543000013,2022,train,-75.31035298,45.54962795,EPSG:32618,1054,1056,10,0,470504.427133,0,-10,5049336.887
S1_20221001_72545000374.tif,2022-10-01,72545000374,2022,train,-75.98255639,44.87731994,EPSG:32618,1062,1065,10,0,417084.427133,0,-10,4975116.887
S1_20221001_72551001023.tif,2022-10-01,72551001023,2022,train,-74.93503790,44.54493175,EPSG:32618,1050,1053,10,0,499910.372722,0,-10,4937667.16075
S1_20221001_73140800186.tif,2022-10-01,73140800186,2022,train,-74.12022184,43.97058668,EPSG:32618,1060,1063,10,0,565270.372722,0,-10,4874297.16075
S1_20221001_77222200073.tif,2022-10-01,77222200073,2022,train,-111.43618108,33.54871655,EPSG:32612,1053,1055,10,0,454242.712263,0,-10,3717480.57863
S1_20221001_77222200101.tif,2022-10-01,77222200101,2022,train,-111.40369435,33.55825210,EPSG:32612,1053,1054,10,0,457262.712263,0,-10,3718520.57863
S1_20221001_77222200143.tif,2022-10-01,77222200143,2022,train,-111.15316435,33.67958619,EPSG:32612,1050,1052,10,0,480552.712263,0,-10,3731900.57863
S1_20221001_77222300063.tif,2022-10-01,77222300063,2022,train,-111.65800039,33.90597470,EPSG:32612,1055,1057,10,0,433892.712263,0,-10,3757210.57863
S1_20221001_77239000253.tif,2022-10-01,77239000253,2022,train,-111.48544651,36.94179900,EPSG:32612,1055,1056,10,0,451498.835401,0,-10,4093806.03338
S1_20221001_77250000223.tif,2022-10-01,77250000223,2022,train,-111.21623162,37.05270536,EPSG:32612,1051,1053,10,0,475518.835401,0,-10,4106006.03338
S1_20221001_77260100151.tif,2022-10-01,77260100151,2022,train,-109.88847754,37.18240633,EPSG:32612,1061,1064,10,0,593358.835401,0,-10,4121006.03338
S1_20221001_77270000161.tif,2022-10-01,77270000161,2022,valid,-110.19339716,37.94985146,EPSG:32612,1058,1060,10,0,565576.348163,0,-10,4205857.73317
S1_20221001_77280100071.tif,2022-10-01,77280100071,2022,train,-109.66000678,38.46943841,EPSG:32612,1064,1067,10,0,611576.348163,0,-10,4264087.73317
S1_20221001_77280200011.tif,2022-10-01,77280200011,2022,train,-109.20955063,38.81991712,EPSG:32612,1069,1072,10,0,650090.856397,0,-10,4303675.62178
S1_20221001_77291000131.tif,2022-10-01,77291000131,2022,valid,-110.07968459,38.66998903,EPSG:32612,1059,1062,10,0,574766.348163,0,-10,4285867.73317
S1_20221001_77291000141.tif,2022-10-01,77291000141,2022,train,-110.12194286,38.71113648,EPSG:32612,1059,1062,10,0,571046.348163,0,-10,4290397.73317
S1_20221001_82244000331.tif,2022-10-01,82244000331,2022,train,-118.57758863,59.70129911,EPSG:32611,1075,1080,10,0,405844.255944,0,-10,6624601.71198
S1_20221001_82251800011.tif,2022-10-01,82251800011,2022,train,-118.08207218,61.45986712,EPSG:32611,1068,1072,10,0,436985.064176,0,-10,6819849.64774
S1_20221001_82251800113.tif,2022-10-01,82251800113,2022,train,-117.46823964,62.18388538,EPSG:32611,1058,1063,10,0,470332.973994,0,-10,6900068.53617
S1_20221001_82251800171.tif,2022-10-01,82251800171,2022,train,-118.25497920,62.42959895,EPSG:32611,1071,1076,10,0,429842.973994,0,-10,6928048.53617
S1_20221001_82252000081.tif,2022-10-01,82252000081,2022,train,-117.69340504,60.81575305,EPSG:32611,1061,1067,10,0,456975.064176,0,-10,6747799.64774
S1_20221001_82252000183.tif,2022-10-01,82252000183,2022,valid,-117.43557828,60.53791985,EPSG:32611,1057,1062,10,0,470815.064176,0,-10,6716709.64774
S1_20221001_82254900031.tif,2022-10-01,82254900031,2022,train,-116.99269718,59.84353897,EPSG:32611,1051,1055,10,0,495154.255944,0,-10,6639261.71198
S1_20221001_82254900101.tif,2022-10-01,82254900101,2022,train,-117.47092862,59.19743410,EPSG:32611,1057,1062,10,0,467814.255944,0,-10,6567441.71198
S1_20221001_82289500081.tif,2022-10-01,82289500081,2022,train,-114.98102253,54.26581274,EPSG:32611,1080,1084,10,0,626089.873762,0,-10,6020397.65399
S1_20221001_82289600161.tif,2022-10-01,82289600161,2022,train,-116.44644114,53.53345001,EPSG:32611,1058,1062,10,0,531399.873762,0,-10,5937067.65399
S1_20221001_82293300101.tif,2022-10-01,82293300101,2022,train,-116.68471785,58.22799179,EPSG:32611,1054,1059,10,0,513247.436043,0,-10,6459431.96261
S1_20221001_82293300171.tif,2022-10-01,82293300171,2022,train,-116.99256611,57.75273516,EPSG:32611,1051,1054,10,0,495187.436043,0,-10,6406451.96261
S1_20221001_82293300251.tif,2022-10-01,82293300251,2022,train,-117.09189097,57.23089205,EPSG:32611,1051,1056,10,0,489197.436043,0,-10,6348371.96261
S1_20221001_82293300381.tif,2022-10-01,82293300381,2022,valid,-117.26604336,56.32909289,EPSG:32611,1054,1059,10,0,478278.751902,0,-10,6248034.50387
S1_20221001_82294300011.tif,2022-10-01,82294300011,2022,train,-117.61567041,55.64776250,EPSG:32611,1059,1063,10,0,455958.751902,0,-10,6172364.50387
S1_20221001_82294700031.tif,2022-10-01,82294700031,2022,valid,-118.52703781,54.99107139,EPSG:32611,1073,1077,10,0,396934.889074,0,-10,6100249.33365
S1_20221002_12440500301.tif,2022-10-02,12440500301,2022,train,30.20800407,-24.28941082,EPSG:32735,1074,1074,10,0,820299.044562,0,-10,7315348.10881
S1_20221002_12450900071.tif,2022-10-02,12450900071,2022,train,29.38156752,-22.19334942,EPSG:32735,1065,1066,10,0,740218.658095,0,-10,7549173.32285
S1_20221002_12460000071.tif,2022-10-02,12460000071,2022,train,29.20995253,-22.00966958,EPSG:32735,1064,1064,10,0,722818.658095,0,-10,7569773.32285
S1_20221002_12470000031.tif,2022-10-02,12470000031,2022,train,29.13652611,-22.14004251,EPSG:32735,1063,1064,10,0,715038.658095,0,-10,7555443.32285
S1_20221002_12552000921.tif,2022-10-02,12552000921,2022,train,29.61812129,-28.69005264,EPSG:32736,1079,1080,10,0,164128.240086,0,-10,6827067.38998
S1_20221002_12552001071.tif,2022-10-02,12552001071,2022,train,29.12842052,-28.65410654,EPSG:32736,1083,1084,10,0,116088.240086,0,-10,6829617.38998
S1_20221002_12552001126.tif,2022-10-02,12552001126,2022,train,29.82558636,-28.59673206,EPSG:32736,1077,1079,10,0,184148.240086,0,-10,6837967.38998
S1_20221002_12552001156.tif,2022-10-02,12552001156,2022,train,29.11996068,-28.64516445,EPSG:32736,1083,1085,10,0,115228.240086,0,-10,6830587.38998
S1_20221002_12799000194.tif,2022-10-02,12799000194,2022,valid,28.64184102,-27.02067980,EPSG:32735,1062,1063,10,0,657568.940626,0,-10,7015528.86188
S1_20221002_12799000221.tif,2022-10-02,12799000221,2022,train,28.74271618,-27.00376174,EPSG:32735,1063,1065,10,0,667598.940626,0,-10,7017278.86188
S1_20221002_12799000241.tif,2022-10-02,12799000241,2022,train,28.76900824,-27.00325342,EPSG:32735,1063,1065,10,0,670208.940626,0,-10,7017298.86188
S1_20221002_12799000341.tif,2022-10-02,12799000341,2022,train,29.27542244,-26.92870463,EPSG:32735,1067,1068,10,0,720598.940626,0,-10,7024768.86188
S1_20221002_13265000031.tif,2022-10-02,13265000031,2022,train,20.28232657,4.78109911,EPSG:32634,1048,1048,10,0,415174.875874,0,-10,533748.950802
S1_20221002_13265000141.tif,2022-10-02,13265000141,2022,train,21.28866548,4.34016503,EPSG:32634,1047,1047,10,0,526794.875874,0,-10,484968.950802
S1_20221002_13275300041.tif,2022-10-02,13275300041,2022,train,19.10332457,1.56760169,EPSG:32634,1049,1049,10,0,283742.227017,0,-10,178608.092439
S1_20221002_14480300153.tif,2022-10-02,14480300153,2022,train,-3.45196783,13.51086589,EPSG:32630,1049,1050,10,0,445844.723637,0,-10,1498926.64976
S1_20221002_15140700141.tif,2022-10-02,15140700141,2022,train,-6.52891059,30.79869326,EPSG:32629,1073,1074,10,0,731069.404398,0,-10,3415274.02682
S1_20221002_15140700151.tif,2022-10-02,15140700151,2022,train,-6.65267866,30.89507171,EPSG:32629,1071,1072,10,0,719009.404398,0,-10,3425694.02682
S1_20221002_15140700164.tif,2022-10-02,15140700164,2022,valid,-6.76027658,30.91208858,EPSG:32629,1070,1071,10,0,708689.404398,0,-10,3427364.02682
S1_20221002_15140700183.tif,2022-10-02,15140700183,2022,train,-6.76533697,30.92841228,EPSG:32629,1070,1071,10,0,708169.404398,0,-10,3429164.02682
S1_20221002_15140700193.tif,2022-10-02,15140700193,2022,train,-6.76329312,30.91732735,EPSG:32629,1070,1072,10,0,708389.404398,0,-10,3427944.02682
S1_20221002_15140700226.tif,2022-10-02,15140700226,2022,train,-6.76339363,30.92873947,EPSG:32629,1069,1071,10,0,708359.404398,0,-10,3429204.02682
S1_20221002_15140800021.tif,2022-10-02,15140800021,2022,train,-6.79884764,30.94089393,EPSG:32629,1070,1071,10,0,704939.404398,0,-10,3430484.02682
S1_20221002_15140900013.tif,2022-10-02,15140900013,2022,train,-6.76680758,30.94616212,EPSG:32629,1070,1072,10,0,707989.404398,0,-10,3431134.02682
S1_20221002_15140900023.tif,2022-10-02,15140900023,2022,train,-6.69562807,30.96863438,EPSG:32629,1070,1072,10,0,714739.404398,0,-10,3433764.02682
S1_20221002_15140900046.tif,2022-10-02,15140900046,2022,train,-6.53556646,30.99783300,EPSG:32629,1072,1073,10,0,729949.404398,0,-10,3437334.02682
S1_20221002_15160300013.tif,2022-10-02,15160300013,2022,train,-8.32849701,33.27281941,EPSG:32629,1055,1057,10,0,557260.817806,0,-10,3687018.44664
S1_20221002_15160300024.tif,2022-10-02,15160300024,2022,train,-8.29049674,33.26480630,EPSG:32629,1056,1058,10,0,560800.817806,0,-10,3686158.44664
S1_20221002_15160300033.tif,2022-10-02,15160300033,2022,valid,-8.28997983,33.24243441,EPSG:32629,1055,1058,10,0,560870.817806,0,-10,3683678.44664
S1_20221002_15160300051.tif,2022-10-02,15160300051,2022,valid,-8.12758514,33.12793366,EPSG:32629,1058,1060,10,0,576090.817806,0,-10,3671108.44664
S1_20221002_15160300071.tif,2022-10-02,15160300071,2022,train,-8.08515249,33.09520331,EPSG:32629,1058,1059,10,0,580080.817806,0,-10,3667508.44664
S1_20221002_15160300081.tif,2022-10-02,15160300081,2022,train,-8.06765520,33.08794806,EPSG:32629,1058,1059,10,0,581720.817806,0,-10,3666718.44664
S1_20221002_15160300103.tif,2022-10-02,15160300103,2022,train,-8.06643017,32.92977538,EPSG:32629,1058,1060,10,0,581990.817806,0,-10,3649188.44664
S1_20221002_15160300111.tif,2022-10-02,15160300111,2022,valid,-8.05841384,32.90905946,EPSG:32629,1058,1060,10,0,582760.817806,0,-10,3646898.44664
S1_20221002_15160300123.tif,2022-10-02,15160300123,2022,valid,-8.05394841,32.87646345,EPSG:32629,1058,1060,10,0,583210.817806,0,-10,3643288.44664
S1_20221002_15160300131.tif,2022-10-02,15160300131,2022,train,-8.00154366,32.85503947,EPSG:32629,1059,1060,10,0,588130.817806,0,-10,3640958.44664
S1_20221002_15160300141.tif,2022-10-02,15160300141,2022,train,-8.00857691,32.84242225,EPSG:32629,1058,1061,10,0,587490.817806,0,-10,3639558.44664
S1_20221002_15160300151.tif,2022-10-02,15160300151,2022,train,-7.95020451,32.74967113,EPSG:32629,1059,1061,10,0,593050.817806,0,-10,3629328.44664
S1_20221002_15160300163.tif,2022-10-02,15160300163,2022,train,-7.86456647,32.67225403,EPSG:32629,1060,1061,10,0,601160.817806,0,-10,3620828.44664
S1_20221002_15160300171.tif,2022-10-02,15160300171,2022,train,-7.81224582,32.65693167,EPSG:32629,1061,1062,10,0,606080.817806,0,-10,3619188.44664
S1_20221002_15160300181.tif,2022-10-02,15160300181,2022,train,-7.69734379,32.53993006,EPSG:32629,1062,1063,10,0,617010.817806,0,-10,3606348.44664
S1_20221002_15160300204.tif,2022-10-02,15160300204,2022,train,-7.63645122,32.47528752,EPSG:32629,1062,1064,10,0,622820.817806,0,-10,3599258.44664
S1_20221002_15160300213.tif,2022-10-02,15160300213,2022,train,-7.57199528,32.45328562,EPSG:32629,1062,1064,10,0,628910.817806,0,-10,3596898.44664
S1_20221002_15160300243.tif,2022-10-02,15160300243,2022,train,-7.40500195,32.45488868,EPSG:32629,1065,1066,10,0,644590.817806,0,-10,3597308.44664
S1_20221002_15160300251.tif,2022-10-02,15160300251,2022,train,-7.23465085,32.36675053,EPSG:32629,1066,1068,10,0,660760.817806,0,-10,3587798.44664
S1_20221002_15160300261.tif,2022-10-02,15160300261,2022,train,-7.12481490,32.31542347,EPSG:32629,1067,1069,10,0,671190.817806,0,-10,3582288.44664
S1_20221002_15160300271.tif,2022-10-02,15160300271,2022,train,-7.03455596,32.29731930,EPSG:32629,1068,1070,10,0,679720.817806,0,-10,3580438.44664
S1_20221002_15160300291.tif,2022-10-02,15160300291,2022,train,-6.93845448,32.31386883,EPSG:32629,1069,1071,10,0,688730.817806,0,-10,3582448.44664
S1_20221002_15160300376.tif,2022-10-02,15160300376,2022,train,-8.33653079,33.31796108,EPSG:32629,1055,1057,10,0,556480.817806,0,-10,3692018.44664
S1_20221002_21105400344.tif,2022-10-02,21105400344,2022,train,28.42855008,37.62721604,EPSG:32635,1065,1067,10,0,620733.472993,0,-10,4170749.72634
S1_20221002_21105400384.tif,2022-10-02,21105400384,2022,train,28.44257046,37.61974511,EPSG:32635,1065,1067,10,0,621983.472993,0,-10,4169939.72634
S1_20221002_21603400221.tif,2022-10-02,21603400221,2022,train,2.40586643,43.22297279,EPSG:32631,1056,1060,10,0,446468.57463,0,-10,4791047.36179
S1_20221002_21603800201.tif,2022-10-02,21603800201,2022,train,1.85074510,41.60616669,EPSG:32631,1063,1066,10,0,398921.05083,0,-10,4612018.64613
S1_20221002_21603800221.tif,2022-10-02,21603800221,2022,valid,1.86625450,41.62510043,EPSG:32631,1063,1065,10,0,400241.05083,0,-10,4614098.64613
S1_20221002_21603800264.tif,2022-10-02,21603800264,2022,train,1.85651501,41.66675145,EPSG:32631,1063,1066,10,0,399491.05083,0,-10,4618738.64613
S1_20221002_21603800426.tif,2022-10-02,21603800426,2022,train,2.13442811,41.30114027,EPSG:32631,1059,1062,10,0,422241.05083,0,-10,4577858.64613
S1_20221002_22732000021.tif,2022-10-02,22732000021,2022,train,27.76066658,44.64822899,EPSG:32635,1059,1063,10,0,555022.890921,0,-10,4949470.69438
S1_20221002_22732000351.tif,2022-10-02,22732000351,2022,train,27.92001686,44.59704750,EPSG:32635,1061,1064,10,0,567712.890921,0,-10,4943920.69438
S1_20221002_22733000151.tif,2022-10-02,22733000151,2022,train,28.00291262,44.31192116,EPSG:32635,1062,1065,10,0,574675.280913,0,-10,4912332.23244
S1_20221002_23150000055.tif,2022-10-02,23150000055,2022,train,-9.08483633,38.64901725,EPSG:32629,1050,1052,10,0,487367.718221,0,-10,4283092.2373
S1_20221002_23150000166.tif,2022-10-02,23150000166,2022,valid,-8.78454475,37.72081768,EPSG:32629,1051,1054,10,0,513732.894008,0,-10,4180131.74096
S1_20221002_25259000211.tif,2022-10-02,25259000211,2022,train,34.19624397,65.32073986,EPSG:32636,1070,1075,10,0,550380.949154,0,-10,7250104.84481
S1_20221002_25260200024.tif,2022-10-02,25260200024,2022,train,34.03484241,64.89550943,EPSG:32636,1067,1073,10,0,543653.549521,0,-10,7202575.02259
S1_20221002_25260200031.tif,2022-10-02,25260200031,2022,train,34.00399015,64.90092541,EPSG:32636,1067,1073,10,0,542183.549521,0,-10,7203155.02259
S1_20221002_29145000591.tif,2022-10-02,29145000591,2022,train,65.86468062,31.84029736,EPSG:32642,1080,1081,10,0,197874.018174,0,-10,3532424.75413
S1_20221002_29145000633.tif,2022-10-02,29145000633,2022,train,65.91404091,31.87563167,EPSG:32642,1079,1080,10,0,202664.018174,0,-10,3536204.75413
S1_20221002_29146300151.tif,2022-10-02,29146300151,2022,train,65.52439652,32.86314756,EPSG:32641,1074,1076,10,0,730843.64991,0,-10,3644320.43953
S1_20221002_29146600071.tif,2022-10-02,29146600071,2022,train,65.50432063,33.01517078,EPSG:32641,1074,1075,10,0,728563.64991,0,-10,3661130.43953
S1_20221002_29146600091.tif,2022-10-02,29146600091,2022,train,65.55495760,33.10827750,EPSG:32641,1074,1077,10,0,733043.64991,0,-10,3671580.43953
S1_20221002_29146700086.tif,2022-10-02,29146700086,2022,valid,65.71869039,32.98052327,EPSG:32641,1076,1078,10,0,748683.64991,0,-10,3657800.43953
S1_20221002_29146700096.tif,2022-10-02,29146700096,2022,valid,65.72595267,32.98361067,EPSG:32641,1076,1078,10,0,749353.64991,0,-10,3658160.43953
S1_20221002_29146900021.tif,2022-10-02,29146900021,2022,train,66.06952585,33.28439346,EPSG:32641,1080,1082,10,0,780473.64991,0,-10,3692430.43953
S1_20221002_29146900041.tif,2022-10-02,29146900041,2022,train,66.21149917,33.38023017,EPSG:32641,1082,1084,10,0,793363.64991,0,-10,3703470.43953
S1_20221002_29148000086.tif,2022-10-02,29148000086,2022,train,65.94533703,32.01431556,EPSG:32641,1078,1079,10,0,772823.64991,0,-10,3551210.43953
S1_20221002_29149100061.tif,2022-10-02,29149100061,2022,train,65.87001261,31.37473879,EPSG:32642,1079,1081,10,0,196904.018174,0,-10,3480774.75413
S1_20221002_29149100086.tif,2022-10-02,29149100086,2022,train,65.20842384,31.47882266,EPSG:32642,1086,1087,10,0,134304.018174,0,-10,3494334.75413
S1_20221002_29390500036.tif,2022-10-02,29390500036,2022,valid,50.64308142,29.46002094,EPSG:32639,1051,1053,10,0,460136.078558,0,-10,3264271.76146
S1_20221002_29390600161.tif,2022-10-02,29390600161,2022,valid,50.63722360,30.15680841,EPSG:32639,1052,1053,10,0,459806.078558,0,-10,3341481.76146
S1_20221002_29390600311.tif,2022-10-02,29390600311,2022,train,50.56125632,30.56576894,EPSG:32639,1052,1054,10,0,452666.078558,0,-10,3386831.76146
S1_20221002_29420500261.tif,2022-10-02,29420500261,2022,train,49.32932112,32.11676035,EPSG:32639,1065,1067,10,0,337060.971166,0,-10,3559934.71098
S1_20221002_29469600051.tif,2022-10-02,29469600051,2022,train,41.34732788,37.96618291,EPSG:32637,1076,1078,10,0,700817.877036,0,-10,4210052.25441
S1_20221002_29469700031.tif,2022-10-02,29469700031,2022,train,41.32104525,37.72191288,EPSG:32637,1075,1077,10,0,699187.877036,0,-10,4182882.25441
S1_20221002_29469800081.tif,2022-10-02,29469800081,2022,valid,41.05058292,38.28005492,EPSG:32637,1072,1075,10,0,673997.877036,0,-10,4244252.25441
S1_20221002_29495100081.tif,2022-10-02,29495100081,2022,train,41.30202311,34.44149902,EPSG:32637,1073,1075,10,0,706136.375648,0,-10,3818889.03896
S1_20221002_29496100021.tif,2022-10-02,29496100021,2022,train,40.47702420,35.19745054,EPSG:32637,1065,1066,10,0,629136.375648,0,-10,3901269.03896
S1_20221002_29496100131.tif,2022-10-02,29496100131,2022,train,40.83282571,35.77053938,EPSG:32637,1069,1070,10,0,660329.455373,0,-10,3965397.66724
S1_20221002_29496300036.tif,2022-10-02,29496300036,2022,train,40.77250260,35.99996785,EPSG:32637,1068,1070,10,0,654419.455373,0,-10,3990747.66724
S1_20221002_29497100121.tif,2022-10-02,29497100121,2022,train,39.37414550,35.83869914,EPSG:32637,1052,1055,10,0,528529.455373,0,-10,3971397.66724
S1_20221002_29499200244.tif,2022-10-02,29499200244,2022,train,40.37372446,39.27818018,EPSG:32637,1065,1067,10,0,613163.29827,0,-10,4353881.63089
S1_20221002_29499200274.tif,2022-10-02,29499200274,2022,train,40.35106452,39.37188272,EPSG:32637,1065,1067,10,0,611053.29827,0,-10,4364251.63089
S1_20221002_29499400031.tif,2022-10-02,29499400031,2022,train,40.61292155,38.91158444,EPSG:32637,1068,1070,10,0,634503.29827,0,-10,4313551.63089
S1_20221002_29499500041.tif,2022-10-02,29499500041,2022,valid,40.98142660,38.85455105,EPSG:32637,1072,1074,10,0,666573.29827,0,-10,4307871.63089
S1_20221002_41200101621.tif,2022-10-02,41200101621,2022,train,142.25534264,42.71435917,EPSG:32654,1064,1068,10,0,597474.273889,0,-10,4735199.61195
S1_20221002_41301200261.tif,2022-10-02,41301200261,2022,train,138.93448113,37.24122136,EPSG:32654,1072,1074,10,0,311429.728641,0,-10,4129001.38591
S1_20221002_41301301904.tif,2022-10-02,41301301904,2022,train,138.91968287,37.63400191,EPSG:32654,1072,1075,10,0,311079.35964,0,-10,4172618.35667
S1_20221002_41301302334.tif,2022-10-02,41301302334,2022,train,138.98655254,37.71117854,EPSG:32654,1071,1074,10,0,317169.35964,0,-10,4181048.35667
S1_20221002_41301400333.tif,2022-10-02,41301400333,2022,train,141.15602816,39.76719694,EPSG:32654,1051,1053,10,0,508108.638518,0,-10,4407195.51546
S1_20221002_41301400381.tif,2022-10-02,41301400381,2022,train,141.20784523,38.57700322,EPSG:32654,1051,1054,10,0,512849.35964,0,-10,4275128.35667
S1_20221002_41301500051.tif,2022-10-02,41301500051,2022,train,140.78969216,37.95545341,EPSG:32654,1051,1053,10,0,476269.35964,0,-10,4206158.35667
S1_20221002_41301500134.tif,2022-10-02,41301500134,2022,train,140.52844505,37.64414892,EPSG:32654,1054,1056,10,0,453129.35964,0,-10,4171718.35667
S1_20221002_41301500614.tif,2022-10-02,41301500614,2022,train,141.14248815,38.41438701,EPSG:32654,1050,1053,10,0,507189.35964,0,-10,4257068.35667
S1_20221002_41301500916.tif,2022-10-02,41301500916,2022,train,140.61244889,36.48218141,EPSG:32654,1053,1056,10,0,460019.728641,0,-10,4042781.38591
S1_20221002_41301600494.tif,2022-10-02,41301600494,2022,train,139.01524535,36.50019429,EPSG:32654,1071,1072,10,0,316889.728641,0,-10,4046621.38591
S1_20221002_41301600511.tif,2022-10-02,41301600511,2022,train,138.93864635,36.54693652,EPSG:32654,1071,1074,10,0,310139.728641,0,-10,4051961.38591
S1_20221002_41301601165.tif,2022-10-02,41301601165,2022,train,140.67369657,35.86168289,EPSG:32654,1052,1055,10,0,465279.728641,0,-10,3973931.38591
S1_20221002_43442300201.tif,2022-10-02,43442300201,2022,train,116.27268228,28.82441377,EPSG:32650,1055,1057,10,0,423763.887891,0,-10,3194034.57476
S1_20221002_43442401181.tif,2022-10-02,43442401181,2022,valid,116.79579138,27.42464108,EPSG:32650,1050,1052,10,0,474566.035993,0,-10,3038746.13836
S1_20221002_43442500031.tif,2022-10-02,43442500031,2022,valid,116.37162003,28.74214266,EPSG:32650,1054,1055,10,0,433373.887891,0,-10,3184854.57476
S1_20221002_43450300243.tif,2022-10-02,43450300243,2022,train,115.59007615,30.68267406,EPSG:32650,1062,1063,10,0,359639.896741,0,-10,3400598.12875
S1_20221002_43450400061.tif,2022-10-02,43450400061,2022,valid,115.25800618,30.82001287,EPSG:32650,1065,1067,10,0,328049.896741,0,-10,3416288.12875
S1_20221002_43450800091.tif,2022-10-02,43450800091,2022,valid,115.05197977,31.24714114,EPSG:32650,1067,1068,10,0,309159.896741,0,-10,3463968.12875
S1_20221002_43508900631.tif,2022-10-02,43508900631,2022,train,116.79159494,26.18488934,EPSG:32650,1050,1050,10,0,473926.035993,0,-10,2901426.13836
S1_20221002_43630000513.tif,2022-10-02,43630000513,2022,train,116.06160709,23.63074254,EPSG:32650,1055,1056,10,0,399006.766861,0,-10,2618939.7929
S1_20221002_45406100131.tif,2022-10-02,45406100131,2022,train,74.25215322,21.86861306,EPSG:32643,1053,1054,10,0,417469.123188,0,-10,2423742.21247
S1_20221002_46160400111.tif,2022-10-02,46160400111,2022,train,64.37201423,39.30599792,EPSG:32641,1065,1067,10,0,612968.953307,0,-10,4356966.68991
S1_20221002_46172100061.tif,2022-10-02,46172100061,2022,train,65.58884959,37.54619771,EPSG:32641,1078,1081,10,0,723317.763861,0,-10,4164021.62781
S1_20221002_46172100241.tif,2022-10-02,46172100241,2022,valid,65.08101326,37.62356526,EPSG:32641,1072,1075,10,0,678287.763861,0,-10,4171461.62781
S1_20221002_46173000311.tif,2022-10-02,46173000311,2022,train,65.19029353,37.88143649,EPSG:32641,1073,1076,10,0,687257.763861,0,-10,4200301.62781
S1_20221002_46173000331.tif,2022-10-02,46173000331,2022,train,65.33473715,37.68468977,EPSG:32641,1075,1077,10,0,700497.763861,0,-10,4178781.62781
S1_20221002_46173000371.tif,2022-10-02,46173000371,2022,train,65.71655598,37.58175847,EPSG:32641,1080,1082,10,0,734477.763861,0,-10,4168291.62781
S1_20221002_46391000081.tif,2022-10-02,46391000081,2022,train,76.89572113,43.54438380,EPSG:32643,1073,1076,10,0,647782.457068,0,-10,4828396.31919
S1_20221002_46393000033.tif,2022-10-02,46393000033,2022,train,78.11603862,43.83850129,EPSG:32643,1089,1092,10,0,745062.457068,0,-10,4864116.31919
S1_20221002_46393000336.tif,2022-10-02,46393000336,2022,train,78.27441027,43.66840911,EPSG:32643,1091,1094,10,0,758532.457068,0,-10,4845726.31919
S1_20221002_49160100043.tif,2022-10-02,49160100043,2022,train,90.42501039,30.63914300,EPSG:32646,1073,1074,10,0,247849.861608,0,-10,3397808.38096
S1_20221002_53190300276.tif,2022-10-02,53190300276,2022,valid,147.05373993,-6.72645021,EPSG:32755,1047,1048,10,0,500704.020219,0,-10,9261730.61574
S1_20221002_55200000716.tif,2022-10-02,55200000716,2022,valid,177.65065729,-17.45511348,EPSG:32760,1052,1052,10,0,563829.958399,0,-10,8075239.23237
S1_20221002_56464800013.tif,2022-10-02,56464800013,2022,train,149.15791451,-32.61397239,EPSG:32755,1070,1072,10,0,697126.846149,0,-10,6394811.12747
S1_20221002_62244602201.tif,2022-10-02,62244602201,2022,train,-57.40361368,-13.09900643,EPSG:32721,1049,1049,10,0,451003.670961,0,-10,8557125.56255
S1_20221002_62245400021.tif,2022-10-02,62245400021,2022,train,-57.55720703,-8.41388112,EPSG:32721,1049,1049,10,0,433413.826291,0,-10,9075147.83987
S1_20221002_64218700091.tif,2022-10-02,64218700091,2022,train,-62.84301241,-32.61346986,EPSG:32720,1050,1052,10,0,509478.74525,0,-10,6396811.6234
S1_20221002_65210000271.tif,2022-10-02,65210000271,2022,train,-64.54652715,-38.86070768,EPSG:32720,1067,1070,10,0,360482.827282,0,-10,5702894.27064
S1_20221002_65220500081.tif,2022-10-02,65220500081,2022,valid,-66.52411015,-38.71577549,EPSG:32720,1090,1092,10,0,188131.59155,0,-10,5714325.19858
S1_20221002_65220500101.tif,2022-10-02,65220500101,2022,train,-66.62895016,-38.55731314,EPSG:32720,1091,1093,10,0,178311.59155,0,-10,5731565.19858
S1_20221002_65321000181.tif,2022-10-02,65321000181,2022,train,-64.56537504,-40.08427258,EPSG:32720,1068,1070,10,0,361201.59155,0,-10,5567065.19858
S1_20221002_65321000261.tif,2022-10-02,65321000261,2022,train,-65.24684601,-39.87135244,EPSG:32720,1076,1078,10,0,302461.59155,0,-10,5589495.19858
S1_20221002_65321000291.tif,2022-10-02,65321000291,2022,train,-65.47602372,-39.56070399,EPSG:32720,1079,1081,10,0,281891.59155,0,-10,5623475.19858
S1_20221002_65321000301.tif,2022-10-02,65321000301,2022,train,-65.50722964,-39.51584605,EPSG:32720,1079,1080,10,0,279071.59155,0,-10,5628375.19858
S1_20221002_65321000711.tif,2022-10-02,65321000711,2022,train,-66.33278405,-39.12577226,EPSG:32720,1087,1090,10,0,206451.59155,0,-10,5669425.19858
S1_20221002_65321000941.tif,2022-10-02,65321000941,2022,train,-65.79822001,-39.40812564,EPSG:32720,1081,1084,10,0,253671.59155,0,-10,5639615.19858
S1_20221002_65321000971.tif,2022-10-02,65321000971,2022,train,-65.64754568,-39.53385861,EPSG:32720,1080,1083,10,0,267061.59155,0,-10,5626045.19858
S1_20221002_65321001001.tif,2022-10-02,65321001001,2022,train,-65.60503601,-39.49063169,EPSG:32720,1079,1082,10,0,270581.59155,0,-10,5630945.19858
S1_20221002_67101800021.tif,2022-10-02,67101800021,2022,valid,-71.77587677,-17.13550106,EPSG:32719,1064,1064,10,0,199323.703521,0,-10,8108665.86028
S1_20221002_67101800041.tif,2022-10-02,67101800041,2022,train,-71.76771945,-17.13010424,EPSG:32719,1064,1064,10,0,200183.703521,0,-10,8109275.86028
S1_20221002_67101800151.tif,2022-10-02,67101800151,2022,train,-70.87817413,-16.77474920,EPSG:32719,1058,1058,10,0,294523.703521,0,-10,8149705.86028
S1_20221002_71230100053.tif,2022-10-02,71230100053,2022,train,-99.96710148,53.15861806,EPSG:32614,1064,1068,10,0,430016.429719,0,-10,5895692.4822
S1_20221002_71230500301.tif,2022-10-02,71230500301,2022,train,-101.02235496,53.77069614,EPSG:32614,1080,1083,10,0,361316.429719,0,-10,5965322.4822
S1_20221002_71230600203.tif,2022-10-02,71230600203,2022,train,-102.15040485,53.96738399,EPSG:32614,1096,1100,10,0,287883.040366,0,-10,5989988.8569
S1_20221002_71230600341.tif,2022-10-02,71230600341,2022,valid,-102.01591603,54.35922952,EPSG:32614,1094,1099,10,0,298573.040366,0,-10,6033178.8569
S1_20221002_71230600441.tif,2022-10-02,71230600441,2022,train,-102.63604067,54.66447886,EPSG:32614,1104,1108,10,0,260003.040366,0,-10,6069068.8569
S1_20221002_71230600463.tif,2022-10-02,71230600463,2022,train,-102.63921095,54.85566136,EPSG:32614,1104,1108,10,0,260903.040366,0,-10,6090338.8569
S1_20221002_71230800061.tif,2022-10-02,71230800061,2022,train,-103.59380518,53.68659511,EPSG:32614,1117,1120,10,0,191133.040366,0,-10,5964058.8569
S1_20221002_71230900163.tif,2022-10-02,71230900163,2022,train,-103.63222820,53.62663032,EPSG:32614,1117,1122,10,0,188163.040366,0,-10,5957568.8569
S1_20221002_72320000431.tif,2022-10-02,72320000431,2022,train,-61.43468326,54.32369757,EPSG:32620,1073,1078,10,0,596439.097184,0,-10,6026057.15373
S1_20221002_72360000906.tif,2022-10-02,72360000906,2022,train,-61.19742490,52.07284996,EPSG:32620,1076,1080,10,0,618161.822197,0,-10,5776073.97944
S1_20221002_72370000161.tif,2022-10-02,72370000161,2022,valid,-60.87145833,51.47886711,EPSG:32620,1080,1084,10,0,642408.634738,0,-10,5710647.41171
S1_20221002_72390200051.tif,2022-10-02,72390200051,2022,valid,-62.02532858,50.60300485,EPSG:32620,1063,1067,10,0,563658.634738,0,-10,5611467.41171
S1_20221002_72390200111.tif,2022-10-02,72390200111,2022,train,-62.08684726,51.03728106,EPSG:32620,1063,1066,10,0,558708.634738,0,-10,5659697.41171
S1_20221002_72556000223.tif,2022-10-02,72556000223,2022,train,-84.44119991,41.18140404,EPSG:32616,1081,1083,10,0,709212.522968,0,-10,4567466.57941
S1_20221002_73252001141.tif,2022-10-02,73252001141,2022,train,-83.30304710,34.79981883,EPSG:32617,1073,1075,10,0,283947.673902,0,-10,3858636.47211
S1_20221002_73252001151.tif,2022-10-02,73252001151,2022,train,-83.25172693,34.84369231,EPSG:32617,1072,1075,10,0,288757.673902,0,-10,3863396.47211
S1_20221002_73257800206.tif,2022-10-02,73257800206,2022,train,-82.75663658,29.00036120,EPSG:32617,1064,1065,10,0,323570.000676,0,-10,3214622.57797
S1_20221002_73260901603.tif,2022-10-02,73260901603,2022,train,-83.83486799,34.35708062,EPSG:32617,1078,1081,10,0,233877.673902,0,-10,3810796.47211
S1_20221002_74226000013.tif,2022-10-02,74226000013,2022,train,-96.58205934,33.94029638,EPSG:32614,1073,1076,10,0,718107.851999,0,-10,3763549.86769
S1_20221002_74227100043.tif,2022-10-02,74227100043,2022,train,-96.80373282,33.80248649,EPSG:32614,1072,1073,10,0,697947.851999,0,-10,3747789.86769
S1_20221002_74242200221.tif,2022-10-02,74242200221,2022,train,-96.52557619,35.44090728,EPSG:32614,1076,1077,10,0,719220.463618,0,-10,3930138.08778
S1_20221002_74242300181.tif,2022-10-02,74242300181,2022,train,-96.74317135,34.87507535,EPSG:32614,1072,1075,10,0,700910.463618,0,-10,3866888.08778
S1_20221002_74248100031.tif,2022-10-02,74248100031,2022,train,-96.28986261,36.16970892,EPSG:32614,1079,1080,10,0,738366.643305,0,-10,4011575.81423
S1_20221002_74248300091.tif,2022-10-02,74248300091,2022,train,-98.09747298,36.04089252,EPSG:32614,1059,1061,10,0,576006.643305,0,-10,3994165.81423
S1_20221002_74248300121.tif,2022-10-02,74248300121,2022,train,-98.32527510,36.27927344,EPSG:32614,1056,1058,10,0,555316.643305,0,-10,4020425.81423
S1_20221002_74292200236.tif,2022-10-02,74292200236,2022,train,-96.79708996,40.29729737,EPSG:32614,1076,1078,10,0,681849.346632,0,-10,4468473.65502
S1_20221002_74292500181.tif,2022-10-02,74292500181,2022,train,-97.83950433,39.88320483,EPSG:32614,1062,1065,10,0,593919.346632,0,-10,4420763.65502
S1_20221002_75140100013.tif,2022-10-02,75140100013,2022,train,-94.72955403,29.79820758,EPSG:32615,1065,1066,10,0,327514.120517,0,-10,3303009.49462
S1_20221002_75140100033.tif,2022-10-02,75140100033,2022,valid,-94.76310835,29.83565945,EPSG:32615,1065,1066,10,0,324334.120517,0,-10,3307209.49462
S1_20221002_75140100041.tif,2022-10-02,75140100041,2022,train,-94.76489251,29.91936540,EPSG:32615,1065,1066,10,0,324304.120517,0,-10,3316489.49462
S1_20221002_75140100061.tif,2022-10-02,75140100061,2022,train,-94.81745770,30.00825346,EPSG:32614,1089,1090,10,0,898098.481405,0,-10,3332524.59738
S1_20221002_75140100091.tif,2022-10-02,75140100091,2022,valid,-95.28988161,30.89835723,EPSG:32614,1085,1085,10,0,849258.481405,0,-10,3429664.59738
S1_20221002_75140100121.tif,2022-10-02,75140100121,2022,valid,-95.39912572,30.89270353,EPSG:32614,1083,1085,10,0,838838.481405,0,-10,3428694.59738
S1_20221002_75140100311.tif,2022-10-02,75140100311,2022,train,-94.86437709,30.45487266,EPSG:32614,1088,1090,10,0,891768.481405,0,-10,3381914.59738
S1_20221002_75140200024.tif,2022-10-02,75140200024,2022,train,-96.07123268,31.96128382,EPSG:32614,1078,1079,10,0,771417.292334,0,-10,3545286.30008
S1_20221002_75140200083.tif,2022-10-02,75140200083,2022,train,-96.19598910,31.99764632,EPSG:32614,1076,1077,10,0,759527.292334,0,-10,3548996.30008
S1_20221002_75140500061.tif,2022-10-02,75140500061,2022,train,-96.29181185,32.28936199,EPSG:32614,1076,1077,10,0,749657.292334,0,-10,3581116.30008
S1_20221002_75140800094.tif,2022-10-02,75140800094,2022,train,-96.94179821,32.96669127,EPSG:32614,1070,1071,10,0,687007.851999,0,-10,3654829.86769
S1_20221002_75140800201.tif,2022-10-02,75140800201,2022,train,-96.96006136,33.04238173,EPSG:32614,1070,1071,10,0,685137.851999,0,-10,3663189.86769
S1_20221002_75140800303.tif,2022-10-02,75140800303,2022,train,-97.07811482,33.37336989,EPSG:32614,1068,1070,10,0,673447.851999,0,-10,3699679.86769
S1_20221002_75140900254.tif,2022-10-02,75140900254,2022,train,-97.41409181,32.78936790,EPSG:32614,1064,1066,10,0,643187.851999,0,-10,3634379.86769
S1_20221002_75140900273.tif,2022-10-02,75140900273,2022,train,-97.46326161,32.82980119,EPSG:32614,1064,1065,10,0,638517.851999,0,-10,3638789.86769
S1_20221002_75165000251.tif,2022-10-02,75165000251,2022,train,-96.75357582,30.98873771,EPSG:32614,1070,1071,10,0,709158.481405,0,-10,3435874.59738
S1_20221002_75165000361.tif,2022-10-02,75165000361,2022,train,-97.07098496,31.53132597,EPSG:32614,1067,1069,10,0,677807.292334,0,-10,3495446.30008
S1_20221002_75165000461.tif,2022-10-02,75165000461,2022,train,-97.58876191,32.19132910,EPSG:32614,1062,1064,10,0,627717.292334,0,-10,3567836.30008
S1_20221002_75165000531.tif,2022-10-02,75165000531,2022,train,-97.67689703,32.37156188,EPSG:32614,1061,1063,10,0,619167.292334,0,-10,3587706.30008
S1_20221002_75165000663.tif,2022-10-02,75165000663,2022,train,-97.78063472,32.41910790,EPSG:32614,1061,1062,10,0,609347.292334,0,-10,3592856.30008
S1_20221002_75165000701.tif,2022-10-02,75165000701,2022,train,-97.86587095,32.57185189,EPSG:32614,1060,1061,10,0,601157.292334,0,-10,3609696.30008
S1_20221002_75165000911.tif,2022-10-02,75165000911,2022,train,-97.32576253,31.78875414,EPSG:32614,1065,1067,10,0,653187.292334,0,-10,3523576.30008
S1_20221002_77119700076.tif,2022-10-02,77119700076,2022,train,-100.90140364,17.22487699,EPSG:32614,1058,1059,10,0,292530.554846,0,-10,1910721.00131
S1_20221002_77442300023.tif,2022-10-02,77442300023,2022,valid,-121.31148362,37.83178638,EPSG:32610,1068,1070,10,0,643250.591701,0,-10,4193844.77299
S1_20221002_77443000093.tif,2022-10-02,77443000093,2022,train,-121.51788325,38.41018657,EPSG:32610,1066,1068,10,0,624071.075817,0,-10,4257707.62024
S1_20221002_77443000153.tif,2022-10-02,77443000153,2022,train,-121.58747516,38.46236717,EPSG:32610,1065,1067,10,0,617911.075817,0,-10,4263397.62024
S1_20221002_77443000195.tif,2022-10-02,77443000195,2022,train,-121.66542064,38.17810164,EPSG:32610,1064,1066,10,0,611571.075817,0,-10,4231747.62024
S1_20221002_77444000021.tif,2022-10-02,77444000021,2022,train,-121.30509830,38.62001169,EPSG:32610,1068,1071,10,0,642211.075817,0,-10,4281327.62024
S1_20221002_77446000051.tif,2022-10-02,77446000051,2022,valid,-121.62691038,39.28261168,EPSG:32610,1065,1068,10,0,613101.075817,0,-10,4354377.62024
S1_20221002_77446000061.tif,2022-10-02,77446000061,2022,train,-121.63454041,39.43871462,EPSG:32610,1065,1067,10,0,612181.075817,0,-10,4371687.62024
S1_20221002_77449300101.tif,2022-10-02,77449300101,2022,train,-122.36881170,40.57392402,EPSG:32610,1057,1059,10,0,548139.435792,0,-10,4496946.74433
S1_20221002_77449300214.tif,2022-10-02,77449300214,2022,train,-122.42137007,40.71960000,EPSG:32610,1056,1059,10,0,543589.435792,0,-10,4513086.74433
S1_20221002_77449700073.tif,2022-10-02,77449700073,2022,valid,-122.15799518,40.80324444,EPSG:32610,1059,1062,10,0,565729.435792,0,-10,4522566.74433
S1_20221002_77449700094.tif,2022-10-02,77449700094,2022,train,-122.01573230,40.84355680,EPSG:32610,1061,1064,10,0,577669.435792,0,-10,4527176.74433
S1_20221002_77449700101.tif,2022-10-02,77449700101,2022,train,-121.99124899,40.84667835,EPSG:32610,1061,1064,10,0,579729.435792,0,-10,4527546.74433
S1_20221002_77449700144.tif,2022-10-02,77449700144,2022,train,-121.95315244,40.87039090,EPSG:32610,1061,1064,10,0,582909.435792,0,-10,4530216.74433
S1_20221002_77450000036.tif,2022-10-02,77450000036,2022,train,-122.03185708,38.23351556,EPSG:32610,1060,1062,10,0,579431.075817,0,-10,4237477.62024
S1_20221002_77480300184.tif,2022-10-02,77480300184,2022,train,-122.43409372,41.93506034,EPSG:32610,1056,1059,10,0,541634.716454,0,-10,4648015.92613
S1_20221002_77480300241.tif,2022-10-02,77480300241,2022,train,-122.22134798,41.96691413,EPSG:32610,1059,1062,10,0,559224.716454,0,-10,4651705.92613
S1_20221002_78100200094.tif,2022-10-02,78100200094,2022,train,-123.77326239,42.69930651,EPSG:32610,1059,1062,10,0,431371.030702,0,-10,4733024.01046
S1_20221002_78100600041.tif,2022-10-02,78100600041,2022,train,-123.58132230,43.63865078,EPSG:32610,1056,1060,10,0,447831.030702,0,-10,4837204.01046
S1_20221002_78100600051.tif,2022-10-02,78100600051,2022,valid,-123.61078375,43.59131572,EPSG:32610,1057,1060,10,0,445411.030702,0,-10,4831964.01046
S1_20221002_78100600141.tif,2022-10-02,78100600141,2022,valid,-123.41302288,43.24827767,EPSG:32610,1054,1057,10,0,461201.030702,0,-10,4793754.01046
S1_20221002_78100600231.tif,2022-10-02,78100600231,2022,train,-123.35268372,43.28391294,EPSG:32610,1053,1056,10,0,466121.030702,0,-10,4797684.01046
S1_20221002_78100900135.tif,2022-10-02,78100900135,2022,train,-123.03512198,46.13867249,EPSG:32610,1050,1053,10,0,492037.225981,0,-10,5114720.74373
S1_20221002_78210000061.tif,2022-10-02,78210000061,2022,train,-122.91388115,46.09278962,EPSG:32610,1050,1054,10,0,501407.225981,0,-10,5109630.74373
S1_20221002_78220000011.tif,2022-10-02,78220000011,2022,valid,-122.81794643,45.76168512,EPSG:32610,1052,1055,10,0,508897.225981,0,-10,5072860.74373
S1_20221002_78220000064.tif,2022-10-02,78220000064,2022,train,-122.61778827,45.35071654,EPSG:32610,1054,1058,10,0,524669.78595,0,-10,5027272.80822
S1_20221002_78220000071.tif,2022-10-02,78220000071,2022,train,-122.66555121,45.30428409,EPSG:32610,1054,1057,10,0,520949.78595,0,-10,5022092.80822
S1_20221002_78220000081.tif,2022-10-02,78220000081,2022,valid,-122.69344722,45.29963660,EPSG:32610,1053,1056,10,0,518769.78595,0,-10,5021562.80822
S1_20221002_78220000091.tif,2022-10-02,78220000091,2022,train,-122.86204766,45.25306692,EPSG:32610,1051,1054,10,0,505569.78595,0,-10,5016342.80822
S1_20221002_78220000201.tif,2022-10-02,78220000201,2022,train,-123.13386214,44.70044123,EPSG:32610,1051,1054,10,0,484139.78595,0,-10,4954952.80822
S1_20221002_78220000301.tif,2022-10-02,78220000301,2022,train,-123.11760997,44.08871309,EPSG:32610,1051,1054,10,0,485329.78595,0,-10,4887002.80822
S1_20221002_78220000401.tif,2022-10-02,78220000401,2022,train,-123.09392878,44.12195735,EPSG:32610,1051,1054,10,0,487229.78595,0,-10,4890692.80822
S1_20221002_78262000051.tif,2022-10-02,78262000051,2022,train,-119.50657075,48.50850232,EPSG:32611,1084,1088,10,0,309453.104359,0,-10,5381294.83283
S1_20221002_78266100064.tif,2022-10-02,78266100064,2022,train,-117.50174587,49.02993549,EPSG:32611,1056,1060,10,0,458043.104359,0,-10,5436204.83283
S1_20221002_78266100134.tif,2022-10-02,78266100134,2022,valid,-117.41152245,48.78034431,EPSG:32611,1055,1059,10,0,464493.104359,0,-10,5408414.83283
S1_20221002_78268100031.tif,2022-10-02,78268100031,2022,train,-117.60531075,49.33415803,EPSG:32611,1058,1061,10,0,450733.104359,0,-10,5470084.83283
S1_20221002_78268200011.tif,2022-10-02,78268200011,2022,valid,-117.59710404,49.49755065,EPSG:32611,1058,1061,10,0,451473.104359,0,-10,5488244.83283
S1_20221002_78268300051.tif,2022-10-02,78268300051,2022,valid,-117.42296730,49.48253235,EPSG:32611,1056,1060,10,0,464083.104359,0,-10,5486484.83283
S1_20221002_78268500033.tif,2022-10-02,78268500033,2022,train,-116.78282658,49.41222174,EPSG:32611,1052,1056,10,0,510493.104359,0,-10,5478584.83283
S1_20221002_78268500081.tif,2022-10-02,78268500081,2022,train,-116.58787803,49.14979569,EPSG:32611,1056,1059,10,0,524773.104359,0,-10,5449484.83283
S1_20221002_78269100043.tif,2022-10-02,78269100043,2022,train,-117.89738392,49.34885555,EPSG:32611,1062,1066,10,0,429513.104359,0,-10,5471954.83283
S1_20221002_78310200065.tif,2022-10-02,78310200065,2022,train,-123.60108470,46.96478149,EPSG:32610,1057,1061,10,0,448987.225981,0,-10,5206730.74373
S1_20221002_78310300206.tif,2022-10-02,78310300206,2022,train,-124.42650663,47.74873375,EPSG:32610,1069,1072,10,0,387729.381218,0,-10,5294719.0023
S1_20221002_78336000081.tif,2022-10-02,78336000081,2022,valid,-125.93728262,52.11957739,EPSG:32610,1091,1096,10,0,293458.287228,0,-10,5783887.97666
S1_20221002_81181600051.tif,2022-10-02,81181600051,2022,train,-161.97210578,61.14365786,EPSG:32603,1099,1103,10,0,657490.544487,0,-10,6788076.95867
S1_20221002_81210300101.tif,2022-10-02,81210300101,2022,train,-162.51521921,62.01001371,EPSG:32603,1090,1096,10,0,624630.544487,0,-10,6883266.95867
S1_20221002_81210500041.tif,2022-10-02,81210500041,2022,train,-162.33747269,61.94800008,EPSG:32603,1093,1097,10,0,634200.544487,0,-10,6876736.95867
S1_20221002_81210500331.tif,2022-10-02,81210500331,2022,train,-161.28413708,61.73401078,EPSG:32603,1109,1114,10,0,690700.544487,0,-10,6855726.95867
S1_20221002_81310100071.tif,2022-10-02,81310100071,2022,train,-160.97528840,64.92903252,EPSG:32603,1116,1121,10,0,684615.00304,0,-10,7212204.52264
S1_20221002_81310200044.tif,2022-10-02,81310200044,2022,train,-163.45329060,64.81904336,EPSG:32603,1076,1082,10,0,568045.00304,0,-10,7194594.52264
S1_20221002_81310800111.tif,2022-10-02,81310800111,2022,valid,-159.01986737,66.45409356,EPSG:32604,1052,1056,10,0,493854.350279,0,-10,7375806.23963
S1_20221002_81320200196.tif,2022-10-02,81320200196,2022,train,-161.01232850,67.49139896,EPSG:32604,1084,1090,10,0,408624.350279,0,-10,7493006.23963
S1_20221002_81320500081.tif,2022-10-02,81320500081,2022,train,-158.07359927,67.06690862,EPSG:32604,1067,1072,10,0,534946.062426,0,-10,7444498.83842
S1_20221002_81340700081.tif,2022-10-02,81340700081,2022,train,-157.89016859,67.83040048,EPSG:32604,1069,1075,10,0,541388.582108,0,-10,7529749.83164
S1_20221002_81340700151.tif,2022-10-02,81340700151,2022,train,-157.94719361,67.64482709,EPSG:32604,1068,1074,10,0,539344.350279,0,-10,7509016.23963
S1_20221002_81350800256.tif,2022-10-02,81350800256,2022,train,-157.19005823,69.99187019,EPSG:32604,1082,1087,10,0,563695.878422,0,-10,7771427.25536
S1_20221003_11720900421.tif,2022-10-03,11720900421,2022,train,38.72443507,-0.06585598,EPSG:32737,1048,1047,10,0,464096.42403,0,-10,9997955.85084
S1_20221003_11732300311.tif,2022-10-03,11732300311,2022,train,38.30101775,-2.49682716,EPSG:32737,1048,1048,10,0,417052.190314,0,-10,9729243.17571
S1_20221003_11732300331.tif,2022-10-03,11732300331,2022,train,38.15684921,-2.33164954,EPSG:32737,1048,1048,10,0,401012.190314,0,-10,9747493.17571
S1_20221003_11732300341.tif,2022-10-03,11732300341,2022,train,38.11807158,-2.30696505,EPSG:32737,1049,1048,10,0,396693.568663,0,-10,9750219.28164
S1_20221003_12237700053.tif,2022-10-03,12237700053,2022,train,30.98081394,-15.73219769,EPSG:32736,1058,1058,10,0,278350.246609,0,-10,8264943.04308
S1_20221003_12241000021.tif,2022-10-03,12241000021,2022,valid,30.38576935,-15.50358364,EPSG:32736,1061,1062,10,0,214230.246609,0,-10,8289573.04308
S1_20221003_12243000031.tif,2022-10-03,12243000031,2022,train,30.33572214,-14.76194916,EPSG:32736,1061,1062,10,0,207860.246609,0,-10,8371613.04308
S1_20221003_12243000051.tif,2022-10-03,12243000051,2022,train,30.40348384,-14.54317431,EPSG:32736,1060,1061,10,0,214887.048834,0,-10,8395912.06095
S1_20221003_12243000131.tif,2022-10-03,12243000131,2022,train,30.94686602,-13.89413398,EPSG:32736,1058,1057,10,0,272847.048834,0,-10,8468312.06095
S1_20221003_12245000071.tif,2022-10-03,12245000071,2022,train,31.86255148,-13.03933940,EPSG:32736,1053,1053,10,0,371400.663973,0,-10,8563502.63799
S1_20221003_12245000171.tif,2022-10-03,12245000171,2022,train,31.76897587,-12.44383305,EPSG:32736,1053,1053,10,0,360940.663973,0,-10,8629322.63799
S1_20221003_12770100241.tif,2022-10-03,12770100241,2022,train,19.69407738,-28.52067596,EPSG:32734,1060,1061,10,0,366914.801466,0,-10,6849727.07543
S1_20221003_12770100344.tif,2022-10-03,12770100344,2022,train,20.38284967,-28.62763821,EPSG:32734,1054,1055,10,0,434404.801466,0,-10,6838387.07543
S1_20221003_12770100524.tif,2022-10-03,12770100524,2022,train,21.14076484,-28.60756092,EPSG:32734,1049,1050,10,0,508516.958888,0,-10,6840733.91006
S1_20221003_12770100534.tif,2022-10-03,12770100534,2022,valid,21.14316628,-28.60588851,EPSG:32734,1050,1051,10,0,508746.958888,0,-10,6840923.91006
S1_20221003_15305600041.tif,2022-10-03,15305600041,2022,train,6.26512721,36.70892316,EPSG:32631,1085,1087,10,0,786242.261524,0,-10,4072988.85651
S1_20221003_16247000081.tif,2022-10-03,16247000081,2022,train,11.39204976,12.85506938,EPSG:32632,1058,1058,10,0,754325.246105,0,-10,1427604.72428
S1_20221003_16247000091.tif,2022-10-03,16247000091,2022,train,11.24341955,12.83022189,EPSG:32632,1057,1057,10,0,738215.246105,0,-10,1424704.72428
S1_20221003_17211100401.tif,2022-10-03,17211100401,2022,train,30.85882782,29.29677906,EPSG:32636,1068,1069,10,0,286683.073543,0,-10,3248114.08401
S1_20221003_17211100474.tif,2022-10-03,17211100474,2022,valid,30.81215752,28.89579113,EPSG:32636,1068,1069,10,0,281323.073543,0,-10,3203754.08401
S1_20221003_17211100491.tif,2022-10-03,17211100491,2022,train,30.79846676,28.78648484,EPSG:32636,1068,1069,10,0,279763.073543,0,-10,3191664.08401
S1_20221003_17211100601.tif,2022-10-03,17211100601,2022,train,30.70295102,28.62312115,EPSG:32636,1069,1071,10,0,270083.073543,0,-10,3173744.08401
S1_20221003_17211100621.tif,2022-10-03,17211100621,2022,train,30.64961877,28.43932157,EPSG:32636,1070,1071,10,0,264463.073543,0,-10,3153474.08401
S1_20221003_17211300191.tif,2022-10-03,17211300191,2022,train,32.01187524,26.20320769,EPSG:32636,1057,1058,10,0,395993.52668,0,-10,2903854.03306
S1_20221003_17211300291.tif,2022-10-03,17211300291,2022,valid,32.76485626,26.08121392,EPSG:32636,1050,1051,10,0,471233.52668,0,-10,2889954.03306
S1_20221003_17211300341.tif,2022-10-03,17211300341,2022,train,32.66971053,25.76042212,EPSG:32636,1051,1052,10,0,461623.52668,0,-10,2854454.03306
S1_20221003_17211900083.tif,2022-10-03,17211900083,2022,train,32.87885154,23.62134907,EPSG:32636,1049,1050,10,0,482397.068454,0,-10,2617560.8773
S1_20221003_17300000374.tif,2022-10-03,17300000374,2022,train,31.08717035,30.41203996,EPSG:32636,1067,1068,10,0,310927.147489,0,-10,3371337.10679
S1_20221003_17300000425.tif,2022-10-03,17300000425,2022,train,31.13660651,30.18423179,EPSG:32636,1066,1068,10,0,315267.147489,0,-10,3346007.10679
S1_20221003_17300000815.tif,2022-10-03,17300000815,2022,train,31.22922975,30.98772556,EPSG:32636,1066,1066,10,0,325587.147489,0,-10,3434917.10679
S1_20221003_17300000915.tif,2022-10-03,17300000915,2022,valid,31.52067883,30.60741419,EPSG:32636,1063,1064,10,0,352877.147489,0,-10,3392347.10679
S1_20221003_17300001045.tif,2022-10-03,17300001045,2022,train,31.12489754,30.72924106,EPSG:32636,1067,1068,10,0,315137.147489,0,-10,3406437.10679
S1_20221003_17300001096.tif,2022-10-03,17300001096,2022,train,31.84467032,31.52244129,EPSG:32636,1060,1061,10,0,385007.719545,0,-10,3493387.16992
S1_20221003_18130000156.tif,2022-10-03,18130000156,2022,train,43.62152362,-23.31126394,EPSG:32738,1058,1059,10,0,353758.223594,0,-10,7426646.65764
S1_20221003_21308000491.tif,2022-10-03,21308000491,2022,train,19.17560548,42.31015988,EPSG:32633,1101,1104,10,0,838653.271651,0,-10,4698183.49388
S1_20221003_21309400115.tif,2022-10-03,21309400115,2022,train,16.78411104,43.43460162,EPSG:32634,1103,1106,10,0,153269.494158,0,-10,4823247.33582
S1_20221003_22720700011.tif,2022-10-03,22720700011,2022,train,27.23959126,46.08779996,EPSG:32635,1053,1056,10,0,513257.73808,0,-10,5109110.64474
S1_20221003_22740500361.tif,2022-10-03,22740500361,2022,train,17.13188309,44.57551040,EPSG:32634,1099,1102,10,0,187391.867551,0,-10,4948588.28667
S1_20221003_23140100051.tif,2022-10-03,23140100051,2022,train,-7.59578142,37.58675044,EPSG:32629,1065,1067,10,0,618653.45805,0,-10,4166227.52386
S1_20221003_23140300093.tif,2022-10-03,23140300093,2022,train,-7.38875284,38.39360769,EPSG:32629,1067,1070,10,0,635373.033903,0,-10,4256067.0065
S1_20221003_23140300103.tif,2022-10-03,23140300103,2022,valid,-7.31562247,38.45119827,EPSG:32629,1069,1071,10,0,641633.033903,0,-10,4262577.0065
S1_20221003_23140300294.tif,2022-10-03,23140300294,2022,valid,-7.04288990,38.84617938,EPSG:32629,1072,1074,10,0,664483.033903,0,-10,4306897.0065
S1_20221003_23160300153.tif,2022-10-03,23160300153,2022,train,-7.38750719,39.64975057,EPSG:32629,1068,1070,10,0,633005.988762,0,-10,4395476.52732
S1_20221003_23160500043.tif,2022-10-03,23160500043,2022,train,-6.86780341,39.73767800,EPSG:32629,1074,1076,10,0,677335.988762,0,-10,4406196.52732
S1_20221003_23180400054.tif,2022-10-03,23180400054,2022,train,-6.02111780,41.98244252,EPSG:32629,1086,1089,10,0,741353.619186,0,-10,4657565.10344
S1_20221003_23180400966.tif,2022-10-03,23180400966,2022,train,-6.28128846,41.98088903,EPSG:32629,1082,1085,10,0,719823.619186,0,-10,4656655.10344
S1_20221003_23190100114.tif,2022-10-03,23190100114,2022,train,-8.42040709,41.80933955,EPSG:32629,1056,1059,10,0,542863.619186,0,-10,4634065.10344
S1_20221003_23190200313.tif,2022-10-03,23190200313,2022,train,-8.04984429,42.32474211,EPSG:32629,1061,1063,10,0,572983.619186,0,-10,4691585.10344
S1_20221003_23214201024.tif,2022-10-03,23214201024,2022,train,2.16321842,44.57211201,EPSG:32631,1060,1063,10,0,428259.755263,0,-10,4941074.76164
S1_20221003_24351000031.tif,2022-10-03,24351000031,2022,train,22.68674027,61.15115319,EPSG:32634,1077,1082,10,0,585402.931924,0,-10,6786204.30518
S1_20221003_25210300111.tif,2022-10-03,25210300111,2022,train,19.90875029,69.26456241,EPSG:32634,1069,1075,10,0,451538.269749,0,-10,7689621.51593
S1_20221003_29145000271.tif,2022-10-03,29145000271,2022,train,63.91437345,30.54536866,EPSG:32641,1057,1059,10,0,582419.823007,0,-10,3384869.82183
S1_20221003_29146100031.tif,2022-10-03,29146100031,2022,valid,64.36573832,31.65426931,EPSG:32641,1062,1064,10,0,624178.540232,0,-10,3508245.09726
S1_20221003_29469100241.tif,2022-10-03,29469100241,2022,train,42.40634491,37.01149078,EPSG:32637,1087,1089,10,0,797652.121066,0,-10,4107019.2799
S1_20221003_29499600021.tif,2022-10-03,29499600021,2022,train,41.55294824,38.77501038,EPSG:32637,1078,1081,10,0,716388.642855,0,-10,4300310.19794
S1_20221003_29499700011.tif,2022-10-03,29499700011,2022,train,41.46685365,38.85502084,EPSG:32637,1078,1080,10,0,708668.642855,0,-10,4308980.19794
S1_20221003_29499700044.tif,2022-10-03,29499700044,2022,train,41.53662947,38.96528967,EPSG:32637,1079,1081,10,0,714378.642855,0,-10,4321390.19794
S1_20221003_29499700061.tif,2022-10-03,29499700061,2022,valid,41.54454579,39.07025774,EPSG:32637,1079,1081,10,0,714738.642855,0,-10,4333060.19794
S1_20221003_29499700071.tif,2022-10-03,29499700071,2022,train,41.63312259,39.04509112,EPSG:32637,1080,1082,10,0,722478.642855,0,-10,4330490.19794
S1_20221003_29499900111.tif,2022-10-03,29499900111,2022,train,42.89379387,39.56248299,EPSG:32637,1095,1097,10,0,829058.642855,0,-10,4391930.19794
S1_20221003_29499900121.tif,2022-10-03,29499900121,2022,train,42.92370960,39.59565480,EPSG:32637,1095,1098,10,0,831468.642855,0,-10,4395730.19794
S1_20221003_35601400401.tif,2022-10-03,35601400401,2022,train,159.60127855,62.85164488,EPSG:32657,1060,1066,10,0,525310.419958,0,-10,6974533.02051
S1_20221003_45246200311.tif,2022-10-03,45246200311,2022,train,79.84379296,28.85069378,EPSG:32644,1059,1060,10,0,381924.941087,0,-10,3197293.08172
S1_20221003_46160700144.tif,2022-10-03,46160700144,2022,train,66.25780800,39.84775167,EPSG:32642,1081,1084,10,0,259987.08927,0,-10,4419878.17127
S1_20221003_46160700171.tif,2022-10-03,46160700171,2022,train,66.45031746,39.89776152,EPSG:32642,1079,1081,10,0,276627.731489,0,-10,4424926.88116
S1_20221003_46160700184.tif,2022-10-03,46160700184,2022,train,66.48292767,39.88234928,EPSG:32642,1079,1081,10,0,279367.731489,0,-10,4423136.88116
S1_20221003_46160700244.tif,2022-10-03,46160700244,2022,train,67.05005329,39.69423045,EPSG:32642,1072,1074,10,0,327447.08927,0,-10,4401008.17127
S1_20221003_46160700541.tif,2022-10-03,46160700541,2022,train,66.26154007,39.74937983,EPSG:32642,1082,1084,10,0,259967.08927,0,-10,4408948.17127
S1_20221003_46213500441.tif,2022-10-03,46213500441,2022,train,66.49010263,44.08235509,EPSG:32642,1081,1084,10,0,293642.608937,0,-10,4889502.9637
S1_20221003_46213700011.tif,2022-10-03,46213700011,2022,train,66.63369037,43.95649517,EPSG:32642,1080,1082,10,0,304742.608937,0,-10,4875172.9637
S1_20221003_46213700181.tif,2022-10-03,46213700181,2022,valid,67.66875541,43.31771551,EPSG:32642,1066,1069,10,0,386722.608937,0,-10,4802302.9637
S1_20221003_46216600173.tif,2022-10-03,46216600173,2022,train,66.74639741,40.93927872,EPSG:32642,1076,1079,10,0,304907.731489,0,-10,4539856.88116
S1_20221003_46326000041.tif,2022-10-03,46326000041,2022,train,77.26360696,46.25825444,EPSG:32643,1079,1083,10,0,669062.143219,0,-10,5130647.35413
S1_20221003_46326000081.tif,2022-10-03,46326000081,2022,train,77.20040149,45.99141206,EPSG:32643,1079,1082,10,0,665012.143219,0,-10,5100857.35413
S1_20221003_46326000151.tif,2022-10-03,46326000151,2022,valid,77.34584891,45.66538294,EPSG:32643,1080,1083,10,0,677335.23124,0,-10,5064961.79517
S1_20221003_46326000376.tif,2022-10-03,46326000376,2022,train,77.21772735,46.39132100,EPSG:32643,1079,1082,10,0,665112.143219,0,-10,5145327.35413
S1_20221003_46327800021.tif,2022-10-03,46327800021,2022,train,78.38952351,46.19853289,EPSG:32643,1094,1097,10,0,756042.143219,0,-10,5127177.35413
S1_20221003_46327800041.tif,2022-10-03,46327800041,2022,train,78.56959237,46.14696147,EPSG:32643,1096,1099,10,0,770182.143219,0,-10,5122067.35413
S1_20221003_46327800061.tif,2022-10-03,46327800061,2022,valid,78.68549125,46.14498883,EPSG:32643,1098,1101,10,0,779132.143219,0,-10,5122267.35413
S1_20221003_46370000201.tif,2022-10-03,46370000201,2022,train,75.93898961,44.88844317,EPSG:32643,1061,1065,10,0,568845.23124,0,-10,4976311.79517
S1_20221003_46370000211.tif,2022-10-03,46370000211,2022,train,76.14941050,44.81945305,EPSG:32643,1064,1067,10,0,585555.23124,0,-10,4968871.79517
S1_20221003_46393000051.tif,2022-10-03,46393000051,2022,train,78.27299372,43.88113243,EPSG:32643,1091,1094,10,0,757483.463225,0,-10,4869349.27197
S1_20221003_48269000961.tif,2022-10-03,48269000961,2022,train,80.39204022,37.93785046,EPSG:32644,1056,1058,10,0,441297.492833,0,-10,4204383.69421
S1_20221003_48294000071.tif,2022-10-03,48294000071,2022,train,79.32061682,39.74015549,EPSG:32644,1069,1072,10,0,350757.664065,0,-10,4405626.09554
S1_20221003_48294000141.tif,2022-10-03,48294000141,2022,valid,78.87359555,39.56363290,EPSG:32644,1073,1076,10,0,311967.664065,0,-10,4386866.09554
S1_20221003_48294000181.tif,2022-10-03,48294000181,2022,train,78.59916276,39.47328483,EPSG:32644,1078,1079,10,0,288097.664065,0,-10,4377446.09554
S1_20221003_49150300063.tif,2022-10-03,49150300063,2022,train,89.11674274,31.73674088,EPSG:32645,1070,1071,10,0,695177.353377,0,-10,3518560.00748
S1_20221003_49150300093.tif,2022-10-03,49150300093,2022,train,89.28437866,31.82236579,EPSG:32645,1071,1072,10,0,710857.353377,0,-10,3528380.00748
S1_20221003_49150300213.tif,2022-10-03,49150300213,2022,train,88.68095937,31.83623621,EPSG:32645,1064,1067,10,0,653747.353377,0,-10,3528850.00748
S1_20221003_49150300233.tif,2022-10-03,49150300233,2022,train,88.99459757,32.00970441,EPSG:32645,1068,1070,10,0,683057.353377,0,-10,3548600.00748
S1_20221003_49150301116.tif,2022-10-03,49150301116,2022,train,89.33816666,31.79185208,EPSG:32645,1072,1073,10,0,716017.353377,0,-10,3525110.00748
S1_20221003_51501900076.tif,2022-10-03,51501900076,2022,train,113.93989882,-7.68145993,EPSG:32749,1056,1056,10,0,819079.154433,0,-10,9155083.93515
S1_20221003_51600300021.tif,2022-10-03,51600300021,2022,train,121.24594990,-8.57468997,EPSG:32751,1053,1052,10,0,301691.443944,0,-10,9056987.70414
S1_20221003_53120200041.tif,2022-10-03,53120200041,2022,train,145.34174588,-6.89785897,EPSG:32755,1052,1052,10,0,311519.582641,0,-10,9242483.94919
S1_20221003_56299800091.tif,2022-10-03,56299800091,2022,train,144.33703370,-15.11100166,EPSG:32754,1065,1065,10,0,853421.772271,0,-10,8331995.97678
S1_20221003_61533000041.tif,2022-10-03,61533000041,2022,train,-64.46971215,8.02295509,EPSG:32620,1052,1051,10,0,332770.80148,0,-10,892380.557764
S1_20221003_62266500201.tif,2022-10-03,62266500201,2022,train,-66.67885595,-11.53174665,EPSG:32719,1057,1057,10,0,747884.506455,0,-10,8729483.45997
S1_20221003_62288600471.tif,2022-10-03,62288600471,2022,train,-65.73158282,1.70947822,EPSG:32620,1051,1049,10,0,190806.867079,0,-10,194410.527942
S1_20221003_63210100025.tif,2022-10-03,63210100025,2022,train,-41.84206083,-2.81242355,EPSG:32724,1052,1051,10,0,178738.299004,0,-10,9694010.39881
S1_20221003_63210100035.tif,2022-10-03,63210100035,2022,valid,-41.84445328,-2.90801774,EPSG:32724,1052,1051,10,0,178498.299004,0,-10,9683430.39881
S1_20221003_63210100065.tif,2022-10-03,63210100065,2022,train,-41.77540075,-2.89608178,EPSG:32724,1052,1051,10,0,186178.299004,0,-10,9684770.39881
S1_20221003_63210400061.tif,2022-10-03,63210400061,2022,train,-41.91365750,-3.39430269,EPSG:32724,1052,1051,10,0,170948.299004,0,-10,9629590.39881
S1_20221003_63210400621.tif,2022-10-03,63210400621,2022,train,-42.16651190,-4.47362991,EPSG:32724,1054,1053,10,0,143264.879385,0,-10,9510026.2742
S1_20221003_63210400716.tif,2022-10-03,63210400716,2022,train,-41.55869066,-4.08128272,EPSG:32724,1052,1052,10,0,210644.879385,0,-10,9553696.2742
S1_20221003_63419500023.tif,2022-10-03,63419500023,2022,valid,-42.08076109,-9.76821335,EPSG:32723,1058,1057,10,0,815001.10545,0,-10,8924114.22686
S1_20221003_63420100041.tif,2022-10-03,63420100041,2022,train,-43.51754264,-11.14796210,EPSG:32723,1053,1053,10,0,656619.857405,0,-10,8772520.26554
S1_20221003_63430100081.tif,2022-10-03,63430100081,2022,train,-43.35975969,-11.71988958,EPSG:32723,1054,1054,10,0,673489.857405,0,-10,8709170.26554
S1_20221003_65378800021.tif,2022-10-03,65378800021,2022,valid,-72.04285846,-48.19646059,EPSG:32719,1091,1094,10,0,268436.316004,0,-10,4662855.97516
S1_20221003_65378800136.tif,2022-10-03,65378800136,2022,train,-72.00067484,-48.17705437,EPSG:32719,1091,1094,10,0,271486.316004,0,-10,4665135.97516
S1_20221003_65378800166.tif,2022-10-03,65378800166,2022,valid,-72.07107461,-48.21816034,EPSG:32719,1091,1095,10,0,266436.316004,0,-10,4660365.97516
S1_20221003_65378900041.tif,2022-10-03,65378900041,2022,train,-71.64232361,-48.10473990,EPSG:32719,1085,1089,10,0,297876.316004,0,-10,4674125.97516
S1_20221003_65378900071.tif,2022-10-03,65378900071,2022,train,-71.80986003,-48.03219618,EPSG:32719,1088,1091,10,0,285096.316004,0,-10,4681755.97516
S1_20221003_66120000173.tif,2022-10-03,66120000173,2022,train,-72.56460528,-48.54814484,EPSG:32719,1098,1102,10,0,231456.316004,0,-10,4622145.97516
S1_20221003_66120000241.tif,2022-10-03,66120000241,2022,train,-72.29382854,-48.22202147,EPSG:32719,1094,1098,10,0,249896.316004,0,-10,4659265.97516
S1_20221003_66405400071.tif,2022-10-03,66405400071,2022,train,-69.28957718,-17.49122373,EPSG:32719,1050,1050,10,0,464007.785101,0,-10,8071328.67516
S1_20221003_66405500201.tif,2022-10-03,66405500201,2022,train,-68.95788404,-16.79584710,EPSG:32719,1048,1048,10,0,499247.785101,0,-10,8148268.67516
S1_20221003_66405900043.tif,2022-10-03,66405900043,2022,train,-69.38172446,-15.84838007,EPSG:32719,1050,1050,10,0,453877.785101,0,-10,8253048.67516
S1_20221003_72408400491.tif,2022-10-03,72408400491,2022,train,-73.08791252,50.64212523,EPSG:32618,1076,1081,10,0,629815.013925,0,-10,5617178.62742
S1_20221003_72510000194.tif,2022-10-03,72510000194,2022,train,-70.87699545,45.57508361,EPSG:32619,1073,1077,10,0,348186.873593,0,-10,5053936.58353
S1_20221003_72510001301.tif,2022-10-03,72510001301,2022,train,-72.31803607,46.87097001,EPSG:32619,1094,1097,10,0,241676.845373,0,-10,5201656.8517
S1_20221003_72530200021.tif,2022-10-03,72530200021,2022,train,-72.54313596,46.15421665,EPSG:32619,1096,1100,10,0,220936.845373,0,-10,5122786.8517
S1_20221003_72608900141.tif,2022-10-03,72608900141,2022,train,-69.54068089,46.91829844,EPSG:32619,1057,1060,10,0,453546.845373,0,-10,5201526.8517
S1_20221003_72608900226.tif,2022-10-03,72608900226,2022,train,-69.94233029,46.37424845,EPSG:32619,1062,1065,10,0,422216.845373,0,-10,5141386.8517
S1_20221003_73114000461.tif,2022-10-03,73114000461,2022,train,-69.78671958,44.71877448,EPSG:32619,1059,1063,10,0,432396.873593,0,-10,4957326.58353
S1_20221003_75218400096.tif,2022-10-03,75218400096,2022,train,-105.88367642,27.92479697,EPSG:32613,1055,1057,10,0,407777.511132,0,-10,3094470.81014
S1_20221003_75219100371.tif,2022-10-03,75219100371,2022,valid,-106.84828545,33.82190815,EPSG:32613,1067,1069,10,0,323613.092671,0,-10,3749290.78266
S1_20221003_75219100411.tif,2022-10-03,75219100411,2022,valid,-106.85010343,34.35645535,EPSG:32613,1068,1070,10,0,324513.092671,0,-10,3808580.78266
S1_20221003_75372000576.tif,2022-10-03,75372000576,2022,train,-87.46180367,14.95880648,EPSG:32616,1050,1050,10,0,445092.695568,0,-10,1659071.47181
S1_20221003_77112000031.tif,2022-10-03,77112000031,2022,train,-87.30255979,13.22985404,EPSG:32616,1049,1049,10,0,461975.324646,0,-10,1467819.4484
S1_20221003_77158000051.tif,2022-10-03,77158000051,2022,train,-108.43813476,25.59328164,EPSG:32612,1070,1070,10,0,751966.010931,0,-10,2838479.75862
S1_20221003_77160100051.tif,2022-10-03,77160100051,2022,train,-108.95111720,25.95023686,EPSG:32612,1065,1066,10,0,699835.894984,0,-10,2877108.54878
S1_20221003_77160100171.tif,2022-10-03,77160100171,2022,train,-108.74765180,26.20073930,EPSG:32612,1067,1068,10,0,719725.894984,0,-10,2905208.54878
S1_20221003_77160100243.tif,2022-10-03,77160100243,2022,train,-108.56873064,26.54269404,EPSG:32612,1069,1069,10,0,736885.894984,0,-10,2943428.54878
S1_20221003_77160100253.tif,2022-10-03,77160100253,2022,valid,-108.54171306,26.59100583,EPSG:32612,1069,1070,10,0,739475.894984,0,-10,2948838.54878
S1_20221003_77160100263.tif,2022-10-03,77160100263,2022,valid,-108.52464879,26.69809533,EPSG:32612,1069,1070,10,0,740945.894984,0,-10,2960738.54878
S1_20221003_77160100293.tif,2022-10-03,77160100293,2022,train,-108.54485373,26.77244290,EPSG:32612,1069,1070,10,0,738775.894984,0,-10,2968938.54878
S1_20221003_77160400023.tif,2022-10-03,77160400023,2022,train,-108.35703120,26.96847149,EPSG:32612,1071,1072,10,0,756995.894984,0,-10,2991048.54878
S1_20221003_77160500013.tif,2022-10-03,77160500013,2022,valid,-108.27910099,26.90310787,EPSG:32612,1072,1072,10,0,764885.894984,0,-10,2983968.54878
S1_20221003_77170000041.tif,2022-10-03,77170000041,2022,valid,-109.96998722,27.30288530,EPSG:32612,1057,1059,10,0,596635.894984,0,-10,3025698.54878
S1_20221003_77170000235.tif,2022-10-03,77170000235,2022,train,-109.95834580,27.18575870,EPSG:32612,1057,1058,10,0,597895.894984,0,-10,3012728.54878
S1_20221003_77180100101.tif,2022-10-03,77180100101,2022,train,-109.56044304,28.55665262,EPSG:32612,1061,1062,10,0,635509.964994,0,-10,3165023.8812
S1_20221003_77180100153.tif,2022-10-03,77180100153,2022,train,-109.65732685,29.00766919,EPSG:32612,1061,1062,10,0,625468.007112,0,-10,3214888.42347
S1_20221003_77180100221.tif,2022-10-03,77180100221,2022,train,-109.25177500,29.26604200,EPSG:32612,1065,1066,10,0,664528.007112,0,-10,3244058.42347
S1_20221003_77180600021.tif,2022-10-03,77180600021,2022,valid,-109.23514639,29.59137902,EPSG:32612,1065,1066,10,0,665598.007112,0,-10,3280138.42347
S1_20221003_77180600091.tif,2022-10-03,77180600091,2022,train,-109.29168025,29.94112384,EPSG:32612,1065,1066,10,0,659548.007112,0,-10,3318818.42347
S1_20221003_77180600164.tif,2022-10-03,77180600164,2022,train,-109.31187233,30.15943346,EPSG:32612,1064,1066,10,0,657246.853151,0,-10,3342985.51415
S1_20221003_77180600381.tif,2022-10-03,77180600381,2022,train,-108.92847369,30.47221257,EPSG:32612,1068,1070,10,0,693522.438404,0,-10,3378285.77768
S1_20221003_77180700081.tif,2022-10-03,77180700081,2022,train,-108.75621524,29.03859017,EPSG:32612,1069,1070,10,0,713148.007112,0,-10,3219688.42347
S1_20221003_77180900031.tif,2022-10-03,77180900031,2022,train,-108.70513693,29.06420646,EPSG:32612,1069,1071,10,0,718068.007112,0,-10,3222628.42347
S1_20221003_77180900046.tif,2022-10-03,77180900046,2022,train,-108.70220618,28.94614736,EPSG:32612,1069,1071,10,0,718608.007112,0,-10,3209548.42347
S1_20221003_81260200161.tif,2022-10-03,81260200161,2022,train,-143.74556433,67.72670026,EPSG:32607,1096,1102,10,0,378421.438428,0,-10,7520479.0756
S1_20221003_81270800061.tif,2022-10-03,81270800061,2022,train,-138.50739384,63.96147916,EPSG:32607,1091,1096,10,0,616607.92142,0,-10,7100587.83913
S1_20221003_81280100081.tif,2022-10-03,81280100081,2022,train,-138.99931798,63.18602053,EPSG:32607,1082,1088,10,0,595272.147682,0,-10,7013324.40203
S1_20221003_81280100221.tif,2022-10-03,81280100221,2022,train,-138.06436680,63.45454182,EPSG:32607,1098,1103,10,0,640852.147682,0,-10,7045104.40203
S1_20221003_81292400181.tif,2022-10-03,81292400181,2022,train,-140.38370376,62.12981302,EPSG:32607,1060,1066,10,0,526842.147682,0,-10,6894124.40203
S1_20221003_81390900031.tif,2022-10-03,81390900031,2022,train,-143.81797507,69.93458935,EPSG:32607,1099,1104,10,0,386635.530228,0,-10,7766591.01376
S1_20221003_81390900131.tif,2022-10-03,81390900131,2022,train,-145.88672645,70.00053345,EPSG:32607,1132,1137,10,0,307985.530228,0,-10,7779091.01376
S1_20221003_81390900406.tif,2022-10-03,81390900406,2022,train,-145.83234572,70.07804540,EPSG:32607,1131,1136,10,0,310745.530228,0,-10,7787541.01376
S1_20221003_82253000093.tif,2022-10-03,82253000093,2022,valid,-115.79723022,61.02767116,EPSG:32611,1070,1075,10,0,559643.679338,0,-10,6771841.33812
S1_20221003_82254100031.tif,2022-10-03,82254100031,2022,valid,-115.86592961,60.70987026,EPSG:32611,1068,1073,10,0,556553.679338,0,-10,6736371.33812
S1_20221003_82256000316.tif,2022-10-03,82256000316,2022,train,-114.44993272,59.97468623,EPSG:32612,1105,1109,10,0,301956.86237,0,-10,6659157.55671
S1_20221003_82257000013.tif,2022-10-03,82257000013,2022,train,-115.05628731,61.18378057,EPSG:32611,1081,1086,10,0,599103.679338,0,-10,6790241.33812
S1_20221003_82269900043.tif,2022-10-03,82269900043,2022,train,-114.00190286,65.42638268,EPSG:32611,1099,1105,10,0,633586.197017,0,-10,7264810.71422
S1_20221003_82270000391.tif,2022-10-03,82270000391,2022,train,-112.46154081,60.53541493,EPSG:32611,1121,1126,10,0,743303.679338,0,-10,6725261.33812
S1_20221003_82282000111.tif,2022-10-03,82282000111,2022,train,-112.23516538,58.50875345,EPSG:32612,1069,1074,10,0,422686.293026,0,-10,6491385.05907
S1_20221003_82285000561.tif,2022-10-03,82285000561,2022,valid,-111.19817909,57.64868065,EPSG:32612,1053,1058,10,0,482906.293026,0,-10,6394905.05907
S1_20221003_82291000121.tif,2022-10-03,82291000121,2022,train,-111.65526094,58.93835481,EPSG:32612,1060,1065,10,0,456986.86237,0,-10,6538697.55671
S1_20221003_82291000451.tif,2022-10-03,82291000451,2022,train,-113.84758185,58.70773316,EPSG:32612,1094,1099,10,0,329576.86237,0,-10,6516507.55671
S1_20221003_82291000461.tif,2022-10-03,82291000461,2022,train,-113.92972932,58.67520115,EPSG:32612,1095,1100,10,0,324656.86237,0,-10,6513097.55671
S1_20221003_82292300211.tif,2022-10-03,82292300211,2022,train,-114.75455625,57.12835060,EPSG:32612,1107,1111,10,0,267236.293026,0,-10,6343485.05907
S1_20221003_83120600033.tif,2022-10-03,83120600033,2022,train,-114.45300600,65.40601328,EPSG:32611,1092,1097,10,0,612796.197017,0,-10,7261580.71422
S1_20221004_13226200021.tif,2022-10-04,13226200021,2022,train,21.44127887,-4.12539765,EPSG:32734,1048,1048,10,0,543737.393205,0,-10,9549238.13493
S1_20221004_13229400211.tif,2022-10-04,13229400211,2022,train,20.82800288,-7.97778566,EPSG:32734,1048,1047,10,0,475805.005312,0,-10,9123389.02895
S1_20221004_13272600651.tif,2022-10-04,13272600651,2022,train,22.04925432,-1.77002292,EPSG:32734,1048,1048,10,0,611466.954383,0,-10,9809565.64968
S1_20221004_14275000251.tif,2022-10-04,14275000251,2022,train,0.08705071,16.08062491,EPSG:32630,1065,1065,10,0,824966.851142,0,-10,1785645.0457
S1_20221004_14277100011.tif,2022-10-04,14277100011,2022,train,-0.03953689,16.21796916,EPSG:32630,1064,1064,10,0,811198.619476,0,-10,1800651.45823
S1_20221004_14430300073.tif,2022-10-04,14430300073,2022,train,-0.19147499,8.01634718,EPSG:32631,1057,1057,10,0,142854.979592,0,-10,892757.732553
S1_20221004_15180300141.tif,2022-10-04,15180300141,2022,valid,-5.81159821,34.46088252,EPSG:32630,1078,1080,10,0,236338.081359,0,-10,3822247.0548
S1_20221004_15180300151.tif,2022-10-04,15180300151,2022,train,-5.77849288,34.41755950,EPSG:32630,1078,1080,10,0,239248.081359,0,-10,3817357.0548
S1_20221004_15180400011.tif,2022-10-04,15180400011,2022,train,-5.71363256,34.44186880,EPSG:32630,1077,1079,10,0,245288.081359,0,-10,3819887.0548
S1_20221004_15180400031.tif,2022-10-04,15180400031,2022,train,-5.61592266,34.47505583,EPSG:32630,1076,1078,10,0,254368.081359,0,-10,3823327.0548
S1_20221004_15180400051.tif,2022-10-04,15180400051,2022,train,-5.48831822,34.46875203,EPSG:32630,1075,1077,10,0,266078.081359,0,-10,3822327.0548
S1_20221004_15180400123.tif,2022-10-04,15180400123,2022,train,-5.09210024,34.55664768,EPSG:32630,1071,1072,10,0,302698.081359,0,-10,3831227.0548
S1_20221004_15180400133.tif,2022-10-04,15180400133,2022,train,-5.00054833,34.53343350,EPSG:32630,1069,1071,10,0,311058.081359,0,-10,3828477.0548
S1_20221004_15180400151.tif,2022-10-04,15180400151,2022,train,-4.80154216,34.49005203,EPSG:32630,1067,1070,10,0,329248.081359,0,-10,3823317.0548
S1_20221004_15180400161.tif,2022-10-04,15180400161,2022,train,-4.72321798,34.49402226,EPSG:32630,1067,1069,10,0,336448.081359,0,-10,3823627.0548
S1_20221004_15180400171.tif,2022-10-04,15180400171,2022,train,-4.66433390,34.47648947,EPSG:32630,1066,1068,10,0,341828.081359,0,-10,3821587.0548
S1_20221004_15180400186.tif,2022-10-04,15180400186,2022,train,-4.62144003,34.47959093,EPSG:32630,1065,1068,10,0,345778.081359,0,-10,3821867.0548
S1_20221004_15180700011.tif,2022-10-04,15180700011,2022,train,-5.75591929,34.40256561,EPSG:32630,1078,1080,10,0,241278.081359,0,-10,3815637.0548
S1_20221004_15180700031.tif,2022-10-04,15180700031,2022,train,-5.66541924,34.40042549,EPSG:32630,1077,1078,10,0,249598.081359,0,-10,3815167.0548
S1_20221004_15180700051.tif,2022-10-04,15180700051,2022,train,-5.58741726,34.40498594,EPSG:32630,1076,1078,10,0,256788.081359,0,-10,3815487.0548
S1_20221004_15180700071.tif,2022-10-04,15180700071,2022,train,-5.49676747,34.31730424,EPSG:32630,1075,1077,10,0,264888.081359,0,-10,3805547.0548
S1_20221004_15180700121.tif,2022-10-04,15180700121,2022,train,-5.05075777,34.28551104,EPSG:32630,1070,1072,10,0,305888.081359,0,-10,3801077.0548
S1_20221004_15180700131.tif,2022-10-04,15180700131,2022,train,-4.95359609,34.26694720,EPSG:32630,1069,1071,10,0,314798.081359,0,-10,3798837.0548
S1_20221004_15180700161.tif,2022-10-04,15180700161,2022,train,-4.78445457,34.17746410,EPSG:32630,1067,1069,10,0,330208.081359,0,-10,3788617.0548
S1_20221004_15180700174.tif,2022-10-04,15180700174,2022,train,-4.75041139,34.16285091,EPSG:32630,1067,1068,10,0,333318.081359,0,-10,3786937.0548
S1_20221004_15180700183.tif,2022-10-04,15180700183,2022,train,-4.71737099,34.13022469,EPSG:32630,1066,1068,10,0,336308.081359,0,-10,3783267.0548
S1_20221004_15180800031.tif,2022-10-04,15180800031,2022,train,-4.46069389,34.15180774,EPSG:32630,1063,1065,10,0,360028.081359,0,-10,3785277.0548
S1_20221004_15180800041.tif,2022-10-04,15180800041,2022,train,-4.39971145,34.15035411,EPSG:32630,1063,1065,10,0,365648.081359,0,-10,3785037.0548
S1_20221004_15180800051.tif,2022-10-04,15180800051,2022,train,-4.33548110,34.17329857,EPSG:32630,1062,1064,10,0,371608.081359,0,-10,3787497.0548
S1_20221004_15180800061.tif,2022-10-04,15180800061,2022,valid,-4.25738356,34.18196925,EPSG:32630,1062,1064,10,0,378818.081359,0,-10,3788367.0548
S1_20221004_15180800076.tif,2022-10-04,15180800076,2022,train,-4.54431778,34.12481364,EPSG:32630,1064,1067,10,0,352268.081359,0,-10,3782407.0548
S1_20221004_15180800086.tif,2022-10-04,15180800086,2022,train,-4.22584389,34.19198264,EPSG:32630,1062,1063,10,0,381738.081359,0,-10,3789437.0548
S1_20221004_15190000051.tif,2022-10-04,15190000051,2022,train,-5.86506042,34.95602067,EPSG:32630,1079,1081,10,0,232985.938865,0,-10,3877320.49453
S1_20221004_15190000064.tif,2022-10-04,15190000064,2022,valid,-5.83937172,34.94130114,EPSG:32630,1079,1081,10,0,235285.938865,0,-10,3875620.49453
S1_20221004_15190000103.tif,2022-10-04,15190000103,2022,train,-5.80150608,34.93672760,EPSG:32630,1078,1080,10,0,238735.938865,0,-10,3875010.49453
S1_20221004_15190000113.tif,2022-10-04,15190000113,2022,train,-5.69104861,34.96478127,EPSG:32630,1077,1079,10,0,248915.938865,0,-10,3877840.49453
S1_20221004_15190000131.tif,2022-10-04,15190000131,2022,train,-5.59236470,35.02475585,EPSG:32630,1076,1078,10,0,258105.938865,0,-10,3884250.49453
S1_20221004_15190000141.tif,2022-10-04,15190000141,2022,train,-5.58443381,35.00256974,EPSG:32630,1076,1078,10,0,258765.938865,0,-10,3881770.49453
S1_20221004_15190000196.tif,2022-10-04,15190000196,2022,valid,-5.49754408,35.02192289,EPSG:32630,1075,1077,10,0,266755.938865,0,-10,3883710.49453
S1_20221004_15301000011.tif,2022-10-04,15301000011,2022,train,-5.27853434,35.60370943,EPSG:32630,1073,1075,10,0,288235.938865,0,-10,3947760.49453
S1_20221004_15301000023.tif,2022-10-04,15301000023,2022,valid,-5.29146518,35.59269214,EPSG:32630,1073,1076,10,0,287035.938865,0,-10,3946570.49453
S1_20221004_15301000055.tif,2022-10-04,15301000055,2022,valid,-5.15803229,35.38439492,EPSG:32630,1072,1074,10,0,298625.938865,0,-10,3923180.49453
S1_20221004_15301000116.tif,2022-10-04,15301000116,2022,train,-5.15603564,35.37555105,EPSG:32630,1072,1073,10,0,298785.938865,0,-10,3922190.49453
S1_20221004_15302500031.tif,2022-10-04,15302500031,2022,train,-3.06566511,34.51878349,EPSG:32630,1049,1051,10,0,488728.081359,0,-10,3824937.0548
S1_20221004_15302500041.tif,2022-10-04,15302500041,2022,valid,-3.17976844,34.43101191,EPSG:32630,1051,1053,10,0,478228.081359,0,-10,3815227.0548
S1_20221004_15302500071.tif,2022-10-04,15302500071,2022,train,-3.39950359,34.21102953,EPSG:32630,1052,1054,10,0,457938.081359,0,-10,3790897.0548
S1_20221004_15302500081.tif,2022-10-04,15302500081,2022,train,-3.50674525,34.19124361,EPSG:32630,1054,1056,10,0,448038.081359,0,-10,3788757.0548
S1_20221004_15305800106.tif,2022-10-04,15305800106,2022,train,7.56181784,36.45467328,EPSG:32632,1064,1067,10,0,365804.173802,0,-10,4040676.47313
S1_20221004_18150000591.tif,2022-10-04,18150000591,2022,train,44.27585639,-20.93760711,EPSG:32738,1053,1053,10,0,419442.88039,0,-10,7689852.49622
S1_20221004_18150000655.tif,2022-10-04,18150000655,2022,train,44.50991512,-19.73203146,EPSG:32738,1051,1051,10,0,443392.88039,0,-10,7823352.49622
S1_20221004_18150000686.tif,2022-10-04,18150000686,2022,train,44.25624325,-20.33395433,EPSG:32738,1052,1053,10,0,417102.88039,0,-10,7756652.49622
S1_20221004_18160100145.tif,2022-10-04,18160100145,2022,train,44.49091941,-19.70324181,EPSG:32738,1051,1051,10,0,441392.88039,0,-10,7826532.49622
S1_20221004_18170300331.tif,2022-10-04,18170300331,2022,valid,44.37391674,-18.27849143,EPSG:32738,1052,1052,10,0,428564.940102,0,-10,7984149.40346
S1_20221004_18170300536.tif,2022-10-04,18170300536,2022,train,44.50997180,-18.57628293,EPSG:32738,1050,1051,10,0,443044.940102,0,-10,7951239.40346
S1_20221004_18170400023.tif,2022-10-04,18170400023,2022,train,44.11705110,-17.70622911,EPSG:32738,1053,1054,10,0,401107.123851,0,-10,8047366.21589
S1_20221004_18170400291.tif,2022-10-04,18170400291,2022,train,44.85371900,-18.17836591,EPSG:32738,1049,1049,10,0,479284.940102,0,-10,7995319.40346
S1_20221004_21307800131.tif,2022-10-04,21307800131,2022,train,20.02738339,40.98479781,EPSG:32634,1061,1064,10,0,412877.105065,0,-10,4542844.95788
S1_20221004_21307800301.tif,2022-10-04,21307800301,2022,train,20.25004057,40.47810938,EPSG:32634,1057,1060,10,0,431147.105065,0,-10,4486394.95788
S1_20221004_21406800281.tif,2022-10-04,21406800281,2022,train,7.89507681,44.46270140,EPSG:32632,1063,1066,10,0,406789.999361,0,-10,4929189.82522
S1_20221004_21602601461.tif,2022-10-04,21602601461,2022,train,7.38242535,46.24376305,EPSG:32632,1071,1074,10,0,369944.315003,0,-10,5127773.41207
S1_20221004_22740800031.tif,2022-10-04,22740800031,2022,train,16.21449845,45.45408856,EPSG:32633,1065,1068,10,0,589636.861371,0,-10,5039453.23886
S1_20221004_23120100294.tif,2022-10-04,23120100294,2022,train,-4.74067148,37.88118798,EPSG:32630,1069,1071,10,0,341576.609032,0,-10,4199415.75359
S1_20221004_23120500351.tif,2022-10-04,23120500351,2022,train,-3.97414807,38.01309592,EPSG:32630,1060,1062,10,0,409186.609032,0,-10,4213025.75359
S1_20221004_23120500376.tif,2022-10-04,23120500376,2022,valid,-3.96257083,38.00760347,EPSG:32630,1060,1062,10,0,410196.609032,0,-10,4212405.75359
S1_20221004_23140300521.tif,2022-10-04,23140300521,2022,train,-6.04065734,38.94369471,EPSG:32630,1084,1086,10,0,231049.381954,0,-10,4320355.96999
S1_20221004_23160700171.tif,2022-10-04,23160700171,2022,train,-5.26679013,39.75210519,EPSG:32630,1075,1078,10,0,300425.264626,0,-10,4408091.16418
S1_20221004_23263000554.tif,2022-10-04,23263000554,2022,train,8.15836551,50.40530765,EPSG:32632,1062,1066,10,0,434881.526519,0,-10,5589364.74422
S1_20221004_23268000983.tif,2022-10-04,23268000983,2022,train,8.60235275,46.97084558,EPSG:32632,1054,1058,10,0,464482.214411,0,-10,5207291.02344
S1_20221004_24450400324.tif,2022-10-04,24450400324,2022,train,15.44128224,62.42967108,EPSG:32633,1058,1063,10,0,517496.878796,0,-10,6927440.21756
S1_20221004_24450400353.tif,2022-10-04,24450400353,2022,train,15.31656904,62.47569816,EPSG:32633,1055,1061,10,0,511046.878796,0,-10,6932520.21756
S1_20221004_24450800571.tif,2022-10-04,24450800571,2022,train,15.36308489,61.96060901,EPSG:32633,1057,1061,10,0,513756.878796,0,-10,6875150.21756
S1_20221004_28100100091.tif,2022-10-04,28100100091,2022,valid,58.30815336,42.17808385,EPSG:32640,1065,1068,10,0,602711.495867,0,-10,4675717.15315
S1_20221004_28160700176.tif,2022-10-04,28160700176,2022,train,55.76168974,39.97192455,EPSG:32640,1063,1066,10,0,388938.475512,0,-10,4430705.29086
S1_20221004_28464800031.tif,2022-10-04,28464800031,2022,train,43.60876025,40.38486928,EPSG:32638,1066,1068,10,0,376581.714709,0,-10,4476744.38395
S1_20221004_29360400036.tif,2022-10-04,29360400036,2022,train,55.02731509,28.02527604,EPSG:32639,1085,1085,10,0,890641.730419,0,-10,3111974.65449
S1_20221004_29463000171.tif,2022-10-04,29463000171,2022,train,44.74725243,32.95642020,EPSG:32638,1051,1053,10,0,471122.74318,0,-10,3651749.04407
S1_20221004_29464100081.tif,2022-10-04,29464100081,2022,train,44.63228650,33.78425039,EPSG:32638,1052,1054,10,0,460696.75596,0,-10,3743565.25438
S1_20221004_29464100161.tif,2022-10-04,29464100161,2022,train,44.97496925,34.12133930,EPSG:32638,1049,1051,10,0,492446.75596,0,-10,3780865.25438
S1_20221004_29464100206.tif,2022-10-04,29464100206,2022,train,45.20950163,34.39618285,EPSG:32638,1050,1052,10,0,514006.75596,0,-10,3811365.25438
S1_20221004_29465000091.tif,2022-10-04,29465000091,2022,train,44.42808784,33.87366292,EPSG:32638,1054,1056,10,0,441836.75596,0,-10,3753575.25438
S1_20221004_29465000141.tif,2022-10-04,29465000141,2022,train,44.18493858,34.04743649,EPSG:32638,1057,1058,10,0,419486.75596,0,-10,3773005.25438
S1_20221004_29465000201.tif,2022-10-04,29465000201,2022,train,43.73024256,34.53450322,EPSG:32638,1062,1064,10,0,378166.75596,0,-10,3827475.25438
S1_20221004_29466000161.tif,2022-10-04,29466000161,2022,train,44.62370700,35.90818723,EPSG:32638,1053,1055,10,0,460781.262214,0,-10,3979105.54531
S1_20221004_29466000311.tif,2022-10-04,29466000311,2022,train,45.07773056,36.16259398,EPSG:32638,1050,1052,10,0,501741.262214,0,-10,4007245.54531
S1_20221004_29466000321.tif,2022-10-04,29466000321,2022,valid,45.18501806,36.09007988,EPSG:32638,1051,1052,10,0,511401.262214,0,-10,3999215.54531
S1_20221004_29468000051.tif,2022-10-04,29468000051,2022,train,43.64858872,36.28138105,EPSG:32638,1064,1066,10,0,373311.262214,0,-10,4021335.54531
S1_20221004_29468000111.tif,2022-10-04,29468000111,2022,train,43.97380795,36.57913008,EPSG:32638,1060,1062,10,0,402891.262214,0,-10,4053985.54531
S1_20221004_29471000121.tif,2022-10-04,29471000121,2022,train,46.44822467,30.92720316,EPSG:32638,1062,1063,10,0,633058.223114,0,-10,3427748.13099
S1_20221004_29472000081.tif,2022-10-04,29472000081,2022,valid,45.80821259,32.48351192,EPSG:32638,1057,1058,10,0,570652.74318,0,-10,3599609.04407
S1_20221004_29472000161.tif,2022-10-04,29472000161,2022,train,46.15662798,31.46027876,EPSG:32638,1060,1061,10,0,604588.223114,0,-10,3486498.13099
S1_20221004_29477000071.tif,2022-10-04,29477000071,2022,train,45.70567793,31.16441790,EPSG:32638,1055,1056,10,0,561978.223114,0,-10,3453318.13099
S1_20221004_29477000121.tif,2022-10-04,29477000121,2022,train,45.24751936,31.32897614,EPSG:32638,1050,1052,10,0,518298.223114,0,-10,3471348.13099
S1_20221004_29478000011.tif,2022-10-04,29478000011,2022,train,45.18271095,31.27079756,EPSG:32638,1051,1052,10,0,512138.223114,0,-10,3464888.13099
S1_20221004_29478000021.tif,2022-10-04,29478000021,2022,valid,45.07653722,31.30663501,EPSG:32638,1049,1050,10,0,502038.223114,0,-10,3468838.13099
S1_20221004_29479000071.tif,2022-10-04,29479000071,2022,valid,44.59412654,31.60190880,EPSG:32638,1052,1053,10,0,456238.223114,0,-10,3501648.13099
S1_20221004_29479000161.tif,2022-10-04,29479000161,2022,train,44.49444583,31.80806851,EPSG:32638,1054,1055,10,0,446878.223114,0,-10,3524548.13099
S1_20221004_29479000191.tif,2022-10-04,29479000191,2022,train,44.56277113,31.99331432,EPSG:32638,1052,1054,10,0,453438.223114,0,-10,3545048.13099
S1_20221004_29479000264.tif,2022-10-04,29479000264,2022,train,44.26739695,32.72730638,EPSG:32638,1056,1057,10,0,426072.74318,0,-10,3626579.04407
S1_20221004_29479000291.tif,2022-10-04,29479000291,2022,train,44.81884906,32.02104875,EPSG:32638,1051,1051,10,0,477638.223114,0,-10,3548038.13099
S1_20221004_29479000411.tif,2022-10-04,29479000411,2022,train,44.62237880,32.37566321,EPSG:32638,1053,1054,10,0,459212.74318,0,-10,3587409.04407
S1_20221004_29479000521.tif,2022-10-04,29479000521,2022,train,44.64046398,31.77798000,EPSG:32638,1052,1053,10,0,460698.223114,0,-10,3521148.13099
S1_20221004_29491000021.tif,2022-10-04,29491000021,2022,train,44.23822445,32.86960874,EPSG:32638,1056,1058,10,0,423452.74318,0,-10,3642379.04407
S1_20221004_29491000041.tif,2022-10-04,29491000041,2022,train,44.06395361,33.11728496,EPSG:32638,1058,1060,10,0,407382.74318,0,-10,3669979.04407
S1_20221004_31248301021.tif,2022-10-04,31248301021,2022,train,83.99322219,54.60730214,EPSG:32645,1094,1098,10,0,300346.212242,0,-10,6060739.03499
S1_20221004_31248404041.tif,2022-10-04,31248404041,2022,train,84.34642923,53.98618194,EPSG:32645,1089,1093,10,0,320576.212242,0,-10,5990709.03499
S1_20221004_43307000151.tif,2022-10-04,43307000151,2022,train,119.53896599,33.81249950,EPSG:32650,1075,1077,10,0,729636.420494,0,-10,3749650.36401
S1_20221004_43308000031.tif,2022-10-04,43308000031,2022,train,120.00036469,34.00878583,EPSG:32650,1080,1082,10,0,771696.420494,0,-10,3772600.36401
S1_20221004_43504800083.tif,2022-10-04,43504800083,2022,valid,118.84005291,29.47246978,EPSG:32650,1065,1067,10,0,673090.882708,0,-10,3267077.92595
S1_20221004_45247400793.tif,2022-10-04,45247400793,2022,train,78.29240398,24.96081893,EPSG:32643,1075,1076,10,0,827084.427393,0,-10,2770023.23907
S1_20221004_45247401381.tif,2022-10-04,45247401381,2022,train,78.79549786,25.52382935,EPSG:32643,1079,1080,10,0,876144.427393,0,-10,2833803.23907
S1_20221004_45247700061.tif,2022-10-04,45247700061,2022,train,79.40667701,26.42487572,EPSG:32644,1061,1062,10,0,335804.460847,0,-10,2929030.87227
S1_20221004_45247800391.tif,2022-10-04,45247800391,2022,train,77.79785382,26.48363321,EPSG:32644,1075,1077,10,0,175384.460847,0,-10,2938610.87227
S1_20221004_45247801601.tif,2022-10-04,45247801601,2022,valid,77.86934984,25.22237828,EPSG:32643,1071,1073,10,0,783744.427393,0,-10,2798023.23907
S1_20221004_45248100771.tif,2022-10-04,45248100771,2022,valid,77.60817151,26.45070109,EPSG:32644,1077,1078,10,0,156354.460847,0,-10,2935450.87227
S1_20221004_45248400944.tif,2022-10-04,45248400944,2022,train,77.07106252,23.48088481,EPSG:32643,1064,1064,10,0,706197.998206,0,-10,2603598.83843
S1_20221004_45248802334.tif,2022-10-04,45248802334,2022,train,76.80597408,24.21737163,EPSG:32643,1062,1062,10,0,678087.998206,0,-10,2684788.83843
S1_20221004_45346600701.tif,2022-10-04,45346600701,2022,train,78.13908195,20.58716676,EPSG:32643,1069,1070,10,0,821908.758699,0,-10,2284963.82218
S1_20221004_45346901116.tif,2022-10-04,45346901116,2022,valid,77.36707515,19.76977545,EPSG:32643,1064,1064,10,0,742701.209765,0,-10,2193058.58596
S1_20221004_45404900033.tif,2022-10-04,45404900033,2022,train,76.06468280,21.15171212,EPSG:32643,1055,1055,10,0,605268.758699,0,-10,2344583.82218
S1_20221004_45406102124.tif,2022-10-04,45406102124,2022,valid,76.27043985,22.12093229,EPSG:32643,1057,1058,10,0,625747.144822,0,-10,2452049.66382
S1_20221004_45406200251.tif,2022-10-04,45406200251,2022,train,76.61775657,21.93171222,EPSG:32643,1059,1060,10,0,661787.144822,0,-10,2431449.66382
S1_20221004_45406500081.tif,2022-10-04,45406500081,2022,train,78.24069283,22.90480508,EPSG:32643,1072,1073,10,0,827107.998206,0,-10,2542008.83843
S1_20221004_45585900224.tif,2022-10-04,45585900224,2022,train,71.02355179,29.34457055,EPSG:32642,1066,1068,10,0,691127.976309,0,-10,3253202.63843
S1_20221004_46177400124.tif,2022-10-04,46177400124,2022,train,67.60952532,37.79526331,EPSG:32642,1064,1067,10,0,372258.398571,0,-10,4189344.92355
S1_20221004_46177400131.tif,2022-10-04,46177400131,2022,train,67.60956593,37.80824184,EPSG:32642,1065,1067,10,0,372278.398571,0,-10,4190784.92355
S1_20221004_46177500041.tif,2022-10-04,46177500041,2022,train,67.62691440,37.23269746,EPSG:32642,1064,1067,10,0,372878.398571,0,-10,4126904.92355
S1_20221004_46177800011.tif,2022-10-04,46177800011,2022,train,68.03444877,36.95152101,EPSG:32642,1059,1061,10,0,408738.398571,0,-10,4095234.92355
S1_20221004_46192000111.tif,2022-10-04,46192000111,2022,train,70.16535273,37.10449642,EPSG:32642,1062,1063,10,0,598238.398571,0,-10,4112414.92355
S1_20221004_48201600101.tif,2022-10-04,48201600101,2022,train,95.91656015,39.06530733,EPSG:32646,1083,1086,10,0,746925.37575,0,-10,4333503.29762
S1_20221004_48201800074.tif,2022-10-04,48201800074,2022,train,96.86304342,40.48403248,EPSG:32646,1095,1098,10,0,821972.517548,0,-10,4494144.98106
S1_20221004_48201900021.tif,2022-10-04,48201900021,2022,train,96.75411058,40.02766619,EPSG:32646,1093,1096,10,0,814895.37575,0,-10,4443063.29762
S1_20221004_48201900074.tif,2022-10-04,48201900074,2022,train,96.81463195,39.96061621,EPSG:32646,1094,1097,10,0,820375.37575,0,-10,4435843.29762
S1_20221004_48249900051.tif,2022-10-04,48249900051,2022,valid,81.41404116,37.60662325,EPSG:32644,1053,1056,10,0,531280.109632,0,-10,4167531.09333
S1_20221004_48249900061.tif,2022-10-04,48249900061,2022,train,81.38444719,37.51383903,EPSG:32644,1053,1055,10,0,528710.109632,0,-10,4157221.09333
S1_20221004_48249900071.tif,2022-10-04,48249900071,2022,train,81.37913638,37.49294462,EPSG:32644,1053,1055,10,0,528250.109632,0,-10,4154901.09333
S1_20221004_48249900091.tif,2022-10-04,48249900091,2022,train,81.40871447,37.39874308,EPSG:32644,1053,1055,10,0,530910.109632,0,-10,4144461.09333
S1_20221004_48249900231.tif,2022-10-04,48249900231,2022,train,81.70867451,36.87315963,EPSG:32644,1056,1059,10,0,557880.109632,0,-10,4086331.09333
S1_20221004_48249900271.tif,2022-10-04,48249900271,2022,train,81.61550226,36.70641278,EPSG:32644,1055,1058,10,0,549700.109632,0,-10,4067771.09333
S1_20221004_48249900311.tif,2022-10-04,48249900311,2022,valid,81.44553273,36.36297540,EPSG:32644,1054,1056,10,0,534700.109632,0,-10,4029581.09333
S1_20221004_48250500051.tif,2022-10-04,48250500051,2022,train,82.46224827,40.97546642,EPSG:32644,1067,1069,10,0,617689.804716,0,-10,4542408.14228
S1_20221004_48250500071.tif,2022-10-04,48250500071,2022,train,82.25942884,40.93831582,EPSG:32644,1064,1067,10,0,600699.804716,0,-10,4538008.14228
S1_20221004_48250500111.tif,2022-10-04,48250500111,2022,train,81.78297534,40.71273199,EPSG:32644,1059,1061,10,0,560839.804716,0,-10,4512468.14228
S1_20221004_48261000991.tif,2022-10-04,48261000991,2022,train,80.76357941,38.30868527,EPSG:32644,1051,1054,10,0,474075.199683,0,-10,4245361.63008
S1_20221004_48302200031.tif,2022-10-04,48302200031,2022,train,93.55661103,37.42543362,EPSG:32646,1055,1057,10,0,543972.976385,0,-10,4147499.18303
S1_20221004_53159300091.tif,2022-10-04,53159300091,2022,train,135.05442819,-3.96611160,EPSG:32753,1048,1048,10,0,500802.088102,0,-10,9566858.27867
S1_20221004_53159300111.tif,2022-10-04,53159300111,2022,train,135.09631538,-3.95923216,EPSG:32753,1048,1048,10,0,505452.088102,0,-10,9567618.27867
S1_20221004_53159301401.tif,2022-10-04,53159301401,2022,valid,135.17747040,-4.32864462,EPSG:32753,1048,1047,10,0,514452.088102,0,-10,9526778.27867
S1_20221004_56257600181.tif,2022-10-04,56257600181,2022,train,133.88130285,-13.12118465,EPSG:32753,1053,1053,10,0,373474.131195,0,-10,8554459.09909
S1_20221004_56257900013.tif,2022-10-04,56257900013,2022,train,134.80427374,-12.15169045,EPSG:32753,1049,1048,10,0,473460.366777,0,-10,8661904.98357
S1_20221004_56257900035.tif,2022-10-04,56257900035,2022,valid,134.88870290,-12.13527854,EPSG:32753,1048,1048,10,0,482650.366777,0,-10,8663724.98357
S1_20221004_57108000253.tif,2022-10-04,57108000253,2022,train,175.68617704,-38.30461045,EPSG:32760,1064,1066,10,0,379806.261539,0,-10,5764900.49033
S1_20221004_62294900986.tif,2022-10-04,62294900986,2022,valid,-74.99141915,1.98054918,EPSG:32618,1048,1047,10,0,495714.267035,0,-10,224146.06964
S1_20221004_62297802111.tif,2022-10-04,62297802111,2022,train,-75.58863208,-1.51548103,EPSG:32718,1048,1048,10,0,429281.58708,0,-10,9837724.52396
S1_20221004_62298300521.tif,2022-10-04,62298300521,2022,train,-75.89585932,-4.76144863,EPSG:32718,1049,1049,10,0,395406.001984,0,-10,9478885.23896
S1_20221004_62298600651.tif,2022-10-04,62298600651,2022,train,-76.76466968,-3.80727351,EPSG:32718,1050,1050,10,0,298786.001984,0,-10,9584225.23896
S1_20221004_64182000011.tif,2022-10-04,64182000011,2022,valid,-57.55610590,-30.21577542,EPSG:32721,1053,1055,10,0,441215.867209,0,-10,6662448.87898
S1_20221004_64184000111.tif,2022-10-04,64184000111,2022,train,-57.53989171,-29.61171691,EPSG:32721,1053,1054,10,0,442461.783211,0,-10,6729386.59777
S1_20221004_64185000156.tif,2022-10-04,64185000156,2022,train,-56.82139353,-29.67654742,EPSG:32721,1050,1051,10,0,512031.783211,0,-10,6722296.59777
S1_20221004_64212000185.tif,2022-10-04,64212000185,2022,train,-60.29550505,-33.22427646,EPSG:32721,1083,1084,10,0,187445.707031,0,-10,6324426.34486
S1_20221004_64212000255.tif,2022-10-04,64212000255,2022,train,-59.74261326,-33.61496734,EPSG:32721,1077,1079,10,0,240165.707031,0,-10,6282556.34486
S1_20221004_64216000091.tif,2022-10-04,64216000091,2022,train,-60.34918776,-32.61790214,EPSG:32721,1082,1084,10,0,180305.707031,0,-10,6391536.34486
S1_20221004_64217000245.tif,2022-10-04,64217000245,2022,train,-60.39516452,-32.78987359,EPSG:32721,1083,1085,10,0,176595.707031,0,-10,6372326.34486
S1_20221004_64231000171.tif,2022-10-04,64231000171,2022,train,-59.80854588,-30.93696229,EPSG:32721,1076,1077,10,0,226271.943507,0,-10,6579386.30551
S1_20221004_64231000763.tif,2022-10-04,64231000763,2022,train,-59.56150746,-30.31256588,EPSG:32721,1072,1074,10,0,248325.867209,0,-10,6649168.87898
S1_20221004_64235800021.tif,2022-10-04,64235800021,2022,train,-58.69945269,-27.55845762,EPSG:32721,1063,1064,10,0,326900.216486,0,-10,6955876.51789
S1_20221004_64247801381.tif,2022-10-04,64247801381,2022,train,-53.72279124,-17.93609667,EPSG:32721,1067,1068,10,0,841878.129106,0,-10,8019164.08105
S1_20221004_64249400861.tif,2022-10-04,64249400861,2022,valid,-54.34943986,-16.88626021,EPSG:32721,1062,1063,10,0,777078.129106,0,-10,8136444.08105
S1_20221004_64249402571.tif,2022-10-04,64249402571,2022,valid,-54.92770586,-17.08834938,EPSG:32721,1060,1059,10,0,715218.129106,0,-10,8114794.08105
S1_20221004_65120600281.tif,2022-10-04,65120600281,2022,train,-60.17578708,-35.05544049,EPSG:32721,1082,1084,10,0,204938.915341,0,-10,6121615.30074
S1_20221004_65120600311.tif,2022-10-04,65120600311,2022,train,-60.43746367,-35.03608924,EPSG:32721,1086,1087,10,0,180968.915341,0,-10,6122985.30074
S1_20221004_65120600403.tif,2022-10-04,65120600403,2022,valid,-60.80071047,-34.59182319,EPSG:32721,1089,1091,10,0,145928.915341,0,-10,6171105.30074
S1_20221004_67107600191.tif,2022-10-04,67107600191,2022,train,-77.87030077,-8.81615380,EPSG:32718,1056,1056,10,0,178949.381349,0,-10,9029540.24634
S1_20221004_67107600376.tif,2022-10-04,67107600376,2022,train,-77.42092689,-9.82218117,EPSG:32718,1056,1056,10,0,229179.381349,0,-10,8918570.24634
S1_20221004_71388000101.tif,2022-10-04,71388000101,2022,train,-81.63044599,49.15122951,EPSG:32617,1058,1062,10,0,448737.491511,0,-10,5449768.79574
S1_20221004_72302000111.tif,2022-10-04,72302000111,2022,train,-57.42042832,49.16259080,EPSG:32621,1055,1059,10,0,464074.071152,0,-10,5450910.56656
S1_20221004_72302000231.tif,2022-10-04,72302000231,2022,valid,-57.16328520,49.15523482,EPSG:32621,1052,1055,10,0,482834.071152,0,-10,5450000.56656
S1_20221004_72319000175.tif,2022-10-04,72319000175,2022,valid,-59.52897708,54.02458506,EPSG:32621,1087,1091,10,0,328906.039962,0,-10,5994671.52287
S1_20221004_72350100101.tif,2022-10-04,72350100101,2022,train,-59.99531345,52.98650190,EPSG:32621,1093,1098,10,0,293480.877674,0,-10,5880457.00519
S1_20221004_72350100305.tif,2022-10-04,72350100305,2022,valid,-59.99967816,53.50548258,EPSG:32621,1094,1098,10,0,295606.039962,0,-10,5938181.52287
S1_20221004_72350100405.tif,2022-10-04,72350100405,2022,train,-59.68632149,53.73147667,EPSG:32621,1089,1093,10,0,317356.039962,0,-10,5962461.52287
S1_20221004_72350200173.tif,2022-10-04,72350200173,2022,valid,-58.87857519,52.75644213,EPSG:32621,1077,1081,10,0,367840.877674,0,-10,5852237.00519
S1_20221004_72350200436.tif,2022-10-04,72350200436,2022,valid,-58.80405921,52.67636503,EPSG:32621,1076,1080,10,0,372650.877674,0,-10,5843197.00519
S1_20221004_72350800011.tif,2022-10-04,72350800011,2022,train,-58.70172757,51.27540117,EPSG:32621,1073,1078,10,0,375937.521477,0,-10,5687216.63766
S1_20221004_72555600081.tif,2022-10-04,72555600081,2022,train,-80.23694285,43.09263649,EPSG:32617,1059,1062,10,0,556807.1387,0,-10,4776694.53127
S1_20221004_73190600264.tif,2022-10-04,73190600264,2022,valid,-79.30126652,37.50351158,EPSG:32617,1068,1070,10,0,644809.893058,0,-10,4157436.27706
S1_20221004_73214000263.tif,2022-10-04,73214000263,2022,train,-78.45947810,36.60545916,EPSG:32617,1076,1079,10,0,721849.893058,0,-10,4059506.27706
S1_20221004_73214000554.tif,2022-10-04,73214000554,2022,train,-79.43323243,36.57614117,EPSG:32617,1066,1068,10,0,634849.893058,0,-10,4054336.27706
S1_20221004_73218000354.tif,2022-10-04,73218000354,2022,train,-79.09761505,35.62173032,EPSG:32617,1070,1071,10,0,666932.761326,0,-10,3949015.33556
S1_20221004_73218000361.tif,2022-10-04,73218000361,2022,train,-79.15556638,35.60550324,EPSG:32617,1069,1071,10,0,661722.761326,0,-10,3947115.33556
S1_20221004_73218000431.tif,2022-10-04,73218000431,2022,train,-79.58309664,35.52189974,EPSG:32617,1064,1066,10,0,623152.761326,0,-10,3937175.33556
S1_20221004_73220700121.tif,2022-10-04,73220700121,2022,train,-79.67594545,34.37666739,EPSG:32617,1063,1064,10,0,616420.189216,0,-10,3810035.68544
S1_20221004_73220700161.tif,2022-10-04,73220700161,2022,train,-79.80029700,34.48809928,EPSG:32617,1061,1063,10,0,604850.189216,0,-10,3822245.68544
S1_20221004_73220700234.tif,2022-10-04,73220700234,2022,train,-79.88149209,34.98805981,EPSG:32617,1060,1063,10,0,596782.761326,0,-10,3877605.33556
S1_20221004_73240100246.tif,2022-10-04,73240100246,2022,train,-79.24441360,33.13091921,EPSG:32617,1066,1068,10,0,658437.329319,0,-10,3672512.36476
S1_20221004_74222400031.tif,2022-10-04,74222400031,2022,train,-91.73528057,31.61287913,EPSG:32615,1061,1062,10,0,614658.118652,0,-10,3503531.65658
S1_20221004_74222700091.tif,2022-10-04,74222700091,2022,train,-92.12673397,32.63430810,EPSG:32615,1057,1059,10,0,576628.075343,0,-10,3616379.14136
S1_20221004_74222900271.tif,2022-10-04,74222900271,2022,train,-92.99797148,33.77745286,EPSG:32615,1049,1050,10,0,494942.8165,0,-10,3742730.83996
S1_20221004_74222900301.tif,2022-10-04,74222900301,2022,train,-93.29377712,33.85042887,EPSG:32615,1052,1054,10,0,467562.8165,0,-10,3750880.83996
S1_20221004_74223100041.tif,2022-10-04,74223100041,2022,train,-92.11063116,31.22836366,EPSG:32615,1057,1058,10,0,579418.118652,0,-10,3460541.65658
S1_20221004_74223100101.tif,2022-10-04,74223100101,2022,train,-92.29833787,31.18914863,EPSG:32615,1055,1057,10,0,561578.118652,0,-10,3456061.65658
S1_20221004_74223500084.tif,2022-10-04,74223500084,2022,train,-93.48975306,32.25425870,EPSG:32615,1054,1055,10,0,448598.075343,0,-10,3573999.14136
S1_20221004_74223500131.tif,2022-10-04,74223500131,2022,train,-93.67254732,32.38859885,EPSG:32615,1055,1056,10,0,431468.075343,0,-10,3588989.14136
S1_20221004_74241100093.tif,2022-10-04,74241100093,2022,train,-91.40217614,34.00287760,EPSG:32615,1065,1067,10,0,642232.8165,0,-10,3768960.83996
S1_20221004_74252400173.tif,2022-10-04,74252400173,2022,valid,-92.16441786,35.60431416,EPSG:32615,1058,1059,10,0,570394.30496,0,-10,3945678.86626
S1_20221004_74252400181.tif,2022-10-04,74252400181,2022,train,-92.22603506,35.64304472,EPSG:32615,1057,1059,10,0,564784.30496,0,-10,3949928.86626
S1_20221004_74252800093.tif,2022-10-04,74252800093,2022,train,-92.25405655,36.48185382,EPSG:32615,1057,1059,10,0,561534.30496,0,-10,4042948.86626
S1_20221004_74252900041.tif,2022-10-04,74252900041,2022,train,-92.45998648,36.21272989,EPSG:32615,1055,1056,10,0,543264.30496,0,-10,4012958.86626
S1_20221004_74252900261.tif,2022-10-04,74252900261,2022,train,-93.24710759,36.63208376,EPSG:32615,1051,1053,10,0,472652.839757,0,-10,4059352.9181
S1_20221004_74252900323.tif,2022-10-04,74252900323,2022,train,-93.37209214,36.57162907,EPSG:32615,1053,1055,10,0,461442.839757,0,-10,4052692.9181
S1_20221004_74269800201.tif,2022-10-04,74269800201,2022,train,-79.99559595,40.00322567,EPSG:32617,1061,1064,10,0,580427.365401,0,-10,4433918.31985
S1_20221004_74269800404.tif,2022-10-04,74269800404,2022,train,-80.03295884,39.31386587,EPSG:32617,1060,1063,10,0,578067.365401,0,-10,4357368.31985
S1_20221004_74269900513.tif,2022-10-04,74269900513,2022,train,-79.19548809,41.83144847,EPSG:32617,1071,1073,10,0,644486.897547,0,-10,4638001.41614
S1_20221004_74269900584.tif,2022-10-04,74269900584,2022,valid,-80.15046248,41.71787308,EPSG:32617,1060,1062,10,0,565366.897547,0,-10,4624111.41614
S1_20221004_74269900661.tif,2022-10-04,74269900661,2022,train,-79.30098445,40.46029158,EPSG:32617,1069,1071,10,0,638707.365401,0,-10,4485588.31985
S1_20221004_74269900831.tif,2022-10-04,74269900831,2022,train,-78.96725358,40.45535319,EPSG:32617,1073,1075,10,0,666997.365401,0,-10,4485658.31985
S1_20221004_74291400101.tif,2022-10-04,74291400101,2022,train,-92.46871963,38.21869074,EPSG:32615,1055,1057,10,0,541231.295442,0,-10,4235498.0612
S1_20221004_74291400733.tif,2022-10-04,74291400733,2022,train,-92.64433093,38.11904395,EPSG:32615,1053,1055,10,0,525911.295442,0,-10,4224358.0612
S1_20221004_74291400743.tif,2022-10-04,74291400743,2022,train,-92.57263354,38.06643996,EPSG:32615,1053,1056,10,0,532222.839757,0,-10,4218552.9181
S1_20221004_74291500061.tif,2022-10-04,74291500061,2022,train,-92.40525208,38.81917071,EPSG:32615,1056,1058,10,0,546351.295442,0,-10,4302168.0612
S1_20221004_74291800076.tif,2022-10-04,74291800076,2022,train,-93.66523037,39.76337256,EPSG:32615,1057,1059,10,0,437735.38182,0,-10,4407001.00318
S1_20221004_74300500071.tif,2022-10-04,74300500071,2022,train,-92.08276839,30.12793150,EPSG:32615,1057,1059,10,0,583068.064062,0,-10,3338611.32753
S1_20221004_75340600083.tif,2022-10-04,75340600083,2022,train,-96.50861205,18.23793101,EPSG:32614,1063,1064,10,0,758141.099207,0,-10,2023623.06357
S1_20221004_75340600263.tif,2022-10-04,75340600263,2022,train,-96.49623106,18.15851842,EPSG:32614,1063,1063,10,0,759571.099207,0,-10,2014843.06357
S1_20221004_76400100131.tif,2022-10-04,76400100131,2022,train,-72.15616302,18.84953130,EPSG:32619,1068,1069,10,0,162042.725094,0,-10,2092485.50777
S1_20221004_76400100181.tif,2022-10-04,76400100181,2022,train,-71.60301849,19.78949467,EPSG:32619,1065,1066,10,0,221952.725094,0,-10,2195615.50777
S1_20221004_76400100191.tif,2022-10-04,76400100191,2022,train,-71.56185576,19.75672415,EPSG:32619,1065,1065,10,0,226212.725094,0,-10,2191915.50777
S1_20221004_76400100201.tif,2022-10-04,76400100201,2022,train,-71.53988673,19.72154927,EPSG:32619,1064,1065,10,0,228462.725094,0,-10,2187985.50777
S1_20221004_76400100211.tif,2022-10-04,76400100211,2022,train,-71.45116095,19.72201740,EPSG:32619,1063,1064,10,0,237772.725094,0,-10,2187895.50777
S1_20221004_76400100221.tif,2022-10-04,76400100221,2022,train,-71.43574700,19.70859134,EPSG:32619,1064,1064,10,0,239362.725094,0,-10,2186385.50777
S1_20221004_76400100234.tif,2022-10-04,76400100234,2022,train,-71.40051710,19.68332865,EPSG:32619,1063,1064,10,0,243022.725094,0,-10,2183535.50777
S1_20221004_76400100241.tif,2022-10-04,76400100241,2022,train,-71.39277807,19.66297703,EPSG:32619,1063,1063,10,0,243802.725094,0,-10,2181265.50777
S1_20221004_76400100251.tif,2022-10-04,76400100251,2022,train,-71.28604268,19.66572174,EPSG:32619,1063,1063,10,0,255002.725094,0,-10,2181415.50777
S1_20221004_76400100261.tif,2022-10-04,76400100261,2022,train,-71.22987572,19.62348196,EPSG:32619,1063,1062,10,0,260832.725094,0,-10,2176655.50777
S1_20221004_76400100281.tif,2022-10-04,76400100281,2022,train,-71.06035037,19.59000491,EPSG:32619,1061,1062,10,0,278582.725094,0,-10,2172725.50777
S1_20221004_76400100293.tif,2022-10-04,76400100293,2022,train,-71.97090955,18.89383996,EPSG:32619,1066,1067,10,0,181672.725094,0,-10,2097045.50777
S1_20221004_76400100301.tif,2022-10-04,76400100301,2022,train,-71.92273721,18.89455915,EPSG:32619,1066,1066,10,0,186752.725094,0,-10,2097035.50777
S1_20221004_76400100311.tif,2022-10-04,76400100311,2022,train,-71.88589071,18.91418582,EPSG:32619,1066,1066,10,0,190672.725094,0,-10,2099145.50777
S1_20221004_76400100496.tif,2022-10-04,76400100496,2022,valid,-71.03603096,19.58111315,EPSG:32619,1061,1061,10,0,281122.725094,0,-10,2171705.50777
S1_20221004_77117000091.tif,2022-10-04,77117000091,2022,train,-96.95905221,15.94982191,EPSG:32614,1059,1058,10,0,713163.115423,0,-10,1769744.49023
S1_20221004_77117000151.tif,2022-10-04,77117000151,2022,valid,-95.99495637,15.83513897,EPSG:32614,1064,1064,10,0,816583.115423,0,-10,1758324.49023
S1_20221004_77119100076.tif,2022-10-04,77119100076,2022,train,-97.84444316,16.47891646,EPSG:32614,1054,1054,10,0,618073.115423,0,-10,1827534.49023
S1_20221004_78230000351.tif,2022-10-04,78230000351,2022,valid,-121.37812077,45.70087160,EPSG:32610,1071,1074,10,0,620905.49781,0,-10,5067462.30703
S1_20221004_78230000443.tif,2022-10-04,78230000443,2022,train,-120.95689418,45.65554383,EPSG:32610,1077,1079,10,0,653795.49781,0,-10,5063202.30703
S1_20221004_78240000031.tif,2022-10-04,78240000031,2022,train,-120.83278694,45.49375571,EPSG:32610,1078,1081,10,0,663945.49781,0,-10,5045492.30703
S1_20221004_78240000074.tif,2022-10-04,78240000074,2022,train,-121.03786157,45.25807197,EPSG:32610,1075,1078,10,0,648575.49781,0,-10,5018882.30703
S1_20221004_78240000091.tif,2022-10-04,78240000091,2022,train,-121.11305681,45.07512004,EPSG:32610,1074,1077,10,0,643155.49781,0,-10,4998412.30703
S1_20221004_78240000143.tif,2022-10-04,78240000143,2022,train,-121.23441944,44.70986678,EPSG:32610,1072,1075,10,0,634495.49781,0,-10,4957612.30703
S1_20221004_78250200031.tif,2022-10-04,78250200031,2022,train,-120.46941302,45.62269279,EPSG:32610,1082,1086,10,0,691865.49781,0,-10,5060672.30703
S1_20221004_78250200071.tif,2022-10-04,78250200071,2022,train,-120.50054575,45.41837517,EPSG:32610,1082,1085,10,0,690145.49781,0,-10,5037892.30703
S1_20221004_78250300033.tif,2022-10-04,78250300033,2022,train,-120.19868003,45.73712009,EPSG:32610,1086,1089,10,0,712505.49781,0,-10,5074102.30703
S1_20221004_78250500013.tif,2022-10-04,78250500013,2022,train,-119.92166322,45.82602703,EPSG:32610,1090,1093,10,0,733655.49781,0,-10,5084792.30703
S1_20221004_78250500083.tif,2022-10-04,78250500083,2022,train,-119.17932994,45.92695003,EPSG:32610,1100,1102,10,0,790725.49781,0,-10,5098542.30703
S1_20221004_78261500291.tif,2022-10-04,78261500291,2022,train,-120.05235802,47.77122373,EPSG:32610,1089,1092,10,0,715396.893984,0,-10,5300541.36534
S1_20221004_78261500373.tif,2022-10-04,78261500373,2022,train,-120.00558127,47.18314834,EPSG:32610,1090,1093,10,0,721415.554467,0,-10,5235332.5314
S1_20221004_78261500393.tif,2022-10-04,78261500393,2022,train,-120.03473682,47.06371965,EPSG:32610,1089,1092,10,0,719715.554467,0,-10,5221972.5314
S1_20221004_78261700021.tif,2022-10-04,78261700021,2022,train,-119.88348504,47.92194184,EPSG:32610,1092,1095,10,0,727356.893984,0,-10,5317801.36534
S1_20221004_78261700041.tif,2022-10-04,78261700041,2022,valid,-119.87197700,47.99280781,EPSG:32610,1092,1095,10,0,727896.893984,0,-10,5325711.36534
S1_20221004_78263000031.tif,2022-10-04,78263000031,2022,train,-119.61480231,47.99864728,EPSG:32610,1095,1099,10,0,747036.893984,0,-10,5327191.36534
S1_20221004_78263000071.tif,2022-10-04,78263000071,2022,train,-119.19919047,48.12561315,EPSG:32610,1101,1104,10,0,777306.893984,0,-10,5342771.36534
S1_20221004_78280700071.tif,2022-10-04,78280700071,2022,valid,-113.97148386,44.87505156,EPSG:32611,1088,1092,10,0,733772.238469,0,-10,4978993.0932
S1_20221004_78291000384.tif,2022-10-04,78291000384,2022,train,-116.92153078,44.03747482,EPSG:32611,1051,1053,10,0,501032.238469,0,-10,4881303.0932
S1_20221004_78291000444.tif,2022-10-04,78291000444,2022,train,-116.44288648,43.92513007,EPSG:32611,1056,1059,10,0,539442.238469,0,-10,4869003.0932
S1_20221004_78293000021.tif,2022-10-04,78293000021,2022,train,-116.97179895,43.96722592,EPSG:32611,1050,1052,10,0,497012.238469,0,-10,4873493.0932
S1_20221004_78296000011.tif,2022-10-04,78296000011,2022,train,-117.05304409,43.78961907,EPSG:32611,1050,1053,10,0,490482.238469,0,-10,4853773.0932
S1_20221004_78297000121.tif,2022-10-04,78297000121,2022,valid,-116.08776272,42.98593553,EPSG:32611,1060,1064,10,0,569072.140017,0,-10,4764976.6576
S1_20221004_78299100274.tif,2022-10-04,78299100274,2022,train,-114.40141879,42.59528353,EPSG:32611,1081,1084,10,0,707792.140017,0,-10,4724566.6576
S1_20221004_78310600141.tif,2022-10-04,78310600141,2022,train,-121.52607691,47.80200773,EPSG:32610,1070,1073,10,0,605016.893984,0,-10,5300711.36534
S1_20221004_78310600266.tif,2022-10-04,78310600266,2022,train,-121.40214343,47.72571161,EPSG:32610,1071,1074,10,0,614466.893984,0,-10,5292421.36534
S1_20221004_78310800104.tif,2022-10-04,78310800104,2022,valid,-121.45092291,48.34639652,EPSG:32610,1070,1074,10,0,609426.893984,0,-10,5361331.36534
S1_20221004_78310800161.tif,2022-10-04,78310800161,2022,train,-121.40742366,48.56600114,EPSG:32610,1071,1075,10,0,612136.893984,0,-10,5385811.36534
S1_20221004_78321000141.tif,2022-10-04,78321000141,2022,valid,-121.42999938,49.72553684,EPSG:32610,1072,1075,10,0,607794.297033,0,-10,5514673.31482
S1_20221004_78322500061.tif,2022-10-04,78322500061,2022,train,-121.28226536,50.49836912,EPSG:32610,1074,1078,10,0,616454.297033,0,-10,5600843.31482
S1_20221004_81160600161.tif,2022-10-04,81160600161,2022,train,-158.06368281,59.91221906,EPSG:32604,1065,1069,10,0,547037.735253,0,-10,6647350.50696
S1_20221004_81160600476.tif,2022-10-04,81160600476,2022,valid,-159.15328075,59.95105747,EPSG:32604,1052,1058,10,0,486177.735253,0,-10,6651260.50696
S1_20221004_81170000391.tif,2022-10-04,81170000391,2022,train,-159.07308459,58.92686504,EPSG:32604,1051,1056,10,0,490537.221491,0,-10,6537190.74327
S1_20221004_81170000611.tif,2022-10-04,81170000611,2022,valid,-158.79241114,58.96883884,EPSG:32604,1054,1058,10,0,506667.221491,0,-10,6541890.74327
S1_20221004_81170000673.tif,2022-10-04,81170000673,2022,train,-158.89920591,59.19702462,EPSG:32604,1052,1057,10,0,500497.735253,0,-10,6567280.50696
S1_20221004_81181900201.tif,2022-10-04,81181900201,2022,train,-157.30213935,61.76054257,EPSG:32604,1078,1083,10,0,584229.263734,0,-10,6854089.75384
S1_20221004_81181900211.tif,2022-10-04,81181900211,2022,train,-157.17764788,61.69963629,EPSG:32604,1080,1084,10,0,590979.263734,0,-10,6847489.75384
S1_20221004_81210600881.tif,2022-10-04,81210600881,2022,train,-156.34608720,63.64716205,EPSG:32604,1093,1099,10,0,625949.509294,0,-10,7065920.34299
S1_20221004_81230300031.tif,2022-10-04,81230300031,2022,valid,-155.62213961,64.74529054,EPSG:32604,1105,1111,10,0,655219.509294,0,-10,7189910.34299
S1_20221004_81360000106.tif,2022-10-04,81360000106,2022,train,-154.63537160,69.76928705,EPSG:32605,1078,1085,10,0,431502.758883,0,-10,7746415.09693
S1_20221004_81380600111.tif,2022-10-04,81380600111,2022,train,-154.10525153,68.21587407,EPSG:32605,1069,1075,10,0,448883.04118,0,-10,7572717.61919
S1_20221005_11447001961.tif,2022-10-05,11447001961,2022,train,41.93823572,4.31884021,EPSG:32637,1053,1052,10,0,820907.179385,0,-10,483260.912129
S1_20221005_11762800121.tif,2022-10-05,11762800121,2022,train,35.81138698,-13.42747241,EPSG:32736,1060,1060,10,0,799150.152407,0,-10,8519155.41193
S1_20221005_11762900126.tif,2022-10-05,11762900126,2022,train,35.66992423,-13.99363810,EPSG:32736,1061,1060,10,0,783122.936479,0,-10,8456651.38204
S1_20221005_12221400051.tif,2022-10-05,12221400051,2022,train,35.31014101,-16.21335965,EPSG:32736,1060,1060,10,0,741658.489986,0,-10,8211373.08207
S1_20221005_12221400076.tif,2022-10-05,12221400076,2022,train,35.14913833,-16.55593015,EPSG:32736,1060,1060,10,0,724038.489986,0,-10,8173643.08207
S1_20221005_12221700164.tif,2022-10-05,12221700164,2022,train,34.83083500,-15.52533695,EPSG:32736,1058,1057,10,0,691078.489986,0,-10,8288013.08207
S1_20221005_12221700231.tif,2022-10-05,12221700231,2022,train,34.74526516,-15.51934267,EPSG:32736,1057,1057,10,0,681908.489986,0,-10,8288753.08207
S1_20221005_12221700363.tif,2022-10-05,12221700363,2022,train,35.19784629,-14.32805469,EPSG:32736,1059,1059,10,0,731762.936479,0,-10,8420161.38204
S1_20221005_12222000116.tif,2022-10-05,12222000116,2022,valid,34.06563931,-13.89348653,EPSG:32736,1053,1053,10,0,609872.936479,0,-10,8469061.38204
S1_20221005_12223000013.tif,2022-10-05,12223000013,2022,train,34.83331028,-13.83294035,EPSG:32736,1056,1056,10,0,692872.936479,0,-10,8475271.38204
S1_20221005_12223000063.tif,2022-10-05,12223000063,2022,train,34.60520665,-13.40428765,EPSG:32736,1055,1055,10,0,668530.152407,0,-10,8522865.41193
S1_20221005_12226000043.tif,2022-10-05,12226000043,2022,train,34.37943646,-12.48232848,EPSG:32736,1053,1053,10,0,644640.152407,0,-10,8624985.41193
S1_20221005_12228200013.tif,2022-10-05,12228200013,2022,valid,34.48317224,-10.51639068,EPSG:32736,1053,1053,10,0,657037.84703,0,-10,8842374.16054
S1_20221005_12228300073.tif,2022-10-05,12228300073,2022,train,34.41329815,-10.42000848,EPSG:32736,1053,1052,10,0,649437.84703,0,-10,8853064.16054
S1_20221005_12231000181.tif,2022-10-05,12231000181,2022,train,34.28922503,-16.70279676,EPSG:32736,1055,1055,10,0,632178.489986,0,-10,8158153.08207
S1_20221005_12232200081.tif,2022-10-05,12232200081,2022,valid,33.04864172,-17.30600855,EPSG:32736,1048,1049,10,0,499929.106972,0,-10,8091836.60843
S1_20221005_12232500021.tif,2022-10-05,12232500021,2022,valid,33.13256482,-16.48665144,EPSG:32736,1048,1049,10,0,508908.489986,0,-10,8182473.08207
S1_20221005_12234000051.tif,2022-10-05,12234000051,2022,train,33.78874802,-15.87607814,EPSG:32736,1051,1052,10,0,579188.489986,0,-10,8249873.08207
S1_20221005_12234000071.tif,2022-10-05,12234000071,2022,valid,33.80016298,-15.86934681,EPSG:32736,1052,1052,10,0,580408.489986,0,-10,8250613.08207
S1_20221005_12235000031.tif,2022-10-05,12235000031,2022,train,33.42672582,-15.99091168,EPSG:32736,1050,1050,10,0,540408.489986,0,-10,8237273.08207
S1_20221005_12304002894.tif,2022-10-05,12304002894,2022,train,33.05750135,-18.38257814,EPSG:32736,1048,1049,10,0,500833.982724,0,-10,7972730.69732
S1_20221005_12306200111.tif,2022-10-05,12306200111,2022,train,32.29261162,-20.56406971,EPSG:32736,1053,1054,10,0,421004.204412,0,-10,7731206.85514
S1_20221005_12306200171.tif,2022-10-05,12306200171,2022,train,32.34396604,-20.02292905,EPSG:32736,1052,1052,10,0,426124.204412,0,-10,7791106.85514
S1_20221005_12450300011.tif,2022-10-05,12450300011,2022,train,31.27026864,-22.42818673,EPSG:32736,1061,1061,10,0,316672.322964,0,-10,7524057.07963
S1_20221005_12780300163.tif,2022-10-05,12780300163,2022,train,25.78208834,-30.65310961,EPSG:32735,1060,1062,10,0,378007.770118,0,-10,6613518.82091
S1_20221005_15140700031.tif,2022-10-05,15140700031,2022,train,-5.83885022,30.30259002,EPSG:32630,1076,1077,10,0,221598.698828,0,-10,3361115.06362
S1_20221005_15140700041.tif,2022-10-05,15140700041,2022,train,-5.81657206,30.36124290,EPSG:32630,1075,1077,10,0,223908.698828,0,-10,3367565.06362
S1_20221005_15140700071.tif,2022-10-05,15140700071,2022,train,-6.09372297,30.52774847,EPSG:32630,1078,1079,10,0,197748.698828,0,-10,3386735.06362
S1_20221005_15140700081.tif,2022-10-05,15140700081,2022,train,-6.14253531,30.59109755,EPSG:32630,1078,1080,10,0,193258.698828,0,-10,3393895.06362
S1_20221005_15140700091.tif,2022-10-05,15140700091,2022,train,-6.15034455,30.63428107,EPSG:32630,1079,1080,10,0,192638.698828,0,-10,3398705.06362
S1_20221005_15140700111.tif,2022-10-05,15140700111,2022,valid,-6.25682281,30.70274864,EPSG:32630,1080,1081,10,0,182642.730473,0,-10,3406594.76153
S1_20221005_15140700216.tif,2022-10-05,15140700216,2022,valid,-5.65858520,30.23205928,EPSG:32630,1074,1075,10,0,238768.698828,0,-10,3352865.06362
S1_20221005_15180300211.tif,2022-10-05,15180300211,2022,train,-5.88218317,34.47975341,EPSG:32630,1079,1080,10,0,229906.880796,0,-10,3824523.04577
S1_20221005_15306000091.tif,2022-10-05,15306000091,2022,train,9.67663733,36.72653970,EPSG:32632,1056,1058,10,0,555139.845601,0,-10,4070040.58057
S1_20221005_15306000101.tif,2022-10-05,15306000101,2022,valid,9.61870727,36.67362293,EPSG:32632,1055,1057,10,0,550009.845601,0,-10,4064130.58057
S1_20221005_15306000114.tif,2022-10-05,15306000114,2022,valid,9.60061362,36.63504202,EPSG:32632,1055,1057,10,0,548419.845601,0,-10,4059840.58057
S1_20221005_15306000121.tif,2022-10-05,15306000121,2022,valid,9.58147409,36.62329950,EPSG:32632,1055,1058,10,0,546716.64222,0,-10,4058532.47352
S1_20221005_15306000221.tif,2022-10-05,15306000221,2022,train,8.91359515,36.57887359,EPSG:32632,1050,1052,10,0,487019.845601,0,-10,4053420.58057
S1_20221005_15306000231.tif,2022-10-05,15306000231,2022,train,8.85505632,36.56177829,EPSG:32632,1050,1052,10,0,481779.845601,0,-10,4051530.58057
S1_20221005_15306000241.tif,2022-10-05,15306000241,2022,train,8.82029747,36.53941860,EPSG:32632,1051,1053,10,0,478659.845601,0,-10,4049060.58057
S1_20221005_15306000251.tif,2022-10-05,15306000251,2022,train,8.76396486,36.49944550,EPSG:32632,1051,1054,10,0,473606.64222,0,-10,4044642.47352
S1_20221005_15306000261.tif,2022-10-05,15306000261,2022,train,8.74669468,36.48796081,EPSG:32632,1051,1054,10,0,472056.64222,0,-10,4043372.47352
S1_20221005_15306000271.tif,2022-10-05,15306000271,2022,train,8.73797097,36.47595177,EPSG:32632,1052,1054,10,0,471266.64222,0,-10,4042042.47352
S1_20221005_15306000281.tif,2022-10-05,15306000281,2022,train,8.64622067,36.47422754,EPSG:32632,1052,1055,10,0,463046.64222,0,-10,4041882.47352
S1_20221005_15306000291.tif,2022-10-05,15306000291,2022,train,8.59792051,36.47853708,EPSG:32632,1053,1056,10,0,458716.64222,0,-10,4042382.47352
S1_20221005_15306000316.tif,2022-10-05,15306000316,2022,valid,8.56219984,36.48465984,EPSG:32632,1053,1055,10,0,455519.845601,0,-10,4043070.58057
S1_20221005_21103200031.tif,2022-10-05,21103200031,2022,valid,35.48387543,36.66711224,EPSG:32636,1076,1079,10,0,716605.292436,0,-10,4066214.52144
S1_20221005_21304000241.tif,2022-10-05,21304000241,2022,train,23.13151986,41.86977413,EPSG:32634,1075,1078,10,0,671516.395954,0,-10,4642904.21547
S1_20221005_21306000111.tif,2022-10-05,21306000111,2022,train,22.64275550,40.80731141,EPSG:32634,1068,1071,10,0,633222.630454,0,-10,4524020.49716
S1_20221005_21307400034.tif,2022-10-05,21307400034,2022,valid,22.46868509,39.83368923,EPSG:32634,1066,1068,10,0,620342.630454,0,-10,4415670.49716
S1_20221005_21602400711.tif,2022-10-05,21602400711,2022,train,6.39623834,45.66193094,EPSG:32632,1083,1087,10,0,291746.885869,0,-10,5065219.3691
S1_20221005_21602401091.tif,2022-10-05,21602401091,2022,train,5.97291552,45.35487799,EPSG:32632,1089,1092,10,0,257453.024146,0,-10,5032292.35813
S1_20221005_21602401111.tif,2022-10-05,21602401111,2022,train,5.98214370,45.38059664,EPSG:32632,1089,1092,10,0,258283.024146,0,-10,5035122.35813
S1_20221005_21602602014.tif,2022-10-05,21602602014,2022,train,6.55785406,46.06918786,EPSG:32632,1082,1085,10,0,305726.885869,0,-10,5110059.3691
S1_20221005_21602901834.tif,2022-10-05,21602901834,2022,train,6.62662689,47.43876970,EPSG:32632,1082,1085,10,0,315639.702951,0,-10,5262080.55015
S1_20221005_21602901951.tif,2022-10-05,21602901951,2022,valid,6.79492985,47.48496519,EPSG:32632,1079,1083,10,0,328489.702951,0,-10,5266830.55015
S1_20221005_21604800094.tif,2022-10-05,21604800094,2022,train,-1.78880412,42.38245447,EPSG:32630,1064,1067,10,0,594386.166269,0,-10,4698286.56625
S1_20221005_21604800104.tif,2022-10-05,21604800104,2022,train,-1.78839128,42.38497176,EPSG:32630,1064,1067,10,0,594416.166269,0,-10,4698566.56625
S1_20221005_21604800314.tif,2022-10-05,21604800314,2022,train,-1.85043851,42.59933172,EPSG:32630,1064,1067,10,0,588985.915779,0,-10,4722298.22923
S1_20221005_21604900294.tif,2022-10-05,21604900294,2022,valid,-2.33503810,42.46126836,EPSG:32630,1057,1060,10,0,549386.166269,0,-10,4706506.56625
S1_20221005_21604900314.tif,2022-10-05,21604900314,2022,train,-2.34855678,42.45954481,EPSG:32630,1057,1060,10,0,548276.166269,0,-10,4706306.56625
S1_20221005_21604900361.tif,2022-10-05,21604900361,2022,train,-2.42217257,42.46926067,EPSG:32630,1057,1059,10,0,542216.166269,0,-10,4707336.56625
S1_20221005_21604900381.tif,2022-10-05,21604900381,2022,train,-2.45603979,42.47050711,EPSG:32630,1056,1059,10,0,539436.166269,0,-10,4707456.56625
S1_20221005_21604900611.tif,2022-10-05,21604900611,2022,valid,-2.92779872,42.67514027,EPSG:32630,1050,1053,10,0,500665.915779,0,-10,4730008.22923
S1_20221005_21604900743.tif,2022-10-05,21604900743,2022,train,-3.16669427,42.76298075,EPSG:32630,1051,1054,10,0,481105.915779,0,-10,4739778.22923
S1_20221005_23160700654.tif,2022-10-05,23160700654,2022,train,-4.03932417,39.86205698,EPSG:32630,1061,1064,10,0,405799.461322,0,-10,4418283.87627
S1_20221005_23160800284.tif,2022-10-05,23160800284,2022,train,-3.72623436,40.42482789,EPSG:32630,1057,1060,10,0,433109.461322,0,-10,4480463.87627
S1_20221005_23160900091.tif,2022-10-05,23160900091,2022,valid,-3.42508748,40.04694187,EPSG:32630,1054,1056,10,0,458469.461322,0,-10,4438333.87627
S1_20221005_23160900514.tif,2022-10-05,23160900514,2022,train,-2.15544843,40.79838049,EPSG:32630,1059,1061,10,0,565949.461322,0,-10,4522023.87627
S1_20221005_23180900573.tif,2022-10-05,23180900573,2022,train,-3.08943507,41.50579615,EPSG:32630,1050,1053,10,0,487286.166269,0,-10,4600176.56625
S1_20221005_23180900764.tif,2022-10-05,23180900764,2022,train,-2.45316699,41.76155129,EPSG:32630,1056,1058,10,0,540176.166269,0,-10,4628736.56625
S1_20221005_23262000031.tif,2022-10-05,23262000031,2022,train,7.53450594,50.32217701,EPSG:32632,1070,1074,10,0,390327.954711,0,-10,5580849.74848
S1_20221005_23263000041.tif,2022-10-05,23263000041,2022,valid,7.61056284,50.30822575,EPSG:32632,1069,1073,10,0,395717.954711,0,-10,5579189.74848
S1_20221005_23263000131.tif,2022-10-05,23263000131,2022,train,7.68459126,50.33818255,EPSG:32632,1069,1072,10,0,401047.954711,0,-10,5582419.74848
S1_20221005_23263000301.tif,2022-10-05,23263000301,2022,train,7.73823503,50.31840578,EPSG:32632,1067,1071,10,0,404837.954711,0,-10,5580149.74848
S1_20221005_28450400266.tif,2022-10-05,28450400266,2022,train,47.12963179,41.64998452,EPSG:32638,1075,1078,10,0,671964.097936,0,-10,4618496.42759
S1_20221005_28464300041.tif,2022-10-05,28464300041,2022,train,47.12715164,39.28926055,EPSG:32638,1074,1076,10,0,678079.901686,0,-10,4356413.88153
S1_20221005_35424100321.tif,2022-10-05,35424100321,2022,train,162.00054529,56.27172309,EPSG:32658,1096,1100,10,0,308797.713675,0,-10,6245866.8578
S1_20221005_46180900021.tif,2022-10-05,46180900021,2022,train,71.50191039,39.32788668,EPSG:32642,1078,1081,10,0,710264.986135,0,-10,4361553.61655
S1_20221005_46195000221.tif,2022-10-05,46195000221,2022,train,70.89642570,38.46333539,EPSG:32642,1070,1073,10,0,660104.986135,0,-10,4264293.61655
S1_20221005_46217200273.tif,2022-10-05,46217200273,2022,train,69.89833207,41.61498536,EPSG:32642,1060,1063,10,0,569544.875863,0,-10,4612734.61247
S1_20221005_46217600081.tif,2022-10-05,46217600081,2022,train,71.08938153,40.07717329,EPSG:32642,1074,1076,10,0,672784.875863,0,-10,4443794.61247
S1_20221005_46218000011.tif,2022-10-05,46218000011,2022,valid,71.80690033,40.90977134,EPSG:32642,1083,1086,10,0,730984.875863,0,-10,4537964.61247
S1_20221005_46219100201.tif,2022-10-05,46219100201,2022,train,72.32059562,41.48942770,EPSG:32642,1090,1092,10,0,771760.404274,0,-10,4603875.33808
S1_20221005_46300200091.tif,2022-10-05,46300200091,2022,train,80.93684259,45.96084518,EPSG:32644,1050,1054,10,0,489856.127055,0,-10,5094969.07698
S1_20221005_46327800341.tif,2022-10-05,46327800341,2022,train,80.53153119,45.45130454,EPSG:32644,1055,1059,10,0,458093.500603,0,-10,5038488.32895
S1_20221005_46395000231.tif,2022-10-05,46395000231,2022,train,80.72349828,43.88667614,EPSG:32644,1053,1056,10,0,472524.566413,0,-10,4864603.48689
S1_20221005_46395000241.tif,2022-10-05,46395000241,2022,train,80.86170410,43.93185519,EPSG:32644,1051,1054,10,0,483644.566413,0,-10,4869583.48689
S1_20221005_46395000484.tif,2022-10-05,46395000484,2022,train,80.75978888,44.37653623,EPSG:32644,1052,1055,10,0,475603.500603,0,-10,4918998.32895
S1_20221005_46395000551.tif,2022-10-05,46395000551,2022,train,81.44066713,43.83213868,EPSG:32644,1055,1058,10,0,530154.566413,0,-10,4858613.48689
S1_20221005_46395000561.tif,2022-10-05,46395000561,2022,valid,81.52215610,43.77034443,EPSG:32644,1056,1059,10,0,536744.566413,0,-10,4851793.48689
S1_20221005_46396000044.tif,2022-10-05,46396000044,2022,train,81.87994488,43.77535281,EPSG:32644,1060,1063,10,0,565514.566413,0,-10,4852613.48689
S1_20221005_46396000094.tif,2022-10-05,46396000094,2022,valid,81.94357215,43.81918880,EPSG:32644,1061,1064,10,0,570574.566413,0,-10,4857543.48689
S1_20221005_46396000141.tif,2022-10-05,46396000141,2022,valid,82.04258365,43.83867678,EPSG:32644,1062,1066,10,0,578504.566413,0,-10,4859813.48689
S1_20221005_46396000251.tif,2022-10-05,46396000251,2022,train,82.50451048,43.76694610,EPSG:32644,1068,1071,10,0,615754.566413,0,-10,4852443.48689
S1_20221005_46396000383.tif,2022-10-05,46396000383,2022,train,82.85738699,43.85422193,EPSG:32644,1073,1075,10,0,643914.566413,0,-10,4862733.48689
S1_20221005_46396000413.tif,2022-10-05,46396000413,2022,train,83.00513076,43.80760689,EPSG:32644,1075,1077,10,0,655904.566413,0,-10,4857843.48689
S1_20221005_46397000051.tif,2022-10-05,46397000051,2022,train,82.45790053,43.59967309,EPSG:32644,1067,1070,10,0,612334.566413,0,-10,4833793.48689
S1_20221005_46399000071.tif,2022-10-05,46399000071,2022,train,82.49634257,43.31288777,EPSG:32644,1068,1071,10,0,616004.566413,0,-10,4802003.48689
S1_20221005_46399000341.tif,2022-10-05,46399000341,2022,train,81.61150090,43.06544198,EPSG:32644,1057,1060,10,0,544504.566413,0,-10,4773563.48689
S1_20221005_47110200011.tif,2022-10-05,47110200011,2022,train,82.69469102,44.80565410,EPSG:32644,1071,1074,10,0,628663.500603,0,-10,4968128.32895
S1_20221005_47110200021.tif,2022-10-05,47110200021,2022,valid,82.59554671,44.72511703,EPSG:32644,1070,1073,10,0,621003.500603,0,-10,4959018.32895
S1_20221005_47110200031.tif,2022-10-05,47110200031,2022,train,82.51558000,44.68754137,EPSG:32644,1069,1072,10,0,614753.500603,0,-10,4954718.32895
S1_20221005_47110200041.tif,2022-10-05,47110200041,2022,train,82.42174303,44.67159875,EPSG:32644,1068,1071,10,0,607353.500603,0,-10,4952808.32895
S1_20221005_47110200051.tif,2022-10-05,47110200051,2022,train,82.33822978,44.69371865,EPSG:32644,1066,1070,10,0,600703.500603,0,-10,4955148.32895
S1_20221005_47110200061.tif,2022-10-05,47110200061,2022,train,82.17774895,44.81152622,EPSG:32644,1065,1068,10,0,587803.500603,0,-10,4968028.32895
S1_20221005_47110200074.tif,2022-10-05,47110200074,2022,train,82.09669248,44.85527384,EPSG:32644,1064,1066,10,0,581333.500603,0,-10,4972788.32895
S1_20221005_47110200084.tif,2022-10-05,47110200084,2022,valid,82.09129982,44.85789112,EPSG:32644,1064,1067,10,0,580903.500603,0,-10,4973078.32895
S1_20221005_47110200093.tif,2022-10-05,47110200093,2022,train,82.08569687,44.86618148,EPSG:32644,1063,1066,10,0,580453.500603,0,-10,4973988.32895
S1_20221005_47110200104.tif,2022-10-05,47110200104,2022,train,82.08083170,44.87000853,EPSG:32644,1063,1066,10,0,580063.500603,0,-10,4974408.32895
S1_20221005_47110200113.tif,2022-10-05,47110200113,2022,train,82.07362387,44.87043661,EPSG:32644,1063,1066,10,0,579493.500603,0,-10,4974448.32895
S1_20221005_47110200124.tif,2022-10-05,47110200124,2022,train,82.06096501,44.87046490,EPSG:32644,1063,1066,10,0,578493.500603,0,-10,4974438.32895
S1_20221005_47110200134.tif,2022-10-05,47110200134,2022,train,82.05847316,44.87264853,EPSG:32644,1063,1066,10,0,578293.500603,0,-10,4974678.32895
S1_20221005_47110200141.tif,2022-10-05,47110200141,2022,train,82.04699214,44.87482486,EPSG:32644,1063,1066,10,0,577383.500603,0,-10,4974908.32895
S1_20221005_47110200154.tif,2022-10-05,47110200154,2022,train,82.04020051,44.87380668,EPSG:32644,1062,1066,10,0,576853.500603,0,-10,4974788.32895
S1_20221005_47110200163.tif,2022-10-05,47110200163,2022,train,82.03324201,44.88467238,EPSG:32644,1063,1066,10,0,576283.500603,0,-10,4975988.32895
S1_20221005_47110200171.tif,2022-10-05,47110200171,2022,train,81.99756404,44.89741251,EPSG:32644,1062,1066,10,0,573453.500603,0,-10,4977368.32895
S1_20221005_47110200184.tif,2022-10-05,47110200184,2022,train,81.96301259,44.90648614,EPSG:32644,1062,1065,10,0,570713.500603,0,-10,4978338.32895
S1_20221005_47110200191.tif,2022-10-05,47110200191,2022,train,81.92885723,44.91329556,EPSG:32644,1061,1064,10,0,568013.500603,0,-10,4979058.32895
S1_20221005_47110200204.tif,2022-10-05,47110200204,2022,train,81.87283663,44.92841082,EPSG:32644,1061,1064,10,0,563573.500603,0,-10,4980688.32895
S1_20221005_47110200211.tif,2022-10-05,47110200211,2022,train,81.85369853,44.93247138,EPSG:32644,1060,1063,10,0,562063.500603,0,-10,4981118.32895
S1_20221005_47110200224.tif,2022-10-05,47110200224,2022,train,81.83947269,44.93896827,EPSG:32644,1060,1063,10,0,560933.500603,0,-10,4981828.32895
S1_20221005_47110200231.tif,2022-10-05,47110200231,2022,train,81.73937813,44.96626111,EPSG:32644,1059,1062,10,0,553013.500603,0,-10,4984778.32895
S1_20221005_47110200241.tif,2022-10-05,47110200241,2022,train,81.64684856,44.98653699,EPSG:32644,1058,1060,10,0,545703.500603,0,-10,4986958.32895
S1_20221005_47110200254.tif,2022-10-05,47110200254,2022,train,81.61140868,44.99983004,EPSG:32644,1057,1061,10,0,542903.500603,0,-10,4988418.32895
S1_20221005_47110200261.tif,2022-10-05,47110200261,2022,train,81.59900294,45.00255136,EPSG:32644,1057,1060,10,0,541923.500603,0,-10,4988708.32895
S1_20221005_47110200274.tif,2022-10-05,47110200274,2022,train,81.58902388,45.00692418,EPSG:32644,1057,1060,10,0,541133.500603,0,-10,4989188.32895
S1_20221005_47110200281.tif,2022-10-05,47110200281,2022,train,81.55083397,45.01409125,EPSG:32644,1056,1059,10,0,538123.500603,0,-10,4989958.32895
S1_20221005_47110200294.tif,2022-10-05,47110200294,2022,train,81.53908930,45.02026858,EPSG:32644,1056,1059,10,0,537193.500603,0,-10,4990638.32895
S1_20221005_47110200301.tif,2022-10-05,47110200301,2022,train,81.53364520,45.02173446,EPSG:32644,1056,1059,10,0,536763.500603,0,-10,4990798.32895
S1_20221005_47110200311.tif,2022-10-05,47110200311,2022,valid,81.52352429,45.02538206,EPSG:32644,1056,1059,10,0,535963.500603,0,-10,4991198.32895
S1_20221005_47110200324.tif,2022-10-05,47110200324,2022,train,81.50184828,45.01427200,EPSG:32644,1056,1058,10,0,534263.500603,0,-10,4989948.32895
S1_20221005_47110200331.tif,2022-10-05,47110200331,2022,train,81.49314442,45.01304965,EPSG:32644,1055,1058,10,0,533583.500603,0,-10,4989808.32895
S1_20221005_47110200344.tif,2022-10-05,47110200344,2022,valid,81.32748091,44.92646073,EPSG:32644,1054,1057,10,0,520573.500603,0,-10,4980118.32895
S1_20221005_47110200354.tif,2022-10-05,47110200354,2022,valid,81.32594837,44.92434963,EPSG:32644,1054,1056,10,0,520453.500603,0,-10,4979878.32895
S1_20221005_47110200363.tif,2022-10-05,47110200363,2022,train,81.32799785,44.91709711,EPSG:32644,1053,1057,10,0,520623.500603,0,-10,4979078.32895
S1_20221005_47110200371.tif,2022-10-05,47110200371,2022,valid,81.28897021,44.86548547,EPSG:32644,1053,1056,10,0,517563.500603,0,-10,4973328.32895
S1_20221005_47110200381.tif,2022-10-05,47110200381,2022,valid,81.06201114,44.81060583,EPSG:32644,1050,1053,10,0,499653.500603,0,-10,4967178.32895
S1_20221005_47110200401.tif,2022-10-05,47110200401,2022,valid,81.48694613,45.03040489,EPSG:32644,1055,1059,10,0,533083.500603,0,-10,4991738.32895
S1_20221005_47110200414.tif,2022-10-05,47110200414,2022,train,81.47423673,45.02861299,EPSG:32644,1055,1058,10,0,532083.500603,0,-10,4991528.32895
S1_20221005_47110200421.tif,2022-10-05,47110200421,2022,train,81.46933380,45.02669784,EPSG:32644,1056,1059,10,0,531693.500603,0,-10,4991318.32895
S1_20221005_47110200434.tif,2022-10-05,47110200434,2022,train,81.45621010,45.02850639,EPSG:32644,1055,1058,10,0,530663.500603,0,-10,4991508.32895
S1_20221005_47110200441.tif,2022-10-05,47110200441,2022,train,81.43236267,45.03084963,EPSG:32644,1055,1058,10,0,528783.500603,0,-10,4991758.32895
S1_20221005_47110200451.tif,2022-10-05,47110200451,2022,train,81.35832233,45.09717933,EPSG:32644,1054,1058,10,0,522923.500603,0,-10,4999098.32895
S1_20221005_47110200461.tif,2022-10-05,47110200461,2022,valid,81.35772534,45.13386331,EPSG:32644,1053,1057,10,0,522863.500603,0,-10,5003168.32895
S1_20221005_47110200474.tif,2022-10-05,47110200474,2022,train,81.41376088,45.03028841,EPSG:32644,1054,1058,10,0,527323.500603,0,-10,4991688.32895
S1_20221005_47110200481.tif,2022-10-05,47110200481,2022,train,81.26016976,45.01921916,EPSG:32644,1053,1056,10,0,515233.500603,0,-10,4990398.32895
S1_20221005_47110200494.tif,2022-10-05,47110200494,2022,valid,81.18293485,44.99825951,EPSG:32644,1051,1055,10,0,509163.500603,0,-10,4988048.32895
S1_20221005_47110200501.tif,2022-10-05,47110200501,2022,train,81.15742714,44.99613705,EPSG:32644,1051,1055,10,0,507153.500603,0,-10,4987808.32895
S1_20221005_47110200514.tif,2022-10-05,47110200514,2022,train,81.08370081,44.98608770,EPSG:32644,1051,1054,10,0,501343.500603,0,-10,4986678.32895
S1_20221005_47110200521.tif,2022-10-05,47110200521,2022,train,81.04329977,44.98624519,EPSG:32644,1050,1053,10,0,498163.500603,0,-10,4986688.32895
S1_20221005_47110200534.tif,2022-10-05,47110200534,2022,train,80.90141908,44.98657093,EPSG:32644,1051,1053,10,0,486973.500603,0,-10,4986728.32895
S1_20221005_47110200586.tif,2022-10-05,47110200586,2022,train,82.74238987,44.86529560,EPSG:32644,1071,1075,10,0,632293.500603,0,-10,4974838.32895
S1_20221005_48244600011.tif,2022-10-05,48244600011,2022,train,84.45771804,37.21147963,EPSG:32644,1088,1090,10,0,801410.45396,0,-10,4129386.25918
S1_20221005_48250300551.tif,2022-10-05,48250300551,2022,train,83.83152482,40.97224997,EPSG:32644,1083,1086,10,0,732834.191699,0,-10,4544968.35945
S1_20221005_62268100171.tif,2022-10-05,62268100171,2022,train,-64.73524878,-12.11346280,EPSG:32720,1055,1055,10,0,305880.262214,0,-10,8665574.5894
S1_20221005_62269400271.tif,2022-10-05,62269400271,2022,train,-65.19923355,-16.20103469,EPSG:32720,1059,1060,10,0,259593.181732,0,-10,8212867.67716
S1_20221005_63304100013.tif,2022-10-05,63304100013,2022,valid,-37.78750053,-4.50299816,EPSG:32724,1050,1049,10,0,629267.122267,0,-10,9507406.36759
S1_20221005_63304100121.tif,2022-10-05,63304100121,2022,train,-37.85949811,-4.92515062,EPSG:32724,1049,1049,10,0,621207.122267,0,-10,9460746.36759
S1_20221005_63304300013.tif,2022-10-05,63304300013,2022,train,-38.46178179,-5.50065877,EPSG:32724,1048,1048,10,0,554377.122267,0,-10,9397206.36759
S1_20221005_63304300541.tif,2022-10-05,63304300541,2022,train,-38.67605614,-6.03873188,EPSG:32724,1048,1048,10,0,530608.333071,0,-10,9337743.26161
S1_20221005_63411900203.tif,2022-10-05,63411900203,2022,train,-38.46674870,-9.02310275,EPSG:32724,1049,1049,10,0,553363.86264,0,-10,9007795.87021
S1_20221005_63411900233.tif,2022-10-05,63411900233,2022,train,-38.54724851,-8.81784724,EPSG:32724,1049,1048,10,0,544543.86264,0,-10,9030495.87021
S1_20221005_63411900243.tif,2022-10-05,63411900243,2022,train,-38.60325280,-8.86996428,EPSG:32724,1048,1049,10,0,538383.86264,0,-10,9024745.87021
S1_20221005_63412000023.tif,2022-10-05,63412000023,2022,valid,-38.65029709,-8.74202978,EPSG:32724,1049,1049,10,0,533219.314591,0,-10,9038895.25353
S1_20221005_65322900021.tif,2022-10-05,65322900021,2022,train,-70.73259038,-37.18041093,EPSG:32719,1068,1070,10,0,340859.525278,0,-10,5889058.19611
S1_20221005_65322900041.tif,2022-10-05,65322900041,2022,train,-70.78045579,-37.01665445,EPSG:32719,1068,1070,10,0,336269.525278,0,-10,5907148.19611
S1_20221005_65322900191.tif,2022-10-05,65322900191,2022,train,-70.69039234,-36.98480277,EPSG:32719,1068,1070,10,0,344219.525278,0,-10,5910828.19611
S1_20221005_65322900231.tif,2022-10-05,65322900231,2022,train,-70.62869509,-36.67473949,EPSG:32719,1067,1069,10,0,349129.525278,0,-10,5945318.19611
S1_20221005_66220000341.tif,2022-10-05,66220000341,2022,train,-72.01416620,-37.67465887,EPSG:32719,1083,1086,10,0,228753.126757,0,-10,5831435.46605
S1_20221005_66220000531.tif,2022-10-05,66220000531,2022,valid,-71.29208860,-38.34259889,EPSG:32719,1075,1078,10,0,294313.126757,0,-10,5759075.46605
S1_20221005_66220000916.tif,2022-10-05,66220000916,2022,valid,-71.36667202,-37.71579921,EPSG:32719,1075,1077,10,0,286023.126757,0,-10,5828465.46605
S1_20221005_66252000461.tif,2022-10-05,66252000461,2022,train,-71.37448611,-34.48098955,EPSG:32718,1087,1089,10,0,827554.851739,0,-10,6183986.62601
S1_20221005_67107800071.tif,2022-10-05,67107800071,2022,train,-80.62290376,-5.14068613,EPSG:32717,1048,1048,10,0,536554.010064,0,-10,9437012.11584
S1_20221005_67108000104.tif,2022-10-05,67108000104,2022,train,-80.59919528,-4.79186103,EPSG:32717,1048,1048,10,0,539205.041276,0,-10,9475570.00987
S1_20221005_67108000111.tif,2022-10-05,67108000111,2022,valid,-80.55881306,-4.76433506,EPSG:32717,1048,1048,10,0,543685.041276,0,-10,9478610.00987
S1_20221005_71227000261.tif,2022-10-05,71227000261,2022,train,-98.97970339,49.70574251,EPSG:32614,1051,1054,10,0,496208.457831,0,-10,5511184.84161
S1_20221005_72404100014.tif,2022-10-05,72404100014,2022,train,-68.33056211,49.19553604,EPSG:32619,1058,1062,10,0,543482.255808,0,-10,5454718.64128
S1_20221005_72404900233.tif,2022-10-05,72404900233,2022,train,-69.70649020,52.61243710,EPSG:32619,1060,1064,10,0,446864.033569,0,-10,5834713.10055
S1_20221005_72406000126.tif,2022-10-05,72406000126,2022,train,-68.68913766,48.93402841,EPSG:32619,1053,1058,10,0,517502.255808,0,-10,5425458.64128
S1_20221005_72602000031.tif,2022-10-05,72602000031,2022,train,-66.00181428,48.36414198,EPSG:32619,1090,1094,10,0,716610.958924,0,-10,5366588.56877
S1_20221005_72608700181.tif,2022-10-05,72608700181,2022,valid,-68.71987241,47.24085948,EPSG:32619,1054,1056,10,0,515930.958924,0,-10,5237248.56877
S1_20221005_72608700536.tif,2022-10-05,72608700536,2022,train,-68.85007934,47.80280042,EPSG:32619,1051,1055,10,0,505970.958924,0,-10,5299668.56877
S1_20221005_73270600013.tif,2022-10-05,73270600013,2022,valid,-87.23104519,30.58566265,EPSG:32616,1051,1052,10,0,472593.205706,0,-10,3388967.14562
S1_20221005_73282800013.tif,2022-10-05,73282800013,2022,train,-87.20619016,33.59174604,EPSG:32616,1050,1052,10,0,475618.161963,0,-10,3722170.13571
S1_20221005_73282800303.tif,2022-10-05,73282800303,2022,train,-87.30518345,34.00376255,EPSG:32616,1052,1053,10,0,466558.161963,0,-10,3767880.13571
S1_20221005_73282800406.tif,2022-10-05,73282800406,2022,train,-87.35172233,33.99746037,EPSG:32616,1052,1054,10,0,462258.161963,0,-10,3767200.13571
S1_20221005_73283000241.tif,2022-10-05,73283000241,2022,train,-87.38719690,32.14570742,EPSG:32616,1052,1054,10,0,458225.017087,0,-10,3561922.09594
S1_20221005_73283000331.tif,2022-10-05,73283000331,2022,train,-87.27242250,32.04230280,EPSG:32616,1051,1053,10,0,469025.017087,0,-10,3550422.09594
S1_20221005_73283000381.tif,2022-10-05,73283000381,2022,valid,-87.16209572,32.27475222,EPSG:32616,1050,1052,10,0,479485.017087,0,-10,3576162.09594
S1_20221005_74262100216.tif,2022-10-05,74262100216,2022,valid,-88.14841271,36.56735183,EPSG:32616,1062,1064,10,0,391930.72417,0,-10,4052812.64065
S1_20221005_74262200201.tif,2022-10-05,74262200201,2022,train,-87.76394315,35.77652842,EPSG:32616,1057,1058,10,0,425668.239322,0,-10,3964721.77026
S1_20221005_74270700011.tif,2022-10-05,74270700011,2022,train,-89.98903930,37.96370318,EPSG:32616,1083,1085,10,0,231996.80999,0,-10,4211428.49473
S1_20221005_74270900081.tif,2022-10-05,74270900081,2022,train,-90.17238629,38.71210924,EPSG:32616,1086,1088,10,0,218726.80999,0,-10,4295048.49473
S1_20221005_74282500031.tif,2022-10-05,74282500031,2022,train,-89.81863829,40.53787384,EPSG:32616,1083,1085,10,0,255870.153097,0,-10,4496701.74262
S1_20221005_74283000043.tif,2022-10-05,74283000043,2022,train,-90.67439939,38.93612635,EPSG:32616,1091,1094,10,0,176040.153097,0,-10,4321581.74262
S1_20221005_74287400863.tif,2022-10-05,74287400863,2022,train,-89.70669198,45.48148318,EPSG:32615,1092,1096,10,0,751917.71958,0,-10,5047196.41833
S1_20221005_74294600231.tif,2022-10-05,74294600231,2022,train,-103.43156560,40.41014957,EPSG:32613,1068,1070,10,0,627739.327092,0,-10,4479812.36951
S1_20221005_74296500021.tif,2022-10-05,74296500021,2022,valid,-102.36020029,44.26281354,EPSG:32614,1092,1095,10,0,226326.814339,0,-10,4912031.14924
S1_20221005_75215500213.tif,2022-10-05,75215500213,2022,train,-101.05732392,29.46041484,EPSG:32613,1085,1087,10,0,877034.152722,0,-10,3270910.78922
S1_20221005_75215600013.tif,2022-10-05,75215600013,2022,train,-101.03278481,29.48614101,EPSG:32613,1086,1086,10,0,879314.152722,0,-10,3273840.78922
S1_20221005_75215600056.tif,2022-10-05,75215600056,2022,train,-101.01238619,29.73994724,EPSG:32613,1086,1087,10,0,880324.152722,0,-10,3302070.78922
S1_20221005_75215900041.tif,2022-10-05,75215900041,2022,train,-101.36725778,29.67138255,EPSG:32613,1083,1083,10,0,846224.152722,0,-10,3293310.78922
S1_20221005_75216500154.tif,2022-10-05,75216500154,2022,train,-104.14339614,32.38375934,EPSG:32613,1057,1058,10,0,575288.286519,0,-10,3588586.41444
S1_20221005_75216500224.tif,2022-10-05,75216500224,2022,train,-104.25131025,32.49211037,EPSG:32613,1056,1057,10,0,565058.286519,0,-10,3600516.41444
S1_20221005_75217100251.tif,2022-10-05,75217100251,2022,train,-101.63208076,29.76260492,EPSG:32613,1080,1081,10,0,820294.152722,0,-10,3302640.78922
S1_20221005_75218100081.tif,2022-10-05,75218100081,2022,valid,-102.71385379,29.65647249,EPSG:32613,1069,1071,10,0,715934.152722,0,-10,3288260.78922
S1_20221005_81260900151.tif,2022-10-05,81260900151,2022,train,-138.26144435,66.28944097,EPSG:32608,1105,1110,10,0,348182.30154,0,-10,7361536.17103
S1_20221005_81294100031.tif,2022-10-05,81294100031,2022,train,-136.90363583,62.84313881,EPSG:32608,1081,1086,10,0,397664.370129,0,-10,6974975.31649
S1_20221005_81294400131.tif,2022-10-05,81294400131,2022,train,-134.35766980,63.04123030,EPSG:32608,1061,1066,10,0,527184.370129,0,-10,6995675.31649
S1_20221005_81294400161.tif,2022-10-05,81294400161,2022,train,-133.67011322,62.98881980,EPSG:32608,1072,1077,10,0,562024.370129,0,-10,6990425.31649
S1_20221005_81295000151.tif,2022-10-05,81295000151,2022,valid,-135.60303340,62.04760778,EPSG:32608,1060,1065,10,0,463164.370129,0,-10,6884955.31649
S1_20221005_82100800185.tif,2022-10-05,82100800185,2022,train,-135.38669432,68.07037250,EPSG:32607,1143,1148,10,0,727965.207243,0,-10,7567079.76076
S1_20221005_82212100636.tif,2022-10-05,82212100636,2022,train,-135.07800444,66.52301715,EPSG:32608,1052,1057,10,0,491272.30154,0,-10,7383496.17103
S1_20221005_82212900061.tif,2022-10-05,82212900061,2022,valid,-137.00975151,65.48290952,EPSG:32608,1083,1089,10,0,401538.671605,0,-10,7269205.58752
S1_20221005_82212900071.tif,2022-10-05,82212900071,2022,train,-137.15010873,65.39911792,EPSG:32608,1086,1091,10,0,394708.671605,0,-10,7260095.58752
S1_20221005_82264700131.tif,2022-10-05,82264700131,2022,train,-111.33605707,60.44820034,EPSG:32612,1055,1061,10,0,476234.692223,0,-10,6706680.11407
S1_20221005_82264700161.tif,2022-10-05,82264700161,2022,valid,-111.27828510,60.44038728,EPSG:32612,1054,1060,10,0,479414.692223,0,-10,6705790.11407
S1_20221005_82264700233.tif,2022-10-05,82264700233,2022,train,-111.19763203,60.47420126,EPSG:32612,1054,1058,10,0,483864.692223,0,-10,6709530.11407
S1_20221005_82270000181.tif,2022-10-05,82270000181,2022,train,-111.45354523,59.39199635,EPSG:32612,1057,1062,10,0,468954.692223,0,-10,6589100.11407
S1_20221005_82270000211.tif,2022-10-05,82270000211,2022,valid,-111.41857890,59.16034547,EPSG:32612,1057,1062,10,0,470778.679014,0,-10,6563291.87154
S1_20221005_82282000031.tif,2022-10-05,82282000031,2022,train,-111.36006858,58.66661897,EPSG:32612,1055,1061,10,0,473838.679014,0,-10,6508291.87154
S1_20221005_82283000143.tif,2022-10-05,82283000143,2022,valid,-110.80236549,58.75934107,EPSG:32612,1053,1058,10,0,506168.679014,0,-10,6518561.87154
S1_20221005_82283000181.tif,2022-10-05,82283000181,2022,train,-111.16979949,58.57140562,EPSG:32612,1053,1058,10,0,484858.679014,0,-10,6497631.87154
S1_20221005_82284200163.tif,2022-10-05,82284200163,2022,train,-108.03881986,58.15049449,EPSG:32612,1095,1100,10,0,668788.679014,0,-10,6454791.87154
S1_20221005_82285000011.tif,2022-10-05,82285000011,2022,train,-110.83300397,58.55183011,EPSG:32612,1052,1058,10,0,504458.679014,0,-10,6495451.87154
S1_20221005_82285000051.tif,2022-10-05,82285000051,2022,valid,-111.01363630,58.43109371,EPSG:32612,1051,1055,10,0,493948.679014,0,-10,6481981.87154
S1_20221005_82285000081.tif,2022-10-05,82285000081,2022,train,-111.21604013,58.43050826,EPSG:32612,1053,1058,10,0,482118.679014,0,-10,6481951.87154
S1_20221005_83130600051.tif,2022-10-05,83130600051,2022,train,-112.03053392,67.46224248,EPSG:32612,1068,1074,10,0,450582.512274,0,-10,7488647.23912
S1_20221005_83130600063.tif,2022-10-05,83130600063,2022,train,-112.06204188,67.42427052,EPSG:32612,1068,1074,10,0,449162.512274,0,-10,7484437.23912
S1_20221005_83130800411.tif,2022-10-05,83130800411,2022,train,-110.52687719,66.85295911,EPSG:32612,1059,1064,10,0,515458.668397,0,-10,7420387.3404
S1_20221005_84203900043.tif,2022-10-05,84203900043,2022,train,-112.75995779,70.11369286,EPSG:32611,1121,1128,10,0,655247.835,0,-10,7789791.96155
S1_20221006_12296900221.tif,2022-10-06,12296900221,2022,train,24.41587289,-11.96201145,EPSG:32735,1059,1059,10,0,213272.13044,0,-10,8681625.99708
S1_20221006_13294800064.tif,2022-10-06,13294800064,2022,train,25.51091464,-9.08843868,EPSG:32735,1052,1052,10,0,331091.013739,0,-10,9000294.29759
S1_20221006_13294800121.tif,2022-10-06,13294800121,2022,train,25.25539492,-9.37349836,EPSG:32735,1053,1053,10,0,303151.013739,0,-10,8968644.29759
S1_20221006_13294900091.tif,2022-10-06,13294900091,2022,train,25.53807548,-9.77891037,EPSG:32735,1053,1052,10,0,334391.013739,0,-10,8923944.29759
S1_20221006_13294900283.tif,2022-10-06,13294900283,2022,train,25.56697679,-10.49874741,EPSG:32735,1053,1052,10,0,337912.13044,0,-10,8844345.99708
S1_20221006_21103400151.tif,2022-10-06,21103400151,2022,valid,35.49196971,37.34212803,EPSG:32636,1077,1079,10,0,715361.838573,0,-10,4141134.73273
S1_20221006_21304000061.tif,2022-10-06,21304000061,2022,train,23.36904548,41.03839936,EPSG:32634,1078,1081,10,0,693742.606875,0,-10,4551128.56564
S1_20221006_21304000111.tif,2022-10-06,21304000111,2022,valid,23.24615432,41.25213032,EPSG:32634,1077,1079,10,0,682804.708569,0,-10,4574574.48696
S1_20221006_21304000324.tif,2022-10-06,21304000324,2022,train,23.22390728,41.13699398,EPSG:32634,1076,1078,10,0,681272.606875,0,-10,4561738.56564
S1_20221006_21404000251.tif,2022-10-06,21404000251,2022,train,11.03229550,45.90712004,EPSG:32633,1102,1104,10,0,186755.387882,0,-10,5096906.75947
S1_20221006_21404000321.tif,2022-10-06,21404000321,2022,train,11.37879063,46.49374598,EPSG:32633,1098,1101,10,0,216625.387882,0,-10,5160786.75947
S1_20221006_21500700034.tif,2022-10-06,21500700034,2022,train,11.16794199,42.76581896,EPSG:32632,1076,1079,10,0,671998.33957,0,-10,4742484.09022
S1_20221006_21500700071.tif,2022-10-06,21500700071,2022,train,11.37449351,42.97823881,EPSG:32632,1079,1082,10,0,688218.33957,0,-10,4766544.09022
S1_20221006_21500800061.tif,2022-10-06,21500800061,2022,train,10.82920511,43.71337318,EPSG:32633,1102,1105,10,0,158481.00683,0,-10,4854022.6934
S1_20221006_21500800434.tif,2022-10-06,21500800434,2022,train,11.52350871,43.57957210,EPSG:32633,1093,1096,10,0,213841.00683,0,-10,4836532.6934
S1_20221006_24241000021.tif,2022-10-06,24241000021,2022,train,18.84084862,53.77099491,EPSG:32634,1081,1086,10,0,352298.097911,0,-10,5965636.1742
S1_20221006_24241000041.tif,2022-10-06,24241000041,2022,valid,18.76425135,53.57872318,EPSG:32634,1083,1086,10,0,346568.097911,0,-10,5944406.1742
S1_20221006_29390900045.tif,2022-10-06,29390900045,2022,valid,48.66039592,30.20802627,EPSG:32639,1071,1072,10,0,269436.590726,0,-10,3349510.99464
S1_20221006_29390900055.tif,2022-10-06,29390900055,2022,train,48.72364563,30.03846522,EPSG:32639,1070,1072,10,0,275156.590726,0,-10,3330590.99464
S1_20221006_29390900125.tif,2022-10-06,29390900125,2022,valid,48.69592671,30.34982846,EPSG:32639,1071,1072,10,0,273176.590726,0,-10,3365160.99464
S1_20221006_29420300331.tif,2022-10-06,29420300331,2022,train,48.69180078,31.69026137,EPSG:32639,1071,1073,10,0,275866.793537,0,-10,3513785.13336
S1_20221006_29420300361.tif,2022-10-06,29420300361,2022,train,48.63733127,31.82071131,EPSG:32639,1071,1074,10,0,271016.793537,0,-10,3528365.13336
S1_20221006_29420300371.tif,2022-10-06,29420300371,2022,valid,48.61207851,31.90911718,EPSG:32639,1072,1073,10,0,268836.793537,0,-10,3538215.13336
S1_20221006_29420300406.tif,2022-10-06,29420300406,2022,train,48.69918672,30.01111204,EPSG:32639,1070,1071,10,0,272736.590726,0,-10,3327600.99464
S1_20221006_29420400466.tif,2022-10-06,29420400466,2022,valid,49.11685056,32.88436730,EPSG:32639,1067,1069,10,0,318506.793537,0,-10,3645385.13336
S1_20221006_29420500201.tif,2022-10-06,29420500201,2022,valid,48.92773523,32.26577325,EPSG:32639,1069,1071,10,0,299466.793537,0,-10,3577135.13336
S1_20221006_29420500461.tif,2022-10-06,29420500461,2022,valid,48.79095916,31.94937726,EPSG:32639,1070,1072,10,0,285856.793537,0,-10,3542315.13336
S1_20221006_29440100091.tif,2022-10-06,29440100091,2022,train,48.42740996,31.78259565,EPSG:32639,1074,1075,10,0,251026.793537,0,-10,3524595.13336
S1_20221006_29440100131.tif,2022-10-06,29440100131,2022,train,48.25763715,31.88482503,EPSG:32639,1075,1077,10,0,235226.793537,0,-10,3536335.13336
S1_20221006_29440100141.tif,2022-10-06,29440100141,2022,train,48.25628136,31.94827782,EPSG:32639,1075,1077,10,0,235276.793537,0,-10,3543375.13336
S1_20221006_29440100213.tif,2022-10-06,29440100213,2022,train,48.14765745,32.44459461,EPSG:32639,1077,1079,10,0,226456.793537,0,-10,3598695.13336
S1_20221006_42243300131.tif,2022-10-06,42243300131,2022,train,127.29819228,45.97256367,EPSG:32651,1106,1110,10,0,827443.05198,0,-10,5105537.45083
S1_20221006_42243700171.tif,2022-10-06,42243700171,2022,train,126.31498643,45.70094628,EPSG:32651,1092,1096,10,0,752603.05198,0,-10,5071647.45083
S1_20221006_42243700301.tif,2022-10-06,42243700301,2022,valid,127.00148488,45.52091430,EPSG:32651,1102,1105,10,0,806993.05198,0,-10,5054137.45083
S1_20221006_42243800291.tif,2022-10-06,42243800291,2022,train,126.78912296,45.13224075,EPSG:32651,1098,1102,10,0,792462.304921,0,-10,5010138.56554
S1_20221006_42246300794.tif,2022-10-06,42246300794,2022,train,126.45845789,43.57311358,EPSG:32651,1093,1096,10,0,773802.760838,0,-10,4835754.52424
S1_20221006_42246300824.tif,2022-10-06,42246300824,2022,train,126.45598438,43.52339979,EPSG:32651,1093,1096,10,0,773832.760838,0,-10,4830224.52424
S1_20221006_42246400651.tif,2022-10-06,42246400651,2022,train,126.08543087,42.61757622,EPSG:32651,1088,1090,10,0,747612.760838,0,-10,4728414.52424
S1_20221006_42246401024.tif,2022-10-06,42246401024,2022,train,125.59503470,42.13500985,EPSG:32651,1081,1083,10,0,709062.161257,0,-10,4673440.90632
S1_20221006_42246401131.tif,2022-10-06,42246401131,2022,train,125.72301942,42.57832486,EPSG:32651,1083,1086,10,0,718052.760838,0,-10,4723014.52424
S1_20221006_42440400871.tif,2022-10-06,42440400871,2022,train,125.96726958,41.80795383,EPSG:32651,1086,1088,10,0,741062.161257,0,-10,4638150.90632
S1_20221006_42460002325.tif,2022-10-06,42460002325,2022,valid,122.13769911,40.82961631,EPSG:32651,1059,1062,10,0,421997.340535,0,-10,4525510.86795
S1_20221006_42485000201.tif,2022-10-06,42485000201,2022,train,123.67537996,43.41442841,EPSG:32651,1057,1061,10,0,549392.760838,0,-10,4812364.52424
S1_20221006_44581800121.tif,2022-10-06,44581800121,2022,valid,94.46509145,21.37585907,EPSG:32646,1058,1059,10,0,646603.004759,0,-10,2369748.85073
S1_20221006_44590000555.tif,2022-10-06,44590000555,2022,valid,94.98177102,17.33417686,EPSG:32646,1059,1059,10,0,705308.476053,0,-10,1922904.44498
S1_20221006_45670300161.tif,2022-10-06,45670300161,2022,valid,72.96242173,34.72004248,EPSG:32643,1070,1072,10,0,308072.63719,0,-10,3849247.61046
S1_20221006_45670300521.tif,2022-10-06,45670300521,2022,train,73.56631448,35.53254079,EPSG:32643,1064,1066,10,0,364702.63719,0,-10,3938377.61046
S1_20221006_46130300991.tif,2022-10-06,46130300991,2022,train,59.55074980,42.44429489,EPSG:32641,1092,1094,10,0,210861.499757,0,-10,4710343.98493
S1_20221006_56275600061.tif,2022-10-06,56275600061,2022,train,137.37840074,-16.73331072,EPSG:32753,1062,1061,10,0,748271.170411,0,-10,8153736.088
S1_20221006_57202000173.tif,2022-10-06,57202000173,2022,train,167.59599220,-45.56201865,EPSG:32758,1084,1086,10,0,697172.513007,0,-10,4956765.23989
S1_20221006_57202000193.tif,2022-10-06,57202000193,2022,train,167.58755412,-45.52476511,EPSG:32758,1083,1086,10,0,696652.513007,0,-10,4960925.23989
S1_20221006_57202000201.tif,2022-10-06,57202000201,2022,train,167.60711623,-45.49362566,EPSG:32758,1083,1086,10,0,698292.513007,0,-10,4964335.23989
S1_20221006_64150400061.tif,2022-10-06,64150400061,2022,valid,-56.39690206,-34.43681102,EPSG:32721,1055,1057,10,0,550133.461009,0,-10,6194529.64543
S1_20221006_64160700433.tif,2022-10-06,64160700433,2022,train,-55.69830763,-32.52903762,EPSG:32721,1062,1063,10,0,616935.0621,0,-10,6405490.23967
S1_20221006_65150000106.tif,2022-10-06,65150000106,2022,train,-57.31048743,-37.55636235,EPSG:32721,1052,1054,10,0,467316.599675,0,-10,5848630.3484
S1_20221006_67107200041.tif,2022-10-06,67107200041,2022,train,-75.37737200,-14.87996694,EPSG:32718,1050,1049,10,0,454156.8923,0,-10,8360160.79692
S1_20221006_71290005191.tif,2022-10-06,71290005191,2022,valid,-111.62212090,50.05898098,EPSG:32612,1058,1062,10,0,450179.136904,0,-10,5550683.87352
S1_20221006_72545000673.tif,2022-10-06,72545000673,2022,train,-76.31730743,44.69118542,EPSG:32618,1066,1070,10,0,390289.716941,0,-10,4954839.90833
S1_20221006_72546000134.tif,2022-10-06,72546000134,2022,train,-76.90752789,45.19542455,EPSG:32618,1074,1078,10,0,344799.716941,0,-10,5011819.90833
S1_20221006_72552000984.tif,2022-10-06,72552000984,2022,train,-77.77353871,44.33443001,EPSG:32618,1085,1088,10,0,273459.716941,0,-10,4918199.90833
S1_20221006_72554000204.tif,2022-10-06,72554000204,2022,train,-76.83766620,43.05942080,EPSG:32618,1072,1075,10,0,344997.493772,0,-10,4774427.15762
S1_20221006_72554000503.tif,2022-10-06,72554000503,2022,train,-76.72594476,42.87845255,EPSG:32618,1071,1073,10,0,353687.493772,0,-10,4754127.15762
S1_20221006_72555200054.tif,2022-10-06,72555200054,2022,train,-77.62714845,43.17448483,EPSG:32618,1082,1085,10,0,281057.493772,0,-10,4788967.15762
S1_20221006_73150500046.tif,2022-10-06,73150500046,2022,valid,-75.41930428,39.54698030,EPSG:32618,1054,1056,10,0,458702.852499,0,-10,4382842.36878
S1_20221006_73150600181.tif,2022-10-06,73150600181,2022,train,-75.18417812,40.56730630,EPSG:32618,1051,1054,10,0,479154.481312,0,-10,4496012.05989
S1_20221006_73150600684.tif,2022-10-06,73150600684,2022,train,-75.63740484,40.84716886,EPSG:32618,1057,1059,10,0,440984.481312,0,-10,4527282.05989
S1_20221006_73150600916.tif,2022-10-06,73150600916,2022,train,-75.52558398,40.88309048,EPSG:32618,1055,1058,10,0,450444.481312,0,-10,4531202.05989
S1_20221006_73160100256.tif,2022-10-06,73160100256,2022,train,-77.04483316,40.25928796,EPSG:32618,1073,1076,10,0,320744.481312,0,-10,4463922.05989
S1_20221006_73170000346.tif,2022-10-06,73170000346,2022,train,-76.44396465,38.15499608,EPSG:32618,1065,1067,10,0,368162.852499,0,-10,4229332.36878
S1_20221006_73170000356.tif,2022-10-06,73170000356,2022,train,-76.41419973,38.13255790,EPSG:32618,1065,1067,10,0,370732.852499,0,-10,4226802.36878
S1_20221006_73190900286.tif,2022-10-06,73190900286,2022,train,-76.27425112,36.96059372,EPSG:32618,1063,1066,10,0,381246.050008,0,-10,4096589.44721
S1_20221006_74299400661.tif,2022-10-06,74299400661,2022,train,-110.14364203,48.78873362,EPSG:32612,1062,1065,10,0,557590.366324,0,-10,5409649.36674
S1_20221006_74299900021.tif,2022-10-06,74299900021,2022,valid,-110.53273390,47.85680277,EPSG:32612,1056,1059,10,0,529672.261162,0,-10,5305785.32488
S1_20221006_77210000035.tif,2022-10-06,77210000035,2022,train,-114.94056760,31.89419499,EPSG:32611,1069,1071,10,0,689421.112437,0,-10,3535912.99986
S1_20221006_77210000216.tif,2022-10-06,77210000216,2022,train,-114.75268517,31.81033627,EPSG:32611,1070,1072,10,0,707381.112437,0,-10,3526972.99986
S1_20221006_77231000024.tif,2022-10-06,77231000024,2022,train,-114.49962721,32.82659336,EPSG:32611,1074,1076,10,0,728691.112437,0,-10,3640212.99986
S1_20221006_77231000254.tif,2022-10-06,77231000254,2022,train,-114.51049402,33.73161730,EPSG:32612,1085,1087,10,0,169293.919522,0,-10,3743371.61555
S1_20221006_77231000261.tif,2022-10-06,77231000261,2022,train,-114.50336069,33.75777698,EPSG:32612,1085,1087,10,0,170053.919522,0,-10,3746251.61555
S1_20221006_77233000124.tif,2022-10-06,77233000124,2022,train,-114.45639667,34.65954500,EPSG:32612,1085,1087,10,0,177803.919522,0,-10,3846161.61555
S1_20221006_77233000181.tif,2022-10-06,77233000181,2022,train,-114.61122391,35.12126459,EPSG:32612,1088,1089,10,0,165442.509382,0,-10,3897907.61485
S1_20221006_77233000233.tif,2022-10-06,77233000233,2022,train,-114.67173066,35.48136332,EPSG:32612,1089,1090,10,0,161402.509382,0,-10,3938077.61485
S1_20221006_77239000061.tif,2022-10-06,77239000061,2022,train,-112.75983598,36.31458511,EPSG:32612,1068,1070,10,0,336675.010945,0,-10,4025628.58897
S1_20221006_78299500243.tif,2022-10-06,78299500243,2022,train,-112.90944957,42.74290680,EPSG:32612,1073,1076,10,0,338349.271693,0,-10,4739413.51726
S1_20221006_78299700031.tif,2022-10-06,78299700031,2022,valid,-112.49677476,43.13621330,EPSG:32612,1068,1071,10,0,372929.271693,0,-10,4782383.51726
S1_20221006_78299700054.tif,2022-10-06,78299700054,2022,valid,-112.33333433,43.22521982,EPSG:32612,1066,1069,10,0,386389.271693,0,-10,4792033.51726
S1_20221006_78299700094.tif,2022-10-06,78299700094,2022,train,-112.16542682,43.36014052,EPSG:32612,1063,1067,10,0,400249.271693,0,-10,4806803.51726
S1_20221006_78299700154.tif,2022-10-06,78299700154,2022,train,-112.04358038,43.49431131,EPSG:32612,1063,1065,10,0,410309.271693,0,-10,4821563.51726
S1_20221006_81186000151.tif,2022-10-06,81186000151,2022,train,-155.03314751,62.58297851,EPSG:32605,1083,1088,10,0,390147.233964,0,-10,6946212.39592
S1_20221006_81188000161.tif,2022-10-06,81188000161,2022,train,-153.27466031,61.92760617,EPSG:32605,1054,1059,10,0,480309.945913,0,-10,6871440.94211
S1_20221006_81189000091.tif,2022-10-06,81189000091,2022,train,-154.26708612,63.10485326,EPSG:32605,1071,1076,10,0,430697.233964,0,-10,7003282.39592
S1_20221006_81220600111.tif,2022-10-06,81220600111,2022,train,-150.63529799,66.98361069,EPSG:32605,1090,1096,10,0,597705.830031,0,-10,7436992.69036
S1_20221006_81220600121.tif,2022-10-06,81220600121,2022,train,-150.46082870,67.00506625,EPSG:32605,1092,1098,10,0,605205.830031,0,-10,7439692.69036
S1_20221006_81220900091.tif,2022-10-06,81220900091,2022,train,-150.12239238,67.37943734,EPSG:32605,1098,1104,10,0,617985.830031,0,-10,7482062.69036
S1_20221006_81230600061.tif,2022-10-06,81230600061,2022,train,-154.41310684,64.74689252,EPSG:32605,1074,1079,10,0,427367.069063,0,-10,7186391.98598
S1_20221006_81230600071.tif,2022-10-06,81230600071,2022,train,-154.45433442,64.69690719,EPSG:32605,1074,1080,10,0,425277.069063,0,-10,7180871.98598
S1_20221006_81230600291.tif,2022-10-06,81230600291,2022,train,-154.72562991,63.90830787,EPSG:32605,1078,1084,10,0,409937.069063,0,-10,7093361.98598
S1_20221006_81230700061.tif,2022-10-06,81230700061,2022,train,-153.23681961,65.13088110,EPSG:32605,1054,1060,10,0,483617.069063,0,-10,7228361.98598
S1_20221006_81241000081.tif,2022-10-06,81241000081,2022,train,-151.65299822,65.08008197,EPSG:32605,1073,1078,10,0,557961.117975,0,-10,7223444.73041
S1_20221007_11770400241.tif,2022-10-07,11770400241,2022,valid,38.70358136,-12.73968224,EPSG:32737,1049,1049,10,0,462577.656689,0,-10,8596878.19723
S1_20221007_11770400261.tif,2022-10-07,11770400261,2022,valid,38.50302292,-12.93912841,EPSG:32737,1049,1049,10,0,440848.411836,0,-10,8574788.47189
S1_20221007_11780500091.tif,2022-10-07,11780500091,2022,train,37.75289971,-14.28714388,EPSG:32737,1054,1054,10,0,360214.179872,0,-10,8425425.31397
S1_20221007_11780500121.tif,2022-10-07,11780500121,2022,train,37.57306282,-14.38393865,EPSG:32737,1055,1054,10,0,340874.179872,0,-10,8414605.31397
S1_20221007_11780500131.tif,2022-10-07,11780500131,2022,train,37.47646295,-14.39404732,EPSG:32737,1055,1055,10,0,330464.179872,0,-10,8413425.31397
S1_20221007_11795000155.tif,2022-10-07,11795000155,2022,train,37.45000204,-17.60709398,EPSG:32737,1056,1057,10,0,330257.104393,0,-10,8057895.15609
S1_20221007_11796000121.tif,2022-10-07,11796000121,2022,train,37.01621530,-16.71197412,EPSG:32737,1059,1059,10,0,283189.1351,0,-10,8156549.10746
S1_20221007_11796000161.tif,2022-10-07,11796000161,2022,valid,37.09778321,-16.46448479,EPSG:32737,1059,1058,10,0,291629.1351,0,-10,8184019.10746
S1_20221007_11796000221.tif,2022-10-07,11796000221,2022,train,37.10038111,-16.01397390,EPSG:32737,1058,1058,10,0,291449.1351,0,-10,8233879.10746
S1_20221007_12499000104.tif,2022-10-07,12499000104,2022,valid,27.11438833,-24.40601141,EPSG:32735,1049,1050,10,0,506352.771698,0,-10,7306066.36955
S1_20221007_12553600151.tif,2022-10-07,12553600151,2022,train,28.97661294,-31.28221043,EPSG:32735,1068,1069,10,0,682818.778928,0,-10,6542780.67727
S1_20221007_12553600281.tif,2022-10-07,12553600281,2022,train,29.25157432,-31.19380139,EPSG:32735,1070,1071,10,0,709188.778928,0,-10,6552090.67727
S1_20221007_12553600491.tif,2022-10-07,12553600491,2022,train,28.99593483,-31.09960929,EPSG:32735,1067,1069,10,0,685028.778928,0,-10,6562990.67727
S1_20221007_12553600534.tif,2022-10-07,12553600534,2022,train,28.88298324,-31.03063110,EPSG:32735,1066,1068,10,0,674388.778928,0,-10,6570820.67727
S1_20221007_12553600541.tif,2022-10-07,12553600541,2022,train,28.87044173,-30.99996193,EPSG:32735,1066,1068,10,0,673248.778928,0,-10,6574240.67727
S1_20221007_12553700091.tif,2022-10-07,12553700091,2022,train,28.91126522,-31.76544441,EPSG:32735,1067,1069,10,0,675667.355457,0,-10,6489317.88608
S1_20221007_12553800091.tif,2022-10-07,12553800091,2022,train,28.62703183,-32.04708394,EPSG:32735,1065,1066,10,0,648287.355457,0,-10,6458517.88608
S1_20221007_12553800151.tif,2022-10-07,12553800151,2022,train,28.51170814,-31.95086576,EPSG:32735,1063,1065,10,0,637557.355457,0,-10,6469337.88608
S1_20221007_12780400316.tif,2022-10-07,12780400316,2022,train,27.42774954,-29.37488998,EPSG:32735,1052,1053,10,0,536251.756322,0,-10,6755667.61435
S1_20221007_12780900011.tif,2022-10-07,12780900011,2022,train,28.68815345,-29.54598835,EPSG:32735,1063,1065,10,0,658251.756322,0,-10,6735657.61435
S1_20221007_12780900121.tif,2022-10-07,12780900121,2022,train,28.49006802,-29.16380478,EPSG:32735,1062,1064,10,0,639601.756322,0,-10,6778267.61435
S1_20221007_12780900186.tif,2022-10-07,12780900186,2022,train,28.53981682,-29.03870941,EPSG:32735,1062,1064,10,0,644621.756322,0,-10,6792067.61435
S1_20221007_12797900221.tif,2022-10-07,12797900221,2022,train,26.71916437,-26.97262355,EPSG:32735,1051,1052,10,0,466875.029375,0,-10,7021825.96498
S1_20221007_12798000134.tif,2022-10-07,12798000134,2022,valid,28.49517958,-27.29926011,EPSG:32735,1061,1062,10,0,642654.615817,0,-10,6984842.6802
S1_20221007_12798000174.tif,2022-10-07,12798000174,2022,train,28.58589178,-27.30137459,EPSG:32735,1062,1063,10,0,651624.615817,0,-10,6984502.6802
S1_20221007_21406400624.tif,2022-10-07,21406400624,2022,train,10.20360063,46.22977919,EPSG:32632,1066,1068,10,0,587480.760199,0,-10,5125622.0457
S1_20221007_21406400634.tif,2022-10-07,21406400634,2022,train,10.20464082,46.22990324,EPSG:32632,1066,1069,10,0,587560.760199,0,-10,5125642.0457
S1_20221007_21406400761.tif,2022-10-07,21406400761,2022,valid,10.26011877,46.27403532,EPSG:32632,1066,1069,10,0,591760.760199,0,-10,5130612.0457
S1_20221007_23214400254.tif,2022-10-07,23214400254,2022,train,1.61922347,43.06783900,EPSG:32631,1066,1069,10,0,382248.323265,0,-10,4774618.3673
S1_20221007_23250500011.tif,2022-10-07,23250500011,2022,train,3.70921401,51.10374545,EPSG:32631,1059,1063,10,0,544358.933285,0,-10,5666916.05856
S1_20221007_28106500334.tif,2022-10-07,28106500334,2022,train,62.13948700,37.49959099,EPSG:32641,1058,1061,10,0,418648.02942,0,-10,4155948.68843
S1_20221007_29320100061.tif,2022-10-07,29320100061,2022,train,65.38181354,25.77615302,EPSG:32641,1067,1068,10,0,733524.353515,0,-10,2858394.36166
S1_20221007_29320100075.tif,2022-10-07,29320100075,2022,train,65.54520259,25.43649214,EPSG:32641,1068,1070,10,0,750634.353515,0,-10,2821074.36166
S1_20221007_29320100086.tif,2022-10-07,29320100086,2022,train,65.52746463,25.46757370,EPSG:32641,1068,1070,10,0,748784.353515,0,-10,2824484.36166
S1_20221007_29420300131.tif,2022-10-07,29420300131,2022,train,48.44836672,30.79090386,EPSG:32639,1073,1075,10,0,250472.033397,0,-10,3414588.5022
S1_20221007_29420300171.tif,2022-10-07,29420300171,2022,train,48.35362198,30.94836579,EPSG:32639,1074,1075,10,0,241812.033397,0,-10,3432258.5022
S1_20221007_29440100291.tif,2022-10-07,29440100291,2022,train,47.91659393,32.59477922,EPSG:32639,1079,1081,10,0,205197.526921,0,-10,3615968.04318
S1_20221007_29440100311.tif,2022-10-07,29440100311,2022,train,47.96537021,32.62635050,EPSG:32639,1079,1081,10,0,209877.526921,0,-10,3619338.04318
S1_20221007_29440100331.tif,2022-10-07,29440100331,2022,train,48.06656970,32.72941974,EPSG:32639,1078,1080,10,0,219697.526921,0,-10,3630498.04318
S1_20221007_29440100391.tif,2022-10-07,29440100391,2022,train,47.57191352,33.06718230,EPSG:32639,1084,1085,10,0,174507.526921,0,-10,3669388.04318
S1_20221007_29440500021.tif,2022-10-07,29440500021,2022,train,47.37610269,33.21089264,EPSG:32639,1086,1087,10,0,156757.526921,0,-10,3685958.04318
S1_20221007_29440500191.tif,2022-10-07,29440500191,2022,valid,47.43312964,33.76935242,EPSG:32639,1086,1087,10,0,164207.526921,0,-10,3747738.04318
S1_20221007_29461000031.tif,2022-10-07,29461000031,2022,train,47.43955497,31.18296876,EPSG:32639,1083,1085,10,0,155232.033397,0,-10,3460768.5022
S1_20221007_29461000061.tif,2022-10-07,29461000061,2022,train,47.37502881,31.43731044,EPSG:32639,1084,1086,10,0,150002.033397,0,-10,3489188.5022
S1_20221007_29461000261.tif,2022-10-07,29461000261,2022,train,47.13654058,31.78112019,EPSG:32639,1087,1088,10,0,128652.033397,0,-10,3528118.5022
S1_20221007_29461000361.tif,2022-10-07,29461000361,2022,train,47.27092401,31.53982525,EPSG:32639,1085,1087,10,0,140482.033397,0,-10,3500898.5022
S1_20221007_29461000531.tif,2022-10-07,29461000531,2022,train,47.28993832,31.67333251,EPSG:32639,1085,1087,10,0,142792.033397,0,-10,3515648.5022
S1_20221007_29461000556.tif,2022-10-07,29461000556,2022,train,47.91474370,31.70464422,EPSG:32639,1079,1080,10,0,202192.033397,0,-10,3517238.5022
S1_20221007_29461000566.tif,2022-10-07,29461000566,2022,valid,47.53535407,31.62133001,EPSG:32639,1083,1084,10,0,165902.033397,0,-10,3509098.5022
S1_20221007_29461000596.tif,2022-10-07,29461000596,2022,train,47.42588302,31.59690024,EPSG:32639,1083,1085,10,0,155422.033397,0,-10,3506728.5022
S1_20221007_29471000011.tif,2022-10-07,29471000011,2022,train,47.36606954,30.97492901,EPSG:32639,1084,1085,10,0,147462.033397,0,-10,3437918.5022
S1_20221007_29471000251.tif,2022-10-07,29471000251,2022,train,46.98654409,31.27425860,EPSG:32639,1087,1089,10,0,112372.033397,0,-10,3472398.5022
S1_20221007_29471000261.tif,2022-10-07,29471000261,2022,train,47.00116642,31.29945492,EPSG:32639,1088,1090,10,0,113862.033397,0,-10,3475148.5022
S1_20221007_29510200031.tif,2022-10-07,29510200031,2022,valid,47.90205364,30.15066060,EPSG:32638,1076,1077,10,0,774152.245567,0,-10,3344422.59044
S1_20221007_29510200041.tif,2022-10-07,29510200041,2022,train,47.93258998,30.10948812,EPSG:32638,1076,1077,10,0,777212.245567,0,-10,3339932.59044
S1_20221007_29510300145.tif,2022-10-07,29510300145,2022,train,48.16583879,29.99473038,EPSG:32638,1078,1080,10,0,800042.245567,0,-10,3327822.59044
S1_20221007_31248900831.tif,2022-10-07,31248900831,2022,train,85.75216469,49.59603563,EPSG:32645,1067,1070,10,0,404490.336968,0,-10,5499815.47319
S1_20221007_31297900043.tif,2022-10-07,31297900043,2022,train,83.47646130,48.47478138,EPSG:32645,1098,1101,10,0,234110.336968,0,-10,5380575.47319
S1_20221007_31299100053.tif,2022-10-07,31299100053,2022,train,83.92705901,48.00711084,EPSG:32645,1091,1095,10,0,265360.336968,0,-10,5327135.47319
S1_20221007_35189600561.tif,2022-10-07,35189600561,2022,train,153.60609700,61.38835164,EPSG:32656,1060,1065,10,0,527079.964667,0,-10,6811520.32182
S1_20221007_35189600701.tif,2022-10-07,35189600701,2022,train,153.00241687,61.18330812,EPSG:32656,1052,1055,10,0,494869.964667,0,-10,6788480.32182
S1_20221007_35419500026.tif,2022-10-07,35419500026,2022,train,169.23382048,60.54829151,EPSG:32659,1078,1083,10,0,397739.165518,0,-10,6719190.97066
S1_20221007_44106001121.tif,2022-10-07,44106001121,2022,train,106.96501462,11.86808399,EPSG:32649,1065,1065,10,0,54882.6181471,0,-10,1320480.41138
S1_20221007_47120600021.tif,2022-10-07,47120600021,2022,train,86.12462745,44.37186093,EPSG:32645,1061,1063,10,0,424952.543835,0,-10,4918863.55054
S1_20221007_47120600191.tif,2022-10-07,47120600191,2022,valid,85.66988240,44.35270550,EPSG:32645,1066,1069,10,0,388662.543835,0,-10,4917253.55054
S1_20221007_47120600221.tif,2022-10-07,47120600221,2022,valid,85.44416797,44.01696320,EPSG:32645,1069,1072,10,0,369952.543835,0,-10,4880293.55054
S1_20221007_47120600281.tif,2022-10-07,47120600281,2022,train,85.39856329,44.34287610,EPSG:32645,1069,1072,10,0,367002.543835,0,-10,4916563.55054
S1_20221007_47120600291.tif,2022-10-07,47120600291,2022,train,85.29659617,44.19888355,EPSG:32645,1071,1074,10,0,358532.543835,0,-10,4900743.55054
S1_20221007_47120600301.tif,2022-10-07,47120600301,2022,train,85.11125128,44.10103070,EPSG:32645,1073,1077,10,0,343462.543835,0,-10,4890213.55054
S1_20221007_47120600336.tif,2022-10-07,47120600336,2022,train,85.68567995,44.37008390,EPSG:32645,1066,1069,10,0,389952.543835,0,-10,4919163.55054
S1_20221007_47120600356.tif,2022-10-07,47120600356,2022,valid,85.40278671,44.34442073,EPSG:32645,1069,1073,10,0,367342.543835,0,-10,4916733.55054
S1_20221007_48220900411.tif,2022-10-07,48220900411,2022,train,84.78325542,43.02400799,EPSG:32645,1077,1079,10,0,313998.983812,0,-10,4771260.42017
S1_20221007_48220900471.tif,2022-10-07,48220900471,2022,train,85.04380565,43.01637853,EPSG:32645,1073,1076,10,0,335228.983812,0,-10,4769870.42017
S1_20221007_48250300161.tif,2022-10-07,48250300161,2022,valid,86.68698345,40.98611652,EPSG:32645,1053,1056,10,0,468404.28715,0,-10,4542543.03986
S1_20221007_48250300191.tif,2022-10-07,48250300191,2022,train,86.54853101,41.07587409,EPSG:32645,1054,1057,10,0,456804.28715,0,-10,4552563.03986
S1_20221007_48250300231.tif,2022-10-07,48250300231,2022,train,86.30079847,41.04319907,EPSG:32645,1058,1061,10,0,435944.28715,0,-10,4549093.03986
S1_20221007_61650400875.tif,2022-10-07,61650400875,2022,train,-55.59787927,5.67983509,EPSG:32621,1050,1050,10,0,650025.329547,0,-10,633251.107496
S1_20221007_62243600081.tif,2022-10-07,62243600081,2022,train,-57.42511307,-6.78728496,EPSG:32721,1049,1048,10,0,447779.46179,0,-10,9254985.34338
S1_20221007_62252200826.tif,2022-10-07,62252200826,2022,train,-56.70301306,-2.20145825,EPSG:32721,1047,1047,10,0,527788.131751,0,-10,9761903.22807
S1_20221007_62252900061.tif,2022-10-07,62252900061,2022,train,-56.92721792,-0.83584368,EPSG:32721,1047,1047,10,0,502862.968925,0,-10,9912849.01896
S1_20221007_71224200013.tif,2022-10-07,71224200013,2022,valid,-95.00787065,50.19056563,EPSG:32615,1078,1082,10,0,351286.639668,0,-10,5567158.50377
S1_20221007_71224300021.tif,2022-10-07,71224300021,2022,valid,-94.99290306,50.10026258,EPSG:32615,1077,1081,10,0,352091.779366,0,-10,5557085.36135
S1_20221007_73140200053.tif,2022-10-07,73140200053,2022,valid,-74.04224355,41.84474897,EPSG:32618,1061,1063,10,0,574207.035572,0,-10,4638297.47566
S1_20221007_73254700476.tif,2022-10-07,73254700476,2022,train,-83.86076714,33.36454544,EPSG:32616,1081,1082,10,0,786695.326811,0,-10,3701515.19064
S1_20221007_73258000131.tif,2022-10-07,73258000131,2022,train,-83.24332600,30.22903501,EPSG:32617,1070,1071,10,0,278757.563673,0,-10,3351648.26196
S1_20221007_73259000011.tif,2022-10-07,73259000011,2022,train,-84.52127233,30.00111842,EPSG:32617,1082,1083,10,0,154867.563673,0,-10,3329548.26196
S1_20221007_73259000071.tif,2022-10-07,73259000071,2022,valid,-84.66362073,30.37703847,EPSG:32617,1084,1085,10,0,142457.563673,0,-10,3371688.26196
S1_20221007_73260400431.tif,2022-10-07,73260400431,2022,train,-84.06407010,32.58970819,EPSG:32616,1078,1079,10,0,770185.69762,0,-10,3615003.39246
S1_20221007_73260500051.tif,2022-10-07,73260500051,2022,train,-85.00246352,31.01724153,EPSG:32617,1087,1088,10,0,112387.563673,0,-10,3443838.26196
S1_20221007_73260500144.tif,2022-10-07,73260500144,2022,train,-85.11102046,31.26092435,EPSG:32616,1066,1069,10,0,674525.69762,0,-10,3465403.39246
S1_20221007_73260500181.tif,2022-10-07,73260500181,2022,train,-85.05411049,31.56631257,EPSG:32616,1068,1069,10,0,679335.69762,0,-10,3499353.39246
S1_20221007_73260500223.tif,2022-10-07,73260500223,2022,train,-85.12165825,31.76711843,EPSG:32616,1067,1069,10,0,672545.69762,0,-10,3521503.39246
S1_20221007_73260500276.tif,2022-10-07,73260500276,2022,valid,-85.13152186,31.63597637,EPSG:32616,1066,1068,10,0,671865.69762,0,-10,3506943.39246
S1_20221007_73260600046.tif,2022-10-07,73260600046,2022,train,-85.13978919,31.98940864,EPSG:32616,1067,1068,10,0,670405.69762,0,-10,3546113.39246
S1_20221007_73260900043.tif,2022-10-07,73260900043,2022,valid,-84.89441891,32.25943432,EPSG:32616,1069,1071,10,0,692995.69762,0,-10,3576493.39246
S1_20221007_73260901091.tif,2022-10-07,73260901091,2022,train,-84.85939367,33.49296830,EPSG:32616,1070,1073,10,0,693515.326811,0,-10,3713355.19064
S1_20221007_73260901713.tif,2022-10-07,73260901713,2022,train,-83.98164531,34.37931462,EPSG:32616,1081,1082,10,0,772135.326811,0,-10,3813755.19064
S1_20221007_73286000431.tif,2022-10-07,73286000431,2022,train,-85.60867405,33.41143478,EPSG:32616,1063,1064,10,0,624055.326811,0,-10,3703085.19064
S1_20221007_73287000664.tif,2022-10-07,73287000664,2022,valid,-85.25627320,34.19994447,EPSG:32616,1067,1069,10,0,655325.326811,0,-10,3791045.19064
S1_20221007_73289000011.tif,2022-10-07,73289000011,2022,valid,-85.14384775,34.23693166,EPSG:32616,1068,1070,10,0,665605.326811,0,-10,3795335.19064
S1_20221007_73289000024.tif,2022-10-07,73289000024,2022,valid,-85.10613230,34.22914133,EPSG:32616,1068,1070,10,0,669095.326811,0,-10,3794535.19064
S1_20221007_73289000154.tif,2022-10-07,73289000154,2022,train,-84.78343779,34.14497506,EPSG:32616,1072,1073,10,0,699005.326811,0,-10,3785815.19064
S1_20221007_74262300891.tif,2022-10-07,74262300891,2022,train,-85.43252160,35.03384831,EPSG:32616,1066,1067,10,0,637652.203854,0,-10,3883254.65346
S1_20221007_74262400061.tif,2022-10-07,74262400061,2022,train,-84.83501523,35.33224771,EPSG:32616,1072,1073,10,0,691412.203854,0,-10,3917404.65346
S1_20221007_74262400091.tif,2022-10-07,74262400091,2022,train,-84.61045299,35.21961752,EPSG:32616,1075,1076,10,0,712112.203854,0,-10,3905394.65346
S1_20221007_74262700073.tif,2022-10-07,74262700073,2022,train,-84.36913671,35.74970312,EPSG:32616,1077,1079,10,0,732502.203854,0,-10,3964774.65346
S1_20221007_74264600083.tif,2022-10-07,74264600083,2022,train,-85.71599506,35.99679847,EPSG:32616,1063,1065,10,0,610417.011074,0,-10,3989680.60338
S1_20221007_74264600284.tif,2022-10-07,74264600284,2022,train,-85.70406668,35.76916676,EPSG:32616,1063,1064,10,0,611827.011074,0,-10,3964440.60338
S1_20221007_74264600316.tif,2022-10-07,74264600316,2022,train,-85.74949591,35.97240543,EPSG:32616,1062,1064,10,0,607437.011074,0,-10,3986930.60338
S1_20221007_74264700043.tif,2022-10-07,74264700043,2022,train,-85.87706046,36.30240661,EPSG:32616,1061,1063,10,0,595517.011074,0,-10,4023390.60338
S1_20221007_74264700111.tif,2022-10-07,74264700111,2022,train,-85.66737980,36.37886123,EPSG:32616,1063,1065,10,0,614217.011074,0,-10,4032120.60338
S1_20221007_74264700263.tif,2022-10-07,74264700263,2022,train,-84.81133812,36.95479301,EPSG:32616,1074,1075,10,0,689497.011074,0,-10,4097470.60338
S1_20221007_74266900031.tif,2022-10-07,74266900031,2022,valid,-86.56559653,40.69338500,EPSG:32616,1054,1057,10,0,531432.827985,0,-10,4510096.51502
S1_20221007_74295800041.tif,2022-10-07,74295800041,2022,train,-99.62207479,43.74411716,EPSG:32614,1057,1060,10,0,444626.814339,0,-10,4848941.14924
S1_20221007_74295900133.tif,2022-10-07,74295900133,2022,train,-99.56682654,44.11994466,EPSG:32614,1056,1060,10,0,449366.814339,0,-10,4890651.14924
S1_20221007_75165000821.tif,2022-10-07,75165000821,2022,train,-98.20267420,32.81933576,EPSG:32614,1057,1058,10,0,569350.284343,0,-10,3636830.25187
S1_20221007_75166000074.tif,2022-10-07,75166000074,2022,train,-98.83263750,32.90935256,EPSG:32614,1050,1052,10,0,510400.284343,0,-10,3646510.25187
S1_20221007_75183000151.tif,2022-10-07,75183000151,2022,train,-98.40933549,30.70809567,EPSG:32614,1054,1056,10,0,551289.929744,0,-10,3402681.21521
S1_20221007_75183000213.tif,2022-10-07,75183000213,2022,train,-98.45063616,30.89212683,EPSG:32614,1053,1055,10,0,547239.929744,0,-10,3423051.21521
S1_20221007_75215100141.tif,2022-10-07,75215100141,2022,train,-100.65907361,29.03101269,EPSG:32614,1063,1064,10,0,333127.570063,0,-10,3217876.86972
S1_20221007_75215100154.tif,2022-10-07,75215100154,2022,train,-100.66247151,29.05082323,EPSG:32614,1063,1064,10,0,332827.570063,0,-10,3220076.86972
S1_20221007_76201200196.tif,2022-10-07,76201200196,2022,train,-77.23787327,20.54887397,EPSG:32618,1063,1063,10,0,261368.823501,0,-10,2279136.51225
S1_20221007_77480300323.tif,2022-10-07,77480300323,2022,train,-121.77555208,42.19601935,EPSG:32610,1064,1067,10,0,595774.817818,0,-10,4677601.01751
S1_20221007_78340100023.tif,2022-10-07,78340100023,2022,train,-129.54268404,54.21926081,EPSG:32609,1057,1062,10,0,459329.671088,0,-10,6013363.12338
S1_20221007_78340400011.tif,2022-10-07,78340400011,2022,valid,-128.42096978,54.53195914,EPSG:32609,1058,1062,10,0,532179.412283,0,-10,6048174.52442
S1_20221007_78340400051.tif,2022-10-07,78340400051,2022,valid,-127.93614860,54.31887919,EPSG:32609,1066,1070,10,0,563869.671088,0,-10,6024873.12338
S1_20221007_78360000306.tif,2022-10-07,78360000306,2022,train,-129.58015069,56.55875240,EPSG:32609,1059,1063,10,0,459046.271882,0,-10,6273735.69259
S1_20221007_78380500061.tif,2022-10-07,78380500061,2022,train,-130.84900930,58.03976448,EPSG:32609,1078,1083,10,0,385446.032381,0,-10,6440046.90493
S1_20221007_81280900176.tif,2022-10-07,81280900176,2022,train,-131.00120651,63.21719208,EPSG:32609,1083,1088,10,0,393984.749257,0,-10,7016797.10921
S1_20221007_81294400221.tif,2022-10-07,81294400221,2022,train,-132.27427154,62.82836295,EPSG:32609,1103,1108,10,0,327714.749257,0,-10,6976247.10921
S1_20221007_82217000991.tif,2022-10-07,82217000991,2022,train,-130.30932231,65.75521658,EPSG:32608,1127,1132,10,0,709138.154795,0,-10,7306308.30928
S1_20221008_12602000241.tif,2022-10-08,12602000241,2022,train,18.81375273,-33.05339756,EPSG:32734,1070,1072,10,0,290522.778473,0,-10,6346028.62689
S1_20221008_12602000474.tif,2022-10-08,12602000474,2022,valid,18.68852735,-32.94045056,EPSG:32734,1072,1073,10,0,278542.778473,0,-10,6358308.62689
S1_20221008_12604300051.tif,2022-10-08,12604300051,2022,train,19.50911350,-32.28142906,EPSG:32734,1064,1065,10,0,354282.778473,0,-10,6432718.62689
S1_20221008_12710000181.tif,2022-10-08,12710000181,2022,valid,17.19193015,-28.11215932,EPSG:32733,1067,1069,10,0,709986.953351,0,-10,6893776.71619
S1_20221008_13296000121.tif,2022-10-08,13296000121,2022,train,29.33611560,-9.29966370,EPSG:32735,1055,1055,10,0,751349.829458,0,-10,8976446.78917
S1_20221008_14234800171.tif,2022-10-08,14234800171,2022,train,8.14564949,10.59938369,EPSG:32632,1051,1051,10,0,401285.454122,0,-10,1177066.85363
S1_20221008_14234800181.tif,2022-10-08,14234800181,2022,valid,8.26166080,10.53632706,EPSG:32632,1050,1050,10,0,413965.454122,0,-10,1170056.85363
S1_20221008_14246900051.tif,2022-10-08,14246900051,2022,train,7.58489746,11.93467451,EPSG:32632,1053,1054,10,0,340636.807826,0,-10,1324993.67535
S1_20221008_16249000401.tif,2022-10-08,16249000401,2022,train,8.72951710,11.76816211,EPSG:32632,1049,1049,10,0,465285.454122,0,-10,1306176.85363
S1_20221008_16249000451.tif,2022-10-08,16249000451,2022,train,8.32335666,11.85479695,EPSG:32632,1051,1050,10,0,421045.454122,0,-10,1315836.85363
S1_20221008_16249000494.tif,2022-10-08,16249000494,2022,train,8.03418321,11.73387605,EPSG:32632,1052,1052,10,0,389495.454122,0,-10,1302566.85363
S1_20221008_16249000541.tif,2022-10-08,16249000541,2022,train,7.85958963,11.77292678,EPSG:32632,1052,1052,10,0,370485.454122,0,-10,1306956.85363
S1_20221008_35148000341.tif,2022-10-08,35148000341,2022,valid,145.60373856,63.80223551,EPSG:32654,1124,1129,10,0,720999.99271,0,-10,7088797.39251
S1_20221008_35148000551.tif,2022-10-08,35148000551,2022,train,145.60594000,63.47516402,EPSG:32654,1124,1129,10,0,723733.814211,0,-10,7052431.99585
S1_20221008_35602200661.tif,2022-10-08,35602200661,2022,train,146.26836021,59.57709675,EPSG:32655,1062,1067,10,0,453361.665073,0,-10,6609877.48615
S1_20221008_35602400826.tif,2022-10-08,35602400826,2022,train,145.43541647,61.46251530,EPSG:32655,1075,1081,10,0,411242.005378,0,-10,6820711.42343
S1_20221008_42430601361.tif,2022-10-08,42430601361,2022,train,125.91428838,38.36142623,EPSG:32652,1085,1086,10,0,224962.573195,0,-10,4255855.46068
S1_20221008_42430601423.tif,2022-10-08,42430601423,2022,train,126.00198703,38.42118385,EPSG:32652,1083,1086,10,0,232852.573195,0,-10,4262235.46068
S1_20221008_44240200471.tif,2022-10-08,44240200471,2022,train,106.72424902,15.45226973,EPSG:32648,1056,1057,10,0,679718.404998,0,-10,1714376.85972
S1_20221008_44240200551.tif,2022-10-08,44240200551,2022,train,106.89297076,14.78442588,EPSG:32648,1057,1057,10,0,698458.404998,0,-10,1640626.85972
S1_20221008_44272000966.tif,2022-10-08,44272000966,2022,valid,106.32741028,16.14147321,EPSG:32648,1054,1055,10,0,636662.15603,0,-10,1790316.59788
S1_20221008_45318800071.tif,2022-10-08,45318800071,2022,train,85.12940589,23.00563528,EPSG:32645,1062,1062,10,0,302972.800407,0,-10,2550676.99689
S1_20221008_55400000041.tif,2022-10-08,55400000041,2022,train,164.46633720,-20.46048737,EPSG:32758,1051,1052,10,0,439084.59568,0,-10,7742729.212
S1_20221008_55400000051.tif,2022-10-08,55400000051,2022,train,164.49119945,-20.48039576,EPSG:32758,1051,1051,10,0,441684.59568,0,-10,7740529.212
S1_20221008_56100100071.tif,2022-10-08,56100100071,2022,train,115.83126024,-29.44595466,EPSG:32750,1059,1061,10,0,381357.787954,0,-10,6747341.41791
S1_20221008_56293000236.tif,2022-10-08,56293000236,2022,train,140.93719426,-17.18493102,EPSG:32754,1048,1049,10,0,488081.344141,0,-10,8105230.70459
S1_20221008_57205900061.tif,2022-10-08,57205900061,2022,valid,171.62196463,-43.46424979,EPSG:32759,1057,1060,10,0,545027.024875,0,-10,5192741.10067
S1_20221008_63420300071.tif,2022-10-08,63420300071,2022,train,-44.32553985,-11.80300867,EPSG:32723,1050,1050,10,0,568225.564754,0,-10,8700390.66613
S1_20221008_66405900083.tif,2022-10-08,66405900083,2022,train,-69.63411563,-15.54118080,EPSG:32719,1050,1051,10,0,426751.11824,0,-10,8286969.75243
S1_20221008_71247000441.tif,2022-10-08,71247000441,2022,train,-114.05902940,53.34886148,EPSG:32612,1094,1098,10,0,290923.734436,0,-10,5920932.06223
S1_20221008_81152000061.tif,2022-10-08,81152000061,2022,valid,-152.31488982,61.21460042,EPSG:32605,1061,1066,10,0,531499.039168,0,-10,6792213.75533
S1_20221008_81153100136.tif,2022-10-08,81153100136,2022,train,-153.65237496,58.98568637,EPSG:32605,1060,1065,10,0,457204.377059,0,-10,6543966.13811
S1_20221008_81250800141.tif,2022-10-08,81250800141,2022,valid,-147.26869455,67.09574966,EPSG:32606,1055,1061,10,0,483055.387904,0,-10,7447384.27973
S1_20221008_81250800171.tif,2022-10-08,81250800171,2022,train,-147.78711620,67.12395336,EPSG:32606,1064,1070,10,0,460535.387904,0,-10,7450764.27973
S1_20221009_13272400581.tif,2022-10-09,13272400581,2022,train,20.87292231,-1.34313191,EPSG:32734,1048,1047,10,0,480623.28224,0,-10,9856777.92746
S1_20221009_13272800341.tif,2022-10-09,13272800341,2022,train,21.76286856,-1.11898638,EPSG:32734,1048,1047,10,0,579634.61324,0,-10,9881542.19071
S1_20221009_14277500091.tif,2022-10-09,14277500091,2022,train,-2.71169142,16.70571590,EPSG:32630,1050,1050,10,0,525486.098939,0,-10,1852272.55718
S1_20221009_14277800881.tif,2022-10-09,14277800881,2022,train,-3.60956528,15.89490474,EPSG:32630,1051,1051,10,0,429491.618088,0,-10,1762660.44885
S1_20221009_14277800901.tif,2022-10-09,14277800901,2022,train,-3.71881434,15.88304320,EPSG:32630,1051,1052,10,0,417791.618088,0,-10,1761390.44885
S1_20221009_14277801291.tif,2022-10-09,14277801291,2022,train,-3.42364630,15.87995442,EPSG:32630,1050,1050,10,0,449396.098939,0,-10,1760952.55718
S1_20221009_14277801371.tif,2022-10-09,14277801371,2022,train,-3.51919666,15.65964140,EPSG:32630,1051,1051,10,0,439101.618088,0,-10,1736610.44885
S1_20221009_14277801441.tif,2022-10-09,14277801441,2022,train,-3.56742639,15.70698334,EPSG:32630,1050,1051,10,0,433951.618088,0,-10,1741860.44885
S1_20221009_14277801726.tif,2022-10-09,14277801726,2022,train,-3.35914154,15.95510585,EPSG:32630,1050,1050,10,0,456316.098939,0,-10,1769252.55718
S1_20221009_15160300331.tif,2022-10-09,15160300331,2022,train,-6.50897234,32.44339143,EPSG:32630,1084,1085,10,0,164655.554568,0,-10,3600432.97263
S1_20221009_15170000101.tif,2022-10-09,15170000101,2022,train,-6.64956858,33.96434528,EPSG:32629,1073,1075,10,0,711805.964763,0,-10,3766067.11456
S1_20221009_15170000113.tif,2022-10-09,15170000113,2022,train,-6.62111828,33.96794575,EPSG:32629,1073,1075,10,0,714425.964763,0,-10,3766527.11456
S1_20221009_15170000201.tif,2022-10-09,15170000201,2022,train,-6.44625997,33.63712204,EPSG:32629,1075,1076,10,0,731485.964763,0,-10,3730227.11456
S1_20221009_15170000211.tif,2022-10-09,15170000211,2022,train,-6.42629388,33.61624167,EPSG:32629,1075,1076,10,0,733395.964763,0,-10,3727957.11456
S1_20221009_15170000256.tif,2022-10-09,15170000256,2022,train,-6.42543902,33.61599847,EPSG:32629,1075,1077,10,0,733475.964763,0,-10,3727937.11456
S1_20221009_15180300011.tif,2022-10-09,15180300011,2022,train,-6.55855057,34.31850592,EPSG:32629,1074,1076,10,0,719272.550834,0,-10,3805551.57696
S1_20221009_15180300031.tif,2022-10-09,15180300031,2022,train,-6.46486496,34.36803309,EPSG:32629,1075,1077,10,0,727752.550834,0,-10,3811261.57696
S1_20221009_15180300041.tif,2022-10-09,15180300041,2022,train,-6.46061805,34.42942802,EPSG:32629,1075,1077,10,0,727972.550834,0,-10,3818081.57696
S1_20221009_15180300061.tif,2022-10-09,15180300061,2022,train,-6.40036911,34.48653271,EPSG:32629,1076,1078,10,0,733342.550834,0,-10,3824561.57696
S1_20221009_15180300071.tif,2022-10-09,15180300071,2022,train,-6.27242387,34.52903985,EPSG:32629,1077,1079,10,0,744962.550834,0,-10,3829591.57696
S1_20221009_15180300111.tif,2022-10-09,15180300111,2022,valid,-6.01054653,34.56666751,EPSG:32629,1081,1082,10,0,768862.550834,0,-10,3834461.57696
S1_20221009_15190000165.tif,2022-10-09,15190000165,2022,train,-6.11780229,35.18249278,EPSG:32629,1079,1081,10,0,757062.550834,0,-10,3902491.57696
S1_20221009_15190000175.tif,2022-10-09,15190000175,2022,train,-6.05198109,35.14467437,EPSG:32629,1081,1083,10,0,763172.550834,0,-10,3898481.57696
S1_20221009_23262000281.tif,2022-10-09,23262000281,2022,train,6.44248700,49.67426705,EPSG:32631,1098,1101,10,0,742861.660702,0,-10,5513611.3725
S1_20221009_23262000914.tif,2022-10-09,23262000914,2022,valid,6.39850354,48.30110556,EPSG:32631,1096,1100,10,0,746537.481376,0,-10,5360851.47129
S1_20221009_23262001464.tif,2022-10-09,23262001464,2022,valid,6.41181645,48.56076499,EPSG:32631,1096,1100,10,0,746237.481376,0,-10,5389751.47129
S1_20221009_24324600133.tif,2022-10-09,24324600133,2022,valid,36.11005233,61.19380014,EPSG:32636,1099,1104,10,0,661645.020271,0,-10,6793870.32929
S1_20221009_24324800013.tif,2022-10-09,24324800013,2022,train,35.78868286,61.74831913,EPSG:32636,1094,1100,10,0,641765.020271,0,-10,6854800.32929
S1_20221009_24324800031.tif,2022-10-09,24324800031,2022,train,36.00497360,61.80542160,EPSG:32636,1098,1103,10,0,652865.020271,0,-10,6861680.32929
S1_20221009_29491000121.tif,2022-10-09,29491000121,2022,valid,43.37820728,33.45565789,EPSG:32638,1065,1067,10,0,343949.458792,0,-10,3708314.27055
S1_20221009_29493000091.tif,2022-10-09,29493000091,2022,train,42.69865660,33.88955624,EPSG:32638,1072,1074,10,0,281819.458792,0,-10,3757664.27055
S1_20221009_35189700653.tif,2022-10-09,35189700653,2022,train,149.43516499,61.63941364,EPSG:32655,1089,1094,10,0,623585.88373,0,-10,6841894.96165
S1_20221009_35189700781.tif,2022-10-09,35189700781,2022,valid,148.65562190,62.23743195,EPSG:32655,1077,1082,10,0,580649.611738,0,-10,6907140.81116
S1_20221009_35189700831.tif,2022-10-09,35189700831,2022,train,148.84469715,61.37930163,EPSG:32655,1079,1085,10,0,593175.88373,0,-10,6811854.96165
S1_20221009_35189800451.tif,2022-10-09,35189800451,2022,train,148.76628958,62.66757081,EPSG:32655,1079,1084,10,0,585079.611738,0,-10,6955210.81116
S1_20221009_35412500106.tif,2022-10-09,35412500106,2022,train,176.12904400,65.67817938,EPSG:32660,1064,1071,10,0,454653.815242,0,-10,7289671.99046
S1_20221009_35412700141.tif,2022-10-09,35412700141,2022,valid,175.58834673,66.11935375,EPSG:32660,1074,1080,10,0,430863.815242,0,-10,7339331.99046
S1_20221009_35602100341.tif,2022-10-09,35602100341,2022,valid,150.51790003,60.42664949,EPSG:32655,1106,1111,10,0,688095.88373,0,-10,6709654.96165
S1_20221009_35602100481.tif,2022-10-09,35602100481,2022,train,148.24670189,60.48459340,EPSG:32655,1070,1075,10,0,563165.88373,0,-10,6711404.96165
S1_20221009_35602200081.tif,2022-10-09,35602200081,2022,train,148.31500021,59.79884377,EPSG:32655,1071,1075,10,0,568434.280161,0,-10,6635116.10715
S1_20221009_36102900041.tif,2022-10-09,36102900041,2022,train,90.45619791,49.13887976,EPSG:32645,1097,1101,10,0,746584.529373,0,-10,5454152.70779
S1_20221009_36102900071.tif,2022-10-09,36102900071,2022,valid,90.20438436,49.07030225,EPSG:32645,1093,1097,10,0,728564.529373,0,-10,5445702.70779
S1_20221009_36102900091.tif,2022-10-09,36102900091,2022,train,90.04094717,48.94804536,EPSG:32645,1091,1095,10,0,717184.529373,0,-10,5431612.70779
S1_20221009_36102900101.tif,2022-10-09,36102900101,2022,valid,89.94717224,48.97589896,EPSG:32645,1090,1094,10,0,710204.529373,0,-10,5434432.70779
S1_20221009_41200100464.tif,2022-10-09,41200100464,2022,valid,143.33863279,42.94097974,EPSG:32654,1078,1081,10,0,685414.342813,0,-10,4762319.27539
S1_20221009_43210500131.tif,2022-10-09,43210500131,2022,train,115.41361750,35.64847419,EPSG:32650,1066,1068,10,0,351055.355334,0,-10,3951459.14754
S1_20221009_43504601111.tif,2022-10-09,43504601111,2022,train,118.73711163,28.95273170,EPSG:32650,1064,1065,10,0,663965.353862,0,-10,3209316.23325
S1_20221009_46160400261.tif,2022-10-09,46160400261,2022,valid,64.83198413,39.99277756,EPSG:32641,1070,1073,10,0,651048.780967,0,-10,4433927.85746
S1_20221009_46160500044.tif,2022-10-09,46160500044,2022,valid,65.58720083,40.13227736,EPSG:32641,1080,1082,10,0,715028.780967,0,-10,4451057.85746
S1_20221009_46160500106.tif,2022-10-09,46160500106,2022,train,65.28253257,40.16201857,EPSG:32641,1077,1078,10,0,688998.780967,0,-10,4453627.85746
S1_20221009_62249500071.tif,2022-10-09,62249500071,2022,valid,-55.71807025,-10.97220982,EPSG:32721,1052,1052,10,0,634806.946435,0,-10,8792055.06358
S1_20221009_64245700181.tif,2022-10-09,64245700181,2022,train,-57.64634625,-22.10495970,EPSG:32721,1053,1053,10,0,428066.779267,0,-10,7560678.89218
S1_20221009_64245900031.tif,2022-10-09,64245900031,2022,train,-57.81129293,-20.94759273,EPSG:32721,1053,1054,10,0,410386.779267,0,-10,7688708.89218
S1_20221009_64245900361.tif,2022-10-09,64245900361,2022,valid,-57.19739200,-21.19327675,EPSG:32721,1049,1050,10,0,474266.779267,0,-10,7661698.89218
S1_20221009_64245900381.tif,2022-10-09,64245900381,2022,valid,-57.10021478,-21.24350882,EPSG:32721,1049,1050,10,0,484356.779267,0,-10,7656148.89218
S1_20221009_64247500041.tif,2022-10-09,64247500041,2022,valid,-57.22678922,-19.25299943,EPSG:32721,1050,1050,10,0,470916.716926,0,-10,7876412.7824
S1_20221009_64247900041.tif,2022-10-09,64247900041,2022,valid,-57.33000270,-19.09432642,EPSG:32721,1050,1050,10,0,460036.716926,0,-10,7893952.7824
S1_20221009_64248300311.tif,2022-10-09,64248300311,2022,train,-57.39088928,-17.03031991,EPSG:32721,1050,1050,10,0,453148.906681,0,-10,8122299.25794
S1_20221009_64248400061.tif,2022-10-09,64248400061,2022,train,-57.37096152,-16.83438195,EPSG:32721,1050,1050,10,0,455228.906681,0,-10,8143979.25794
S1_20221009_64248900351.tif,2022-10-09,64248900351,2022,train,-56.53960208,-14.50462432,EPSG:32721,1050,1050,10,0,544358.79301,0,-10,8401663.65627
S1_20221009_64249700093.tif,2022-10-09,64249700093,2022,train,-55.78149643,-14.87475933,EPSG:32721,1054,1053,10,0,625812.806296,0,-10,8360433.25076
S1_20221009_65341000031.tif,2022-10-09,65341000031,2022,train,-65.26819379,-43.27430778,EPSG:32720,1078,1080,10,0,310554.831877,0,-10,5211625.04143
S1_20221009_67107600031.tif,2022-10-09,67107600031,2022,train,-78.58057814,-8.83350901,EPSG:32717,1056,1056,10,0,760844.653566,0,-10,9027971.29022
S1_20221009_67107700211.tif,2022-10-09,67107700211,2022,valid,-78.76509111,-7.55395671,EPSG:32717,1054,1054,10,0,741336.203038,0,-10,9169649.88876
S1_20221009_67107700776.tif,2022-10-09,67107700776,2022,train,-78.69007648,-7.59071485,EPSG:32717,1054,1054,10,0,749596.203038,0,-10,9165539.88876
S1_20221009_72557300061.tif,2022-10-09,72557300061,2022,train,-83.02514562,42.32708622,EPSG:32617,1075,1077,10,0,327765.599061,0,-10,4693464.35904
S1_20221009_72581000033.tif,2022-10-09,72581000033,2022,valid,-84.33664000,45.69124847,EPSG:32617,1093,1096,10,0,234741.367349,0,-10,5070640.1654
S1_20221009_72591500073.tif,2022-10-09,72591500073,2022,train,-84.88697825,46.85856764,EPSG:32617,1101,1105,10,0,198220.912543,0,-10,5202310.86048
S1_20221009_73220900224.tif,2022-10-09,73220900224,2022,train,-80.44202503,36.13407204,EPSG:32617,1055,1057,10,0,544928.942535,0,-10,4004248.3215
S1_20221009_73240900121.tif,2022-10-09,73240900121,2022,train,-81.02117638,35.71169622,EPSG:32617,1049,1051,10,0,492839.5002,0,-10,3957227.32614
S1_20221009_73251000103.tif,2022-10-09,73251000103,2022,valid,-80.04943424,33.33432077,EPSG:32617,1058,1060,10,0,583173.107719,0,-10,3694054.04718
S1_20221009_74224000101.tif,2022-10-09,74224000101,2022,valid,-94.38457381,33.91721380,EPSG:32615,1062,1065,10,0,366698.965702,0,-10,3759164.89542
S1_20221009_74243000063.tif,2022-10-09,74243000063,2022,train,-95.04274841,35.59892190,EPSG:32615,1071,1072,10,0,309596.485366,0,-10,3946745.21559
S1_20221009_74243000231.tif,2022-10-09,74243000231,2022,train,-94.70890643,36.14280367,EPSG:32615,1067,1069,10,0,340916.485366,0,-10,4006485.21559
S1_20221009_74244100011.tif,2022-10-09,74244100011,2022,train,-95.25798748,35.82264137,EPSG:32615,1073,1075,10,0,290656.485366,0,-10,3972005.21559
S1_20221009_74268900431.tif,2022-10-09,74268900431,2022,train,-80.95867047,36.75836468,EPSG:32617,1050,1052,10,0,498438.942535,0,-10,4073328.3215
S1_20221009_74268900536.tif,2022-10-09,74268900536,2022,valid,-81.35448625,36.54923889,EPSG:32617,1053,1054,10,0,463008.942535,0,-10,4050198.3215
S1_20221009_74295100391.tif,2022-10-09,74295100391,2022,train,-95.88857440,42.28737142,EPSG:32615,1085,1088,10,0,256419.798191,0,-10,4691164.67752
S1_20221009_75120400221.tif,2022-10-09,75120400221,2022,valid,-94.24435721,31.01134965,EPSG:32615,1061,1061,10,0,375910.776605,0,-10,3436829.38543
S1_20221009_75120400333.tif,2022-10-09,75120400333,2022,train,-94.05661343,31.11303625,EPSG:32615,1059,1060,10,0,393950.776605,0,-10,3447909.38543
S1_20221009_75120400343.tif,2022-10-09,75120400343,2022,train,-94.08348486,31.17989365,EPSG:32615,1059,1061,10,0,391460.776605,0,-10,3455349.38543
S1_20221009_75120400363.tif,2022-10-09,75120400363,2022,valid,-94.31802159,31.33892421,EPSG:32615,1061,1063,10,0,369310.776605,0,-10,3473229.38543
S1_20221009_75120400476.tif,2022-10-09,75120400476,2022,train,-94.51069564,31.41844293,EPSG:32615,1063,1065,10,0,351090.776605,0,-10,3482289.38543
S1_20221009_75120500141.tif,2022-10-09,75120500141,2022,train,-93.55185280,31.00795629,EPSG:32615,1054,1055,10,0,442050.776605,0,-10,3435889.38543
S1_20221009_75120700183.tif,2022-10-09,75120700183,2022,train,-93.73877885,31.65938745,EPSG:32615,1056,1058,10,0,424680.776605,0,-10,3508209.38543
S1_20221009_75120700203.tif,2022-10-09,75120700203,2022,train,-93.81735296,31.77889832,EPSG:32615,1056,1058,10,0,417330.776605,0,-10,3521509.38543
S1_20221009_75120700396.tif,2022-10-09,75120700396,2022,train,-93.53953854,31.18323311,EPSG:32615,1054,1055,10,0,443320.776605,0,-10,3455309.38543
S1_20221009_76400100011.tif,2022-10-09,76400100011,2022,train,-72.72891369,19.25512993,EPSG:32618,1062,1063,10,0,733404.180471,0,-10,2135933.17119
S1_20221009_76400100021.tif,2022-10-09,76400100021,2022,train,-72.68997828,19.24782327,EPSG:32618,1063,1062,10,0,737504.180471,0,-10,2135173.17119
S1_20221009_76400100031.tif,2022-10-09,76400100031,2022,valid,-72.67297571,19.24647878,EPSG:32618,1063,1063,10,0,739294.180471,0,-10,2135053.17119
S1_20221009_76400100476.tif,2022-10-09,76400100476,2022,train,-72.77534393,19.23944301,EPSG:32618,1062,1063,10,0,728544.180471,0,-10,2134133.17119
S1_20221009_78264000301.tif,2022-10-09,78264000301,2022,valid,-116.05833050,47.26517004,EPSG:32611,1062,1066,10,0,565925.748703,0,-10,5240392.16789
S1_20221009_78266300013.tif,2022-10-09,78266300013,2022,train,-116.46588178,48.27734987,EPSG:32611,1057,1060,10,0,534343.727824,0,-10,5352565.12447
S1_20221009_78270500103.tif,2022-10-09,78270500103,2022,train,-118.45814014,46.59787979,EPSG:32611,1068,1072,10,0,382975.748703,0,-10,5166872.16789
S1_20221009_78270500123.tif,2022-10-09,78270500123,2022,train,-118.27162667,46.59475063,EPSG:32611,1066,1069,10,0,397265.748703,0,-10,5166262.16789
S1_20221009_78270600071.tif,2022-10-09,78270600071,2022,train,-116.20596226,46.42132096,EPSG:32611,1060,1063,10,0,555715.748703,0,-10,5146482.16789
S1_20221009_78270600333.tif,2022-10-09,78270600333,2022,valid,-116.25110634,46.55994946,EPSG:32611,1059,1063,10,0,552105.748703,0,-10,5161852.16789
S1_20221009_78270600353.tif,2022-10-09,78270600353,2022,valid,-116.17590490,46.60213493,EPSG:32611,1060,1064,10,0,557815.748703,0,-10,5166602.16789
S1_20221009_78270700013.tif,2022-10-09,78270700013,2022,valid,-117.02317945,46.32651786,EPSG:32611,1050,1053,10,0,492965.748703,0,-10,5135592.16789
S1_20221009_78325000021.tif,2022-10-09,78325000021,2022,train,-122.40076142,51.87225857,EPSG:32610,1058,1062,10,0,535964.867672,0,-10,5752310.31033
S1_20221009_78327000071.tif,2022-10-09,78327000071,2022,train,-122.68497960,53.38518545,EPSG:32610,1054,1059,10,0,515682.475225,0,-10,5920461.86107
S1_20221009_78327000101.tif,2022-10-09,78327000101,2022,train,-122.74644057,53.84473525,EPSG:32610,1054,1057,10,0,511412.475225,0,-10,5971561.86107
S1_20221009_78328400011.tif,2022-10-09,78328400011,2022,train,-123.60713110,54.05702557,EPSG:32610,1059,1063,10,0,454962.475225,0,-10,5995351.86107
S1_20221009_78328700121.tif,2022-10-09,78328700121,2022,train,-124.46738300,53.91994210,EPSG:32610,1072,1076,10,0,398272.475225,0,-10,5980991.86107
S1_20221009_78329500031.tif,2022-10-09,78329500031,2022,train,-122.54815953,54.07092138,EPSG:32610,1057,1061,10,0,524282.475225,0,-10,5996811.86107
S1_20221009_82215000221.tif,2022-10-09,82215000221,2022,train,-129.92911655,66.75729332,EPSG:32609,1066,1072,10,0,453755.994014,0,-10,7409989.0784
S1_20221009_82215000231.tif,2022-10-09,82215000231,2022,valid,-129.62107110,66.73077131,EPSG:32609,1061,1067,10,0,467315.994014,0,-10,7406839.0784
S1_20221009_82215000351.tif,2022-10-09,82215000351,2022,valid,-130.72467719,67.33408757,EPSG:32609,1079,1085,10,0,420445.994014,0,-10,7475079.0784
S1_20221009_82219000211.tif,2022-10-09,82219000211,2022,train,-126.97329978,65.28001612,EPSG:32609,1084,1090,10,0,589137.982338,0,-10,7246631.75211
S1_20221009_82237000326.tif,2022-10-09,82237000326,2022,train,-125.98166913,62.78492306,EPSG:32609,1099,1104,10,0,648473.426004,0,-10,6970754.07725
S1_20221009_82242400101.tif,2022-10-09,82242400101,2022,train,-125.63751418,61.46557846,EPSG:32609,1104,1108,10,0,673619.075885,0,-10,6824807.33366
S1_20221009_82242600021.tif,2022-10-09,82242600021,2022,valid,-126.28064035,62.08000976,EPSG:32609,1094,1099,10,0,636559.075885,0,-10,6891567.33366
S1_20221009_82242600031.tif,2022-10-09,82242600031,2022,valid,-126.37565707,62.09760996,EPSG:32609,1092,1098,10,0,631529.075885,0,-10,6893317.33366
S1_20221009_82246601661.tif,2022-10-09,82246601661,2022,train,-123.90409642,57.90128231,EPSG:32610,1064,1069,10,0,441093.550498,0,-10,6423422.864
S1_20221009_82246601701.tif,2022-10-09,82246601701,2022,train,-124.44667111,57.75596887,EPSG:32610,1072,1077,10,0,408551.38684,0,-10,6407846.24481
S1_20221009_82247500081.tif,2022-10-09,82247500081,2022,train,-125.29638139,59.28017899,EPSG:32609,1107,1113,10,0,705444.982183,0,-10,6582680.9494
S1_20221009_82299500063.tif,2022-10-09,82299500063,2022,train,-124.58657791,56.57644895,EPSG:32610,1074,1078,10,0,397161.38684,0,-10,6276756.24481
S1_20221009_82299500073.tif,2022-10-09,82299500073,2022,train,-124.74679678,56.69520343,EPSG:32610,1077,1081,10,0,387641.38684,0,-10,6290226.24481
S1_20221009_82299600026.tif,2022-10-09,82299600026,2022,train,-125.02976552,56.74563894,EPSG:32610,1081,1085,10,0,370461.38684,0,-10,6296336.24481
S1_20221009_82299700061.tif,2022-10-09,82299700061,2022,train,-125.14507484,57.03939811,EPSG:32610,1082,1088,10,0,364431.38684,0,-10,6329256.24481
S1_20221009_82299700081.tif,2022-10-09,82299700081,2022,train,-125.33184366,57.17876253,EPSG:32610,1086,1090,10,0,353611.38684,0,-10,6345146.24481
S1_20221010_12228400023.tif,2022-10-10,12228400023,2022,train,33.96456901,-9.91231528,EPSG:32736,1051,1051,10,0,600490.379341,0,-10,8909383.98043
S1_20221010_12770100721.tif,2022-10-10,12770100721,2022,train,22.18105529,-28.98013512,EPSG:32734,1059,1060,10,0,609766.0483,0,-10,6798940.61332
S1_20221010_14635000061.tif,2022-10-10,14635000061,2022,train,-13.44896766,15.99117085,EPSG:32628,1056,1056,10,0,660691.984332,0,-10,1773857.73628
S1_20221010_15305800061.tif,2022-10-10,15305800061,2022,train,7.75172072,36.56802899,EPSG:32632,1062,1065,10,0,382995.301174,0,-10,4053004.12892
S1_20221010_15305800081.tif,2022-10-10,15305800081,2022,train,7.63836298,36.41412828,EPSG:32632,1063,1066,10,0,372605.301174,0,-10,4036074.12892
S1_20221010_15305800096.tif,2022-10-10,15305800096,2022,valid,7.77080812,36.86457126,EPSG:32632,1062,1064,10,0,385125.301174,0,-10,4085874.12892
S1_20221010_16247000061.tif,2022-10-10,16247000061,2022,train,11.53281192,12.83617918,EPSG:32633,1064,1063,10,0,118239.809198,0,-10,1426867.21722
S1_20221010_17249300011.tif,2022-10-10,17249300011,2022,valid,38.36415364,10.14609512,EPSG:32637,1049,1050,10,0,425099.097686,0,-10,1126883.44251
S1_20221010_17249300051.tif,2022-10-10,17249300051,2022,train,38.48963020,10.36771364,EPSG:32637,1050,1050,10,0,438879.097686,0,-10,1151363.44251
S1_20221010_17249400111.tif,2022-10-10,17249400111,2022,train,39.24722905,11.48612858,EPSG:32637,1048,1048,10,0,521723.107858,0,-10,1274983.35191
S1_20221010_18120200031.tif,2022-10-10,18120200031,2022,train,44.57978740,-23.35508605,EPSG:32738,1051,1052,10,0,451794.17266,0,-10,7422368.98979
S1_20221010_18120700051.tif,2022-10-10,18120700051,2022,train,45.29237200,-23.08433844,EPSG:32738,1050,1051,10,0,524694.17266,0,-10,7452368.98979
S1_20221010_18140100191.tif,2022-10-10,18140100191,2022,train,44.15067149,-22.33625821,EPSG:32738,1054,1055,10,0,407267.482718,0,-10,7534981.83105
S1_20221010_18140300061.tif,2022-10-10,18140300061,2022,train,44.77973841,-21.73568946,EPSG:32738,1049,1050,10,0,471977.482718,0,-10,7601661.83105
S1_20221010_18140300126.tif,2022-10-10,18140300126,2022,valid,44.69868800,-21.58007204,EPSG:32738,1050,1050,10,0,463557.482718,0,-10,7618871.83105
S1_20221010_18140400041.tif,2022-10-10,18140400041,2022,train,45.21453436,-22.01269964,EPSG:32738,1049,1050,10,0,516897.482718,0,-10,7571001.83105
S1_20221010_18140400176.tif,2022-10-10,18140400176,2022,train,45.23615738,-22.28455863,EPSG:32738,1050,1051,10,0,519077.482718,0,-10,7540911.83105
S1_20221010_18140400186.tif,2022-10-10,18140400186,2022,train,44.90268321,-22.31880542,EPSG:32738,1048,1050,10,0,484737.482718,0,-10,7537131.83105
S1_20221010_18140600031.tif,2022-10-10,18140600031,2022,train,45.63134721,-21.65083740,EPSG:32738,1052,1053,10,0,560067.482718,0,-10,7610951.83105
S1_20221010_18140800041.tif,2022-10-10,18140800041,2022,train,45.79532611,-21.44374183,EPSG:32738,1053,1054,10,0,577147.482718,0,-10,7633801.83105
S1_20221010_18140900011.tif,2022-10-10,18140900011,2022,train,45.57342740,-21.37191830,EPSG:32738,1052,1052,10,0,554187.482718,0,-10,7641841.83105
S1_20221010_18150000201.tif,2022-10-10,18150000201,2022,train,45.28261192,-20.50433584,EPSG:32738,1050,1050,10,0,524217.482718,0,-10,7737931.83105
S1_20221010_18150000291.tif,2022-10-10,18150000291,2022,train,44.67072481,-20.86270654,EPSG:32738,1050,1050,10,0,460497.482718,0,-10,7698261.83105
S1_20221010_18150000371.tif,2022-10-10,18150000371,2022,valid,45.06888843,-20.93723808,EPSG:32738,1049,1049,10,0,501917.482718,0,-10,7690041.83105
S1_20221010_35143000621.tif,2022-10-10,35143000621,2022,train,146.61956957,67.09733847,EPSG:32655,1057,1062,10,0,478193.737777,0,-10,7447591.71678
S1_20221010_35145200271.tif,2022-10-10,35145200271,2022,valid,145.43442651,67.65327092,EPSG:32655,1077,1082,10,0,428194.240538,0,-10,7510457.28588
S1_20221010_35145200501.tif,2022-10-10,35145200501,2022,valid,146.05049392,67.49785456,EPSG:32655,1067,1072,10,0,454113.737777,0,-10,7492551.71678
S1_20221010_35145500271.tif,2022-10-10,35145500271,2022,train,143.75724608,67.42520345,EPSG:32655,1104,1110,10,0,355613.737777,0,-10,7487961.71678
S1_20221010_35185600481.tif,2022-10-10,35185600481,2022,train,147.36368471,66.30533582,EPSG:32655,1057,1062,10,0,511023.737777,0,-10,7359301.71678
S1_20221010_35185600531.tif,2022-10-10,35185600531,2022,train,148.72233817,66.57512906,EPSG:32655,1079,1084,10,0,571003.737777,0,-10,7390491.71678
S1_20221010_35185601311.tif,2022-10-10,35185601311,2022,train,147.16206246,66.61208416,EPSG:32655,1053,1059,10,0,501913.737777,0,-10,7393441.71678
S1_20221010_35301204341.tif,2022-10-10,35301204341,2022,train,-171.71716040,65.66155425,EPSG:32602,1062,1068,10,0,461710.335549,0,-10,7287714.81936
S1_20221010_35301204831.tif,2022-10-10,35301204831,2022,train,-172.24355607,65.03592576,EPSG:32602,1071,1076,10,0,436084.777139,0,-10,7218414.60331
S1_20221010_42308100021.tif,2022-10-10,42308100021,2022,train,130.68063916,42.29726432,EPSG:32652,1070,1073,10,0,633188.765753,0,-10,4689514.59936
S1_20221010_42308500071.tif,2022-10-10,42308500071,2022,valid,129.73591786,42.56109656,EPSG:32652,1058,1061,10,0,555118.765753,0,-10,4717644.59936
S1_20221010_46395000081.tif,2022-10-10,46395000081,2022,train,79.40372387,43.92386774,EPSG:32644,1070,1073,10,0,366505.795269,0,-10,4870020.52361
S1_20221010_46399000631.tif,2022-10-10,46399000631,2022,train,80.46825681,42.83235537,EPSG:32644,1055,1059,10,0,451265.795269,0,-10,4747630.52361
S1_20221010_52402500083.tif,2022-10-10,52402500083,2022,train,126.43169495,7.75084490,EPSG:32651,1058,1058,10,0,873325.707587,0,-10,863574.080538
S1_20221010_53110200106.tif,2022-10-10,53110200106,2022,train,147.75692149,-9.63173458,EPSG:32755,1050,1050,10,0,577799.192978,0,-10,8940461.99771
S1_20221010_57205200105.tif,2022-10-10,57205200105,2022,valid,173.99974283,-41.48217457,EPSG:32759,1085,1088,10,0,745024.702366,0,-10,5408809.87854
S1_20221010_57205200115.tif,2022-10-10,57205200115,2022,valid,173.97131917,-41.44067483,EPSG:32759,1086,1088,10,0,742804.702366,0,-10,5413499.87854
S1_20221010_57205300041.tif,2022-10-10,57205300041,2022,train,173.98850445,-41.67753411,EPSG:32759,1085,1088,10,0,743334.702366,0,-10,5387149.87854
S1_20221010_57205300096.tif,2022-10-10,57205300096,2022,train,174.00055420,-41.66929483,EPSG:32759,1086,1088,10,0,744364.702366,0,-10,5388029.87854
S1_20221010_57205300126.tif,2022-10-10,57205300126,2022,valid,174.10085453,-41.53055373,EPSG:32759,1087,1090,10,0,753264.702366,0,-10,5403149.87854
S1_20221010_62265700054.tif,2022-10-10,62265700054,2022,train,-65.33023832,-9.52656861,EPSG:32720,1056,1056,10,0,238908.230023,0,-10,8951349.71157
S1_20221010_63540300093.tif,2022-10-10,63540300093,2022,train,-42.60252047,-16.73099356,EPSG:32723,1061,1061,10,0,750314.404919,0,-10,8153968.17094
S1_20221010_66210600396.tif,2022-10-10,66210600396,2022,valid,-73.23222301,-39.21402187,EPSG:32718,1070,1072,10,0,647267.598783,0,-10,5663343.98681
S1_20221010_66256000133.tif,2022-10-10,66256000133,2022,train,-71.00112297,-30.74954803,EPSG:32719,1067,1069,10,0,303109.487356,0,-10,6601788.13141
S1_20221010_66257000161.tif,2022-10-10,66257000161,2022,train,-70.81637603,-30.03954191,EPSG:32719,1066,1067,10,0,319539.487356,0,-10,6680778.13141
S1_20221010_73112000071.tif,2022-10-10,73112000071,2022,train,-68.79286181,44.98438938,EPSG:32619,1052,1055,10,0,511070.090246,0,-10,4986512.12755
S1_20221010_73112000084.tif,2022-10-10,73112000084,2022,train,-68.81231678,44.96974981,EPSG:32619,1052,1055,10,0,509540.090246,0,-10,4984882.12755
S1_20221010_73112000261.tif,2022-10-10,73112000261,2022,train,-68.85661556,45.25782491,EPSG:32619,1052,1054,10,0,505990.090246,0,-10,5016872.12755
S1_20221010_73112000633.tif,2022-10-10,73112000633,2022,train,-68.93063178,45.70231712,EPSG:32619,1050,1054,10,0,500150.07365,0,-10,5066246.08813
S1_20221010_73112000953.tif,2022-10-10,73112000953,2022,train,-69.03346190,45.26965698,EPSG:32619,1051,1053,10,0,492120.090246,0,-10,5018172.12755
S1_20221010_74296400091.tif,2022-10-10,74296400091,2022,train,-103.06694967,44.42957647,EPSG:32613,1074,1077,10,0,648488.642914,0,-10,4926789.00152
S1_20221010_77153900074.tif,2022-10-10,77153900074,2022,train,-106.68883423,24.12496822,EPSG:32613,1061,1062,10,0,323071.474845,0,-10,2674406.39697
S1_20221010_77153900166.tif,2022-10-10,77153900166,2022,train,-106.92971169,23.88081843,EPSG:32613,1062,1063,10,0,298211.474845,0,-10,2647686.39697
S1_20221010_77154000071.tif,2022-10-10,77154000071,2022,train,-106.94138720,24.46884049,EPSG:32613,1063,1064,10,0,297921.474845,0,-10,2712836.39697
S1_20221010_77154000143.tif,2022-10-10,77154000143,2022,train,-106.77041848,24.62573944,EPSG:32613,1062,1063,10,0,315481.474845,0,-10,2729976.39697
S1_20221010_77154000153.tif,2022-10-10,77154000153,2022,train,-106.71909568,24.65262495,EPSG:32613,1061,1063,10,0,320719.863462,0,-10,2732888.17432
S1_20221010_77154000246.tif,2022-10-10,77154000246,2022,train,-106.76920968,24.63108061,EPSG:32613,1062,1063,10,0,315611.474845,0,-10,2730566.39697
S1_20221010_77156000461.tif,2022-10-10,77156000461,2022,valid,-106.96761831,24.91088802,EPSG:32613,1064,1064,10,0,295959.863462,0,-10,2761838.17432
S1_20221010_77157000025.tif,2022-10-10,77157000025,2022,train,-107.76433763,24.50001960,EPSG:32613,1070,1071,10,0,214511.474845,0,-10,2717746.39697
S1_20221010_77157000035.tif,2022-10-10,77157000035,2022,valid,-107.87879617,24.59529448,EPSG:32613,1071,1072,10,0,203121.474845,0,-10,2728546.39697
S1_20221010_77157000056.tif,2022-10-10,77157000056,2022,train,-107.98076943,24.68981480,EPSG:32613,1072,1073,10,0,193011.474845,0,-10,2739246.39697
S1_20221010_77160500033.tif,2022-10-10,77160500033,2022,valid,-108.17936172,26.89542058,EPSG:32612,1072,1073,10,0,774815.894984,0,-10,2983338.54878
S1_20221010_77160500063.tif,2022-10-10,77160500063,2022,train,-108.13046764,26.90102108,EPSG:32612,1073,1073,10,0,779655.894984,0,-10,2984068.54878
S1_20221010_77160900111.tif,2022-10-10,77160900111,2022,valid,-107.95912731,26.93586320,EPSG:32612,1074,1075,10,0,796585.894984,0,-10,2988338.54878
S1_20221010_77160900136.tif,2022-10-10,77160900136,2022,train,-107.58933418,26.74489247,EPSG:32613,1070,1071,10,0,237119.027683,0,-10,2966155.17819
S1_20221011_13269200101.tif,2022-10-11,13269200101,2022,train,25.75888355,3.29138673,EPSG:32635,1049,1048,10,0,356865.317209,0,-10,369126.898252
S1_20221011_13269601521.tif,2022-10-11,13269601521,2022,train,26.92138735,3.12727750,EPSG:32635,1048,1047,10,0,486025.317209,0,-10,350896.898252
S1_20221011_13279300161.tif,2022-10-11,13279300161,2022,train,25.72715212,0.00331006,EPSG:32735,1048,1048,10,0,353112.169476,0,-10,10005605.9519
S1_20221011_14258000101.tif,2022-10-11,14258000101,2022,train,2.87033220,11.39716492,EPSG:32631,1048,1048,10,0,480613.882214,0,-10,1265137.8866
S1_20221011_14271200011.tif,2022-10-11,14271200011,2022,train,2.83204750,12.40736720,EPSG:32631,1048,1048,10,0,476504.732662,0,-10,1376845.91287
S1_20221011_14271900131.tif,2022-10-11,14271900131,2022,train,2.24778897,13.34047011,EPSG:32631,1051,1051,10,0,413284.732662,0,-10,1480165.91287
S1_20221011_18140800091.tif,2022-10-11,18140800091,2022,train,46.16373524,-21.26049765,EPSG:32738,1056,1057,10,0,615460.689713,0,-10,7653862.26321
S1_20221011_18140900061.tif,2022-10-11,18140900061,2022,train,45.92859041,-20.96851211,EPSG:32738,1054,1055,10,0,591260.689713,0,-10,7686332.26321
S1_20221011_18140900131.tif,2022-10-11,18140900131,2022,train,45.82468396,-20.95608131,EPSG:32738,1053,1054,10,0,580470.689713,0,-10,7687762.26321
S1_20221011_18160200151.tif,2022-10-11,18160200151,2022,train,45.81290891,-19.45617451,EPSG:32738,1053,1053,10,0,580059.969257,0,-10,7853759.96973
S1_20221011_18160200251.tif,2022-10-11,18160200251,2022,train,46.21635359,-19.05153530,EPSG:32738,1055,1055,10,0,622714.237205,0,-10,7898301.75661
S1_20221011_18160200331.tif,2022-10-11,18160200331,2022,train,46.32213416,-19.42155291,EPSG:32738,1056,1057,10,0,633529.969257,0,-10,7857279.96973
S1_20221011_18160200601.tif,2022-10-11,18160200601,2022,train,46.50595444,-19.23796157,EPSG:32738,1057,1057,10,0,653004.237205,0,-10,7877441.75661
S1_20221011_18160600141.tif,2022-10-11,18160600141,2022,train,46.57883471,-19.73042263,EPSG:32738,1058,1058,10,0,660159.969257,0,-10,7822869.96973
S1_20221011_18160600151.tif,2022-10-11,18160600151,2022,train,46.68703287,-19.69479148,EPSG:32738,1058,1059,10,0,671539.969257,0,-10,7826709.96973
S1_20221011_18160700091.tif,2022-10-11,18160700091,2022,train,46.10432841,-20.09444571,EPSG:32738,1055,1055,10,0,610179.969257,0,-10,7782959.96973
S1_20221011_18160700131.tif,2022-10-11,18160700131,2022,valid,46.27992136,-20.28195085,EPSG:32738,1057,1056,10,0,628369.969257,0,-10,7762079.96973
S1_20221011_18170200221.tif,2022-10-11,18170200221,2022,train,45.51129483,-18.70241733,EPSG:32738,1051,1052,10,0,548654.237205,0,-10,7937281.75661
S1_20221011_18170200231.tif,2022-10-11,18170200231,2022,train,45.65867861,-18.70277090,EPSG:32738,1051,1052,10,0,564194.237205,0,-10,7937191.75661
S1_20221011_18170200251.tif,2022-10-11,18170200251,2022,train,45.78399527,-18.69998428,EPSG:32738,1052,1053,10,0,577404.237205,0,-10,7937451.75661
S1_20221011_18170700166.tif,2022-10-11,18170700166,2022,train,45.56975078,-16.52829897,EPSG:32738,1050,1051,10,0,555546.626366,0,-10,8177794.69049
S1_20221011_18170800031.tif,2022-10-11,18170800031,2022,train,45.96220356,-16.09768427,EPSG:32738,1053,1053,10,0,597636.626366,0,-10,8225284.69049
S1_20221011_18170800081.tif,2022-10-11,18170800081,2022,valid,46.06100448,-16.54423176,EPSG:32738,1053,1054,10,0,607946.626366,0,-10,8175834.69049
S1_20221011_18170800411.tif,2022-10-11,18170800411,2022,train,45.80230304,-17.59228149,EPSG:32738,1053,1052,10,0,579864.237205,0,-10,8060001.75661
S1_20221011_18170800731.tif,2022-10-11,18170800731,2022,train,46.22827628,-18.15947321,EPSG:32738,1055,1055,10,0,624644.237205,0,-10,7997011.75661
S1_20221011_18170800836.tif,2022-10-11,18170800836,2022,train,46.19091944,-18.24736583,EPSG:32738,1054,1055,10,0,620634.237205,0,-10,7987311.75661
S1_20221011_18170900065.tif,2022-10-11,18170900065,2022,train,46.40103396,-16.03090526,EPSG:32738,1055,1055,10,0,644613.507831,0,-10,8232414.89919
S1_20221011_18180200061.tif,2022-10-11,18180200061,2022,train,47.10664201,-16.46107739,EPSG:32738,1059,1059,10,0,719616.626366,0,-10,8184184.69049
S1_20221011_18180200481.tif,2022-10-11,18180200481,2022,train,47.33938604,-16.62383158,EPSG:32738,1061,1061,10,0,744256.626366,0,-10,8165904.69049
S1_20221011_18180400031.tif,2022-10-11,18180400031,2022,train,47.01878591,-17.05391926,EPSG:32738,1059,1059,10,0,709566.626366,0,-10,8118664.69049
S1_20221011_18180600111.tif,2022-10-11,18180600111,2022,train,46.53328180,-17.25462490,EPSG:32738,1057,1057,10,0,657716.626366,0,-10,8096914.69049
S1_20221011_18180700131.tif,2022-10-11,18180700131,2022,train,46.90237575,-17.59868726,EPSG:32738,1059,1059,10,0,696576.626366,0,-10,8058494.69049
S1_20221011_18180700151.tif,2022-10-11,18180700151,2022,train,46.81446376,-17.31684201,EPSG:32738,1058,1058,10,0,687546.626366,0,-10,8089774.69049
S1_20221011_18180800011.tif,2022-10-11,18180800011,2022,valid,46.73230734,-17.71035036,EPSG:32738,1058,1058,10,0,678416.626366,0,-10,8046304.69049
S1_20221011_18180800071.tif,2022-10-11,18180800071,2022,train,46.47149591,-17.96710275,EPSG:32738,1057,1057,10,0,650534.237205,0,-10,8018121.75661
S1_20221011_18180800121.tif,2022-10-11,18180800121,2022,valid,46.48592459,-18.25081572,EPSG:32738,1056,1057,10,0,651814.237205,0,-10,7986711.75661
S1_20221011_18180900101.tif,2022-10-11,18180900101,2022,train,46.92996077,-18.39316298,EPSG:32738,1060,1060,10,0,698584.237205,0,-10,7970531.75661
S1_20221011_18191000205.tif,2022-10-11,18191000205,2022,valid,46.42349405,-15.88976362,EPSG:32738,1055,1055,10,0,647123.507831,0,-10,8248014.89919
S1_20221011_18192001315.tif,2022-10-11,18192001315,2022,train,47.34007471,-15.44873112,EPSG:32738,1060,1060,10,0,745803.507831,0,-10,8295974.89919
S1_20221011_18192001576.tif,2022-10-11,18192001576,2022,train,47.19570720,-15.42816259,EPSG:32738,1059,1060,10,0,730333.507831,0,-10,8298414.89919
S1_20221011_18193200091.tif,2022-10-11,18193200091,2022,train,48.04737874,-14.52646337,EPSG:32738,1063,1063,10,0,823147.125813,0,-10,8397170.71868
S1_20221011_29440500091.tif,2022-10-11,29440500091,2022,train,46.99424145,33.44540206,EPSG:32638,1069,1071,10,0,680021.874951,0,-10,3707799.41607
S1_20221011_29440500151.tif,2022-10-11,29440500151,2022,train,47.07035912,33.68964867,EPSG:32638,1070,1072,10,0,686551.874951,0,-10,3735029.41607
S1_20221011_29461000101.tif,2022-10-11,29461000101,2022,train,46.89470151,31.98031757,EPSG:32638,1067,1069,10,0,673682.338157,0,-10,3545167.06756
S1_20221011_29461000131.tif,2022-10-11,29461000131,2022,train,46.99681603,31.86524123,EPSG:32638,1068,1070,10,0,683562.338157,0,-10,3532587.06756
S1_20221011_35301204081.tif,2022-10-11,35301204081,2022,valid,-177.86913339,65.64870602,EPSG:32660,1134,1139,10,0,730192.879593,0,-10,7296079.62871
S1_20221011_35417200301.tif,2022-10-11,35417200301,2022,valid,177.12428074,63.79705282,EPSG:32660,1053,1058,10,0,500857.888639,0,-10,7079695.47673
S1_20221011_42211000295.tif,2022-10-11,42211000295,2022,train,140.44940104,53.13276522,EPSG:32654,1058,1062,10,0,457872.70573,0,-10,5892491.33522
S1_20221011_42213100081.tif,2022-10-11,42213100081,2022,valid,140.21410948,52.60396470,EPSG:32654,1061,1065,10,0,441472.70573,0,-10,5833831.33522
S1_20221011_45660100591.tif,2022-10-11,45660100591,2022,train,71.99396390,34.24383973,EPSG:32642,1080,1082,10,0,770339.932481,0,-10,3798659.17734
S1_20221011_45660200071.tif,2022-10-11,45660200071,2022,train,71.61195778,34.51691848,EPSG:32642,1076,1078,10,0,734387.70606,0,-10,3827961.40915
S1_20221011_45660300051.tif,2022-10-11,45660300051,2022,train,71.44575343,34.17550235,EPSG:32642,1074,1076,10,0,720049.932481,0,-10,3789699.17734
S1_20221011_46214000091.tif,2022-10-11,46214000091,2022,train,68.72180196,42.54316208,EPSG:32642,1053,1056,10,0,471892.263171,0,-10,4715403.25056
S1_20221011_48201900164.tif,2022-10-11,48201900164,2022,train,96.92602634,39.69802938,EPSG:32647,1074,1076,10,0,316811.647809,0,-10,4401678.4675
S1_20221011_48305600151.tif,2022-10-11,48305600151,2022,train,97.24233239,36.40344949,EPSG:32647,1068,1070,10,0,337049.036892,0,-10,4035483.39021
S1_20221011_56260100205.tif,2022-10-11,56260100205,2022,train,135.23146873,-14.60088974,EPSG:32753,1049,1049,10,0,519685.231594,0,-10,8391048.91114
S1_20221011_56272000085.tif,2022-10-11,56272000085,2022,train,135.63323114,-15.19896818,EPSG:32753,1051,1051,10,0,562759.921862,0,-10,8324823.50994
S1_20221011_62297800281.tif,2022-10-11,62297800281,2022,train,-73.50392670,-2.76014716,EPSG:32718,1049,1049,10,0,661057.597108,0,-10,9700058.86642
S1_20221011_62297800361.tif,2022-10-11,62297800361,2022,train,-73.70403571,-2.47018077,EPSG:32718,1048,1048,10,0,638847.597108,0,-10,9732138.86642
S1_20221011_62297800601.tif,2022-10-11,62297800601,2022,train,-73.84747139,-2.57514870,EPSG:32718,1048,1048,10,0,622887.597108,0,-10,9720548.86642
S1_20221011_62297900801.tif,2022-10-11,62297900801,2022,valid,-73.88718723,-3.66253800,EPSG:32718,1049,1049,10,0,618339.73939,0,-10,9600342.30151
S1_20221011_62495300031.tif,2022-10-11,62495300031,2022,valid,-50.95894802,-14.24409131,EPSG:32722,1048,1048,10,0,499188.516736,0,-10,8430517.74335
S1_20221011_65120100136.tif,2022-10-11,65120100136,2022,train,-57.94630858,-36.00030483,EPSG:32721,1059,1061,10,0,409415.576747,0,-10,6020908.7177
S1_20221011_65120200051.tif,2022-10-11,65120200051,2022,train,-58.02101019,-36.10170174,EPSG:32721,1060,1062,10,0,402795.576747,0,-10,6009598.7177
S1_20221011_65120200071.tif,2022-10-11,65120200071,2022,valid,-58.33710138,-36.01560705,EPSG:32721,1063,1065,10,0,374195.576747,0,-10,6018818.7177
S1_20221011_65120200116.tif,2022-10-11,65120200116,2022,valid,-58.15036351,-36.09710378,EPSG:32721,1062,1064,10,0,391135.576747,0,-10,6009988.7177
S1_20221011_65120200126.tif,2022-10-11,65120200126,2022,valid,-58.03486091,-36.12015447,EPSG:32721,1059,1062,10,0,401575.576747,0,-10,6007538.7177
S1_20221011_65120300091.tif,2022-10-11,65120300091,2022,valid,-58.51598024,-35.73094460,EPSG:32721,1065,1067,10,0,357575.576747,0,-10,6050168.7177
S1_20221011_65120300101.tif,2022-10-11,65120300101,2022,train,-58.54332291,-35.74695968,EPSG:32721,1066,1068,10,0,355125.576747,0,-10,6048358.7177
S1_20221011_65120300111.tif,2022-10-11,65120300111,2022,train,-58.59952311,-35.74802846,EPSG:32721,1066,1068,10,0,350045.576747,0,-10,6048158.7177
S1_20221011_65160000021.tif,2022-10-11,65160000021,2022,train,-58.73878028,-38.50311533,EPSG:32721,1069,1071,10,0,343038.299651,0,-10,5742283.3964
S1_20221011_65160000116.tif,2022-10-11,65160000116,2022,train,-58.71514962,-38.57041680,EPSG:32721,1069,1071,10,0,345238.299651,0,-10,5734853.3964
S1_20221011_71224300773.tif,2022-10-11,71224300773,2022,train,-94.47085496,49.11233525,EPSG:32615,1070,1074,10,0,387311.779366,0,-10,5446355.36135
S1_20221011_71382000471.tif,2022-10-11,71382000471,2022,train,-79.92828688,48.75530706,EPSG:32617,1064,1068,10,0,573450.482305,0,-10,5406148.96264
S1_20221011_72547700403.tif,2022-10-11,72547700403,2022,train,-79.53299643,47.39283151,EPSG:32617,1070,1072,10,0,605358.716174,0,-10,5255222.81234
S1_20221011_72549200031.tif,2022-10-11,72549200031,2022,valid,-79.63990508,47.67651166,EPSG:32617,1068,1072,10,0,596748.716174,0,-10,5286602.81234
S1_20221011_72549200056.tif,2022-10-11,72549200056,2022,train,-79.77876243,47.81196083,EPSG:32617,1066,1070,10,0,586098.716174,0,-10,5301472.81234
S1_20221011_72552000904.tif,2022-10-11,72552000904,2022,train,-78.27024226,44.39030952,EPSG:32617,1084,1087,10,0,711997.937694,0,-10,4924284.64567
S1_20221011_73160200031.tif,2022-10-11,73160200031,2022,train,-77.28689379,40.53577339,EPSG:32618,1076,1079,10,0,300937.554111,0,-10,4495133.45801
S1_20221011_73160200041.tif,2022-10-11,73160200041,2022,train,-77.43723696,40.60543501,EPSG:32618,1078,1080,10,0,288407.554111,0,-10,4503213.45801
S1_20221011_73160200153.tif,2022-10-11,73160200153,2022,valid,-78.21249175,40.26095557,EPSG:32618,1087,1090,10,0,221370.53482,0,-10,4467123.87641
S1_20221011_73180100034.tif,2022-10-11,73180100034,2022,train,-77.12150268,38.93569055,EPSG:32618,1073,1075,10,0,310755.260598,0,-10,4317155.08859
S1_20221011_73180100101.tif,2022-10-11,73180100101,2022,valid,-77.37554990,39.06412770,EPSG:32618,1076,1079,10,0,289090.53482,0,-10,4331973.87641
S1_20221011_73180400031.tif,2022-10-11,73180400031,2022,train,-77.84034101,39.22503067,EPSG:32618,1082,1084,10,0,249400.53482,0,-10,4351013.87641
S1_20221011_73180500111.tif,2022-10-11,73180500111,2022,train,-77.98654810,39.59990064,EPSG:32618,1085,1086,10,0,238140.53482,0,-10,4393043.87641
S1_20221011_73190200101.tif,2022-10-11,73190200101,2022,valid,-77.59096035,38.33786455,EPSG:32618,1079,1081,10,0,268155.260598,0,-10,4251885.08859
S1_20221011_74252100141.tif,2022-10-11,74252100141,2022,train,-91.25265685,34.50261755,EPSG:32615,1067,1069,10,0,655080.742474,0,-10,3824618.32912
S1_20221011_74252600211.tif,2022-10-11,74252600211,2022,train,-90.90135982,36.70952585,EPSG:32615,1072,1074,10,0,682088.720442,0,-10,4070072.52399
S1_20221011_74252600221.tif,2022-10-11,74252600221,2022,train,-90.93430502,36.85850279,EPSG:32615,1072,1073,10,0,678788.720442,0,-10,4086532.52399
S1_20221011_74252600271.tif,2022-10-11,74252600271,2022,train,-91.29465523,37.24194800,EPSG:32615,1067,1070,10,0,645923.778725,0,-10,4128425.50729
S1_20221011_74252700021.tif,2022-10-11,74252700021,2022,train,-91.43175276,35.64509096,EPSG:32615,1066,1067,10,0,636648.720442,0,-10,3951052.52399
S1_20221011_74254000034.tif,2022-10-11,74254000034,2022,valid,-90.64497851,34.73532902,EPSG:32615,1074,1076,10,0,710240.742474,0,-10,3851598.32912
S1_20221011_74285000211.tif,2022-10-11,74285000211,2022,valid,-91.97387652,41.24517067,EPSG:32615,1061,1064,10,0,580673.595353,0,-10,4571801.52725
S1_20221011_74286200271.tif,2022-10-11,74286200271,2022,train,-92.24710660,41.85726186,EPSG:32615,1059,1061,10,0,557197.193601,0,-10,4639507.35553
S1_20221011_74288500081.tif,2022-10-11,74288500081,2022,train,-94.61239242,44.38522299,EPSG:32615,1070,1073,10,0,366216.824994,0,-10,4921289.39503
S1_20221011_74289500031.tif,2022-10-11,74289500031,2022,train,-93.20049159,44.94664665,EPSG:32615,1051,1055,10,0,478928.53767,0,-10,4982318.09664
S1_20221011_78266600031.tif,2022-10-11,78266600031,2022,train,-114.05792353,46.73744151,EPSG:32612,1090,1093,10,0,260939.801908,0,-10,5185994.42902
S1_20221011_78266600051.tif,2022-10-11,78266600051,2022,train,-114.06262695,46.58926508,EPSG:32612,1090,1093,10,0,259939.801908,0,-10,5169544.42902
S1_20221011_78299500113.tif,2022-10-11,78299500113,2022,valid,-113.62416192,42.58263759,EPSG:32612,1081,1085,10,0,279255.442583,0,-10,4723232.11105
S1_20221011_78325000271.tif,2022-10-11,78325000271,2022,train,-121.20369667,52.87984629,EPSG:32610,1076,1080,10,0,615499.61709,0,-10,5865815.68737
S1_20221011_78329900111.tif,2022-10-11,78329900111,2022,train,-120.98502085,53.74468842,EPSG:32610,1080,1083,10,0,627479.61709,0,-10,5962415.68737
S1_20221011_78329900221.tif,2022-10-11,78329900221,2022,train,-120.18676169,53.33197134,EPSG:32610,1091,1095,10,0,681869.61709,0,-10,5918365.68737
S1_20221011_78329900311.tif,2022-10-11,78329900311,2022,train,-119.83429142,53.13679826,EPSG:32610,1096,1099,10,0,706269.61709,0,-10,5897665.68737
S1_20221011_78329900376.tif,2022-10-11,78329900376,2022,valid,-119.97572671,53.10958756,EPSG:32610,1094,1098,10,0,696949.61709,0,-10,5894225.68737
S1_20221011_82243000101.tif,2022-10-11,82243000101,2022,valid,-123.44087697,60.26218079,EPSG:32610,1057,1062,10,0,470318.861508,0,-10,6686001.75115
S1_20221011_82244000011.tif,2022-10-11,82244000011,2022,valid,-123.46854862,60.22576566,EPSG:32610,1057,1063,10,0,468758.861508,0,-10,6681961.75115
S1_20221011_82246100321.tif,2022-10-11,82246100321,2022,train,-123.82831786,59.31967283,EPSG:32610,1063,1068,10,0,447538.861508,0,-10,6581281.75115
S1_20221011_82246600101.tif,2022-10-11,82246600101,2022,train,-122.74311297,58.02822275,EPSG:32610,1054,1059,10,0,509902.417594,0,-10,6437176.14595
S1_20221011_82246601471.tif,2022-10-11,82246601471,2022,train,-123.51544033,58.79236520,EPSG:32610,1058,1063,10,0,464918.861508,0,-10,6522361.75115
S1_20221011_82246601531.tif,2022-10-11,82246601531,2022,train,-123.63120415,58.29952285,EPSG:32610,1060,1065,10,0,457702.417594,0,-10,6467556.14595
S1_20221011_82246601591.tif,2022-10-11,82246601591,2022,train,-123.34866913,57.99463593,EPSG:32610,1055,1060,10,0,474112.417594,0,-10,6433466.14595
S1_20221011_82246900161.tif,2022-10-11,82246900161,2022,train,-121.81540471,57.91589370,EPSG:32610,1068,1073,10,0,564842.417594,0,-10,6425326.14595
S1_20221012_11444300121.tif,2022-10-12,11444300121,2022,train,41.20938345,3.94117979,EPSG:32637,1051,1050,10,0,740077.179385,0,-10,441200.912129
S1_20221012_11491000631.tif,2022-10-12,11491000631,2022,train,42.23302122,7.24626469,EPSG:32637,1056,1057,10,0,851804.772307,0,-10,807529.485743
S1_20221012_11496000096.tif,2022-10-12,11496000096,2022,train,42.03704419,8.04040213,EPSG:32637,1057,1057,10,0,829513.461508,0,-10,895291.359223
S1_20221012_11571500021.tif,2022-10-12,11571500021,2022,train,41.17490719,11.71506359,EPSG:32638,1064,1064,10,0,77565.371907,0,-10,1303196.4271
S1_20221012_11762100211.tif,2022-10-12,11762100211,2022,train,36.89652777,-12.73798629,EPSG:32737,1057,1057,10,0,266328.05606,0,-10,8596199.41189
S1_20221012_11762100241.tif,2022-10-12,11762100241,2022,train,36.73958471,-12.92153266,EPSG:32737,1057,1058,10,0,249458.05606,0,-10,8575749.41189
S1_20221012_11762100281.tif,2022-10-12,11762100281,2022,train,36.47220583,-13.28887089,EPSG:32737,1059,1060,10,0,220828.05606,0,-10,8534829.41189
S1_20221012_11798000011.tif,2022-10-12,11798000011,2022,train,36.24158187,-18.03084240,EPSG:32736,1067,1068,10,0,837916.694985,0,-10,8008734.37383
S1_20221012_12780700104.tif,2022-10-12,12780700104,2022,train,26.71359773,-30.68053420,EPSG:32735,1051,1053,10,0,467312.523818,0,-10,6611032.04086
S1_20221012_12780700221.tif,2022-10-12,12780700221,2022,train,27.33718811,-30.40717212,EPSG:32735,1051,1053,10,0,527132.523818,0,-10,6641312.04086
S1_20221012_12797900071.tif,2022-10-12,12797900071,2022,train,26.00925517,-27.71580996,EPSG:32735,1057,1058,10,0,397045.320855,0,-10,6939175.40292
S1_20221012_12797900111.tif,2022-10-12,12797900111,2022,train,26.22070644,-27.47282203,EPSG:32735,1055,1056,10,0,417731.867812,0,-10,6966232.04208
S1_20221012_13215000084.tif,2022-10-12,13215000084,2022,train,14.43771230,-4.87777607,EPSG:32733,1049,1048,10,0,432410.5564,0,-10,9466060.11245
S1_20221012_14289500061.tif,2022-10-12,14289500061,2022,train,-7.15748408,11.72501493,EPSG:32629,1055,1055,10,0,695532.580685,0,-10,1302077.92469
S1_20221012_14289500271.tif,2022-10-12,14289500271,2022,train,-7.74183750,10.75345044,EPSG:32629,1052,1052,10,0,632309.819483,0,-10,1194260.41141
S1_20221012_14296200186.tif,2022-10-12,14296200186,2022,valid,-8.13592307,11.49444469,EPSG:32629,1051,1051,10,0,588982.580685,0,-10,1276047.92469
S1_20221012_16202700011.tif,2022-10-12,16202700011,2022,train,17.10938864,10.82420755,EPSG:32633,1056,1056,10,0,725341.939175,0,-10,1202619.60425
S1_20221012_16202700021.tif,2022-10-12,16202700021,2022,train,17.15765954,10.69548688,EPSG:32633,1056,1055,10,0,730721.939175,0,-10,1188409.60425
S1_20221012_16202700031.tif,2022-10-12,16202700031,2022,train,17.21496424,10.65866275,EPSG:32633,1056,1055,10,0,737021.939175,0,-10,1184379.60425
S1_20221012_16202700041.tif,2022-10-12,16202700041,2022,train,17.27730473,10.60069159,EPSG:32633,1056,1056,10,0,743891.939175,0,-10,1178019.60425
S1_20221012_16202700066.tif,2022-10-12,16202700066,2022,train,17.30413363,10.58477123,EPSG:32633,1056,1056,10,0,746841.939175,0,-10,1176279.60425
S1_20221012_16270200011.tif,2022-10-12,16270200011,2022,train,17.03280221,10.63043204,EPSG:32633,1055,1055,10,0,717111.939175,0,-10,1181119.60425
S1_20221012_16270700081.tif,2022-10-12,16270700081,2022,train,17.07957512,10.49328016,EPSG:32633,1055,1055,10,0,722331.939175,0,-10,1165979.60425
S1_20221012_43491400113.tif,2022-10-12,43491400113,2022,train,111.00503204,30.43295765,EPSG:32649,1049,1050,10,0,495238.208107,0,-10,3372012.16203
S1_20221012_43650000595.tif,2022-10-12,43650000595,2022,train,113.55410439,23.51900758,EPSG:32649,1068,1069,10,0,755456.369434,0,-10,2608641.31705
S1_20221012_43650001115.tif,2022-10-12,43650001115,2022,train,113.40458170,22.60863211,EPSG:32649,1065,1066,10,0,741856.369434,0,-10,2507521.31705
S1_20221012_43662400094.tif,2022-10-12,43662400094,2022,train,112.99608829,24.31811718,EPSG:32649,1063,1064,10,0,697234.361372,0,-10,2696220.60365
S1_20221012_43662400141.tif,2022-10-12,43662400141,2022,train,112.78406524,24.45533374,EPSG:32649,1062,1063,10,0,675524.361372,0,-10,2711120.60365
S1_20221012_43662700061.tif,2022-10-12,43662700061,2022,valid,113.57961919,24.50296790,EPSG:32649,1068,1069,10,0,756064.361372,0,-10,2717700.60365
S1_20221012_48250300461.tif,2022-10-12,48250300461,2022,train,84.51201641,41.20434749,EPSG:32645,1079,1082,10,0,286000.566705,0,-10,4569836.55579
S1_20221012_48250300491.tif,2022-10-12,48250300491,2022,train,84.31216324,41.20674355,EPSG:32645,1081,1085,10,0,269240.566705,0,-10,4570616.55579
S1_20221012_56220300171.tif,2022-10-12,56220300171,2022,train,124.23166420,-18.08109565,EPSG:32751,1055,1055,10,0,625060.62978,0,-10,8005682.48198
S1_20221012_56233400021.tif,2022-10-12,56233400021,2022,train,124.99757216,-16.39189907,EPSG:32751,1058,1059,10,0,708048.410562,0,-10,8191959.32644
S1_20221012_56233700065.tif,2022-10-12,56233700065,2022,train,125.66419250,-14.76705291,EPSG:32751,1061,1061,10,0,781513.856799,0,-10,8371043.13047
S1_20221012_65323000063.tif,2022-10-12,65323000063,2022,train,-68.66223111,-39.18432907,EPSG:32719,1053,1055,10,0,523906.995425,0,-10,5667988.56867
S1_20221012_65323000133.tif,2022-10-12,65323000133,2022,valid,-68.85822230,-39.36852072,EPSG:32719,1051,1053,10,0,506957.843721,0,-10,5647582.39507
S1_20221012_65323000206.tif,2022-10-12,65323000206,2022,valid,-69.05750761,-39.39107474,EPSG:32719,1050,1052,10,0,489797.843721,0,-10,5645082.39507
S1_20221012_65325000061.tif,2022-10-12,65325000061,2022,train,-69.69398514,-39.84873698,EPSG:32719,1057,1060,10,0,435345.870503,0,-10,5594100.8858
S1_20221012_73270600231.tif,2022-10-12,73270600231,2022,valid,-86.48624302,31.38000855,EPSG:32616,1054,1055,10,0,543581.085738,0,-10,3477106.71646
S1_20221012_73270600254.tif,2022-10-12,73270600254,2022,train,-86.47891920,31.40172324,EPSG:32616,1053,1055,10,0,544271.085738,0,-10,3479516.71646
S1_20221012_73270600306.tif,2022-10-12,73270600306,2022,train,-86.72215743,31.28243417,EPSG:32616,1051,1052,10,0,521191.085738,0,-10,3466196.71646
S1_20221012_73282900141.tif,2022-10-12,73282900141,2022,train,-86.81425591,33.78670232,EPSG:32616,1050,1052,10,0,511945.829717,0,-10,3743781.86389
S1_20221012_73285000041.tif,2022-10-12,73285000041,2022,valid,-86.80785789,32.35497953,EPSG:32616,1050,1052,10,0,512828.593113,0,-10,3585059.82309
S1_20221012_73287000231.tif,2022-10-12,73287000231,2022,train,-86.40379336,33.27267454,EPSG:32616,1055,1057,10,0,550248.593113,0,-10,3686959.82309
S1_20221012_73287000253.tif,2022-10-12,73287000253,2022,valid,-86.34490622,33.41175014,EPSG:32616,1055,1057,10,0,555635.829717,0,-10,3702411.86389
S1_20221012_74242300704.tif,2022-10-12,74242300704,2022,train,-101.54985066,35.71148809,EPSG:32614,1076,1078,10,0,263949.409444,0,-10,3960336.22907
S1_20221012_74248300336.tif,2022-10-12,74248300336,2022,train,-100.55004571,37.00114780,EPSG:32614,1066,1068,10,0,356750.420809,0,-10,4101462.63041
S1_20221012_74262300463.tif,2022-10-12,74262300463,2022,train,-86.24516936,34.37993506,EPSG:32616,1056,1058,10,0,564115.829717,0,-10,3809831.86389
S1_20221012_78322600094.tif,2022-10-12,78322600094,2022,train,-120.02319443,51.73906198,EPSG:32610,1093,1096,10,0,700058.884161,0,-10,5741690.44152
S1_20221012_78322600121.tif,2022-10-12,78322600121,2022,train,-120.19905660,51.92506186,EPSG:32610,1090,1094,10,0,687138.884161,0,-10,5761880.44152
S1_20221012_78322600211.tif,2022-10-12,78322600211,2022,train,-120.05541353,52.04593843,EPSG:32610,1092,1096,10,0,696458.884161,0,-10,5775720.44152
S1_20221014_11794000086.tif,2022-10-14,11794000086,2022,train,39.00776273,-16.33815580,EPSG:32737,1048,1048,10,0,495589.1351,0,-10,8198899.10746
S1_20221014_13224400171.tif,2022-10-14,13224400171,2022,train,16.95942155,-5.37972261,EPSG:32733,1052,1051,10,0,711862.412978,0,-10,9410268.31242
S1_20221014_13224400241.tif,2022-10-14,13224400241,2022,valid,17.17014721,-6.05253466,EPSG:32733,1052,1052,10,0,734942.412978,0,-10,9335768.31242
S1_20221014_13224400421.tif,2022-10-14,13224400421,2022,train,17.12280418,-4.50265443,EPSG:32733,1052,1051,10,0,730284.372617,0,-10,9507223.44968
S1_20221014_28106900241.tif,2022-10-14,28106900241,2022,train,64.10134772,35.61322726,EPSG:32641,1060,1062,10,0,594446.266491,0,-10,3946919.36971
S1_20221014_29469900161.tif,2022-10-14,29469900161,2022,train,40.05508629,38.31062759,EPSG:32637,1061,1063,10,0,586937.877036,0,-10,4246122.25441
S1_20221014_29469900194.tif,2022-10-14,29469900194,2022,train,40.01982814,38.34933084,EPSG:32637,1061,1063,10,0,583807.877036,0,-10,4250382.25441
S1_20221014_29469900243.tif,2022-10-14,29469900243,2022,train,39.86316393,38.35933054,EPSG:32637,1059,1061,10,0,570117.877036,0,-10,4251342.25441
S1_20221014_29469900271.tif,2022-10-14,29469900271,2022,train,40.01704834,38.40419295,EPSG:32637,1061,1062,10,0,583497.877036,0,-10,4256462.25441
S1_20221014_29497100131.tif,2022-10-14,29497100131,2022,train,39.30489064,35.82568613,EPSG:32637,1052,1054,10,0,522279.455373,0,-10,3969927.66724
S1_20221014_29497700476.tif,2022-10-14,29497700476,2022,train,39.09247057,37.64292701,EPSG:32637,1050,1052,10,0,502907.877036,0,-10,4171462.25441
S1_20221014_41301400466.tif,2022-10-14,41301400466,2022,train,140.97048024,39.68435889,EPSG:32654,1050,1052,10,0,492218.638518,0,-10,4397985.51546
S1_20221014_46160400194.tif,2022-10-14,46160400194,2022,train,64.80451094,39.74941978,EPSG:32641,1070,1073,10,0,649248.780967,0,-10,4406867.85746
S1_20221014_48294000256.tif,2022-10-14,48294000256,2022,train,78.00084340,39.29312547,EPSG:32643,1084,1086,10,0,753376.390724,0,-10,4359029.93152
S1_20221014_48297011331.tif,2022-10-14,48297011331,2022,train,77.62509313,39.05108274,EPSG:32643,1080,1082,10,0,721764.437769,0,-10,4331135.14179
S1_20221014_48297011391.tif,2022-10-14,48297011391,2022,valid,77.42513212,38.69822053,EPSG:32643,1077,1079,10,0,705514.437769,0,-10,4291475.14179
S1_20221014_48297011451.tif,2022-10-14,48297011451,2022,train,77.34595550,38.31621869,EPSG:32643,1076,1078,10,0,699714.437769,0,-10,4248895.14179
S1_20221014_48297011481.tif,2022-10-14,48297011481,2022,train,76.96989028,38.05316092,EPSG:32643,1072,1074,10,0,667474.437769,0,-10,4218915.14179
S1_20221014_65342300446.tif,2022-10-14,65342300446,2022,valid,-67.98426870,-43.95138192,EPSG:32719,1062,1066,10,0,576191.986903,0,-10,5138355.61314
S1_20221014_74249300521.tif,2022-10-14,74249300521,2022,train,-97.57530201,37.86349503,EPSG:32614,1064,1067,10,0,619999.397425,0,-10,4196961.11714
S1_20221014_78220000556.tif,2022-10-14,78220000556,2022,valid,-122.44794484,43.60786684,EPSG:32610,1056,1059,10,0,539271.030702,0,-10,4833764.01046
S1_20221015_17211300151.tif,2022-10-15,17211300151,2022,train,31.70658111,26.62921545,EPSG:32636,1059,1060,10,0,365953.413085,0,-10,2951319.96026
S1_20221015_17211300181.tif,2022-10-15,17211300181,2022,valid,31.88045294,26.37125725,EPSG:32636,1057,1058,10,0,383023.52668,0,-10,2922574.03306
S1_20221015_21101200115.tif,2022-10-15,21101200115,2022,train,32.31700230,30.84678905,EPSG:32636,1055,1057,10,0,429417.147489,0,-10,3418107.10679
S1_20221015_42420002381.tif,2022-10-15,42420002381,2022,train,128.74646556,37.58402391,EPSG:32652,1052,1054,10,0,472355.188592,0,-10,4164963.44993
S1_20221015_42420002401.tif,2022-10-15,42420002401,2022,train,128.74113388,37.58644598,EPSG:32652,1052,1054,10,0,471885.188592,0,-10,4165233.44993
S1_20221015_57205100053.tif,2022-10-15,57205100053,2022,train,172.79331933,-40.81533450,EPSG:32759,1070,1073,10,0,645894.702366,0,-10,5485559.87854
S1_20221015_57205100061.tif,2022-10-15,57205100061,2022,train,172.80802104,-40.86550380,EPSG:32759,1071,1074,10,0,647014.702366,0,-10,5479969.87854
S1_20221015_57205100083.tif,2022-10-15,57205100083,2022,train,172.64841771,-40.67327701,EPSG:32759,1069,1071,10,0,633974.702366,0,-10,5501559.87854
S1_20221015_57205100136.tif,2022-10-15,57205100136,2022,train,173.03134380,-41.07715477,EPSG:32759,1074,1076,10,0,665274.702366,0,-10,5456069.87854
S1_20221015_57205200051.tif,2022-10-15,57205200051,2022,train,173.44461570,-41.57710058,EPSG:32759,1079,1082,10,0,698404.702366,0,-10,5399699.87854
S1_20221015_57205400013.tif,2022-10-15,57205400013,2022,train,173.92321138,-42.16993280,EPSG:32759,1086,1088,10,0,736028.736998,0,-10,5332659.03865
S1_20221016_22514000251.tif,2022-10-16,22514000251,2022,train,34.65943622,49.93409004,EPSG:32636,1073,1077,10,0,613721.612327,0,-10,5538007.53482
S1_20221016_22514000271.tif,2022-10-16,22514000271,2022,train,34.68195431,49.99645917,EPSG:32636,1073,1077,10,0,615181.612327,0,-10,5544977.53482
S1_20221016_22520400071.tif,2022-10-16,22520400071,2022,train,33.36254052,51.41088904,EPSG:32636,1055,1059,10,0,519938.938656,0,-10,5700876.26784
S1_20221016_23268000873.tif,2022-10-16,23268000873,2022,train,8.39126075,47.01378711,EPSG:32632,1058,1061,10,0,448442.214411,0,-10,5212181.02344
S1_20221016_45248401274.tif,2022-10-16,45248401274,2022,train,76.75473494,23.07877051,EPSG:32643,1061,1062,10,0,674437.998206,0,-10,2558628.83843
S1_20221016_45248401354.tif,2022-10-16,45248401354,2022,train,76.67543484,22.96923859,EPSG:32643,1060,1061,10,0,666457.144822,0,-10,2546399.66382
S1_20221016_78270500023.tif,2022-10-16,78270500023,2022,valid,-118.90726225,46.24439116,EPSG:32610,1103,1107,10,0,809985.554467,0,-10,5134882.5314
S1_20221016_78270500051.tif,2022-10-16,78270500051,2022,train,-118.75664176,46.34258183,EPSG:32610,1106,1109,10,0,820995.554467,0,-10,5146412.5314
S1_20221017_57109800021.tif,2022-10-17,57109800021,2022,train,176.78089961,-39.58903711,EPSG:32760,1052,1054,10,0,475926.013794,0,-10,5623101.0967
S1_20221017_57109800076.tif,2022-10-17,57109800076,2022,train,176.92707151,-39.57043399,EPSG:32760,1050,1053,10,0,488486.013794,0,-10,5625181.0967
S1_20221017_57109900013.tif,2022-10-17,57109900013,2022,train,176.93996907,-39.60013079,EPSG:32760,1050,1052,10,0,489596.013794,0,-10,5621881.0967
S1_20221017_57109900021.tif,2022-10-17,57109900021,2022,train,176.93369946,-39.70117841,EPSG:32760,1050,1053,10,0,489066.013794,0,-10,5610671.0967
S1_20221017_57109900041.tif,2022-10-17,57109900041,2022,valid,176.81576411,-39.76988916,EPSG:32760,1051,1053,10,0,478966.013794,0,-10,5603031.0967
S1_20221017_57109900136.tif,2022-10-17,57109900136,2022,train,176.94299956,-39.59751929,EPSG:32760,1050,1052,10,0,489856.013794,0,-10,5622171.0967
S1_20221017_65260100061.tif,2022-10-17,65260100061,2022,train,-67.82831509,-32.22488613,EPSG:32719,1060,1062,10,0,605104.268251,0,-10,6439344.91874
S1_20221017_65290300211.tif,2022-10-17,65290300211,2022,train,-69.16038698,-29.93635162,EPSG:32719,1050,1051,10,0,479271.175415,0,-10,6693511.55839
S1_20221017_71223200396.tif,2022-10-17,71223200396,2022,train,-97.00355346,52.34698434,EPSG:32614,1079,1082,10,0,630592.979927,0,-10,5806918.04458
S1_20221017_74292900031.tif,2022-10-17,74292900031,2022,train,-101.38779562,40.11140995,EPSG:32613,1092,1095,10,0,802409.990595,0,-10,4451854.85918
S1_20221017_74294700031.tif,2022-10-17,74294700031,2022,train,-100.79085289,41.17705181,EPSG:32614,1071,1073,10,0,344431.981222,0,-10,4565322.66434
S1_20221017_74294700061.tif,2022-10-17,74294700061,2022,train,-101.06820094,41.20721650,EPSG:32614,1074,1076,10,0,321231.981222,0,-10,4569202.66434
S1_20221018_11600200223.tif,2022-10-18,11600200223,2022,train,32.54136549,-8.26230138,EPSG:32736,1048,1048,10,0,444251.160438,0,-10,9091915.08918
S1_20221018_11600200253.tif,2022-10-18,11600200253,2022,train,32.80307316,-8.41262332,EPSG:32736,1048,1047,10,0,473081.160438,0,-10,9075315.08918
S1_20221018_11600200263.tif,2022-10-18,11600200263,2022,train,32.84730726,-8.42290944,EPSG:32736,1048,1048,10,0,477951.160438,0,-10,9074185.08918
S1_20221018_21404000094.tif,2022-10-18,21404000094,2022,train,11.06340219,45.38805319,EPSG:32633,1101,1103,10,0,186335.387882,0,-10,5039116.75947
S1_20221018_21404000211.tif,2022-10-18,21404000211,2022,train,10.90001800,45.66777884,EPSG:32633,1103,1106,10,0,175125.387882,0,-10,5070846.75947
S1_20221019_41301600734.tif,2022-10-19,41301600734,2022,train,139.27924110,36.43921419,EPSG:32654,1068,1070,10,0,340429.728641,0,-10,4039391.38591
S1_20221019_48301100023.tif,2022-10-19,48301100023,2022,train,88.38036932,37.09052099,EPSG:32645,1065,1066,10,0,617352.350769,0,-10,4111135.54143
S1_20221019_62262900576.tif,2022-10-19,62262900576,2022,train,-60.43607566,-11.56607360,EPSG:32721,1062,1062,10,0,119846.260387,0,-10,8724482.79334
S1_20221019_74228000031.tif,2022-10-19,74228000031,2022,train,-99.21956906,34.46063724,EPSG:32614,1051,1053,10,0,474578.360459,0,-10,3818519.30601
S1_20221019_74229000251.tif,2022-10-19,74229000251,2022,train,-100.08916523,34.55810651,EPSG:32614,1060,1062,10,0,394778.360459,0,-10,3829889.30601
S1_20221019_74248300271.tif,2022-10-19,74248300271,2022,train,-99.91570151,36.99241383,EPSG:32614,1059,1062,10,0,413220.420809,0,-10,4099732.63041
S1_20221019_74267300231.tif,2022-10-19,74267300231,2022,valid,-85.43525040,38.61027499,EPSG:32616,1067,1070,10,0,630903.342808,0,-10,4280040.8754
S1_20221019_74267400041.tif,2022-10-19,74267400041,2022,train,-85.00488103,38.55596977,EPSG:32616,1072,1074,10,0,668483.342808,0,-10,4274760.8754
S1_20221019_75169000031.tif,2022-10-19,75169000031,2022,train,-100.22040052,33.29487863,EPSG:32614,1061,1063,10,0,381067.570487,0,-10,3689957.35225
S1_20221020_57203000013.tif,2022-10-20,57203000013,2022,train,171.19965506,-42.44384812,EPSG:32759,1051,1055,10,0,511164.557718,0,-10,5306197.60764
S1_20221020_57203000021.tif,2022-10-20,57203000021,2022,train,171.31915950,-42.43907469,EPSG:32759,1053,1055,10,0,520984.557718,0,-10,5306697.60764
S1_20221020_57203000091.tif,2022-10-20,57203000091,2022,train,171.71157143,-42.41675642,EPSG:32759,1058,1061,10,0,553254.702366,0,-10,5309009.87854
S1_20221020_57203000126.tif,2022-10-20,57203000126,2022,train,171.19868045,-42.44326442,EPSG:32759,1051,1054,10,0,511084.557718,0,-10,5306257.60764
S1_20221021_25259000323.tif,2022-10-21,25259000323,2022,train,33.85048002,65.54664252,EPSG:32636,1065,1070,10,0,533958.426277,0,-10,7274994.44937
S1_20221021_43180000344.tif,2022-10-21,43180000344,2022,train,116.67969134,36.98675066,EPSG:32650,1052,1054,10,0,466235.209711,0,-10,4098720.51586
S1_20221021_45254000581.tif,2022-10-21,45254000581,2022,train,89.61196520,26.35036013,EPSG:32645,1070,1072,10,0,755324.217777,0,-10,2922483.44538
S1_20221021_45254000881.tif,2022-10-21,45254000881,2022,train,89.55391833,26.28855528,EPSG:32645,1070,1071,10,0,749664.217777,0,-10,2915513.44538
S1_20221021_46160700281.tif,2022-10-21,46160700281,2022,train,67.24129147,39.58466586,EPSG:32642,1070,1072,10,0,343617.08927,0,-10,4388498.17127
S1_20221021_46160700294.tif,2022-10-21,46160700294,2022,train,67.38872362,39.54860275,EPSG:32642,1068,1070,10,0,356217.08927,0,-10,4384248.17127
S1_20221021_46216900086.tif,2022-10-21,46216900086,2022,train,67.59833460,40.48476232,EPSG:32642,1065,1068,10,0,375877.731489,0,-10,4487846.88116
S1_20221021_56252300231.tif,2022-10-21,56252300231,2022,train,131.20413849,-13.91671004,EPSG:32752,1058,1058,10,0,732874.41066,0,-10,8465672.9315
S1_20221021_74295100341.tif,2022-10-21,74295100341,2022,train,-95.93709348,41.39287257,EPSG:32615,1085,1088,10,0,249019.798191,0,-10,4591974.67752
S1_20221022_42242400044.tif,2022-10-22,42242400044,2022,train,129.27781379,44.54036340,EPSG:32652,1053,1055,10,0,516805.330028,0,-10,4937205.19362
S1_20221022_42242400061.tif,2022-10-22,42242400061,2022,train,129.14929072,44.41587057,EPSG:32652,1052,1054,10,0,506625.330028,0,-10,4923345.19362
S1_20221022_42242400084.tif,2022-10-22,42242400084,2022,train,129.12935611,44.40428119,EPSG:32652,1051,1054,10,0,505045.330028,0,-10,4922055.19362
S1_20221022_75218100304.tif,2022-10-22,75218100304,2022,train,-104.24733067,29.50286217,EPSG:32613,1056,1056,10,0,567673.392816,0,-10,3269216.51669
S1_20221022_75218100361.tif,2022-10-22,75218100361,2022,train,-104.64539268,29.55302954,EPSG:32613,1052,1053,10,0,529093.392816,0,-10,3274576.51669
S1_20221022_75218100561.tif,2022-10-22,75218100561,2022,train,-105.27731050,28.99412603,EPSG:32613,1051,1052,10,0,467733.392816,0,-10,3212626.51669
S1_20221022_75218100574.tif,2022-10-22,75218100574,2022,train,-105.28047282,28.98662796,EPSG:32613,1051,1052,10,0,467423.392816,0,-10,3211796.51669
S1_20221023_45365000211.tif,2022-10-23,45365000211,2022,train,77.48699263,16.37875375,EPSG:32644,1067,1067,10,0,119319.894058,0,-10,1819414.45124
S1_20221023_74284500161.tif,2022-10-23,74284500161,2022,valid,-94.07525251,42.38595462,EPSG:32615,1062,1065,10,0,406179.798191,0,-10,4698514.67752
S1_20221024_16282100091.tif,2022-10-24,16282100091,2022,train,18.12504518,9.09585570,EPSG:32634,1057,1057,10,0,178674.014199,0,-10,1011989.01121
S1_20221024_43482900864.tif,2022-10-24,43482900864,2022,train,111.89337097,25.45233545,EPSG:32649,1055,1056,10,0,584544.267568,0,-10,2820616.68974
S1_20221024_43482902314.tif,2022-10-24,43482902314,2022,train,112.02971684,25.53293440,EPSG:32649,1057,1057,10,0,598174.267568,0,-10,2829646.68974
S1_20221024_56490400031.tif,2022-10-24,56490400031,2022,train,148.61552756,-27.79337285,EPSG:32755,1062,1064,10,0,653846.709665,0,-10,6929959.99881
S1_20221024_56490400051.tif,2022-10-24,56490400051,2022,valid,148.58636306,-27.81180716,EPSG:32755,1062,1063,10,0,650946.709665,0,-10,6927949.99881
S1_20221024_65220500381.tif,2022-10-24,65220500381,2022,train,-68.67841995,-37.44467807,EPSG:32719,1052,1054,10,0,523185.481075,0,-10,5861017.65604
S1_20221024_65220500401.tif,2022-10-24,65220500401,2022,train,-68.87736667,-37.38979741,EPSG:32719,1050,1052,10,0,505605.481075,0,-10,5867137.65604
S1_20221024_65322100083.tif,2022-10-24,65322100083,2022,train,-68.39335762,-38.59718181,EPSG:32719,1056,1058,10,0,547546.995425,0,-10,5733038.56867
S1_20221024_65322300063.tif,2022-10-24,65322300063,2022,train,-68.87208911,-38.51014092,EPSG:32719,1051,1053,10,0,505896.995425,0,-10,5742838.56867
S1_20221024_65322300141.tif,2022-10-24,65322300141,2022,train,-69.38819136,-38.56728942,EPSG:32719,1053,1056,10,0,460916.995425,0,-10,5736448.56867
S1_20221024_73282800031.tif,2022-10-24,73282800031,2022,train,-87.14558115,33.74486181,EPSG:32616,1050,1051,10,0,481265.829717,0,-10,3739131.86389
S1_20221024_73282800093.tif,2022-10-24,73282800093,2022,train,-87.10412360,33.96821727,EPSG:32616,1049,1051,10,0,485135.829717,0,-10,3763891.86389
S1_20221024_73282800153.tif,2022-10-24,73282800153,2022,train,-87.18524136,34.11197247,EPSG:32616,1050,1053,10,0,477665.829717,0,-10,3779851.86389
S1_20221024_73282800233.tif,2022-10-24,73282800233,2022,train,-87.22639121,34.11244464,EPSG:32616,1051,1053,10,0,473865.829717,0,-10,3779911.86389
S1_20221024_73282900051.tif,2022-10-24,73282900051,2022,valid,-87.07093530,33.62758516,EPSG:32616,1049,1051,10,0,488175.829717,0,-10,3726121.86389
S1_20221024_74262301071.tif,2022-10-24,74262301071,2022,train,-87.03594006,34.95846943,EPSG:32616,1049,1051,10,0,491473.753892,0,-10,3873693.08744
S1_20221026_65105300071.tif,2022-10-26,65105300071,2022,train,-64.96555908,-34.03718384,EPSG:32720,1069,1071,10,0,313205.609753,0,-10,6237333.65004
S1_20221027_63450100131.tif,2022-10-27,63450100131,2022,train,-43.76927921,-14.32203154,EPSG:32723,1053,1054,10,0,627463.352803,0,-10,8421575.4575
S1_20221028_21307900341.tif,2022-10-28,21307900341,2022,train,20.32579959,41.17367065,EPSG:32634,1057,1059,10,0,438162.630454,0,-10,4563550.49716
S1_20221028_43306600161.tif,2022-10-28,43306600161,2022,train,118.37283056,35.02897305,EPSG:32650,1063,1065,10,0,619918.009725,0,-10,3882442.33914
S1_20221030_18140800134.tif,2022-10-30,18140800134,2022,train,46.59416690,-21.45216023,EPSG:32738,1059,1060,10,0,659896.48766,0,-10,7632268.59364
S1_20221030_18140800204.tif,2022-10-30,18140800204,2022,train,46.82729572,-21.75436818,EPSG:32738,1061,1061,10,0,683656.48766,0,-10,7598548.59364
S1_20221030_18140800224.tif,2022-10-30,18140800224,2022,train,46.84147367,-21.75172732,EPSG:32738,1061,1062,10,0,685126.48766,0,-10,7598828.59364
S1_20221030_18140800246.tif,2022-10-30,18140800246,2022,train,46.88268751,-21.76887442,EPSG:32738,1061,1062,10,0,689366.48766,0,-10,7596878.59364
S1_20221030_18160200726.tif,2022-10-30,18160200726,2022,train,46.98108120,-19.24092663,EPSG:32738,1060,1060,10,0,702939.362606,0,-10,7876627.49148
S1_20221030_18160600186.tif,2022-10-30,18160600186,2022,valid,46.76538005,-19.80055694,EPSG:32738,1059,1060,10,0,679627.148078,0,-10,7814923.55076
S1_20221030_18192000191.tif,2022-10-30,18192000191,2022,train,47.88755324,-15.64893612,EPSG:32739,1064,1064,10,0,160957.986403,0,-10,8272769.95681
S1_20221030_18192000241.tif,2022-10-30,18192000241,2022,valid,48.12846243,-15.54507509,EPSG:32739,1063,1063,10,0,186657.986403,0,-10,8284629.95681
S1_20221030_18192001536.tif,2022-10-30,18192001536,2022,train,47.86605661,-16.00080461,EPSG:32739,1065,1065,10,0,159227.986403,0,-10,8233769.95681
S1_20221030_18196000646.tif,2022-10-30,18196000646,2022,train,47.31013388,-19.64379203,EPSG:32738,1063,1064,10,0,736927.148078,0,-10,7831613.55076
S1_20221031_29145000391.tif,2022-10-31,29145000391,2022,valid,64.38463783,31.47034819,EPSG:32641,1062,1063,10,0,626228.540232,0,-10,3487875.09726
S1_20221031_29146100011.tif,2022-10-31,29146100011,2022,valid,64.36298469,31.47238483,EPSG:32641,1062,1063,10,0,624168.540232,0,-10,3488075.09726
S1_20221031_53190200681.tif,2022-10-31,53190200681,2022,train,145.22655269,-5.48212264,EPSG:32755,1051,1050,10,0,298270.328792,0,-10,9399001.63356
S1_20221031_53190200851.tif,2022-10-31,53190200851,2022,valid,145.35446762,-5.69133086,EPSG:32755,1051,1051,10,0,312510.328792,0,-10,9375911.63356
S1_20221031_77122000224.tif,2022-10-31,77122000224,2022,train,-102.77438135,19.28996963,EPSG:32613,1062,1062,10,0,728573.675043,0,-10,2139723.61026
S1_20221102_43427000151.tif,2022-11-02,43427000151,2022,train,117.01461890,32.67171338,EPSG:32650,1049,1050,10,0,496125.671544,0,-10,3620144.10866
S1_20221102_65210000181.tif,2022-11-02,65210000181,2022,train,-63.83503535,-39.11935429,EPSG:32720,1059,1061,10,0,422518.934823,0,-10,5674951.50561
S1_20221102_65321000101.tif,2022-11-02,65321000101,2022,train,-64.00145995,-40.30294806,EPSG:32720,1061,1063,10,0,409588.934823,0,-10,5543451.50561
S1_20221102_65321000121.tif,2022-11-02,65321000121,2022,train,-64.08687558,-40.26911374,EPSG:32720,1062,1065,10,0,402278.934823,0,-10,5547131.50561
S1_20221102_78328700401.tif,2022-11-02,78328700401,2022,train,-125.98554615,53.78261592,EPSG:32610,1093,1098,10,0,297842.475225,0,-10,5968961.86107
S1_20221102_78328700423.tif,2022-11-02,78328700423,2022,train,-125.98800860,53.78201502,EPSG:32610,1094,1098,10,0,297672.475225,0,-10,5968901.86107
S1_20221102_78328700453.tif,2022-11-02,78328700453,2022,train,-125.98894015,53.77803533,EPSG:32610,1094,1098,10,0,297592.475225,0,-10,5968461.86107
S1_20221102_82216000031.tif,2022-11-02,82216000031,2022,valid,-128.36959688,66.38186350,EPSG:32609,1061,1067,10,0,522877.982338,0,-10,7367951.75211
S1_20221104_43120200194.tif,2022-11-04,43120200194,2022,train,119.57148711,40.12963154,EPSG:32650,1080,1082,10,0,713698.32457,0,-10,4450725.26191
S1_20221104_43120200301.tif,2022-11-04,43120200301,2022,valid,119.57144512,40.15962921,EPSG:32650,1080,1082,10,0,713598.32457,0,-10,4454055.26191
S1_20221106_21604100133.tif,2022-11-06,21604100133,2022,train,0.50070549,41.25682446,EPSG:32630,1092,1095,10,0,787832.99287,0,-10,4578655.09223
S1_20221106_21604200043.tif,2022-11-06,21604200043,2022,train,0.33416816,41.40550520,EPSG:32630,1090,1093,10,0,773252.99287,0,-10,4594605.09223
S1_20221106_21604200574.tif,2022-11-06,21604200574,2022,train,0.21697869,42.06565738,EPSG:32630,1088,1092,10,0,760722.99287,0,-10,4667535.09223
S1_20221108_42410200204.tif,2022-11-08,42410200204,2022,train,128.35564145,35.59178808,EPSG:32652,1056,1058,10,0,436347.281561,0,-10,3944154.36595
S1_20221108_42410200234.tif,2022-11-08,42410200234,2022,valid,128.34366514,35.57143660,EPSG:32652,1056,1058,10,0,435247.281561,0,-10,3941904.36595
S1_20221108_42410200271.tif,2022-11-08,42410200271,2022,train,128.11680757,35.55312759,EPSG:32652,1059,1060,10,0,414657.281561,0,-10,3940044.36595
S1_20221111_18160900116.tif,2022-11-11,18160900116,2022,train,47.54088227,-20.29222896,EPSG:32738,1065,1065,10,0,760037.148078,0,-10,7759463.55076
S1_20221111_18180400261.tif,2022-11-11,18180400261,2022,train,47.46463083,-18.03966467,EPSG:32738,1062,1062,10,0,755609.362606,0,-10,8008997.49148
S1_20221111_18180400466.tif,2022-11-11,18180400466,2022,train,47.49312375,-17.67243409,EPSG:32739,1069,1069,10,0,122537.660486,0,-10,8047939.27479
S1_20221111_18180900141.tif,2022-11-11,18180900141,2022,train,47.26354231,-18.77936252,EPSG:32738,1062,1062,10,0,733289.362606,0,-10,7927377.49148
S1_20221111_18180900224.tif,2022-11-11,18180900224,2022,train,47.11393960,-18.84728227,EPSG:32738,1061,1061,10,0,717429.362606,0,-10,7920047.49148
S1_20221111_18196000411.tif,2022-11-11,18196000411,2022,train,47.34957708,-19.60304715,EPSG:32738,1063,1063,10,0,741127.148078,0,-10,7836063.55076
S1_20221111_18199600021.tif,2022-11-11,18199600021,2022,train,46.40597849,-25.10552163,EPSG:32738,1059,1060,10,0,636469.638368,0,-10,7227929.81612
S1_20221111_18199600121.tif,2022-11-11,18199600121,2022,train,46.21294812,-24.24195667,EPSG:32738,1057,1058,10,0,617859.638368,0,-10,7323739.81612
S1_20221111_18199600171.tif,2022-11-11,18199600171,2022,train,46.09765019,-24.54820586,EPSG:32738,1056,1057,10,0,605889.638368,0,-10,7289919.81612
S1_20221111_18199600206.tif,2022-11-11,18199600206,2022,train,46.43334611,-25.17333905,EPSG:32738,1059,1060,10,0,639149.638368,0,-10,7220389.81612
S1_20221113_28430800141.tif,2022-11-13,28430800141,2022,train,42.49290431,44.35913864,EPSG:32638,1082,1084,10,0,294800.744691,0,-10,4920239.8973
S1_20221113_29498000384.tif,2022-11-13,29498000384,2022,valid,40.15053089,39.88598878,EPSG:32637,1062,1065,10,0,593063.29827,0,-10,4421061.63089
S1_20221113_29498000414.tif,2022-11-13,29498000414,2022,train,40.18965284,39.91311840,EPSG:32637,1063,1066,10,0,596363.29827,0,-10,4424121.63089
S1_20221113_29498000421.tif,2022-11-13,29498000421,2022,valid,40.21034550,39.91885056,EPSG:32637,1063,1066,10,0,598123.29827,0,-10,4424781.63089
S1_20221113_29499200051.tif,2022-11-13,29499200051,2022,train,39.88927968,38.99228606,EPSG:32637,1060,1061,10,0,571713.29827,0,-10,4321601.63089
S1_20221113_29499200091.tif,2022-11-13,29499200091,2022,train,39.60810321,38.89685804,EPSG:32637,1056,1059,10,0,547453.29827,0,-10,4310801.63089
S1_20221113_29499200104.tif,2022-11-13,29499200104,2022,train,39.53360465,38.98093788,EPSG:32637,1055,1057,10,0,540943.29827,0,-10,4320081.63089
S1_20221113_29499200233.tif,2022-11-13,29499200233,2022,train,40.32239483,39.22110741,EPSG:32637,1064,1067,10,0,608833.29827,0,-10,4347481.63089
S1_20221113_29499200321.tif,2022-11-13,29499200321,2022,train,39.49079588,39.13467661,EPSG:32637,1055,1057,10,0,537143.29827,0,-10,4337121.63089
S1_20221113_29499200341.tif,2022-11-13,29499200341,2022,valid,39.56639438,39.10410159,EPSG:32637,1056,1058,10,0,543693.29827,0,-10,4333771.63089
S1_20221114_25107800041.tif,2022-11-14,25107800041,2022,train,10.29270509,63.03743281,EPSG:32632,1071,1076,10,0,560036.693523,0,-10,6995797.4178
S1_20221114_25107800051.tif,2022-11-14,25107800051,2022,train,10.54548879,62.98718473,EPSG:32632,1075,1081,10,0,572936.693523,0,-10,6990507.4178
S1_20221114_25107900011.tif,2022-11-14,25107900011,2022,train,10.38976011,63.39346685,EPSG:32632,1073,1079,10,0,564076.693523,0,-10,7035577.4178
S1_20221114_25107900024.tif,2022-11-14,25107900024,2022,train,10.39009810,63.38390373,EPSG:32632,1073,1078,10,0,564116.693523,0,-10,7034507.4178
S1_20221114_25107900044.tif,2022-11-14,25107900044,2022,train,10.41374806,63.37249592,EPSG:32632,1073,1079,10,0,565326.693523,0,-10,7033267.4178
S1_20221114_57205100196.tif,2022-11-14,57205100196,2022,train,172.10061720,-41.25640508,EPSG:32759,1062,1065,10,0,586894.702366,0,-10,5437519.87854
S1_20221119_53110100266.tif,2022-11-19,53110100266,2022,train,149.09556648,-10.23189391,EPSG:32755,1056,1055,10,0,724268.243551,0,-10,8873477.40593
S1_20221119_53110100296.tif,2022-11-19,53110100296,2022,train,149.28375191,-10.28114848,EPSG:32755,1055,1055,10,0,744858.243551,0,-10,8867887.40593
S1_20221120_17245800121.tif,2022-11-20,17245800121,2022,train,34.80370782,9.74642293,EPSG:32636,1053,1053,10,0,692595.630111,0,-10,1083168.68799
S1_20221120_28440600401.tif,2022-11-20,28440600401,2022,train,43.03370302,43.73243893,EPSG:32638,1075,1077,10,0,336270.744691,0,-10,4849419.8973
S1_20221120_35421000411.tif,2022-11-20,35421000411,2022,train,161.25318292,57.87473226,EPSG:32657,1085,1090,10,0,628208.695636,0,-10,6422439.58575
S1_20221120_43495400011.tif,2022-11-20,43495400011,2022,train,105.83687685,28.79982570,EPSG:32648,1056,1057,10,0,576389.863892,0,-10,3191380.69993
S1_20221121_12430000246.tif,2022-11-21,12430000246,2022,valid,33.52655382,-25.19608315,EPSG:32736,1052,1054,10,0,547790.235497,0,-10,7218506.1795
S1_20221121_56391100126.tif,2022-11-21,56391100126,2022,train,153.04226519,-30.46644066,EPSG:32756,1049,1051,10,0,498812.181842,0,-10,6634781.64658
S1_20221122_67107800131.tif,2022-11-22,67107800131,2022,train,-80.27422543,-4.97830139,EPSG:32717,1049,1048,10,0,575215.041276,0,-10,9454930.00987
S1_20221122_77119300041.tif,2022-11-22,77119300041,2022,train,-98.90688244,16.67889296,EPSG:32614,1048,1048,10,0,504688.46198,0,-10,1849275.44496
S1_20221123_67107100101.tif,2022-11-23,67107100101,2022,valid,-74.41853051,-15.07333085,EPSG:32718,1051,1050,10,0,557236.8923,0,-10,8338730.79692
S1_20221123_67107100236.tif,2022-11-23,67107100236,2022,valid,-74.10276202,-15.23534017,EPSG:32718,1052,1053,10,0,591096.8923,0,-10,8320710.79692
S1_20221125_16249000281.tif,2022-11-25,16249000281,2022,train,9.35418752,12.18512550,EPSG:32632,1049,1049,10,0,533285.246105,0,-10,1352294.72428
S1_20221125_16249000291.tif,2022-11-25,16249000291,2022,train,9.31215165,12.16220666,EPSG:32632,1049,1049,10,0,528715.246105,0,-10,1349754.72428
S1_20221126_45404200334.tif,2022-11-26,45404200334,2022,train,74.58103591,20.92634254,EPSG:32643,1051,1052,10,0,451180.942184,0,-10,2319312.68929
S1_20221126_45404400131.tif,2022-11-26,45404400131,2022,train,75.45680571,20.88811554,EPSG:32643,1050,1052,10,0,542260.942184,0,-10,2315092.68929
S1_20221126_45404400504.tif,2022-11-26,45404400504,2022,train,74.40012541,20.52787658,EPSG:32643,1052,1052,10,0,432200.942184,0,-10,2275272.68929
S1_20221126_45404400924.tif,2022-11-26,45404400924,2022,train,75.35574786,20.59708701,EPSG:32643,1050,1051,10,0,531820.942184,0,-10,2282852.68929
S1_20221126_45404500031.tif,2022-11-26,45404500031,2022,train,75.48974951,21.15754967,EPSG:32643,1051,1052,10,0,545590.942184,0,-10,2344922.68929
S1_20221126_45406101651.tif,2022-11-26,45406101651,2022,valid,75.74263221,21.92576235,EPSG:32643,1054,1054,10,0,571426.516366,0,-10,2430065.5341
S1_20221126_45406103274.tif,2022-11-26,45406103274,2022,valid,75.95124834,21.79636256,EPSG:32643,1055,1055,10,0,593056.516366,0,-10,2415865.5341
S1_20221126_45406103701.tif,2022-11-26,45406103701,2022,valid,75.92421607,21.90239303,EPSG:32643,1054,1055,10,0,590196.516366,0,-10,2427585.5341
S1_20221126_45408900151.tif,2022-11-26,45408900151,2022,train,74.85715844,23.27798657,EPSG:32643,1049,1049,10,0,480146.516366,0,-10,2579545.5341
S1_20221126_45408900431.tif,2022-11-26,45408900431,2022,train,75.00952835,22.99485761,EPSG:32643,1048,1049,10,0,495736.516366,0,-10,2548195.5341
S1_20221127_17227500091.tif,2022-11-27,17227500091,2022,valid,38.56503150,13.66633222,EPSG:32637,1050,1050,10,0,447710.028282,0,-10,1516116.99656
S1_20221127_17229000121.tif,2022-11-27,17229000121,2022,train,38.42679296,12.52289835,EPSG:32637,1050,1050,10,0,432473.107858,0,-10,1389693.35191
S1_20221127_17249700021.tif,2022-11-27,17249700021,2022,train,38.35570363,11.10859810,EPSG:32637,1050,1050,10,0,424389.097686,0,-10,1233313.44251
S1_20221129_11571600051.tif,2022-11-29,11571600051,2022,train,40.60886682,11.46545303,EPSG:32637,1054,1053,10,0,670228.667671,0,-10,1273200.47247
S1_20221129_11571700041.tif,2022-11-29,11571700041,2022,train,40.81645998,11.20638195,EPSG:32637,1054,1054,10,0,693058.667671,0,-10,1244680.47247
S1_20221129_56427008351.tif,2022-11-29,56427008351,2022,train,144.01618512,-34.37959422,EPSG:32755,1080,1081,10,0,220237.605435,0,-10,6197122.843
S1_20221204_11571800044.tif,2022-12-04,11571800044,2022,train,39.88677550,9.14950605,EPSG:32637,1050,1050,10,0,592182.399814,0,-10,1016751.11614
S1_20221204_11571800061.tif,2022-12-04,11571800061,2022,train,39.80111413,9.13948553,EPSG:32637,1050,1050,10,0,582772.399814,0,-10,1015621.11614
S1_20221204_11571900261.tif,2022-12-04,11571900261,2022,train,39.89036564,8.79307091,EPSG:32637,1050,1050,10,0,592672.399814,0,-10,977341.116142
S1_20221204_11571900404.tif,2022-12-04,11571900404,2022,train,39.33711094,8.40050891,EPSG:32637,1048,1048,10,0,531872.399814,0,-10,933831.116142
S1_20221204_78390100025.tif,2022-12-04,78390100025,2022,train,-132.41574745,56.66484920,EPSG:32608,1089,1094,10,0,652930.110421,0,-10,6288534.33031
S1_20221204_78390400515.tif,2022-12-04,78390400515,2022,train,-133.79321168,58.51098882,EPSG:32608,1068,1074,10,0,564970.918285,0,-10,6491603.8769
S1_20221205_31248200551.tif,2022-12-05,31248200551,2022,valid,87.80740203,54.14356436,EPSG:32645,1062,1066,10,0,547432.019305,0,-10,6005126.09208
S1_20221205_45248400374.tif,2022-12-05,45248400374,2022,train,76.75063397,24.77491598,EPSG:32643,1062,1063,10,0,671684.427393,0,-10,2746473.23907
S1_20221206_14288300041.tif,2022-12-06,14288300041,2022,valid,-6.52374248,11.64247405,EPSG:32630,1063,1063,10,0,110371.421226,0,-10,1294721.72847
S1_20221206_14288300101.tif,2022-12-06,14288300101,2022,train,-6.56189400,11.26704565,EPSG:32630,1063,1062,10,0,105691.421226,0,-10,1253181.72847
S1_20221210_44291600444.tif,2022-12-10,44291600444,2022,train,99.26705929,19.96917204,EPSG:32647,1050,1050,10,0,522691.310705,0,-10,2213342.13073
S1_20221210_72110600111.tif,2022-12-10,72110600111,2022,train,-79.06972272,50.47788232,EPSG:32617,1077,1081,10,0,631571.338356,0,-10,5598950.92555
S1_20221211_13246100031.tif,2022-12-11,13246100031,2022,train,16.04934184,1.97804910,EPSG:32633,1048,1048,10,0,611462.91492,0,-10,223911.62079
S1_20221212_72130000273.tif,2022-12-12,72130000273,2022,train,-77.00000953,50.75046937,EPSG:32618,1078,1082,10,0,353524.409336,0,-10,5629393.97854
S1_20221212_72130000593.tif,2022-12-12,72130000593,2022,train,-76.98623439,50.97337803,EPSG:32618,1078,1081,10,0,355162.74604,0,-10,5654147.47334
S1_20221212_72130000733.tif,2022-12-12,72130000733,2022,train,-77.34247385,50.75353448,EPSG:32618,1083,1086,10,0,329354.409336,0,-10,5630463.97854
S1_20221212_72130000866.tif,2022-12-12,72130000866,2022,train,-77.51628479,50.68969254,EPSG:32618,1085,1089,10,0,316844.409336,0,-10,5623783.97854
S1_20221212_72160500113.tif,2022-12-12,72160500113,2022,train,-75.91913476,52.11810257,EPSG:32618,1063,1067,10,0,431752.74604,0,-10,5779907.47334
S1_20221212_72160500293.tif,2022-12-12,72160500293,2022,valid,-75.00419870,52.15382656,EPSG:32618,1050,1054,10,0,494462.74604,0,-10,5783417.47334
S1_20221212_72180400211.tif,2022-12-12,72180400211,2022,valid,-75.81667841,53.35338111,EPSG:32618,1062,1066,10,0,440331.481811,0,-10,5917223.27371
S1_20221213_14286000331.tif,2022-12-13,14286000331,2022,train,-4.96770446,11.99477119,EPSG:32630,1055,1055,10,0,280479.615812,0,-10,1332015.22639
S1_20221213_22606100031.tif,2022-12-13,22606100031,2022,train,29.96474607,46.50436682,EPSG:32635,1089,1092,10,0,722022.133521,0,-10,5159819.66076
S1_20221216_63411900223.tif,2022-12-16,63411900223,2022,valid,-38.35335424,-8.98972727,EPSG:32724,1049,1049,10,0,565833.86264,0,-10,9011465.87021
S1_20221218_11443000041.tif,2022-12-18,11443000041,2022,valid,42.23353334,4.12820704,EPSG:32638,1052,1052,10,0,187575.964026,0,-10,462092.98399
S1_20221218_14283000171.tif,2022-12-18,14283000171,2022,train,-5.68957288,13.20017422,EPSG:32629,1064,1063,10,0,853557.423739,0,-10,1466956.82077
S1_20221218_14286000131.tif,2022-12-18,14286000131,2022,train,-5.74806001,12.05714020,EPSG:32630,1059,1060,10,0,195511.421226,0,-10,1339671.72847
S1_20221218_14288600071.tif,2022-12-18,14288600071,2022,train,-6.59743466,10.89432920,EPSG:32630,1062,1062,10,0,101311.421226,0,-10,1211941.72847
S1_20221218_16282500071.tif,2022-12-18,16282500071,2022,valid,17.96610350,7.49948812,EPSG:32634,1056,1056,10,0,159839.774209,0,-10,835404.151564
S1_20221218_16282500081.tif,2022-12-18,16282500081,2022,train,18.10079552,7.45165619,EPSG:32634,1055,1055,10,0,174689.774209,0,-10,830004.151564
S1_20221218_16282500091.tif,2022-12-18,16282500091,2022,train,18.11806288,7.46179752,EPSG:32634,1056,1055,10,0,176599.774209,0,-10,831114.151564
S1_20221218_16282700031.tif,2022-12-18,16282700031,2022,train,18.27589870,7.31302987,EPSG:32634,1055,1054,10,0,193939.774209,0,-10,814534.151564
S1_20221218_16282700071.tif,2022-12-18,16282700071,2022,train,18.09727007,7.12018060,EPSG:32634,1055,1056,10,0,174064.346512,0,-10,793321.913223
S1_20221218_16286700211.tif,2022-12-18,16286700211,2022,valid,19.31562596,7.86027210,EPSG:32634,1053,1052,10,0,309029.774209,0,-10,874484.151564
S1_20221218_16286700231.tif,2022-12-18,16286700231,2022,valid,19.31769894,7.78423844,EPSG:32634,1052,1052,10,0,309229.774209,0,-10,866074.151564
S1_20221218_56427001371.tif,2022-12-18,56427001371,2022,train,147.05056831,-35.01283856,EPSG:32755,1049,1051,10,0,499368.721314,0,-10,6130787.01874
S1_20221219_22710800691.tif,2022-12-19,22710800691,2022,train,25.37328857,48.46063585,EPSG:32635,1072,1075,10,0,374380.731852,0,-10,5374153.02572
S1_20221219_22720900701.tif,2022-12-19,22720900701,2022,valid,25.43841231,48.19805944,EPSG:32635,1070,1074,10,0,378610.731852,0,-10,5344863.02572
S1_20221221_43489900124.tif,2022-12-21,43489900124,2022,train,109.04954329,26.60379622,EPSG:32649,1065,1066,10,0,300463.869262,0,-10,2949363.96896
S1_20221223_43491100181.tif,2022-12-23,43491100181,2022,valid,112.20489985,30.10128044,EPSG:32649,1060,1061,10,0,610795.901188,0,-10,3335925.41554
S1_20221225_74267600121.tif,2022-12-25,74267600121,2022,train,-84.29384624,39.61499915,EPSG:32617,1088,1090,10,0,211796.208444,0,-10,4395662.97203
S1_20221227_23264000491.tif,2022-12-27,23264000491,2022,train,10.13528956,49.70634064,EPSG:32632,1065,1069,10,0,576531.526519,0,-10,5511944.74422
S1_20230101_75325000071.tif,2023-01-01,75325000071,2023,train,-98.94126806,21.84548684,EPSG:32614,1048,1049,10,0,500828.906524,0,-10,2420970.83495
S1_20230102_42306000231.tif,2023-01-02,42306000231,2023,train,130.79517462,43.94706740,EPSG:32652,1072,1075,10,0,638695.330028,0,-10,4872935.19362
S1_20230106_75161000123.tif,2023-01-06,75161000123,2023,valid,-95.61615782,29.09757667,EPSG:32615,1073,1073,10,0,240014.120517,0,-10,3226989.49462
S1_20230115_74300400505.tif,2023-01-15,74300400505,2023,valid,-91.22292637,30.02640510,EPSG:32615,1065,1066,10,0,666038.064062,0,-10,3328371.32753
S1_20230119_16245000831.tif,2023-01-19,16245000831,2023,train,11.10358936,12.18429391,EPSG:32632,1056,1057,10,0,723605.246105,0,-10,1353104.72428
S1_20230119_16245000861.tif,2023-01-19,16245000861,2023,train,10.86649319,12.05000993,EPSG:32632,1055,1056,10,0,697905.246105,0,-10,1338054.72428
S1_20230119_16245000901.tif,2023-01-19,16245000901,2023,valid,10.71664201,11.82841595,EPSG:32632,1054,1054,10,0,681745.246105,0,-10,1313424.72428
S1_20230119_16247000111.tif,2023-01-19,16247000111,2023,train,11.08397288,12.87098289,EPSG:32632,1057,1056,10,0,720865.246105,0,-10,1429064.72428
S1_20230119_16247000141.tif,2023-01-19,16247000141,2023,train,10.88677508,12.83144276,EPSG:32632,1056,1056,10,0,699495.246105,0,-10,1424524.72428
S1_20230119_16248000021.tif,2023-01-19,16248000021,2023,train,10.76199736,12.76329636,EPSG:32632,1055,1055,10,0,686005.246105,0,-10,1416884.72428
S1_20230119_16248000071.tif,2023-01-19,16248000071,2023,train,10.54381646,12.49323622,EPSG:32632,1054,1054,10,0,662495.246105,0,-10,1386854.72428
S1_20230119_16248000081.tif,2023-01-19,16248000081,2023,train,10.49010879,12.44883434,EPSG:32632,1054,1053,10,0,656685.246105,0,-10,1381904.72428
S1_20230119_16248000091.tif,2023-01-19,16248000091,2023,train,10.44396535,12.47182146,EPSG:32632,1054,1054,10,0,651655.246105,0,-10,1384424.72428
S1_20230119_16248000211.tif,2023-01-19,16248000211,2023,train,9.91806162,11.35040786,EPSG:32632,1051,1051,10,0,594921.239111,0,-10,1260137.60754
S1_20230119_16249000011.tif,2023-01-19,16249000011,2023,train,10.81705601,12.83261194,EPSG:32632,1056,1055,10,0,691925.246105,0,-10,1424594.72428
S1_20230119_16249000021.tif,2023-01-19,16249000021,2023,valid,10.78758542,12.83340157,EPSG:32632,1056,1056,10,0,688725.246105,0,-10,1424664.72428
S1_20230119_16249000141.tif,2023-01-19,16249000141,2023,valid,10.16879551,12.47437381,EPSG:32632,1052,1053,10,0,621755.246105,0,-10,1384554.72428
S1_20230119_16249000171.tif,2023-01-19,16249000171,2023,train,10.03423240,12.44006709,EPSG:32632,1052,1052,10,0,607145.246105,0,-10,1380694.72428
S1_20230119_16249000621.tif,2023-01-19,16249000621,2023,train,9.89998831,12.35573192,EPSG:32632,1052,1052,10,0,592585.246105,0,-10,1371314.72428
S1_20230119_16249000761.tif,2023-01-19,16249000761,2023,train,9.83961015,12.32784849,EPSG:32632,1051,1051,10,0,586035.246105,0,-10,1368204.72428
S1_20230119_16249000773.tif,2023-01-19,16249000773,2023,train,9.83987885,12.32558709,EPSG:32632,1051,1051,10,0,586065.246105,0,-10,1367954.72428
S1_20230119_16249000781.tif,2023-01-19,16249000781,2023,train,9.83121829,12.32054991,EPSG:32632,1051,1051,10,0,585125.246105,0,-10,1367394.72428
S1_20230119_16249000861.tif,2023-01-19,16249000861,2023,train,10.22705148,12.39920885,EPSG:32632,1052,1052,10,0,628125.246105,0,-10,1376264.72428
S1_20230119_16249000891.tif,2023-01-19,16249000891,2023,train,10.10475476,12.35389325,EPSG:32632,1053,1052,10,0,614845.246105,0,-10,1371194.72428
S1_20230119_16249000916.tif,2023-01-19,16249000916,2023,train,9.64989813,12.24096880,EPSG:32632,1050,1050,10,0,565435.246105,0,-10,1358534.72428
S1_20230119_42410300096.tif,2023-01-19,42410300096,2023,train,128.89091951,35.09121849,EPSG:32652,1050,1052,10,0,484807.281561,0,-10,3888424.36595
S1_20230121_72606000141.tif,2023-01-21,72606000141,2023,train,-67.01646866,46.49213623,EPSG:32619,1076,1079,10,0,646840.503787,0,-10,5156035.96017
S1_20230122_17293000201.tif,2023-01-22,17293000201,2023,train,31.39104953,2.77216909,EPSG:32636,1049,1049,10,0,315903.657649,0,-10,311776.855292
S1_20230126_17247100241.tif,2023-01-26,17247100241,2023,valid,37.74970080,9.84772567,EPSG:32637,1052,1052,10,0,357639.194039,0,-10,1094092.45495
S1_20230126_17247900031.tif,2023-01-26,17247900031,2023,train,38.12119438,10.01973918,EPSG:32637,1050,1050,10,0,398439.097686,0,-10,1112973.44251
S1_20230131_43494200751.tif,2023-01-31,43494200751,2023,train,105.37135532,30.91254063,EPSG:32648,1051,1053,10,0,530229.262366,0,-10,3425233.38054
S1_20230131_43494203263.tif,2023-01-31,43494203263,2023,train,105.29749052,31.32255641,EPSG:32648,1051,1053,10,0,523049.262366,0,-10,3470653.38054
S1_20230201_25107900801.tif,2023-02-01,25107900801,2023,valid,11.34713631,63.11604761,EPSG:32632,1088,1093,10,0,612956.693523,0,-10,7006147.4178
S1_20230210_17259000061.tif,2023-02-10,17259000061,2023,train,31.55973454,9.39517843,EPSG:32636,1052,1052,10,0,336594.351346,0,-10,1044127.00341
S1_20230210_17270400041.tif,2023-02-10,17270400041,2023,train,31.04666300,9.28893667,EPSG:32636,1054,1054,10,0,280164.351346,0,-10,1032657.00341
S1_20230210_17270700011.tif,2023-02-10,17270700011,2023,train,31.10765658,9.43652997,EPSG:32636,1054,1054,10,0,286954.351346,0,-10,1048947.00341
S1_20230210_17270800043.tif,2023-02-10,17270800043,2023,train,30.70656921,9.53794490,EPSG:32636,1055,1055,10,0,242964.351346,0,-10,1060437.00341
S1_20230210_17270900161.tif,2023-02-10,17270900161,2023,train,30.53764566,9.51130717,EPSG:32636,1056,1055,10,0,224384.351346,0,-10,1057617.00341
S1_20230210_17291100021.tif,2023-02-10,17291100021,2023,train,30.42005833,9.44155745,EPSG:32636,1057,1056,10,0,211404.351346,0,-10,1049997.00341
S1_20230211_41301704505.tif,2023-02-11,41301704505,2023,train,139.76214259,35.76200951,EPSG:32654,1062,1064,10,0,382787.828257,0,-10,3963578.8682
S1_20230211_41301704535.tif,2023-02-11,41301704535,2023,train,139.90881263,35.68539765,EPSG:32654,1061,1063,10,0,395957.828257,0,-10,3954918.8682
S1_20230211_41301704544.tif,2023-02-11,41301704544,2023,train,139.88648796,35.68154178,EPSG:32654,1060,1062,10,0,393937.828257,0,-10,3954508.8682
S1_20230211_56427001491.tif,2023-02-11,56427001491,2023,train,147.87037734,-35.06793326,EPSG:32755,1058,1060,10,0,574068.721314,0,-10,6124377.01874
S1_20230211_56464500434.tif,2023-02-11,56464500434,2023,train,148.59631357,-32.27087411,EPSG:32755,1064,1066,10,0,645023.809517,0,-10,6433750.91011
S1_20230212_11720901013.tif,2023-02-12,11720901013,2023,train,37.50408479,-0.90243702,EPSG:32737,1048,1048,10,0,328303.568663,0,-10,9905459.28164
S1_20230212_11720901331.tif,2023-02-12,11720901331,2023,train,37.88261051,-0.31220052,EPSG:32737,1048,1048,10,0,370416.42403,0,-10,9970725.85084
S1_20230212_11720901341.tif,2023-02-12,11720901341,2023,train,37.87254764,-0.30749576,EPSG:32737,1048,1048,10,0,369296.42403,0,-10,9971245.85084
S1_20230213_81181700281.tif,2023-02-13,81181700281,2023,train,-159.66506266,61.53301481,EPSG:32604,1061,1066,10,0,459329.263734,0,-10,6827669.75384
S1_20230215_31248200721.tif,2023-02-15,31248200721,2023,train,87.50243606,53.79360990,EPSG:32645,1057,1062,10,0,527812.019305,0,-10,5965986.09208
S1_20230216_16285000131.tif,2023-02-16,16285000131,2023,train,19.06757331,8.63121580,EPSG:32634,1054,1053,10,0,282079.774209,0,-10,959884.151564
S1_20230219_35141500381.tif,2023-02-19,35141500381,2023,train,147.06963585,69.70828891,EPSG:32655,1053,1058,10,0,497430.205826,0,-10,7738634.34866
S1_20230220_45348500414.tif,2023-02-20,45348500414,2023,train,77.95985855,18.22049528,EPSG:32644,1067,1067,10,0,173107.803133,0,-10,2022584.76702
S1_20230221_65321000801.tif,2023-02-21,65321000801,2023,train,-67.60615609,-39.11463432,EPSG:32719,1065,1067,10,0,615177.843721,0,-10,5674912.39507
S1_20230221_65322100021.tif,2023-02-21,65322100021,2023,train,-68.08589511,-38.84507404,EPSG:32719,1060,1062,10,0,574026.995425,0,-10,5705328.56867
S1_20230221_65323000021.tif,2023-02-21,65323000021,2023,valid,-68.30434477,-38.98386724,EPSG:32719,1057,1059,10,0,554966.995425,0,-10,5690078.56867
S1_20230221_65323000041.tif,2023-02-21,65323000041,2023,train,-68.49852140,-39.06871294,EPSG:32719,1055,1058,10,0,538106.995425,0,-10,5680768.56867
S1_20230221_74266700131.tif,2023-02-21,74266700131,2023,valid,-87.51802933,39.38251584,EPSG:32616,1055,1058,10,0,450110.338953,0,-10,4364644.1456
S1_20230221_75169000061.tif,2023-02-21,75169000061,2023,valid,-100.43510379,33.18444801,EPSG:32614,1063,1065,10,0,360897.570487,0,-10,3677977.35225
S1_20230303_42242700094.tif,2023-03-03,42242700094,2023,valid,129.32666478,44.16962791,EPSG:32652,1054,1056,10,0,520845.330028,0,-10,4896045.19362
S1_20230308_44405700275.tif,2023-03-08,44405700275,2023,train,101.59412219,3.01304769,EPSG:32647,1051,1051,10,0,783108.122007,0,-10,338633.690997
S1_20230312_65240400134.tif,2023-03-12,65240400134,2023,train,-68.55809969,-34.59177434,EPSG:32719,1053,1055,10,0,535258.518685,0,-10,6177412.36648
S1_20230312_65240500121.tif,2023-03-12,65240500121,2023,train,-68.14476184,-34.77227330,EPSG:32719,1058,1059,10,0,572968.518685,0,-10,6157172.36648
S1_20230314_35416400021.tif,2023-03-14,35416400021,2023,train,175.76872153,63.83938259,EPSG:32660,1071,1075,10,0,434077.888639,0,-10,7085075.47673
S1_20230315_28317000326.tif,2023-03-15,28317000326,2023,train,49.26491030,53.31810699,EPSG:32638,1111,1116,10,0,778481.48633,0,-10,5921722.86144
S1_20230317_72608200206.tif,2023-03-17,72608200206,2023,train,-65.55603385,46.35102697,EPSG:32619,1095,1098,10,0,759500.503787,0,-10,5144305.96017
S1_20230319_65105300164.tif,2023-03-19,65105300164,2023,train,-65.46310071,-33.70242994,EPSG:32719,1085,1087,10,0,822415.090151,0,-10,6270653.15019
S1_20230319_65105300184.tif,2023-03-19,65105300184,2023,train,-65.53296135,-33.65452585,EPSG:32719,1085,1086,10,0,816115.090151,0,-10,6276183.15019
S1_20230319_65260100021.tif,2023-03-19,65260100021,2023,valid,-67.56653034,-32.23770089,EPSG:32719,1063,1064,10,0,629739.513398,0,-10,6437635.13876
S1_20231005_62293200301.tif,2023-10-05,62293200301,2023,train,-63.27103278,-3.44809731,EPSG:32720,1048,1048,10,0,464654.958536,0,-10,9624112.74623
S1_20231005_75378000636.tif,2023-10-05,75378000636,2023,train,-85.41128457,13.08333972,EPSG:32616,1055,1055,10,0,666969.742239,0,-10,1452167.65246
S1_20240717_62266406126.tif,2024-07-17,62266406126,2024,train,-71.18267308,-13.18387867,EPSG:32719,1057,1058,10,0,258146.80952,0,-10,8546791.60138
S1_20240809_62254600231.tif,2024-08-09,62254600231,2024,train,-58.18229011,-4.36933227,EPSG:32721,1049,1049,10,0,363566.253351,0,-10,9522189.98261
S1_20250423_31210200575.tif,2025-04-23,31210200575,2025,valid,68.32726910,66.97890825,EPSG:32642,1062,1067,10,0,465332.354917,0,-10,7434522.48457
S1_20251121_62288100091.tif,2025-11-21,62288100091,2025,train,-67.35551625,0.35142587,EPSG:32719,1048,1048,10,0,677771.745865,0,-10,10044099.235
