mask,threshold,method,sample_id,tp,fp,fn,tn,water_iou
common,0.3,S1-only [3m],SID03,295270,3075,61634,688597,0.8202422919114726
common,0.3,S1-only [3m],SID04,113118,114,50308,885036,0.6916839916839916
common,0.3,S1-only [3m],SID05,463449,6513,93294,485320,0.82280348544889
common,0.3,S1-only [3m],SID06,255003,5370,495554,292649,0.3373381292108894
common,0.3,S1-only [3m],SID100,11159,8187,29884,830506,0.22667072923014422
common,0.3,S1-only [3m],SID14,53812,174,73585,921005,0.42182000611424225
common,0.3,S1-only [3m],SID15,281438,0,506847,260291,0.35702569502147063
common,0.3,S1-only [3m],SID17,12094,753,25194,1010535,0.3179201387976131
common,0.3,S1-only [3m],SID18,49519,5681,4806,988570,0.8252341432523415
common,0.3,S1-only [3m],SID21,281474,16026,22153,706822,0.8805611084519777
common,0.3,S1-only [3m],SID22,201209,6834,65628,578897,0.7352222193802047
common,0.3,S1-only [3m],SID23,773,1026,130105,892308,0.005860322658903445
common,0.3,S1-only [3m],SID25,6979,438,26771,261781,0.20413595413595415
common,0.3,S1-only [3m],SID26,169,61408,20284,966715,0.002064475146895347
common,0.3,S1-only [3m],SID27,81,4792,9749,769864,0.00553959786622897
common,0.3,S1-only [3m],SID28,433613,384,91031,522808,0.8258854765841059
common,0.3,S1-only [3m],SID31,0,76,34111,1014389,0.0
common,0.3,S1-only [3m],SID33,15475,16,266886,765999,0.05480262202658148
common,0.3,S1-only [3m],SID36,114891,8436,46879,878370,0.6750114567054041
common,0.3,S1-only [3m],SID37,531498,16818,370920,129340,0.578195370938475
common,0.3,S1-only [3m],SID39,233559,978,90607,723432,0.7183248037792486
common,0.3,S1-only [3m],SID40,552405,1441,59890,434840,0.9000694109519403
common,0.3,S1-only [3m],SID44,106077,4310,82379,714510,0.5502889513710925
common,0.3,S1-only [3m],SID46,69300,928,560552,417796,0.10986397793208409
common,0.3,S1-only [3m],SID50,8,733,4654,594970,0.0014828544949026877
common,0.3,S1-only [3m],SID51,6071,149,26228,1015928,0.18709935897435898
common,0.3,S1-only [3m],SID52,132116,11700,21189,883571,0.8006787673100815
common,0.3,S1-only [3m],SID53,35986,2899,434324,575367,0.07604673622014797
common,0.3,S1-only [3m],SID55,99427,42743,382450,523956,0.18952193968968015
common,0.3,S1-only [3m],SID59,66144,571,21856,960005,0.7467907102776303
common,0.3,S1-only [3m],SID61,148849,2155,44322,853250,0.7620542068132251
common,0.3,S1-only [3m],SID63,413693,5312,95735,533736,0.803693126627035
common,0.3,S1-only [3m],SID64,54378,3687,10190,980321,0.7966888872610065
common,0.3,S1-only [3m],SID65,44772,2178,23937,647860,0.6315967666850058
common,0.3,S1-only [3m],SID67,255,5270,25688,974033,0.008169672892704963
common,0.3,S1-only [3m],SID68,17182,2006,24099,942749,0.3969321043269342
common,0.3,S1-only [3m],SID69,54486,2730,66063,925297,0.44197308544034264
common,0.3,S1-only [3m],SID72,910492,789,16171,121124,0.981713339342629
common,0.3,S1-only [3m],SID78,178510,1122,90151,778793,0.6616799427688179
common,0.3,S1-only [3m],SID79,145258,11035,91463,517140,0.5862945801514393
common,0.3,S1-only [3m],SID80,72401,141,19289,956703,0.7884156766233624
common,0.3,S1-only [3m],SID81,278072,80,18384,752040,0.9377343728923301
common,0.3,S1-only [3m],SID83,6779,58,147843,893896,0.04382596327902767
common,0.3,S1-only [3m],SID85,362752,815,12231,655378,0.9652845411630716
common,0.3,S1-only [3m],SID87,2957,6388,17865,969853,0.10867328188166116
common,0.3,S1-only [3m],SID89,25209,1586,39598,637378,0.37969364240206044
common,0.3,S1-only [3m],SID90,1595,2897,36484,615800,0.03892522452167122
common,0.3,S1-only [3m],SID91,24948,4657,12387,1006584,0.594113164412269
common,0.3,S1-only [3m],SID92,280817,72755,122412,439252,0.5899715116474503
common,0.3,S1-only [3m],SID93,0,23450,31314,993812,0.0
common,0.3,S1-only [3m],SID97,43373,20564,164461,820178,0.189900962355187
common,0.3,S1-only [3m],SID98,2338,28266,68288,949684,0.02364195283743882
common,0.3,S1-only [3m],SID99,0,21938,5661,1020977,0.0
common,0.3,S1+AEF(t) [3m],SID03,336547,8238,20357,683434,0.9216880008325529
common,0.3,S1+AEF(t) [3m],SID04,147745,16108,15681,869042,0.8229360455401206
common,0.3,S1+AEF(t) [3m],SID05,549367,21812,7376,470021,0.9495501724123031
common,0.3,S1+AEF(t) [3m],SID06,735646,8227,14911,289792,0.9695064735155196
common,0.3,S1+AEF(t) [3m],SID100,35684,3158,5359,835535,0.8073120517635347
common,0.3,S1+AEF(t) [3m],SID14,115662,5962,11735,915217,0.8672980451263131
common,0.3,S1+AEF(t) [3m],SID15,788214,107399,71,152892,0.8800134868993975
common,0.3,S1+AEF(t) [3m],SID17,36762,17793,526,993495,0.6674170766689058
common,0.3,S1+AEF(t) [3m],SID18,54311,25984,14,968267,0.6762753863203377
common,0.3,S1+AEF(t) [3m],SID21,296129,18838,7498,704010,0.9183291209898748
common,0.3,S1+AEF(t) [3m],SID22,261648,19938,5189,565793,0.9123807863307472
common,0.3,S1+AEF(t) [3m],SID23,126199,9051,4679,884283,0.9018788099679123
common,0.3,S1+AEF(t) [3m],SID25,31441,3863,2309,258356,0.8359077978358547
common,0.3,S1+AEF(t) [3m],SID26,12953,4232,7500,1023891,0.5247316183917359
common,0.3,S1+AEF(t) [3m],SID27,9298,8811,532,765845,0.4987929832090553
common,0.3,S1+AEF(t) [3m],SID28,524644,224197,0,298995,0.7006080062389747
common,0.3,S1+AEF(t) [3m],SID31,13187,7786,20924,1006679,0.31474807265436666
common,0.3,S1+AEF(t) [3m],SID33,198544,352,83817,765663,0.7022811119403777
common,0.3,S1+AEF(t) [3m],SID36,122066,1240,39704,885566,0.7488252254462916
common,0.3,S1+AEF(t) [3m],SID37,881821,5882,20597,140276,0.9708477375316525
common,0.3,S1+AEF(t) [3m],SID39,310112,2939,14054,721471,0.9480503202335642
common,0.3,S1+AEF(t) [3m],SID40,611000,5389,1295,430892,0.9891789329171551
common,0.3,S1+AEF(t) [3m],SID44,187636,15711,820,703109,0.9190319689273977
common,0.3,S1+AEF(t) [3m],SID46,604416,100588,25436,318136,0.8274683752258912
common,0.3,S1+AEF(t) [3m],SID50,251,2,4411,595701,0.05381646655231561
common,0.3,S1+AEF(t) [3m],SID51,29690,7445,2609,1008632,0.747030998389694
common,0.3,S1+AEF(t) [3m],SID52,148085,10181,5220,885090,0.9057962149664192
common,0.3,S1+AEF(t) [3m],SID53,469585,100317,725,477949,0.8229281124096827
common,0.3,S1+AEF(t) [3m],SID55,481877,383390,0,183309,0.5569113348827587
common,0.3,S1+AEF(t) [3m],SID59,87044,14268,956,946308,0.851136230296867
common,0.3,S1+AEF(t) [3m],SID61,177105,2853,16066,852552,0.903486307799045
common,0.3,S1+AEF(t) [3m],SID63,481208,4214,28220,534834,0.9368548522122412
common,0.3,S1+AEF(t) [3m],SID64,55766,1133,8802,982875,0.8487846455913913
common,0.3,S1+AEF(t) [3m],SID65,67316,4566,1393,645472,0.9186762197202321
common,0.3,S1+AEF(t) [3m],SID67,20844,14755,5099,964548,0.5121627598407784
common,0.3,S1+AEF(t) [3m],SID68,41281,10183,0,934572,0.8021335302347272
common,0.3,S1+AEF(t) [3m],SID69,106761,19391,13788,908636,0.7629055309418322
common,0.3,S1+AEF(t) [3m],SID72,915272,889,11391,121024,0.9867608500655489
common,0.3,S1+AEF(t) [3m],SID78,265019,12863,3642,767052,0.9413726716017107
common,0.3,S1+AEF(t) [3m],SID79,219221,4227,17500,523948,0.9098270166176935
common,0.3,S1+AEF(t) [3m],SID80,90306,7321,1384,949523,0.9120804759067175
common,0.3,S1+AEF(t) [3m],SID81,294621,1393,1835,750727,0.9891622936454378
common,0.3,S1+AEF(t) [3m],SID83,153529,6701,1093,887253,0.9516869882161874
common,0.3,S1+AEF(t) [3m],SID85,374971,4586,12,651607,0.987886260469111
common,0.3,S1+AEF(t) [3m],SID87,18149,23547,2673,952694,0.40904685703982513
common,0.3,S1+AEF(t) [3m],SID89,64071,3216,736,635748,0.9419020037340311
common,0.3,S1+AEF(t) [3m],SID90,29432,1538,8647,617159,0.7429133957644446
common,0.3,S1+AEF(t) [3m],SID91,37134,24160,201,987081,0.6038539718676316
common,0.3,S1+AEF(t) [3m],SID92,277524,6813,125705,505194,0.6768184722540618
common,0.3,S1+AEF(t) [3m],SID93,0,0,31314,1017262,0.0
common,0.3,S1+AEF(t) [3m],SID97,203800,95211,4034,745531,0.6725073833919055
common,0.3,S1+AEF(t) [3m],SID98,50037,26493,20589,951457,0.5152132950298088
common,0.3,S1+AEF(t) [3m],SID99,723,28158,4938,1014757,0.02137851503592655
common,0.3,S1+AEF(t-1) swap [3m],SID03,312946,1575,43958,690097,0.8729827967607586
common,0.3,S1+AEF(t-1) swap [3m],SID04,148011,18063,15415,867087,0.8155370297924392
common,0.3,S1+AEF(t-1) swap [3m],SID05,551759,26199,4984,465634,0.9465075427744098
common,0.3,S1+AEF(t-1) swap [3m],SID06,735309,7408,15248,290611,0.9701094377708733
common,0.3,S1+AEF(t-1) swap [3m],SID100,36154,8880,4889,829813,0.7241952607014803
common,0.3,S1+AEF(t-1) swap [3m],SID14,125502,127880,1895,793299,0.49163066002812633
common,0.3,S1+AEF(t-1) swap [3m],SID15,788227,94330,58,165961,0.8930586949009478
common,0.3,S1+AEF(t-1) swap [3m],SID17,36805,18443,483,992845,0.6604044427697332
common,0.3,S1+AEF(t-1) swap [3m],SID18,54241,3240,84,991011,0.9422565795188048
common,0.3,S1+AEF(t-1) swap [3m],SID21,296449,21286,7178,701562,0.9123950103566185
common,0.3,S1+AEF(t-1) swap [3m],SID22,260357,18200,6480,567531,0.9134147496640787
common,0.3,S1+AEF(t-1) swap [3m],SID23,130703,26189,175,867145,0.8321480642019011
common,0.3,S1+AEF(t-1) swap [3m],SID25,31480,4455,2270,257764,0.8239759193822798
common,0.3,S1+AEF(t-1) swap [3m],SID26,12917,3965,7536,1024158,0.5289950036858055
common,0.3,S1+AEF(t-1) swap [3m],SID27,9529,10701,301,763955,0.46412741707661587
common,0.3,S1+AEF(t-1) swap [3m],SID28,524644,195336,0,327856,0.7286924636795467
common,0.3,S1+AEF(t-1) swap [3m],SID31,10788,4961,23323,1009504,0.2761056511056511
common,0.3,S1+AEF(t-1) swap [3m],SID33,225307,3037,57054,762978,0.7894484194002761
common,0.3,S1+AEF(t-1) swap [3m],SID36,115379,939,46391,885867,0.7091125875028425
common,0.3,S1+AEF(t-1) swap [3m],SID37,889711,10463,12707,135695,0.9746188166913322
common,0.3,S1+AEF(t-1) swap [3m],SID39,312403,6610,11763,717800,0.9444548576680292
common,0.3,S1+AEF(t-1) swap [3m],SID40,611694,7621,601,428660,0.9867369127430168
common,0.3,S1+AEF(t-1) swap [3m],SID44,187926,16096,530,702724,0.9187199342954359
common,0.3,S1+AEF(t-1) swap [3m],SID46,600800,96971,29052,321753,0.8266111556733895
common,0.3,S1+AEF(t-1) swap [3m],SID50,632,59,4030,595644,0.13386994280872697
common,0.3,S1+AEF(t-1) swap [3m],SID51,29878,7696,2421,1008381,0.7470433804225528
common,0.3,S1+AEF(t-1) swap [3m],SID52,150042,36825,3263,858446,0.7891547888286962
common,0.3,S1+AEF(t-1) swap [3m],SID53,469853,91825,457,486441,0.8358365872966458
common,0.3,S1+AEF(t-1) swap [3m],SID55,481877,382581,0,184118,0.5574325184103797
common,0.3,S1+AEF(t-1) swap [3m],SID59,87464,17177,536,943399,0.8315886553143749
common,0.3,S1+AEF(t-1) swap [3m],SID61,177998,3037,15173,852368,0.9071903286308407
common,0.3,S1+AEF(t-1) swap [3m],SID63,478311,3198,31117,535850,0.93306035979447
common,0.3,S1+AEF(t-1) swap [3m],SID64,55481,1431,9087,982577,0.8406339489992273
common,0.3,S1+AEF(t-1) swap [3m],SID65,66810,2103,1899,647935,0.9434841552279275
common,0.3,S1+AEF(t-1) swap [3m],SID67,23466,66129,2477,913174,0.25486575723346944
common,0.3,S1+AEF(t-1) swap [3m],SID68,41281,10762,0,933993,0.7932094614069135
common,0.3,S1+AEF(t-1) swap [3m],SID69,104625,19061,15924,908966,0.7494090681183296
common,0.3,S1+AEF(t-1) swap [3m],SID72,912934,269,13729,121644,0.9848985686112898
common,0.3,S1+AEF(t-1) swap [3m],SID78,265987,15880,2674,764035,0.9347932283923933
common,0.3,S1+AEF(t-1) swap [3m],SID79,202190,2562,34531,525613,0.8449827192069641
common,0.3,S1+AEF(t-1) swap [3m],SID80,90117,9148,1573,947696,0.8936809536087587
common,0.3,S1+AEF(t-1) swap [3m],SID81,295504,2779,952,749341,0.9875315387571642
common,0.3,S1+AEF(t-1) swap [3m],SID83,153116,6733,1506,887221,0.948938675591088
common,0.3,S1+AEF(t-1) swap [3m],SID85,374975,5305,8,650888,0.9860290095927298
common,0.3,S1+AEF(t-1) swap [3m],SID87,18019,21309,2803,954932,0.4276898245947165
common,0.3,S1+AEF(t-1) swap [3m],SID89,63867,2935,940,636029,0.9427976735260252
common,0.3,S1+AEF(t-1) swap [3m],SID90,29608,2521,8471,616176,0.7292610837438424
common,0.3,S1+AEF(t-1) swap [3m],SID91,37033,22213,302,989028,0.621901659165715
common,0.3,S1+AEF(t-1) swap [3m],SID92,257340,1520,145889,510487,0.635801447316732
common,0.3,S1+AEF(t-1) swap [3m],SID93,0,0,31314,1017262,0.0
common,0.3,S1+AEF(t-1) swap [3m],SID97,198388,107454,9446,733288,0.6292278805409657
common,0.3,S1+AEF(t-1) swap [3m],SID98,47640,21970,22986,955980,0.514493066655147
common,0.3,S1+AEF(t-1) swap [3m],SID99,514,19741,5147,1023174,0.020234627194709077
common,0.3,S1+AEF(t-1) trained [3m],SID03,310400,1485,46504,690187,0.8660980108206446
common,0.3,S1+AEF(t-1) trained [3m],SID04,147455,16857,15971,868293,0.8179085105084783
common,0.3,S1+AEF(t-1) trained [3m],SID05,548073,21925,8670,469908,0.947128578044751
common,0.3,S1+AEF(t-1) trained [3m],SID06,732278,6911,18279,291108,0.9667444697333749
common,0.3,S1+AEF(t-1) trained [3m],SID100,36046,8060,4997,830633,0.7340895668289107
common,0.3,S1+AEF(t-1) trained [3m],SID14,124530,104933,2867,816246,0.5360048207291352
common,0.3,S1+AEF(t-1) trained [3m],SID15,788101,96246,184,164045,0.8909817745223175
common,0.3,S1+AEF(t-1) trained [3m],SID17,36526,15352,762,995936,0.6938829787234042
common,0.3,S1+AEF(t-1) trained [3m],SID18,54234,3237,91,991014,0.9421840797748514
common,0.3,S1+AEF(t-1) trained [3m],SID21,295411,19829,8216,703019,0.9132957805698456
common,0.3,S1+AEF(t-1) trained [3m],SID22,259975,17321,6862,568410,0.9148959381752405
common,0.3,S1+AEF(t-1) trained [3m],SID23,130665,26089,213,867245,0.832436117145642
common,0.3,S1+AEF(t-1) trained [3m],SID25,31072,3982,2678,258237,0.8234919961836107
common,0.3,S1+AEF(t-1) trained [3m],SID26,13858,5094,6595,1023029,0.5424511684346499
common,0.3,S1+AEF(t-1) trained [3m],SID27,9329,10081,501,764575,0.4685349806639546
common,0.3,S1+AEF(t-1) trained [3m],SID28,524644,186648,0,336544,0.7375929997806808
common,0.3,S1+AEF(t-1) trained [3m],SID31,10632,4857,23479,1009608,0.27283925272018067
common,0.3,S1+AEF(t-1) trained [3m],SID33,219241,2661,63120,763354,0.7692072892618815
common,0.3,S1+AEF(t-1) trained [3m],SID36,116395,1576,45375,885230,0.7125671886670013
common,0.3,S1+AEF(t-1) trained [3m],SID37,894434,12589,7984,133569,0.9775160190031333
common,0.3,S1+AEF(t-1) trained [3m],SID39,312564,6684,11602,717726,0.9447302402901617
common,0.3,S1+AEF(t-1) trained [3m],SID40,611530,6844,765,429437,0.9877103526025658
common,0.3,S1+AEF(t-1) trained [3m],SID44,187831,15591,625,703229,0.9205281136208815
common,0.3,S1+AEF(t-1) trained [3m],SID46,601185,98463,28667,320261,0.8254464071177993
common,0.3,S1+AEF(t-1) trained [3m],SID50,427,18,4235,595685,0.09123931623931623
common,0.3,S1+AEF(t-1) trained [3m],SID51,29079,5751,3220,1010326,0.7642312746386334
common,0.3,S1+AEF(t-1) trained [3m],SID52,149552,30842,3753,864429,0.812133784422228
common,0.3,S1+AEF(t-1) trained [3m],SID53,469992,98198,318,480068,0.8267113215645162
common,0.3,S1+AEF(t-1) trained [3m],SID55,481877,390423,0,176276,0.552421185372005
common,0.3,S1+AEF(t-1) trained [3m],SID59,87468,17735,532,942841,0.8272379060859696
common,0.3,S1+AEF(t-1) trained [3m],SID61,174360,2649,18811,852756,0.8904095597998162
common,0.3,S1+AEF(t-1) trained [3m],SID63,470209,2347,39219,536701,0.9187807141810366
common,0.3,S1+AEF(t-1) trained [3m],SID64,56020,1565,8548,982443,0.8470808824641253
common,0.3,S1+AEF(t-1) trained [3m],SID65,66343,1619,2366,648419,0.9433369355022182
common,0.3,S1+AEF(t-1) trained [3m],SID67,23305,67436,2638,911867,0.24957431542423886
common,0.3,S1+AEF(t-1) trained [3m],SID68,41281,9524,0,935231,0.8125381360102352
common,0.3,S1+AEF(t-1) trained [3m],SID69,106855,23459,13694,904568,0.7420073884784179
common,0.3,S1+AEF(t-1) trained [3m],SID72,912270,275,14393,121638,0.9841758564218966
common,0.3,S1+AEF(t-1) trained [3m],SID78,265862,14943,2799,764972,0.9374409387737832
common,0.3,S1+AEF(t-1) trained [3m],SID79,204026,2627,32695,525548,0.8524240854320905
common,0.3,S1+AEF(t-1) trained [3m],SID80,90129,9255,1561,947589,0.8928525434642627
common,0.3,S1+AEF(t-1) trained [3m],SID81,295366,2577,1090,749543,0.9877371393792659
common,0.3,S1+AEF(t-1) trained [3m],SID83,153017,7115,1605,886839,0.9460853113387784
common,0.3,S1+AEF(t-1) trained [3m],SID85,374943,4640,40,651553,0.9876719798326234
common,0.3,S1+AEF(t-1) trained [3m],SID87,17928,20879,2894,955362,0.4299177477758327
common,0.3,S1+AEF(t-1) trained [3m],SID89,63870,3019,937,635945,0.9416742841978003
common,0.3,S1+AEF(t-1) trained [3m],SID90,30024,2681,8055,616016,0.7366045142296369
common,0.3,S1+AEF(t-1) trained [3m],SID91,36959,20685,376,990556,0.6370044812133747
common,0.3,S1+AEF(t-1) trained [3m],SID92,257657,1701,145572,510306,0.6363001012520683
common,0.3,S1+AEF(t-1) trained [3m],SID93,0,0,31314,1017262,0.0
common,0.3,S1+AEF(t-1) trained [3m],SID97,199748,116816,8086,723926,0.6152718312028338
common,0.3,S1+AEF(t-1) trained [3m],SID98,47723,23208,22903,954742,0.5085896370185647
common,0.3,S1+AEF(t-1) trained [3m],SID99,468,23361,5193,1019554,0.01612569774653711
common,0.3,S1-only [10m],SID03,334361,29777,22543,661895,0.8646946708009962
common,0.3,S1-only [10m],SID04,139208,17064,24218,868086,0.7712781871571832
common,0.3,S1-only [10m],SID05,552231,48996,4512,442837,0.9116649249924472
common,0.3,S1-only [10m],SID06,738052,31173,12505,266846,0.9441264886853518
common,0.3,S1-only [10m],SID100,6242,2561,34801,836132,0.14315200440326575
common,0.3,S1-only [10m],SID14,115202,10934,12195,910245,0.8327995893906645
common,0.3,S1-only [10m],SID15,715269,6885,73016,253406,0.8995170843970471
common,0.3,S1-only [10m],SID17,34968,17204,2320,994084,0.6417088746972033
common,0.3,S1-only [10m],SID18,54243,7542,82,986709,0.8767679053453376
common,0.3,S1-only [10m],SID21,295600,26210,8027,696638,0.8962002443631248
common,0.3,S1-only [10m],SID22,251436,19520,15401,566211,0.878050824669905
common,0.3,S1-only [10m],SID23,3102,2524,127776,890810,0.023253024692283474
common,0.3,S1-only [10m],SID25,28977,8485,4773,253734,0.6860897360009471
common,0.3,S1-only [10m],SID26,0,2646,20453,1025477,0.0
common,0.3,S1-only [10m],SID27,1616,4144,8214,770512,0.11564333762702161
common,0.3,S1-only [10m],SID28,519223,11538,5421,511654,0.9683708143876519
common,0.3,S1-only [10m],SID31,6369,3595,27742,1010870,0.16891210947859758
common,0.3,S1-only [10m],SID33,44692,2271,237669,763744,0.15701677956097698
common,0.3,S1-only [10m],SID36,140895,30216,20875,856590,0.7338816372027127
common,0.3,S1-only [10m],SID37,895264,31350,7154,114808,0.9587649180524499
common,0.3,S1-only [10m],SID39,314328,23509,9838,700901,0.9040857122312504
common,0.3,S1-only [10m],SID40,611647,17011,648,419270,0.9719389295509656
common,0.3,S1-only [10m],SID44,136837,11419,51619,707401,0.6846128830519075
common,0.3,S1-only [10m],SID46,243413,20367,386439,398357,0.3743554094851119
common,0.3,S1-only [10m],SID50,0,0,4662,595703,0.0
common,0.3,S1-only [10m],SID51,25728,12637,6571,1003440,0.5725476232864518
common,0.3,S1-only [10m],SID52,143722,16444,9583,878827,0.846673618106734
common,0.3,S1-only [10m],SID53,396998,30088,73312,548178,0.7933644818724296
common,0.3,S1-only [10m],SID55,381457,164713,100420,401986,0.589951901514097
common,0.3,S1-only [10m],SID59,86583,21059,1417,939517,0.7939097185926883
common,0.3,S1-only [10m],SID61,182787,28458,10384,826947,0.8247431518438472
common,0.3,S1-only [10m],SID63,494518,61939,14910,477109,0.8654997575988813
common,0.3,S1-only [10m],SID64,58563,10446,6005,973562,0.7806942704028581
common,0.3,S1-only [10m],SID65,62786,1814,5923,648224,0.8902911107014733
common,0.3,S1-only [10m],SID67,498,15046,25445,964257,0.012149601112493595
common,0.3,S1-only [10m],SID68,39165,12975,2116,931780,0.721855647301681
common,0.3,S1-only [10m],SID69,111369,42870,9180,885157,0.6814935839773832
common,0.3,S1-only [10m],SID72,921065,6372,5598,115541,0.987170899269588
common,0.3,S1-only [10m],SID78,259661,11830,9000,768085,0.9257373676873768
common,0.3,S1-only [10m],SID79,197707,13502,39014,514673,0.7901232100965938
common,0.3,S1-only [10m],SID80,88439,10192,3251,946652,0.8680532380597161
common,0.3,S1-only [10m],SID81,296182,9131,274,742989,0.9692231672158829
common,0.3,S1-only [10m],SID83,83800,2560,70822,891394,0.5331399269636472
common,0.3,S1-only [10m],SID85,374885,6579,98,649614,0.9825008779700285
common,0.3,S1-only [10m],SID87,7702,15555,13120,960686,0.21172719025758033
common,0.3,S1-only [10m],SID89,24431,341,40376,638623,0.37500767483268865
common,0.3,S1-only [10m],SID90,16369,907,21710,617790,0.4198686708049043
common,0.3,S1-only [10m],SID91,36442,21983,893,989258,0.6143497757847534
common,0.3,S1-only [10m],SID92,326787,110193,76442,401814,0.6364881130921543
common,0.3,S1-only [10m],SID93,138,280967,31176,736295,0.00044190969031096994
common,0.3,S1-only [10m],SID97,104766,41646,103068,799096,0.41993746993746994
common,0.3,S1-only [10m],SID98,16423,8708,54203,969242,0.20701086545491215
common,0.3,S1-only [10m],SID99,0,95599,5661,947316,0.0
common,0.3,S1+AEF(t) [10m],SID03,341095,20577,15809,671095,0.9036083935350389
common,0.3,S1+AEF(t) [10m],SID04,145214,24872,18212,860278,0.7711924715079289
common,0.3,S1+AEF(t) [10m],SID05,553838,34143,2905,457690,0.9373009345288262
common,0.3,S1+AEF(t) [10m],SID06,738246,11003,12311,287016,0.9693865224013867
common,0.3,S1+AEF(t) [10m],SID100,35136,1662,5907,837031,0.8227608008429926
common,0.3,S1+AEF(t) [10m],SID14,117048,10875,10349,910304,0.8465054385558899
common,0.3,S1+AEF(t) [10m],SID15,787077,62237,1208,198054,0.925404633860147
common,0.3,S1+AEF(t) [10m],SID17,36721,23334,567,987954,0.6057371911187358
common,0.3,S1+AEF(t) [10m],SID18,54325,11889,0,982362,0.8204458271664603
common,0.3,S1+AEF(t) [10m],SID21,297239,22519,6388,700329,0.9113679149828604
common,0.3,S1+AEF(t) [10m],SID22,262695,28791,4142,556940,0.8885998619887155
common,0.3,S1+AEF(t) [10m],SID23,121366,8709,9512,884625,0.8694649215184795
common,0.3,S1+AEF(t) [10m],SID25,31163,5752,2587,256467,0.7888967647207736
common,0.3,S1+AEF(t) [10m],SID26,5867,1413,14586,1026710,0.2683161071983902
common,0.3,S1+AEF(t) [10m],SID27,9175,9522,655,765134,0.47411120297643655
common,0.3,S1+AEF(t) [10m],SID28,524644,155684,0,367508,0.7711633212215284
common,0.3,S1+AEF(t) [10m],SID31,12932,10174,21179,1004291,0.29201761318730945
common,0.3,S1+AEF(t) [10m],SID33,182282,1104,100079,764911,0.6430494064522957
common,0.3,S1+AEF(t) [10m],SID36,133212,6132,28558,880674,0.7933913830686948
common,0.3,S1+AEF(t) [10m],SID37,881747,5518,20671,140640,0.9711554558911641
common,0.3,S1+AEF(t) [10m],SID39,315212,11953,8954,712457,0.9377988153005334
common,0.3,S1+AEF(t) [10m],SID40,612113,11340,182,424941,0.9815244493974841
common,0.3,S1+AEF(t) [10m],SID44,187950,21997,506,696823,0.8930735128508503
common,0.3,S1+AEF(t) [10m],SID46,578963,93144,50889,325580,0.8007831301971242
common,0.3,S1+AEF(t) [10m],SID50,155,0,4507,595703,0.03324753324753325
common,0.3,S1+AEF(t) [10m],SID51,28369,10094,3930,1005983,0.6691906682707051
common,0.3,S1+AEF(t) [10m],SID52,148299,16479,5006,878792,0.8734568628374876
common,0.3,S1+AEF(t) [10m],SID53,469662,91666,648,486600,0.8357331985707575
common,0.3,S1+AEF(t) [10m],SID55,481877,373199,0,193500,0.5635487371882734
common,0.3,S1+AEF(t) [10m],SID59,87299,23281,701,937295,0.784491512477422
common,0.3,S1+AEF(t) [10m],SID61,183594,7815,9577,847590,0.9134666096146
common,0.3,S1+AEF(t) [10m],SID63,493703,20630,15725,518418,0.9314131661063506
common,0.3,S1+AEF(t) [10m],SID64,57967,4645,6601,979363,0.837516073569994
common,0.3,S1+AEF(t) [10m],SID65,67676,4805,1033,645233,0.9205865549419159
common,0.3,S1+AEF(t) [10m],SID67,16651,8297,9292,971006,0.48630257009345795
common,0.3,S1+AEF(t) [10m],SID68,41281,13683,0,931072,0.7510552361545739
common,0.3,S1+AEF(t) [10m],SID69,110561,29482,9988,898545,0.7369210363191607
common,0.3,S1+AEF(t) [10m],SID72,918047,2439,8616,119474,0.98810141405357
common,0.3,S1+AEF(t) [10m],SID78,264346,16369,4315,763546,0.9274322001192857
common,0.3,S1+AEF(t) [10m],SID79,221985,4438,14736,523737,0.9204922893194946
common,0.3,S1+AEF(t) [10m],SID80,90584,10947,1106,945897,0.8825667157068113
common,0.3,S1+AEF(t) [10m],SID81,296075,5426,381,746694,0.9807640071286131
common,0.3,S1+AEF(t) [10m],SID83,153802,8234,820,885720,0.9444048730166528
common,0.3,S1+AEF(t) [10m],SID85,374983,7382,0,648811,0.9806938396558262
common,0.3,S1+AEF(t) [10m],SID87,17727,25808,3095,950433,0.38016298520265923
common,0.3,S1+AEF(t) [10m],SID89,64247,4535,560,634429,0.9265236076259699
common,0.3,S1+AEF(t) [10m],SID90,31276,2484,6803,616213,0.7710475063481498
common,0.3,S1+AEF(t) [10m],SID91,37322,32864,13,978377,0.5316599951566262
common,0.3,S1+AEF(t) [10m],SID92,280130,10721,123099,501286,0.6767242420582196
common,0.3,S1+AEF(t) [10m],SID93,0,0,31314,1017262,0.0
common,0.3,S1+AEF(t) [10m],SID97,200737,89826,7097,750916,0.6743835248269838
common,0.3,S1+AEF(t) [10m],SID98,46614,30297,24012,947653,0.46187687643054604
common,0.3,S1+AEF(t) [10m],SID99,222,38386,5439,1004529,0.005040070833427929
common,0.3,S1+AEF(t-1) swap [10m],SID03,325302,7974,31602,683698,0.8915363491358755
common,0.3,S1+AEF(t-1) swap [10m],SID04,145307,26664,18119,858486,0.7644115945078647
common,0.3,S1+AEF(t-1) swap [10m],SID05,554575,37369,2168,454464,0.9334519417214263
common,0.3,S1+AEF(t-1) swap [10m],SID06,737979,10151,12578,287868,0.970121255462017
common,0.3,S1+AEF(t-1) swap [10m],SID100,35593,5270,5450,833423,0.7685315138298102
common,0.3,S1+AEF(t-1) swap [10m],SID14,122326,35688,5071,885491,0.7500751142042493
common,0.3,S1+AEF(t-1) swap [10m],SID15,787008,59774,1277,200517,0.9280109049016637
common,0.3,S1+AEF(t-1) swap [10m],SID17,36757,24063,531,987225,0.5991263386089877
common,0.3,S1+AEF(t-1) swap [10m],SID18,54325,7636,0,986615,0.8767611884895338
common,0.3,S1+AEF(t-1) swap [10m],SID21,297572,23940,6055,698908,0.9084309469513108
common,0.3,S1+AEF(t-1) swap [10m],SID22,261934,27217,4903,558514,0.890768362273596
common,0.3,S1+AEF(t-1) swap [10m],SID23,130698,26038,180,867296,0.8329169746870937
common,0.3,S1+AEF(t-1) swap [10m],SID25,31269,6257,2481,255962,0.7815882220611393
common,0.3,S1+AEF(t-1) swap [10m],SID26,5895,1352,14558,1026771,0.2703508369639991
common,0.3,S1+AEF(t-1) swap [10m],SID27,9367,11761,463,762895,0.4338381733129545
common,0.3,S1+AEF(t-1) swap [10m],SID28,524644,158959,0,364233,0.767468837907382
common,0.3,S1+AEF(t-1) swap [10m],SID31,10558,6946,23553,1007519,0.2571546873858295
common,0.3,S1+AEF(t-1) swap [10m],SID33,206871,3581,75490,762434,0.7234718929013576
common,0.3,S1+AEF(t-1) swap [10m],SID36,130923,5481,30847,881325,0.782793525898201
common,0.3,S1+AEF(t-1) swap [10m],SID37,891056,11627,11362,134531,0.974849159505276
common,0.3,S1+AEF(t-1) swap [10m],SID39,316584,17010,7582,707400,0.9279199005791732
common,0.3,S1+AEF(t-1) swap [10m],SID40,612201,14150,94,422131,0.9772621698632761
common,0.3,S1+AEF(t-1) swap [10m],SID44,188204,22109,252,696711,0.8938047633747299
common,0.3,S1+AEF(t-1) swap [10m],SID46,573591,90224,56261,328500,0.7965700842688828
common,0.3,S1+AEF(t-1) swap [10m],SID50,610,78,4052,595625,0.12869198312236288
common,0.3,S1+AEF(t-1) swap [10m],SID51,28556,10315,3743,1005762,0.6701084150748581
common,0.3,S1+AEF(t-1) swap [10m],SID52,149535,37893,3770,857378,0.7820950009937342
common,0.3,S1+AEF(t-1) swap [10m],SID53,469709,85827,601,492439,0.8445922497514102
common,0.3,S1+AEF(t-1) swap [10m],SID55,481877,374096,0,192603,0.5629581774191476
common,0.3,S1+AEF(t-1) swap [10m],SID59,87386,26390,614,934186,0.7639304134976833
common,0.3,S1+AEF(t-1) swap [10m],SID61,183569,8708,9602,846697,0.9093021067074832
common,0.3,S1+AEF(t-1) swap [10m],SID63,492017,18334,17411,520714,0.9322706068265619
common,0.3,S1+AEF(t-1) swap [10m],SID64,57804,4852,6764,979156,0.8326707000864304
common,0.3,S1+AEF(t-1) swap [10m],SID65,67417,3840,1292,646198,0.9292616025031358
common,0.3,S1+AEF(t-1) swap [10m],SID67,19466,29494,6477,949809,0.35113732705593736
common,0.3,S1+AEF(t-1) swap [10m],SID68,41281,13944,0,930811,0.747505658669081
common,0.3,S1+AEF(t-1) swap [10m],SID69,109999,29860,10550,898167,0.7313325665352473
common,0.3,S1+AEF(t-1) swap [10m],SID72,916717,1386,9946,120527,0.9877894378421829
common,0.3,S1+AEF(t-1) swap [10m],SID78,265433,18915,3228,761000,0.9230012240242579
common,0.3,S1+AEF(t-1) swap [10m],SID79,203858,2671,32863,525504,0.8515656329367731
common,0.3,S1+AEF(t-1) swap [10m],SID80,90412,11064,1278,945780,0.8798878875761528
common,0.3,S1+AEF(t-1) swap [10m],SID81,296319,7528,137,744592,0.974784857097742
common,0.3,S1+AEF(t-1) swap [10m],SID83,153205,8082,1417,885872,0.9416179073655226
common,0.3,S1+AEF(t-1) swap [10m],SID85,374983,7868,0,648325,0.9794489239939298
common,0.3,S1+AEF(t-1) swap [10m],SID87,17470,24141,3352,952100,0.3885416898338634
common,0.3,S1+AEF(t-1) swap [10m],SID89,64101,4501,706,634463,0.9248715876955041
common,0.3,S1+AEF(t-1) swap [10m],SID90,31128,3668,6951,615029,0.7456344168443242
common,0.3,S1+AEF(t-1) swap [10m],SID91,37313,30970,22,980271,0.5462704048019911
common,0.3,S1+AEF(t-1) swap [10m],SID92,263263,3462,139966,508545,0.6473292991484936
common,0.3,S1+AEF(t-1) swap [10m],SID93,0,0,31314,1017262,0.0
common,0.3,S1+AEF(t-1) swap [10m],SID97,194426,92995,13408,747747,0.6463007223372746
common,0.3,S1+AEF(t-1) swap [10m],SID98,45147,24853,25479,953097,0.4728474324196944
common,0.3,S1+AEF(t-1) swap [10m],SID99,69,29237,5592,1013678,0.0019771906699524327
common,0.3,S1+AEF(t-1) trained [10m],SID03,328446,10656,28458,681016,0.8935847208619001
common,0.3,S1+AEF(t-1) trained [10m],SID04,144613,25807,18813,859343,0.7642060317175122
common,0.3,S1+AEF(t-1) trained [10m],SID05,554343,37296,2400,454537,0.933176104599193
common,0.3,S1+AEF(t-1) trained [10m],SID06,739432,13075,11125,284944,0.9683093427200536
common,0.3,S1+AEF(t-1) trained [10m],SID100,34167,2582,6876,836111,0.7831977077363896
common,0.3,S1+AEF(t-1) trained [10m],SID14,121746,26321,5651,894858,0.7920087432831548
common,0.3,S1+AEF(t-1) trained [10m],SID15,786090,51848,2195,208443,0.9356732803020474
common,0.3,S1+AEF(t-1) trained [10m],SID17,36575,21311,713,989977,0.6241574088295022
common,0.3,S1+AEF(t-1) trained [10m],SID18,54325,7669,0,986582,0.8762944801109784
common,0.3,S1+AEF(t-1) trained [10m],SID21,297379,24209,6248,698639,0.9070968411034785
common,0.3,S1+AEF(t-1) trained [10m],SID22,261970,28107,4867,557624,0.8882025062384724
common,0.3,S1+AEF(t-1) trained [10m],SID23,130360,22011,518,871323,0.8526447291826096
common,0.3,S1+AEF(t-1) trained [10m],SID25,30791,5288,2959,256931,0.7887443004252267
common,0.3,S1+AEF(t-1) trained [10m],SID26,5474,1354,14979,1026769,0.2510203145778878
common,0.3,S1+AEF(t-1) trained [10m],SID27,9180,10714,650,763942,0.44684579439252337
common,0.3,S1+AEF(t-1) trained [10m],SID28,524644,142953,0,380239,0.7858693193648264
common,0.3,S1+AEF(t-1) trained [10m],SID31,10504,6655,23607,1007810,0.25766570181033216
common,0.3,S1+AEF(t-1) trained [10m],SID33,203044,3876,79317,762139,0.7093562327721433
common,0.3,S1+AEF(t-1) trained [10m],SID36,135369,10424,26401,876382,0.7861423742987561
common,0.3,S1+AEF(t-1) trained [10m],SID37,893426,14802,8992,131356,0.9740585682824187
common,0.3,S1+AEF(t-1) trained [10m],SID39,316912,19986,7254,704424,0.9208489272182059
common,0.3,S1+AEF(t-1) trained [10m],SID40,612195,14583,100,421698,0.9765775796885519
common,0.3,S1+AEF(t-1) trained [10m],SID44,188196,21499,260,697321,0.8963635064656712
common,0.3,S1+AEF(t-1) trained [10m],SID46,554547,82248,75305,336476,0.7787487712399944
common,0.3,S1+AEF(t-1) trained [10m],SID50,306,26,4356,595677,0.06527303754266212
common,0.3,S1+AEF(t-1) trained [10m],SID51,28382,8302,3917,1007775,0.6990468215068595
common,0.3,S1+AEF(t-1) trained [10m],SID52,149313,33846,3992,861425,0.797821010841513
common,0.3,S1+AEF(t-1) trained [10m],SID53,469692,78841,618,499425,0.855305735580924
common,0.3,S1+AEF(t-1) trained [10m],SID55,481877,368406,0,198293,0.5667254314151876
common,0.3,S1+AEF(t-1) trained [10m],SID59,87213,26247,787,934329,0.7633723423809815
common,0.3,S1+AEF(t-1) trained [10m],SID61,183069,9969,10102,845436,0.901196219356109
common,0.3,S1+AEF(t-1) trained [10m],SID63,492579,22779,16849,516269,0.9255402503161364
common,0.3,S1+AEF(t-1) trained [10m],SID64,58208,5705,6360,978303,0.8283124386321916
common,0.3,S1+AEF(t-1) trained [10m],SID65,67081,2620,1628,647418,0.9404449803025418
common,0.3,S1+AEF(t-1) trained [10m],SID67,19866,32774,6077,946529,0.3383347241854999
common,0.3,S1+AEF(t-1) trained [10m],SID68,41281,12848,0,931907,0.7626410981174602
common,0.3,S1+AEF(t-1) trained [10m],SID69,111158,33633,9391,894394,0.7209531592533499
common,0.3,S1+AEF(t-1) trained [10m],SID72,918295,1971,8368,119942,0.9888664425381797
common,0.3,S1+AEF(t-1) trained [10m],SID78,265257,18501,3404,761414,0.9237190157472089
common,0.3,S1+AEF(t-1) trained [10m],SID79,206498,2650,30223,525525,0.8626692456479691
common,0.3,S1+AEF(t-1) trained [10m],SID80,90449,11326,1241,945518,0.8780092412829075
common,0.3,S1+AEF(t-1) trained [10m],SID81,296308,7496,148,744624,0.974851292309312
common,0.3,S1+AEF(t-1) trained [10m],SID83,152536,7243,2086,886711,0.9423655515398635
common,0.3,S1+AEF(t-1) trained [10m],SID85,374983,7688,0,648505,0.9799096351696366
common,0.3,S1+AEF(t-1) trained [10m],SID87,17034,22448,3788,953793,0.3936676681303444
common,0.3,S1+AEF(t-1) trained [10m],SID89,64177,4262,630,634702,0.9291722769983639
common,0.3,S1+AEF(t-1) trained [10m],SID90,31123,3456,6956,615241,0.7493198507283014
common,0.3,S1+AEF(t-1) trained [10m],SID91,37307,29918,28,981323,0.5547261832185925
common,0.3,S1+AEF(t-1) trained [10m],SID92,264808,4718,138421,507289,0.6491235381066658
common,0.3,S1+AEF(t-1) trained [10m],SID93,0,0,31314,1017262,0.0
common,0.3,S1+AEF(t-1) trained [10m],SID97,188760,82969,19074,757773,0.6490992183711998
common,0.3,S1+AEF(t-1) trained [10m],SID98,44674,24477,25952,953473,0.4697433309149028
common,0.3,S1+AEF(t-1) trained [10m],SID99,82,37682,5579,1005233,0.0018918856562766767
common,0.3,OPERA DSWx-S1,SID03,310497,41513,46407,650159,0.7793266853573015
common,0.3,OPERA DSWx-S1,SID04,112169,41701,51257,843449,0.5468270876091397
common,0.3,OPERA DSWx-S1,SID05,532571,23168,24172,468665,0.9183667838685592
common,0.3,OPERA DSWx-S1,SID06,722076,8536,28481,289483,0.9512352241424964
common,0.3,OPERA DSWx-S1,SID100,33688,17512,7355,821181,0.5753223465118265
common,0.3,OPERA DSWx-S1,SID14,104766,15690,22631,905489,0.7321839160790289
common,0.3,OPERA DSWx-S1,SID15,734708,101677,53577,158614,0.8255498549376266
common,0.3,OPERA DSWx-S1,SID17,10752,1978,26536,1009310,0.2738246829317985
common,0.3,OPERA DSWx-S1,SID18,40559,20241,13766,974010,0.5439342327602392
common,0.3,OPERA DSWx-S1,SID21,278014,28275,25613,694573,0.837638821097794
common,0.3,OPERA DSWx-S1,SID22,206865,3915,59972,581816,0.764038677461293
common,0.3,OPERA DSWx-S1,SID23,123067,13773,7811,879561,0.8507856841639533
common,0.3,OPERA DSWx-S1,SID25,25761,3454,7989,258765,0.6924255456402537
common,0.3,OPERA DSWx-S1,SID26,11646,41806,8807,986317,0.18705729292150533
common,0.3,OPERA DSWx-S1,SID27,989,691,8841,773965,0.09400247124798022
common,0.3,OPERA DSWx-S1,SID28,512251,122997,12393,400195,0.7909489979788185
common,0.3,OPERA DSWx-S1,SID31,0,3400,34111,1011065,0.0
common,0.3,OPERA DSWx-S1,SID33,177637,7873,104724,758142,0.6120475202767423
common,0.3,OPERA DSWx-S1,SID36,114835,102983,46935,783823,0.4337439046960752
common,0.3,OPERA DSWx-S1,SID37,854622,32730,47796,113428,0.9138895661435409
common,0.3,OPERA DSWx-S1,SID39,298170,13140,25996,711270,0.8839747884710026
common,0.3,OPERA DSWx-S1,SID40,590293,26923,22002,409358,0.9234611666129552
common,0.3,OPERA DSWx-S1,SID44,134855,2641,53601,716179,0.7056887339937309
common,0.3,OPERA DSWx-S1,SID46,316745,36813,313107,381911,0.4751186877967195
common,0.3,OPERA DSWx-S1,SID50,0,0,4662,595703,0.0
common,0.3,OPERA DSWx-S1,SID51,11323,1237,20976,1014840,0.33763716603053434
common,0.3,OPERA DSWx-S1,SID52,137079,22845,16226,872426,0.7781947204087426
common,0.3,OPERA DSWx-S1,SID53,446645,110875,23665,467391,0.7685074459939606
common,0.3,OPERA DSWx-S1,SID55,444888,364408,36989,202291,0.5256952445098283
common,0.3,OPERA DSWx-S1,SID59,62543,2647,25457,957929,0.6899621609099033
common,0.3,OPERA DSWx-S1,SID61,153168,8732,40003,846673,0.758621714387602
common,0.3,OPERA DSWx-S1,SID63,396786,1326,112642,537722,0.7768632257407676
common,0.3,OPERA DSWx-S1,SID64,50509,14083,14059,969925,0.6421914533826651
common,0.3,OPERA DSWx-S1,SID65,63565,4735,5144,645303,0.8654893524317847
common,0.3,OPERA DSWx-S1,SID67,16358,97102,9585,882201,0.1329432321508391
common,0.3,OPERA DSWx-S1,SID68,26544,1516,14737,943239,0.6202303899806061
common,0.3,OPERA DSWx-S1,SID69,99289,171681,21260,756346,0.3397632002190056
common,0.3,OPERA DSWx-S1,SID72,917075,34451,9588,87462,0.9541792128717301
common,0.3,OPERA DSWx-S1,SID78,248007,13933,20654,765982,0.8776088664302851
common,0.3,OPERA DSWx-S1,SID79,210155,3685,26566,524490,0.8741670341006464
common,0.3,OPERA DSWx-S1,SID80,76579,3808,15111,953036,0.8018911390814467
common,0.3,OPERA DSWx-S1,SID81,278810,6272,17646,745848,0.9209917814011258
common,0.3,OPERA DSWx-S1,SID83,148679,7171,5943,886783,0.9189458134777153
common,0.3,OPERA DSWx-S1,SID85,368511,617,6472,655576,0.9811261980830671
common,0.3,OPERA DSWx-S1,SID87,1027,1973,19795,974268,0.04505373985523141
common,0.3,OPERA DSWx-S1,SID89,31145,275,33662,638689,0.47855013675056085
common,0.3,OPERA DSWx-S1,SID90,5238,2162,32841,616535,0.13016575134812752
common,0.3,OPERA DSWx-S1,SID91,22653,4987,14682,1006254,0.5352535324417561
common,0.3,OPERA DSWx-S1,SID92,240040,12300,163189,499707,0.5776732791213128
common,0.3,OPERA DSWx-S1,SID93,0,0,31314,1017262,0.0
common,0.3,OPERA DSWx-S1,SID97,155669,157297,52165,683445,0.42633739671515153
common,0.3,OPERA DSWx-S1,SID98,24388,23742,46238,954208,0.2584350627331299
common,0.3,OPERA DSWx-S1,SID99,46,1704,5615,1041211,0.0062457569585879155
common,0.3,S1-only seed 42 [3m],SID03,295270,3075,61634,688597,0.8202422919114726
common,0.3,S1-only seed 42 [3m],SID04,113118,114,50308,885036,0.6916839916839916
common,0.3,S1-only seed 42 [3m],SID05,463449,6513,93294,485320,0.82280348544889
common,0.3,S1-only seed 42 [3m],SID06,255003,5370,495554,292649,0.3373381292108894
common,0.3,S1-only seed 42 [3m],SID100,11159,8187,29884,830506,0.22667072923014422
common,0.3,S1-only seed 42 [3m],SID14,53812,174,73585,921005,0.42182000611424225
common,0.3,S1-only seed 42 [3m],SID15,281438,0,506847,260291,0.35702569502147063
common,0.3,S1-only seed 42 [3m],SID17,12094,753,25194,1010535,0.3179201387976131
common,0.3,S1-only seed 42 [3m],SID18,49519,5681,4806,988570,0.8252341432523415
common,0.3,S1-only seed 42 [3m],SID21,281474,16026,22153,706822,0.8805611084519777
common,0.3,S1-only seed 42 [3m],SID22,201209,6834,65628,578897,0.7352222193802047
common,0.3,S1-only seed 42 [3m],SID23,773,1026,130105,892308,0.005860322658903445
common,0.3,S1-only seed 42 [3m],SID25,6979,438,26771,261781,0.20413595413595415
common,0.3,S1-only seed 42 [3m],SID26,169,61408,20284,966715,0.002064475146895347
common,0.3,S1-only seed 42 [3m],SID27,81,4792,9749,769864,0.00553959786622897
common,0.3,S1-only seed 42 [3m],SID28,433613,384,91031,522808,0.8258854765841059
common,0.3,S1-only seed 42 [3m],SID31,0,76,34111,1014389,0.0
common,0.3,S1-only seed 42 [3m],SID33,15475,16,266886,765999,0.05480262202658148
common,0.3,S1-only seed 42 [3m],SID36,114891,8436,46879,878370,0.6750114567054041
common,0.3,S1-only seed 42 [3m],SID37,531498,16818,370920,129340,0.578195370938475
common,0.3,S1-only seed 42 [3m],SID39,233559,978,90607,723432,0.7183248037792486
common,0.3,S1-only seed 42 [3m],SID40,552405,1441,59890,434840,0.9000694109519403
common,0.3,S1-only seed 42 [3m],SID44,106077,4310,82379,714510,0.5502889513710925
common,0.3,S1-only seed 42 [3m],SID46,69300,928,560552,417796,0.10986397793208409
common,0.3,S1-only seed 42 [3m],SID50,8,733,4654,594970,0.0014828544949026877
common,0.3,S1-only seed 42 [3m],SID51,6071,149,26228,1015928,0.18709935897435898
common,0.3,S1-only seed 42 [3m],SID52,132116,11700,21189,883571,0.8006787673100815
common,0.3,S1-only seed 42 [3m],SID53,35986,2899,434324,575367,0.07604673622014797
common,0.3,S1-only seed 42 [3m],SID55,99427,42743,382450,523956,0.18952193968968015
common,0.3,S1-only seed 42 [3m],SID59,66144,571,21856,960005,0.7467907102776303
common,0.3,S1-only seed 42 [3m],SID61,148849,2155,44322,853250,0.7620542068132251
common,0.3,S1-only seed 42 [3m],SID63,413693,5312,95735,533736,0.803693126627035
common,0.3,S1-only seed 42 [3m],SID64,54378,3687,10190,980321,0.7966888872610065
common,0.3,S1-only seed 42 [3m],SID65,44772,2178,23937,647860,0.6315967666850058
common,0.3,S1-only seed 42 [3m],SID67,255,5270,25688,974033,0.008169672892704963
common,0.3,S1-only seed 42 [3m],SID68,17182,2006,24099,942749,0.3969321043269342
common,0.3,S1-only seed 42 [3m],SID69,54486,2730,66063,925297,0.44197308544034264
common,0.3,S1-only seed 42 [3m],SID72,910492,789,16171,121124,0.981713339342629
common,0.3,S1-only seed 42 [3m],SID78,178510,1122,90151,778793,0.6616799427688179
common,0.3,S1-only seed 42 [3m],SID79,145258,11035,91463,517140,0.5862945801514393
common,0.3,S1-only seed 42 [3m],SID80,72401,141,19289,956703,0.7884156766233624
common,0.3,S1-only seed 42 [3m],SID81,278072,80,18384,752040,0.9377343728923301
common,0.3,S1-only seed 42 [3m],SID83,6779,58,147843,893896,0.04382596327902767
common,0.3,S1-only seed 42 [3m],SID85,362752,815,12231,655378,0.9652845411630716
common,0.3,S1-only seed 42 [3m],SID87,2957,6388,17865,969853,0.10867328188166116
common,0.3,S1-only seed 42 [3m],SID89,25209,1586,39598,637378,0.37969364240206044
common,0.3,S1-only seed 42 [3m],SID90,1595,2897,36484,615800,0.03892522452167122
common,0.3,S1-only seed 42 [3m],SID91,24948,4657,12387,1006584,0.594113164412269
common,0.3,S1-only seed 42 [3m],SID92,280817,72755,122412,439252,0.5899715116474503
common,0.3,S1-only seed 42 [3m],SID93,0,23450,31314,993812,0.0
common,0.3,S1-only seed 42 [3m],SID97,43373,20564,164461,820178,0.189900962355187
common,0.3,S1-only seed 42 [3m],SID98,2338,28266,68288,949684,0.02364195283743882
common,0.3,S1-only seed 42 [3m],SID99,0,21938,5661,1020977,0.0
common,0.3,S1-only seed 43 [3m],SID03,304783,4299,52121,687373,0.8437997469566975
common,0.3,S1-only seed 43 [3m],SID04,121823,277,41603,884873,0.7441708459832745
common,0.3,S1-only seed 43 [3m],SID05,489568,10491,67175,481342,0.863079434589605
common,0.3,S1-only seed 43 [3m],SID06,512765,8451,237792,289568,0.6755725894852228
common,0.3,S1-only seed 43 [3m],SID100,21014,43283,20029,795410,0.24919953513744278
common,0.3,S1-only seed 43 [3m],SID14,80759,427,46638,920752,0.631798410314182
common,0.3,S1-only seed 43 [3m],SID15,570442,9,217843,260282,0.7236411795599104
common,0.3,S1-only seed 43 [3m],SID17,20776,3816,16512,1007472,0.5054495912806539
common,0.3,S1-only seed 43 [3m],SID18,50161,14854,4164,979397,0.7250899839546683
common,0.3,S1-only seed 43 [3m],SID21,284621,25436,19006,697412,0.8649437949571966
common,0.3,S1-only seed 43 [3m],SID22,223149,10093,43688,575638,0.8057956884411223
common,0.3,S1-only seed 43 [3m],SID23,7089,2796,123789,890538,0.0530320032317429
common,0.3,S1-only seed 43 [3m],SID25,15759,1469,17991,260750,0.4474573383684943
common,0.3,S1-only seed 43 [3m],SID26,779,198939,19674,829184,0.0035507219953325553
common,0.3,S1-only seed 43 [3m],SID27,197,7497,9633,767159,0.01136953886997172
common,0.3,S1-only seed 43 [3m],SID28,495254,1019,29390,522173,0.9421511500714336
common,0.3,S1-only seed 43 [3m],SID31,15,482,34096,1013983,0.0004336137368831845
common,0.3,S1-only seed 43 [3m],SID33,40686,13,241675,766002,0.1440855036228548
common,0.3,S1-only seed 43 [3m],SID36,120441,9840,41329,876966,0.7018297302022026
common,0.3,S1-only seed 43 [3m],SID37,861312,28019,41106,118139,0.9257069527544584
common,0.3,S1-only seed 43 [3m],SID39,279561,1728,44605,722682,0.8578280054250769
common,0.3,S1-only seed 43 [3m],SID40,576670,1961,35625,434320,0.938810528509286
common,0.3,S1-only seed 43 [3m],SID44,140244,6618,48212,712202,0.7189271763535889
common,0.3,S1-only seed 43 [3m],SID46,128251,1810,501601,416914,0.2030373839173482
common,0.3,S1-only seed 43 [3m],SID50,11,756,4651,594947,0.002030269472129937
common,0.3,S1-only seed 43 [3m],SID51,10501,496,21798,1015581,0.3202012501905778
common,0.3,S1-only seed 43 [3m],SID52,134985,21074,18320,874197,0.774089769983771
common,0.3,S1-only seed 43 [3m],SID53,241695,12126,228615,566140,0.5009887321841654
common,0.3,S1-only seed 43 [3m],SID55,301805,159904,180072,406795,0.4702616624674149
common,0.3,S1-only seed 43 [3m],SID59,73154,1384,14846,959192,0.8184238789940034
common,0.3,S1-only seed 43 [3m],SID61,158831,3082,34340,852323,0.8093175645722613
common,0.3,S1-only seed 43 [3m],SID63,440732,8039,68696,531009,0.8517103506117298
common,0.3,S1-only seed 43 [3m],SID64,55639,15200,8929,968808,0.6975102798114532
common,0.3,S1-only seed 43 [3m],SID65,61074,3803,7635,646235,0.8422605913503972
common,0.3,S1-only seed 43 [3m],SID67,348,5949,25595,973354,0.010911827417534178
common,0.3,S1-only seed 43 [3m],SID68,26481,5211,14800,939544,0.5695818635464166
common,0.3,S1-only seed 43 [3m],SID69,87752,9381,32797,918646,0.6753790502578312
common,0.3,S1-only seed 43 [3m],SID72,912382,1101,14281,120812,0.9834203525896672
common,0.3,S1-only seed 43 [3m],SID78,220427,1182,48234,778733,0.8168712918252465
common,0.3,S1-only seed 43 [3m],SID79,185710,14601,51011,513574,0.738932524808811
common,0.3,S1-only seed 43 [3m],SID80,76675,672,15015,956172,0.8301574240488513
common,0.3,S1-only seed 43 [3m],SID81,285682,222,10774,751898,0.9629362473793136
common,0.3,S1-only seed 43 [3m],SID83,35880,177,118742,893777,0.2317844430519577
common,0.3,S1-only seed 43 [3m],SID85,368924,2043,6059,654150,0.9785107658357779
common,0.3,S1-only seed 43 [3m],SID87,3659,8587,17163,967654,0.12441769526335475
common,0.3,S1-only seed 43 [3m],SID89,45259,4528,19548,634436,0.6527583471551165
common,0.3,S1-only seed 43 [3m],SID90,4159,4785,33920,613912,0.09702780888391191
common,0.3,S1-only seed 43 [3m],SID91,27725,9227,9610,1002014,0.5954426356256175
common,0.3,S1-only seed 43 [3m],SID92,314459,119825,88770,392182,0.6011979642637281
common,0.3,S1-only seed 43 [3m],SID93,9,209462,31305,807800,3.737914077815065e-05
common,0.3,S1-only seed 43 [3m],SID97,75023,40135,132811,800607,0.30254991551363275
common,0.3,S1-only seed 43 [3m],SID98,7544,92590,63082,885360,0.04622095872953632
common,0.3,S1-only seed 43 [3m],SID99,0,43686,5661,999229,0.0
common,0.3,S1-only seed 44 [3m],SID03,270406,2597,86498,689075,0.7521703694843687
common,0.3,S1-only seed 44 [3m],SID04,108364,104,55062,885046,0.6626551703051428
common,0.3,S1-only seed 44 [3m],SID05,309956,3583,246787,488250,0.5531708326938247
common,0.3,S1-only seed 44 [3m],SID06,171760,4759,578797,293260,0.22740151142038564
common,0.3,S1-only seed 44 [3m],SID100,7605,5960,33438,832733,0.1617981830946961
common,0.3,S1-only seed 44 [3m],SID14,52838,148,74559,921031,0.4142694735191501
common,0.3,S1-only seed 44 [3m],SID15,206751,0,581534,260291,0.2622795055087944
common,0.3,S1-only seed 44 [3m],SID17,8890,605,28398,1010683,0.23460797508774708
common,0.3,S1-only seed 44 [3m],SID18,49287,1030,5038,993221,0.890380272784753
common,0.3,S1-only seed 44 [3m],SID21,254815,7666,48812,715182,0.818569643390632
common,0.3,S1-only seed 44 [3m],SID22,203572,6806,63265,578925,0.7439327883410136
common,0.3,S1-only seed 44 [3m],SID23,536,1172,130342,892162,0.004059068534645967
common,0.3,S1-only seed 44 [3m],SID25,3397,291,30353,261928,0.09979142798390177
common,0.3,S1-only seed 44 [3m],SID26,1,31507,20452,996616,1.924557351809084e-05
common,0.3,S1-only seed 44 [3m],SID27,0,2954,9830,771702,0.0
common,0.3,S1-only seed 44 [3m],SID28,252010,205,272634,522987,0.48015714996122694
common,0.3,S1-only seed 44 [3m],SID31,0,5,34111,1014460,0.0
common,0.3,S1-only seed 44 [3m],SID33,13097,12,269264,766003,0.046381913284910384
common,0.3,S1-only seed 44 [3m],SID36,113854,8851,47916,877955,0.6672918339477556
common,0.3,S1-only seed 44 [3m],SID37,501261,14717,401157,131441,0.5465509439722614
common,0.3,S1-only seed 44 [3m],SID39,147693,590,176473,723820,0.4547814359088054
common,0.3,S1-only seed 44 [3m],SID40,453761,1406,158534,434875,0.7393844885375778
common,0.3,S1-only seed 44 [3m],SID44,95219,3662,93237,715158,0.49562768715060534
common,0.3,S1-only seed 44 [3m],SID46,57740,944,572112,417780,0.09153513972821642
common,0.3,S1-only seed 44 [3m],SID50,12,871,4650,594832,0.0021688053497198627
common,0.3,S1-only seed 44 [3m],SID51,3982,298,28317,1015779,0.12215848084179526
common,0.3,S1-only seed 44 [3m],SID52,118796,1947,34509,893324,0.7651817689949244
common,0.3,S1-only seed 44 [3m],SID53,21794,2513,448516,575753,0.046093358402615775
common,0.3,S1-only seed 44 [3m],SID55,41241,23992,440636,542707,0.08152505885911175
common,0.3,S1-only seed 44 [3m],SID59,64053,459,23947,960117,0.7240981697735674
common,0.3,S1-only seed 44 [3m],SID61,149851,2010,43320,853395,0.7677540334356315
common,0.3,S1-only seed 44 [3m],SID63,382363,3711,127065,535337,0.7451450776495258
common,0.3,S1-only seed 44 [3m],SID64,53773,2427,10795,981581,0.8026419882080752
common,0.3,S1-only seed 44 [3m],SID65,36127,2101,32582,647937,0.510196299957633
common,0.3,S1-only seed 44 [3m],SID67,271,3850,25672,975453,0.009096096398482864
common,0.3,S1-only seed 44 [3m],SID68,18331,1383,22950,943372,0.4296596662291393
common,0.3,S1-only seed 44 [3m],SID69,49080,2525,71469,925502,0.39878447113118937
common,0.3,S1-only seed 44 [3m],SID72,900362,793,26301,121120,0.9707867543042473
common,0.3,S1-only seed 44 [3m],SID78,100939,921,167722,778994,0.3744278178810158
common,0.3,S1-only seed 44 [3m],SID79,107683,8492,129038,519683,0.4391406654622716
common,0.3,S1-only seed 44 [3m],SID80,72750,363,18940,956481,0.7903055848261328
common,0.3,S1-only seed 44 [3m],SID81,248576,92,47880,752028,0.838231921982276
common,0.3,S1-only seed 44 [3m],SID83,2387,5,152235,893949,0.015437148751511703
common,0.3,S1-only seed 44 [3m],SID85,294128,330,80855,655863,0.7836872157372646
common,0.3,S1-only seed 44 [3m],SID87,3203,5658,17619,970583,0.12095921450151058
common,0.3,S1-only seed 44 [3m],SID89,17800,1557,47007,637407,0.26821770839611836
common,0.3,S1-only seed 44 [3m],SID90,2026,2442,36053,616255,0.04999876607191333
common,0.3,S1-only seed 44 [3m],SID91,24600,4144,12735,1007097,0.5930711926517033
common,0.3,S1-only seed 44 [3m],SID92,281056,70720,122173,441287,0.5930089524400305
common,0.3,S1-only seed 44 [3m],SID93,0,24486,31314,992776,0.0
common,0.3,S1-only seed 44 [3m],SID97,44485,21506,163349,819236,0.1939696520449987
common,0.3,S1-only seed 44 [3m],SID98,2160,9013,68466,968937,0.027122389783899848
common,0.3,S1-only seed 44 [3m],SID99,0,21674,5661,1021241,0.0
common,0.3,S1+AEF(t) seed 42 [3m],SID03,336547,8238,20357,683434,0.9216880008325529
common,0.3,S1+AEF(t) seed 42 [3m],SID04,147745,16108,15681,869042,0.8229360455401206
common,0.3,S1+AEF(t) seed 42 [3m],SID05,549367,21812,7376,470021,0.9495501724123031
common,0.3,S1+AEF(t) seed 42 [3m],SID06,735646,8227,14911,289792,0.9695064735155196
common,0.3,S1+AEF(t) seed 42 [3m],SID100,35684,3158,5359,835535,0.8073120517635347
common,0.3,S1+AEF(t) seed 42 [3m],SID14,115662,5962,11735,915217,0.8672980451263131
common,0.3,S1+AEF(t) seed 42 [3m],SID15,788214,107399,71,152892,0.8800134868993975
common,0.3,S1+AEF(t) seed 42 [3m],SID17,36762,17793,526,993495,0.6674170766689058
common,0.3,S1+AEF(t) seed 42 [3m],SID18,54311,25984,14,968267,0.6762753863203377
common,0.3,S1+AEF(t) seed 42 [3m],SID21,296129,18838,7498,704010,0.9183291209898748
common,0.3,S1+AEF(t) seed 42 [3m],SID22,261648,19938,5189,565793,0.9123807863307472
common,0.3,S1+AEF(t) seed 42 [3m],SID23,126199,9051,4679,884283,0.9018788099679123
common,0.3,S1+AEF(t) seed 42 [3m],SID25,31441,3863,2309,258356,0.8359077978358547
common,0.3,S1+AEF(t) seed 42 [3m],SID26,12953,4232,7500,1023891,0.5247316183917359
common,0.3,S1+AEF(t) seed 42 [3m],SID27,9298,8811,532,765845,0.4987929832090553
common,0.3,S1+AEF(t) seed 42 [3m],SID28,524644,224197,0,298995,0.7006080062389747
common,0.3,S1+AEF(t) seed 42 [3m],SID31,13187,7786,20924,1006679,0.31474807265436666
common,0.3,S1+AEF(t) seed 42 [3m],SID33,198544,352,83817,765663,0.7022811119403777
common,0.3,S1+AEF(t) seed 42 [3m],SID36,122066,1240,39704,885566,0.7488252254462916
common,0.3,S1+AEF(t) seed 42 [3m],SID37,881821,5882,20597,140276,0.9708477375316525
common,0.3,S1+AEF(t) seed 42 [3m],SID39,310112,2939,14054,721471,0.9480503202335642
common,0.3,S1+AEF(t) seed 42 [3m],SID40,611000,5389,1295,430892,0.9891789329171551
common,0.3,S1+AEF(t) seed 42 [3m],SID44,187636,15711,820,703109,0.9190319689273977
common,0.3,S1+AEF(t) seed 42 [3m],SID46,604416,100588,25436,318136,0.8274683752258912
common,0.3,S1+AEF(t) seed 42 [3m],SID50,251,2,4411,595701,0.05381646655231561
common,0.3,S1+AEF(t) seed 42 [3m],SID51,29690,7445,2609,1008632,0.747030998389694
common,0.3,S1+AEF(t) seed 42 [3m],SID52,148085,10181,5220,885090,0.9057962149664192
common,0.3,S1+AEF(t) seed 42 [3m],SID53,469585,100317,725,477949,0.8229281124096827
common,0.3,S1+AEF(t) seed 42 [3m],SID55,481877,383390,0,183309,0.5569113348827587
common,0.3,S1+AEF(t) seed 42 [3m],SID59,87044,14268,956,946308,0.851136230296867
common,0.3,S1+AEF(t) seed 42 [3m],SID61,177105,2853,16066,852552,0.903486307799045
common,0.3,S1+AEF(t) seed 42 [3m],SID63,481208,4214,28220,534834,0.9368548522122412
common,0.3,S1+AEF(t) seed 42 [3m],SID64,55766,1133,8802,982875,0.8487846455913913
common,0.3,S1+AEF(t) seed 42 [3m],SID65,67316,4566,1393,645472,0.9186762197202321
common,0.3,S1+AEF(t) seed 42 [3m],SID67,20844,14755,5099,964548,0.5121627598407784
common,0.3,S1+AEF(t) seed 42 [3m],SID68,41281,10183,0,934572,0.8021335302347272
common,0.3,S1+AEF(t) seed 42 [3m],SID69,106761,19391,13788,908636,0.7629055309418322
common,0.3,S1+AEF(t) seed 42 [3m],SID72,915272,889,11391,121024,0.9867608500655489
common,0.3,S1+AEF(t) seed 42 [3m],SID78,265019,12863,3642,767052,0.9413726716017107
common,0.3,S1+AEF(t) seed 42 [3m],SID79,219221,4227,17500,523948,0.9098270166176935
common,0.3,S1+AEF(t) seed 42 [3m],SID80,90306,7321,1384,949523,0.9120804759067175
common,0.3,S1+AEF(t) seed 42 [3m],SID81,294621,1393,1835,750727,0.9891622936454378
common,0.3,S1+AEF(t) seed 42 [3m],SID83,153529,6701,1093,887253,0.9516869882161874
common,0.3,S1+AEF(t) seed 42 [3m],SID85,374971,4586,12,651607,0.987886260469111
common,0.3,S1+AEF(t) seed 42 [3m],SID87,18149,23547,2673,952694,0.40904685703982513
common,0.3,S1+AEF(t) seed 42 [3m],SID89,64071,3216,736,635748,0.9419020037340311
common,0.3,S1+AEF(t) seed 42 [3m],SID90,29432,1538,8647,617159,0.7429133957644446
common,0.3,S1+AEF(t) seed 42 [3m],SID91,37134,24160,201,987081,0.6038539718676316
common,0.3,S1+AEF(t) seed 42 [3m],SID92,277524,6813,125705,505194,0.6768184722540618
common,0.3,S1+AEF(t) seed 42 [3m],SID93,0,0,31314,1017262,0.0
common,0.3,S1+AEF(t) seed 42 [3m],SID97,203800,95211,4034,745531,0.6725073833919055
common,0.3,S1+AEF(t) seed 42 [3m],SID98,50037,26493,20589,951457,0.5152132950298088
common,0.3,S1+AEF(t) seed 42 [3m],SID99,723,28158,4938,1014757,0.02137851503592655
common,0.3,S1+AEF(t) seed 43 [3m],SID03,343429,19539,13475,672133,0.9123001357443226
common,0.3,S1+AEF(t) seed 43 [3m],SID04,148641,17307,14785,867843,0.8224341985138298
common,0.3,S1+AEF(t) seed 43 [3m],SID05,552916,28639,3827,463194,0.9445387798053237
common,0.3,S1+AEF(t) seed 43 [3m],SID06,742126,14087,8431,283932,0.9705510015118146
common,0.3,S1+AEF(t) seed 43 [3m],SID100,37572,7151,3471,831542,0.7795991202224344
common,0.3,S1+AEF(t) seed 43 [3m],SID14,116189,6974,11208,914205,0.8646880651331016
common,0.3,S1+AEF(t) seed 43 [3m],SID15,788282,136006,3,124285,0.852850455105589
common,0.3,S1+AEF(t) seed 43 [3m],SID17,36794,19552,494,991736,0.6473258268824771
common,0.3,S1+AEF(t) seed 43 [3m],SID18,54320,37047,5,957204,0.5944928424462637
common,0.3,S1+AEF(t) seed 43 [3m],SID21,298886,27682,4741,695166,0.9021366760335517
common,0.3,S1+AEF(t) seed 43 [3m],SID22,261600,21094,5237,564637,0.9085510070120967
common,0.3,S1+AEF(t) seed 43 [3m],SID23,127892,11527,2986,881807,0.8980864435939749
common,0.3,S1+AEF(t) seed 43 [3m],SID25,31944,5689,1806,256530,0.809959684576181
common,0.3,S1+AEF(t) seed 43 [3m],SID26,13702,5868,6751,1022255,0.520572926560541
common,0.3,S1+AEF(t) seed 43 [3m],SID27,9410,9617,420,765039,0.4838792615827634
common,0.3,S1+AEF(t) seed 43 [3m],SID28,524644,226527,0,296665,0.6984348437306552
common,0.3,S1+AEF(t) seed 43 [3m],SID31,14152,8839,19959,1005626,0.32949941792782306
common,0.3,S1+AEF(t) seed 43 [3m],SID33,199399,315,82962,765700,0.7053976991325758
common,0.3,S1+AEF(t) seed 43 [3m],SID36,132155,3711,29615,883095,0.7986113209371468
common,0.3,S1+AEF(t) seed 43 [3m],SID37,889795,9796,12623,136362,0.9754235300050208
common,0.3,S1+AEF(t) seed 43 [3m],SID39,314442,6131,9724,718279,0.9519977474818119
common,0.3,S1+AEF(t) seed 43 [3m],SID40,610998,5231,1297,431050,0.9894287851847533
common,0.3,S1+AEF(t) seed 43 [3m],SID44,187659,16187,797,702633,0.917006689698646
common,0.3,S1+AEF(t) seed 43 [3m],SID46,616025,120314,13827,298410,0.8211849110730158
common,0.3,S1+AEF(t) seed 43 [3m],SID50,384,8,4278,595695,0.08222698072805139
common,0.3,S1+AEF(t) seed 43 [3m],SID51,30147,10152,2152,1005925,0.7101599491178064
common,0.3,S1+AEF(t) seed 43 [3m],SID52,148664,13053,4641,882218,0.8936390194640474
common,0.3,S1+AEF(t) seed 43 [3m],SID53,469883,113453,427,464813,0.8049208325981606
common,0.3,S1+AEF(t) seed 43 [3m],SID55,481877,397275,0,169424,0.5481156842047792
common,0.3,S1+AEF(t) seed 43 [3m],SID59,87437,20172,563,940404,0.8083145361091595
common,0.3,S1+AEF(t) seed 43 [3m],SID61,182412,4290,10759,851115,0.92378748208507
common,0.3,S1+AEF(t) seed 43 [3m],SID63,491982,9402,17446,529646,0.9482527995682594
common,0.3,S1+AEF(t) seed 43 [3m],SID64,56707,1695,7861,982313,0.8557867890074401
common,0.3,S1+AEF(t) seed 43 [3m],SID65,67484,6298,1225,643740,0.8997026944151879
common,0.3,S1+AEF(t) seed 43 [3m],SID67,21447,20138,4496,959165,0.4654195872485406
common,0.3,S1+AEF(t) seed 43 [3m],SID68,41280,10732,1,934023,0.7936477419106762
common,0.3,S1+AEF(t) seed 43 [3m],SID69,111056,31810,9493,896217,0.7289100085981136
common,0.3,S1+AEF(t) seed 43 [3m],SID72,917836,1598,8827,120315,0.9887693224211725
common,0.3,S1+AEF(t) seed 43 [3m],SID78,265289,14723,3372,765192,0.9361467125878666
common,0.3,S1+AEF(t) seed 43 [3m],SID79,218672,4315,18049,523860,0.9072171791765545
common,0.3,S1+AEF(t) seed 43 [3m],SID80,90440,8093,1250,948751,0.9063668159906998
common,0.3,S1+AEF(t) seed 43 [3m],SID81,295026,1947,1430,750173,0.9886830896472221
common,0.3,S1+AEF(t) seed 43 [3m],SID83,153760,8165,862,885789,0.9445471689999816
common,0.3,S1+AEF(t) seed 43 [3m],SID85,374981,5242,2,650951,0.9862081662173713
common,0.3,S1+AEF(t) seed 43 [3m],SID87,18640,30806,2182,945435,0.36104439451460446
common,0.3,S1+AEF(t) seed 43 [3m],SID89,63866,2820,941,636144,0.944386117970633
common,0.3,S1+AEF(t) seed 43 [3m],SID90,29706,1563,8373,617134,0.7493567428484941
common,0.3,S1+AEF(t) seed 43 [3m],SID91,37174,24942,161,986299,0.5969137883970005
common,0.3,S1+AEF(t) seed 43 [3m],SID92,275726,6131,127503,505876,0.6735538401407074
common,0.3,S1+AEF(t) seed 43 [3m],SID93,0,0,31314,1017262,0.0
common,0.3,S1+AEF(t) seed 43 [3m],SID97,204879,111962,2955,728780,0.6406552927491276
common,0.3,S1+AEF(t) seed 43 [3m],SID98,50226,29082,20400,948868,0.5037308942110964
common,0.3,S1+AEF(t) seed 43 [3m],SID99,1273,40891,4388,1002024,0.027345763876954803
common,0.3,S1+AEF(t) seed 44 [3m],SID03,340537,11296,16367,680376,0.9248696360673547
common,0.3,S1+AEF(t) seed 44 [3m],SID04,147759,16220,15667,868930,0.8225009184729969
common,0.3,S1+AEF(t) seed 44 [3m],SID05,552525,26803,4218,465030,0.9468405232835115
common,0.3,S1+AEF(t) seed 44 [3m],SID06,739263,11328,11294,286691,0.9703078548599854
common,0.3,S1+AEF(t) seed 44 [3m],SID100,37150,6954,3893,831739,0.7740067087526303
common,0.3,S1+AEF(t) seed 44 [3m],SID14,116441,7298,10956,913881,0.8644790081294778
common,0.3,S1+AEF(t) seed 44 [3m],SID15,788274,132928,11,127363,0.8556913547681155
common,0.3,S1+AEF(t) seed 44 [3m],SID17,36923,21246,365,990042,0.630795776813476
common,0.3,S1+AEF(t) seed 44 [3m],SID18,54316,33503,9,960748,0.6184360340665847
common,0.3,S1+AEF(t) seed 44 [3m],SID21,297976,22406,5651,700442,0.913944293982511
common,0.3,S1+AEF(t) seed 44 [3m],SID22,262059,23331,4778,562400,0.9031285324363817
common,0.3,S1+AEF(t) seed 44 [3m],SID23,127440,10764,3438,882570,0.8997331300038124
common,0.3,S1+AEF(t) seed 44 [3m],SID25,31675,5388,2075,256831,0.8093157545096837
common,0.3,S1+AEF(t) seed 44 [3m],SID26,15018,6539,5435,1021584,0.5563870776526378
common,0.3,S1+AEF(t) seed 44 [3m],SID27,9667,11239,163,763417,0.4588257629692914
common,0.3,S1+AEF(t) seed 44 [3m],SID28,524644,235441,0,287751,0.6902438543057684
common,0.3,S1+AEF(t) seed 44 [3m],SID31,14420,9888,19691,1004577,0.32773472124366465
common,0.3,S1+AEF(t) seed 44 [3m],SID33,206678,464,75683,765551,0.7307628392115265
common,0.3,S1+AEF(t) seed 44 [3m],SID36,126449,2182,35321,884624,0.7712562213330731
common,0.3,S1+AEF(t) seed 44 [3m],SID37,888972,7322,13446,138836,0.9771714995493218
common,0.3,S1+AEF(t) seed 44 [3m],SID39,313656,4707,10510,719703,0.9537298592465785
common,0.3,S1+AEF(t) seed 44 [3m],SID40,611076,5415,1219,430866,0.9892603325184958
common,0.3,S1+AEF(t) seed 44 [3m],SID44,188056,20591,400,698229,0.8995871741761422
common,0.3,S1+AEF(t) seed 44 [3m],SID46,618313,122621,11539,296103,0.821707888522246
common,0.3,S1+AEF(t) seed 44 [3m],SID50,548,12,4114,595691,0.11724433033804023
common,0.3,S1+AEF(t) seed 44 [3m],SID51,30362,9228,1937,1006849,0.7311387771811111
common,0.3,S1+AEF(t) seed 44 [3m],SID52,148684,12297,4621,882974,0.8978393980749024
common,0.3,S1+AEF(t) seed 44 [3m],SID53,469879,115754,431,462512,0.8017537333806547
common,0.3,S1+AEF(t) seed 44 [3m],SID55,481877,403066,0,163633,0.5445288566608245
common,0.3,S1+AEF(t) seed 44 [3m],SID59,87465,18252,535,942324,0.8231845047622633
common,0.3,S1+AEF(t) seed 44 [3m],SID61,181486,3993,11685,851412,0.9204824410135725
common,0.3,S1+AEF(t) seed 44 [3m],SID63,488806,7664,20622,531384,0.9452979353770702
common,0.3,S1+AEF(t) seed 44 [3m],SID64,56603,1440,7965,982568,0.8575172706338625
common,0.3,S1+AEF(t) seed 44 [3m],SID65,66647,1984,2062,648054,0.9427666105555006
common,0.3,S1+AEF(t) seed 44 [3m],SID67,22403,20688,3540,958615,0.4804314726255066
common,0.3,S1+AEF(t) seed 44 [3m],SID68,41281,11143,0,933612,0.7874446818251183
common,0.3,S1+AEF(t) seed 44 [3m],SID69,111582,34235,8967,893792,0.7208884639239198
common,0.3,S1+AEF(t) seed 44 [3m],SID72,918364,1637,8299,120276,0.9892965636109017
common,0.3,S1+AEF(t) seed 44 [3m],SID78,265223,13471,3438,766444,0.940067060808416
common,0.3,S1+AEF(t) seed 44 [3m],SID79,221770,5254,14951,522921,0.9164996383923959
common,0.3,S1+AEF(t) seed 44 [3m],SID80,90551,8327,1139,948517,0.905356089464791
common,0.3,S1+AEF(t) seed 44 [3m],SID81,295085,2145,1371,749975,0.9882250896681525
common,0.3,S1+AEF(t) seed 44 [3m],SID83,153964,7464,658,886490,0.9498907987117949
common,0.3,S1+AEF(t) seed 44 [3m],SID85,374983,6106,0,650087,0.9839774960704717
common,0.3,S1+AEF(t) seed 44 [3m],SID87,18710,27280,2112,948961,0.388965115795601
common,0.3,S1+AEF(t) seed 44 [3m],SID89,64185,3308,622,635656,0.9423034573882405
common,0.3,S1+AEF(t) seed 44 [3m],SID90,29881,1873,8198,616824,0.7479225070084101
common,0.3,S1+AEF(t) seed 44 [3m],SID91,37280,26832,55,984409,0.5809839948883383
common,0.3,S1+AEF(t) seed 44 [3m],SID92,284652,8065,118577,503942,0.6920888707348029
common,0.3,S1+AEF(t) seed 44 [3m],SID93,0,0,31314,1017262,0.0
common,0.3,S1+AEF(t) seed 44 [3m],SID97,206184,132099,1650,708643,0.6065430540724202
common,0.3,S1+AEF(t) seed 44 [3m],SID98,52118,29666,18508,948284,0.5196625852510669
common,0.3,S1+AEF(t) seed 44 [3m],SID99,1357,47681,4304,995234,0.025439616062389862
common,0.3,S1-only seed 42 [10m],SID03,334361,29777,22543,661895,0.8646946708009962
common,0.3,S1-only seed 42 [10m],SID04,139208,17064,24218,868086,0.7712781871571832
common,0.3,S1-only seed 42 [10m],SID05,552231,48996,4512,442837,0.9116649249924472
common,0.3,S1-only seed 42 [10m],SID06,738052,31173,12505,266846,0.9441264886853518
common,0.3,S1-only seed 42 [10m],SID100,6242,2561,34801,836132,0.14315200440326575
common,0.3,S1-only seed 42 [10m],SID14,115202,10934,12195,910245,0.8327995893906645
common,0.3,S1-only seed 42 [10m],SID15,715269,6885,73016,253406,0.8995170843970471
common,0.3,S1-only seed 42 [10m],SID17,34968,17204,2320,994084,0.6417088746972033
common,0.3,S1-only seed 42 [10m],SID18,54243,7542,82,986709,0.8767679053453376
common,0.3,S1-only seed 42 [10m],SID21,295600,26210,8027,696638,0.8962002443631248
common,0.3,S1-only seed 42 [10m],SID22,251436,19520,15401,566211,0.878050824669905
common,0.3,S1-only seed 42 [10m],SID23,3102,2524,127776,890810,0.023253024692283474
common,0.3,S1-only seed 42 [10m],SID25,28977,8485,4773,253734,0.6860897360009471
common,0.3,S1-only seed 42 [10m],SID26,0,2646,20453,1025477,0.0
common,0.3,S1-only seed 42 [10m],SID27,1616,4144,8214,770512,0.11564333762702161
common,0.3,S1-only seed 42 [10m],SID28,519223,11538,5421,511654,0.9683708143876519
common,0.3,S1-only seed 42 [10m],SID31,6369,3595,27742,1010870,0.16891210947859758
common,0.3,S1-only seed 42 [10m],SID33,44692,2271,237669,763744,0.15701677956097698
common,0.3,S1-only seed 42 [10m],SID36,140895,30216,20875,856590,0.7338816372027127
common,0.3,S1-only seed 42 [10m],SID37,895264,31350,7154,114808,0.9587649180524499
common,0.3,S1-only seed 42 [10m],SID39,314328,23509,9838,700901,0.9040857122312504
common,0.3,S1-only seed 42 [10m],SID40,611647,17011,648,419270,0.9719389295509656
common,0.3,S1-only seed 42 [10m],SID44,136837,11419,51619,707401,0.6846128830519075
common,0.3,S1-only seed 42 [10m],SID46,243413,20367,386439,398357,0.3743554094851119
common,0.3,S1-only seed 42 [10m],SID50,0,0,4662,595703,0.0
common,0.3,S1-only seed 42 [10m],SID51,25728,12637,6571,1003440,0.5725476232864518
common,0.3,S1-only seed 42 [10m],SID52,143722,16444,9583,878827,0.846673618106734
common,0.3,S1-only seed 42 [10m],SID53,396998,30088,73312,548178,0.7933644818724296
common,0.3,S1-only seed 42 [10m],SID55,381457,164713,100420,401986,0.589951901514097
common,0.3,S1-only seed 42 [10m],SID59,86583,21059,1417,939517,0.7939097185926883
common,0.3,S1-only seed 42 [10m],SID61,182787,28458,10384,826947,0.8247431518438472
common,0.3,S1-only seed 42 [10m],SID63,494518,61939,14910,477109,0.8654997575988813
common,0.3,S1-only seed 42 [10m],SID64,58563,10446,6005,973562,0.7806942704028581
common,0.3,S1-only seed 42 [10m],SID65,62786,1814,5923,648224,0.8902911107014733
common,0.3,S1-only seed 42 [10m],SID67,498,15046,25445,964257,0.012149601112493595
common,0.3,S1-only seed 42 [10m],SID68,39165,12975,2116,931780,0.721855647301681
common,0.3,S1-only seed 42 [10m],SID69,111369,42870,9180,885157,0.6814935839773832
common,0.3,S1-only seed 42 [10m],SID72,921065,6372,5598,115541,0.987170899269588
common,0.3,S1-only seed 42 [10m],SID78,259661,11830,9000,768085,0.9257373676873768
common,0.3,S1-only seed 42 [10m],SID79,197707,13502,39014,514673,0.7901232100965938
common,0.3,S1-only seed 42 [10m],SID80,88439,10192,3251,946652,0.8680532380597161
common,0.3,S1-only seed 42 [10m],SID81,296182,9131,274,742989,0.9692231672158829
common,0.3,S1-only seed 42 [10m],SID83,83800,2560,70822,891394,0.5331399269636472
common,0.3,S1-only seed 42 [10m],SID85,374885,6579,98,649614,0.9825008779700285
common,0.3,S1-only seed 42 [10m],SID87,7702,15555,13120,960686,0.21172719025758033
common,0.3,S1-only seed 42 [10m],SID89,24431,341,40376,638623,0.37500767483268865
common,0.3,S1-only seed 42 [10m],SID90,16369,907,21710,617790,0.4198686708049043
common,0.3,S1-only seed 42 [10m],SID91,36442,21983,893,989258,0.6143497757847534
common,0.3,S1-only seed 42 [10m],SID92,326787,110193,76442,401814,0.6364881130921543
common,0.3,S1-only seed 42 [10m],SID93,138,280967,31176,736295,0.00044190969031096994
common,0.3,S1-only seed 42 [10m],SID97,104766,41646,103068,799096,0.41993746993746994
common,0.3,S1-only seed 42 [10m],SID98,16423,8708,54203,969242,0.20701086545491215
common,0.3,S1-only seed 42 [10m],SID99,0,95599,5661,947316,0.0
common,0.3,S1-only seed 43 [10m],SID03,336602,33915,20302,657757,0.8612733771899523
common,0.3,S1-only seed 43 [10m],SID04,139932,19161,23494,865989,0.7663853395915372
common,0.3,S1-only seed 43 [10m],SID05,553325,52022,3418,439811,0.9089303754322275
common,0.3,S1-only seed 43 [10m],SID06,741190,34862,9367,263157,0.9436873821488913
common,0.3,S1-only seed 43 [10m],SID100,9318,64984,31725,773709,0.08788327501485471
common,0.3,S1-only seed 43 [10m],SID14,117052,13145,10345,908034,0.8328613510552005
common,0.3,S1-only seed 43 [10m],SID15,737599,10941,50686,249350,0.9228916476691199
common,0.3,S1-only seed 43 [10m],SID17,35189,18646,2099,992642,0.6291164586834483
common,0.3,S1-only seed 43 [10m],SID18,54241,10868,84,983383,0.8320065037657417
common,0.3,S1-only seed 43 [10m],SID21,296859,28805,6768,694043,0.8929916494200317
common,0.3,S1-only seed 43 [10m],SID22,256279,35961,10558,549770,0.8463695268793057
common,0.3,S1-only seed 43 [10m],SID23,5178,4563,125700,888771,0.03823066870445434
common,0.3,S1-only seed 43 [10m],SID25,28771,7762,4979,254457,0.6930767007130468
common,0.3,S1-only seed 43 [10m],SID26,0,12029,20453,1016094,0.0
common,0.3,S1-only seed 43 [10m],SID27,1550,7530,8280,767126,0.08928571428571429
common,0.3,S1-only seed 43 [10m],SID28,522022,16492,2622,506700,0.9646780107034091
common,0.3,S1-only seed 43 [10m],SID31,5984,4594,28127,1009871,0.15460534814623433
common,0.3,S1-only seed 43 [10m],SID33,89177,3653,193184,762362,0.31179242974120147
common,0.3,S1-only seed 43 [10m],SID36,143479,33413,18291,853393,0.7350998806248495
common,0.3,S1-only seed 43 [10m],SID37,899875,37522,2543,108636,0.9573749388258825
common,0.3,S1-only seed 43 [10m],SID39,316599,30833,7567,693577,0.8918306812131865
common,0.3,S1-only seed 43 [10m],SID40,612028,21227,267,415054,0.9660722121725844
common,0.3,S1-only seed 43 [10m],SID44,157346,20560,31110,698260,0.7527940444750642
common,0.3,S1-only seed 43 [10m],SID46,272892,23055,356960,395669,0.4179645799478333
common,0.3,S1-only seed 43 [10m],SID50,0,0,4662,595703,0.0
common,0.3,S1-only seed 43 [10m],SID51,26113,12763,6186,1003314,0.5794904797834095
common,0.3,S1-only seed 43 [10m],SID52,146671,23975,6634,871296,0.8273409296028881
common,0.3,S1-only seed 43 [10m],SID53,438887,34847,31423,543419,0.8688130620777302
common,0.3,S1-only seed 43 [10m],SID55,441305,278041,40572,288658,0.580727131085196
common,0.3,S1-only seed 43 [10m],SID59,86647,22008,1353,938568,0.7876427168933169
common,0.3,S1-only seed 43 [10m],SID61,185056,33080,8115,822325,0.8179234566919041
common,0.3,S1-only seed 43 [10m],SID63,499034,70785,10394,468263,0.860087588523525
common,0.3,S1-only seed 43 [10m],SID64,58668,11185,5900,972823,0.7744643776484099
common,0.3,S1-only seed 43 [10m],SID65,65286,2841,3423,647197,0.9124528301886793
common,0.3,S1-only seed 43 [10m],SID67,1278,16530,24665,962773,0.030089704047277094
common,0.3,S1-only seed 43 [10m],SID68,40737,15939,544,928816,0.7119363858790633
common,0.3,S1-only seed 43 [10m],SID69,112989,46379,7560,881648,0.6768726636633758
common,0.3,S1-only seed 43 [10m],SID72,921958,7885,4705,114028,0.9865282468102227
common,0.3,S1-only seed 43 [10m],SID78,260726,14103,7935,765812,0.9220622144261645
common,0.3,S1-only seed 43 [10m],SID79,212726,23991,23995,504184,0.815942495934211
common,0.3,S1-only seed 43 [10m],SID80,88686,11320,3004,945524,0.8609455392680322
common,0.3,S1-only seed 43 [10m],SID81,296331,10650,125,741470,0.9649143943784882
common,0.3,S1-only seed 43 [10m],SID83,121088,4626,33534,889328,0.7603737566562845
common,0.3,S1-only seed 43 [10m],SID85,374932,6898,51,649295,0.9818032318968475
common,0.3,S1-only seed 43 [10m],SID87,7868,20162,12954,956079,0.19197735701737265
common,0.3,S1-only seed 43 [10m],SID89,48973,2555,15834,636409,0.727012262106232
common,0.3,S1-only seed 43 [10m],SID90,16154,1881,21925,616816,0.40425425425425426
common,0.3,S1-only seed 43 [10m],SID91,36541,25868,794,985373,0.5781529357783649
common,0.3,S1-only seed 43 [10m],SID92,335980,134093,67249,377914,0.6252861412709697
common,0.3,S1-only seed 43 [10m],SID93,1110,416996,30204,600266,0.0024759652918739266
common,0.3,S1-only seed 43 [10m],SID97,117042,50075,90792,790667,0.4538112279912682
common,0.3,S1-only seed 43 [10m],SID98,19836,10270,50790,967680,0.2452037183544304
common,0.3,S1-only seed 43 [10m],SID99,0,118023,5661,924892,0.0
common,0.3,S1-only seed 44 [10m],SID03,333807,30382,23097,661290,0.8619134179908388
common,0.3,S1-only seed 44 [10m],SID04,139281,17451,24145,867699,0.7700315684138945
common,0.3,S1-only seed 44 [10m],SID05,552085,47189,4658,444644,0.9141509308995053
common,0.3,S1-only seed 44 [10m],SID06,733863,28420,16694,269599,0.9420855814741642
common,0.3,S1-only seed 44 [10m],SID100,9401,6793,31642,831900,0.19652562923321348
common,0.3,S1-only seed 44 [10m],SID14,114388,9927,13009,911252,0.8329789403163321
common,0.3,S1-only seed 44 [10m],SID15,705585,6827,82700,253464,0.8874032840656411
common,0.3,S1-only seed 44 [10m],SID17,34878,17133,2410,994155,0.6408923026037743
common,0.3,S1-only seed 44 [10m],SID18,54200,6554,125,987697,0.8902905763892311
common,0.3,S1-only seed 44 [10m],SID21,294684,25442,8943,697406,0.8955082368743333
common,0.3,S1-only seed 44 [10m],SID22,253428,21521,13409,564210,0.878865854250619
common,0.3,S1-only seed 44 [10m],SID23,1995,2113,128883,891221,0.015001015106285388
common,0.3,S1-only seed 44 [10m],SID25,28035,6175,5715,256044,0.7021916092673763
common,0.3,S1-only seed 44 [10m],SID26,0,1536,20453,1026587,0.0
common,0.3,S1-only seed 44 [10m],SID27,943,2425,8887,772231,0.07694818441452468
common,0.3,S1-only seed 44 [10m],SID28,518700,11557,5944,511635,0.9673611201769485
common,0.3,S1-only seed 44 [10m],SID31,5861,4214,28250,1010251,0.15292889758643183
common,0.3,S1-only seed 44 [10m],SID33,57470,2798,224891,763217,0.20153668655031054
common,0.3,S1-only seed 44 [10m],SID36,141678,31753,20092,855053,0.7320990269890401
common,0.3,S1-only seed 44 [10m],SID37,895549,32167,6869,113991,0.9582317285212153
common,0.3,S1-only seed 44 [10m],SID39,315070,24061,9096,700349,0.9047833740634701
common,0.3,S1-only seed 44 [10m],SID40,611889,18901,406,417380,0.9694120368316655
common,0.3,S1-only seed 44 [10m],SID44,143961,13663,44495,705157,0.7122586199219272
common,0.3,S1-only seed 44 [10m],SID46,214061,18150,415791,400574,0.33034002981472277
common,0.3,S1-only seed 44 [10m],SID50,0,0,4662,595703,0.0
common,0.3,S1-only seed 44 [10m],SID51,25780,12053,6519,1004024,0.5812590187590188
common,0.3,S1-only seed 44 [10m],SID52,144469,18145,8836,877126,0.8426305045202683
common,0.3,S1-only seed 44 [10m],SID53,423525,30263,46785,548003,0.8460803918709159
common,0.3,S1-only seed 44 [10m],SID55,465466,245732,16411,320967,0.6397199594837337
common,0.3,S1-only seed 44 [10m],SID59,86402,19618,1598,940958,0.8028582579122452
common,0.3,S1-only seed 44 [10m],SID61,183035,29374,10136,826031,0.822462872677436
common,0.3,S1-only seed 44 [10m],SID63,495320,63431,14108,475617,0.8646455759619732
common,0.3,S1-only seed 44 [10m],SID64,58497,10085,6071,973923,0.7835853883969833
common,0.3,S1-only seed 44 [10m],SID65,60061,1966,8648,648072,0.8498195967456668
common,0.3,S1-only seed 44 [10m],SID67,572,15977,25371,963326,0.013645038167938932
common,0.3,S1-only seed 44 [10m],SID68,39933,13310,1348,931445,0.7314942023410452
common,0.3,S1-only seed 44 [10m],SID69,111333,39089,9216,888938,0.6974091381751212
common,0.3,S1-only seed 44 [10m],SID72,921268,6616,5395,115297,0.9871303222294726
common,0.3,S1-only seed 44 [10m],SID78,258891,11145,9770,768770,0.9252517815915313
common,0.3,S1-only seed 44 [10m],SID79,199347,13072,37374,515103,0.7980487843934778
common,0.3,S1-only seed 44 [10m],SID80,87846,9282,3844,947562,0.8700035653448481
common,0.3,S1-only seed 44 [10m],SID81,296283,9799,173,742321,0.9674388989567517
common,0.3,S1-only seed 44 [10m],SID83,89641,3526,64981,890428,0.5668171586109214
common,0.3,S1-only seed 44 [10m],SID85,374871,6502,112,649691,0.9826624900061601
common,0.3,S1-only seed 44 [10m],SID87,6940,13202,13882,963039,0.20397366564777805
common,0.3,S1-only seed 44 [10m],SID89,37028,382,27779,638582,0.5680099403273559
common,0.3,S1-only seed 44 [10m],SID90,17325,1449,20754,617248,0.4382969034608379
common,0.3,S1-only seed 44 [10m],SID91,36492,20926,843,990315,0.6263538215959218
common,0.3,S1-only seed 44 [10m],SID92,324411,117791,78818,394216,0.6226459636866147
common,0.3,S1-only seed 44 [10m],SID93,227,500410,31087,516852,0.0004269132106130248
common,0.3,S1-only seed 44 [10m],SID97,97124,38226,110710,802516,0.3947167357555068
common,0.3,S1-only seed 44 [10m],SID98,17628,9900,52998,968050,0.21891066239475448
common,0.3,S1-only seed 44 [10m],SID99,0,108363,5661,934552,0.0
common,0.3,S1+AEF(t) seed 42 [10m],SID03,341095,20577,15809,671095,0.9036083935350389
common,0.3,S1+AEF(t) seed 42 [10m],SID04,145214,24872,18212,860278,0.7711924715079289
common,0.3,S1+AEF(t) seed 42 [10m],SID05,553838,34143,2905,457690,0.9373009345288262
common,0.3,S1+AEF(t) seed 42 [10m],SID06,738246,11003,12311,287016,0.9693865224013867
common,0.3,S1+AEF(t) seed 42 [10m],SID100,35136,1662,5907,837031,0.8227608008429926
common,0.3,S1+AEF(t) seed 42 [10m],SID14,117048,10875,10349,910304,0.8465054385558899
common,0.3,S1+AEF(t) seed 42 [10m],SID15,787077,62237,1208,198054,0.925404633860147
common,0.3,S1+AEF(t) seed 42 [10m],SID17,36721,23334,567,987954,0.6057371911187358
common,0.3,S1+AEF(t) seed 42 [10m],SID18,54325,11889,0,982362,0.8204458271664603
common,0.3,S1+AEF(t) seed 42 [10m],SID21,297239,22519,6388,700329,0.9113679149828604
common,0.3,S1+AEF(t) seed 42 [10m],SID22,262695,28791,4142,556940,0.8885998619887155
common,0.3,S1+AEF(t) seed 42 [10m],SID23,121366,8709,9512,884625,0.8694649215184795
common,0.3,S1+AEF(t) seed 42 [10m],SID25,31163,5752,2587,256467,0.7888967647207736
common,0.3,S1+AEF(t) seed 42 [10m],SID26,5867,1413,14586,1026710,0.2683161071983902
common,0.3,S1+AEF(t) seed 42 [10m],SID27,9175,9522,655,765134,0.47411120297643655
common,0.3,S1+AEF(t) seed 42 [10m],SID28,524644,155684,0,367508,0.7711633212215284
common,0.3,S1+AEF(t) seed 42 [10m],SID31,12932,10174,21179,1004291,0.29201761318730945
common,0.3,S1+AEF(t) seed 42 [10m],SID33,182282,1104,100079,764911,0.6430494064522957
common,0.3,S1+AEF(t) seed 42 [10m],SID36,133212,6132,28558,880674,0.7933913830686948
common,0.3,S1+AEF(t) seed 42 [10m],SID37,881747,5518,20671,140640,0.9711554558911641
common,0.3,S1+AEF(t) seed 42 [10m],SID39,315212,11953,8954,712457,0.9377988153005334
common,0.3,S1+AEF(t) seed 42 [10m],SID40,612113,11340,182,424941,0.9815244493974841
common,0.3,S1+AEF(t) seed 42 [10m],SID44,187950,21997,506,696823,0.8930735128508503
common,0.3,S1+AEF(t) seed 42 [10m],SID46,578963,93144,50889,325580,0.8007831301971242
common,0.3,S1+AEF(t) seed 42 [10m],SID50,155,0,4507,595703,0.03324753324753325
common,0.3,S1+AEF(t) seed 42 [10m],SID51,28369,10094,3930,1005983,0.6691906682707051
common,0.3,S1+AEF(t) seed 42 [10m],SID52,148299,16479,5006,878792,0.8734568628374876
common,0.3,S1+AEF(t) seed 42 [10m],SID53,469662,91666,648,486600,0.8357331985707575
common,0.3,S1+AEF(t) seed 42 [10m],SID55,481877,373199,0,193500,0.5635487371882734
common,0.3,S1+AEF(t) seed 42 [10m],SID59,87299,23281,701,937295,0.784491512477422
common,0.3,S1+AEF(t) seed 42 [10m],SID61,183594,7815,9577,847590,0.9134666096146
common,0.3,S1+AEF(t) seed 42 [10m],SID63,493703,20630,15725,518418,0.9314131661063506
common,0.3,S1+AEF(t) seed 42 [10m],SID64,57967,4645,6601,979363,0.837516073569994
common,0.3,S1+AEF(t) seed 42 [10m],SID65,67676,4805,1033,645233,0.9205865549419159
common,0.3,S1+AEF(t) seed 42 [10m],SID67,16651,8297,9292,971006,0.48630257009345795
common,0.3,S1+AEF(t) seed 42 [10m],SID68,41281,13683,0,931072,0.7510552361545739
common,0.3,S1+AEF(t) seed 42 [10m],SID69,110561,29482,9988,898545,0.7369210363191607
common,0.3,S1+AEF(t) seed 42 [10m],SID72,918047,2439,8616,119474,0.98810141405357
common,0.3,S1+AEF(t) seed 42 [10m],SID78,264346,16369,4315,763546,0.9274322001192857
common,0.3,S1+AEF(t) seed 42 [10m],SID79,221985,4438,14736,523737,0.9204922893194946
common,0.3,S1+AEF(t) seed 42 [10m],SID80,90584,10947,1106,945897,0.8825667157068113
common,0.3,S1+AEF(t) seed 42 [10m],SID81,296075,5426,381,746694,0.9807640071286131
common,0.3,S1+AEF(t) seed 42 [10m],SID83,153802,8234,820,885720,0.9444048730166528
common,0.3,S1+AEF(t) seed 42 [10m],SID85,374983,7382,0,648811,0.9806938396558262
common,0.3,S1+AEF(t) seed 42 [10m],SID87,17727,25808,3095,950433,0.38016298520265923
common,0.3,S1+AEF(t) seed 42 [10m],SID89,64247,4535,560,634429,0.9265236076259699
common,0.3,S1+AEF(t) seed 42 [10m],SID90,31276,2484,6803,616213,0.7710475063481498
common,0.3,S1+AEF(t) seed 42 [10m],SID91,37322,32864,13,978377,0.5316599951566262
common,0.3,S1+AEF(t) seed 42 [10m],SID92,280130,10721,123099,501286,0.6767242420582196
common,0.3,S1+AEF(t) seed 42 [10m],SID93,0,0,31314,1017262,0.0
common,0.3,S1+AEF(t) seed 42 [10m],SID97,200737,89826,7097,750916,0.6743835248269838
common,0.3,S1+AEF(t) seed 42 [10m],SID98,46614,30297,24012,947653,0.46187687643054604
common,0.3,S1+AEF(t) seed 42 [10m],SID99,222,38386,5439,1004529,0.005040070833427929
common,0.3,S1+AEF(t) seed 43 [10m],SID03,343228,28657,13676,663015,0.8902041440913371
common,0.3,S1+AEF(t) seed 43 [10m],SID04,144043,22449,19383,862701,0.7749455279085407
common,0.3,S1+AEF(t) seed 43 [10m],SID05,554938,38310,1805,453523,0.9325858368918399
common,0.3,S1+AEF(t) seed 43 [10m],SID06,742404,14749,8153,283270,0.9700747152119544
common,0.3,S1+AEF(t) seed 43 [10m],SID100,35821,2348,5222,836345,0.8255398584960014
common,0.3,S1+AEF(t) seed 43 [10m],SID14,116602,10090,10795,911089,0.8480947289561922
common,0.3,S1+AEF(t) seed 43 [10m],SID15,788175,83960,110,176331,0.903616529759414
common,0.3,S1+AEF(t) seed 43 [10m],SID17,36655,21878,633,989410,0.6195281073589561
common,0.3,S1+AEF(t) seed 43 [10m],SID18,54325,10450,0,983801,0.8386723272867619
common,0.3,S1+AEF(t) seed 43 [10m],SID21,298362,25731,5265,697117,0.905889639844789
common,0.3,S1+AEF(t) seed 43 [10m],SID22,262500,27812,4337,557919,0.8908905171916416
common,0.3,S1+AEF(t) seed 43 [10m],SID23,119234,7296,11644,886038,0.8629264550494304
common,0.3,S1+AEF(t) seed 43 [10m],SID25,31533,6640,2217,255579,0.780713047784105
common,0.3,S1+AEF(t) seed 43 [10m],SID26,5027,1191,15426,1026932,0.23225836259471447
common,0.3,S1+AEF(t) seed 43 [10m],SID27,8707,7429,1123,767227,0.5044904108001622
common,0.3,S1+AEF(t) seed 43 [10m],SID28,524644,157940,0,365252,0.768614558794229
common,0.3,S1+AEF(t) seed 43 [10m],SID31,12253,8083,21858,1006382,0.2903967388728255
common,0.3,S1+AEF(t) seed 43 [10m],SID33,166577,498,115784,765517,0.5889047193124489
common,0.3,S1+AEF(t) seed 43 [10m],SID36,135981,8506,25789,878300,0.7985916981841246
common,0.3,S1+AEF(t) seed 43 [10m],SID37,884741,7635,17677,138523,0.9721862353071744
common,0.3,S1+AEF(t) seed 43 [10m],SID39,315016,11717,9150,712693,0.9378742002423462
common,0.3,S1+AEF(t) seed 43 [10m],SID40,612091,10058,204,426223,0.9835109656416857
common,0.3,S1+AEF(t) seed 43 [10m],SID44,187750,21657,706,697163,0.893566795010304
common,0.3,S1+AEF(t) seed 43 [10m],SID46,593266,99867,36586,318857,0.8130061023489864
common,0.3,S1+AEF(t) seed 43 [10m],SID50,121,0,4541,595703,0.025954525954525954
common,0.3,S1+AEF(t) seed 43 [10m],SID51,28241,10218,4058,1005859,0.6642284262765482
common,0.3,S1+AEF(t) seed 43 [10m],SID52,148454,18289,4851,876982,0.8651468000046622
common,0.3,S1+AEF(t) seed 43 [10m],SID53,469720,91065,590,487201,0.8367312402582944
common,0.3,S1+AEF(t) seed 43 [10m],SID55,481877,371989,0,194710,0.5643473331881115
common,0.3,S1+AEF(t) seed 43 [10m],SID59,87339,26660,661,933916,0.7617216117216117
common,0.3,S1+AEF(t) seed 43 [10m],SID61,186952,10409,6219,844996,0.9183220355634149
common,0.3,S1+AEF(t) seed 43 [10m],SID63,499846,29451,9582,509597,0.9275662996702414
common,0.3,S1+AEF(t) seed 43 [10m],SID64,57970,4890,6598,979118,0.834605085087391
common,0.3,S1+AEF(t) seed 43 [10m],SID65,67746,4409,963,645629,0.92652971908422
common,0.3,S1+AEF(t) seed 43 [10m],SID67,14520,5930,11423,973373,0.45555799579581463
common,0.3,S1+AEF(t) seed 43 [10m],SID68,41281,12395,0,932360,0.7690774275281318
common,0.3,S1+AEF(t) seed 43 [10m],SID69,111773,32689,8776,895338,0.7294078492279983
common,0.3,S1+AEF(t) seed 43 [10m],SID72,918785,2894,7878,119019,0.9884116842754129
common,0.3,S1+AEF(t) seed 43 [10m],SID78,264023,14722,4638,765193,0.9316825638799787
common,0.3,S1+AEF(t) seed 43 [10m],SID79,219312,4204,17409,523971,0.9102915845180035
common,0.3,S1+AEF(t) seed 43 [10m],SID80,90573,10229,1117,946615,0.8886763017690519
common,0.3,S1+AEF(t) seed 43 [10m],SID81,296138,5615,318,746505,0.9803589222401355
common,0.3,S1+AEF(t) seed 43 [10m],SID83,152984,7359,1638,886595,0.944456448595823
common,0.3,S1+AEF(t) seed 43 [10m],SID85,374983,7212,0,648981,0.9811300514135455
common,0.3,S1+AEF(t) seed 43 [10m],SID87,17781,25406,3041,950835,0.3846370165267803
common,0.3,S1+AEF(t) seed 43 [10m],SID89,64042,4208,765,634756,0.9279432007534594
common,0.3,S1+AEF(t) seed 43 [10m],SID90,30584,2341,7495,616356,0.7566551212271153
common,0.3,S1+AEF(t) seed 43 [10m],SID91,37305,30803,30,980438,0.5474918547653291
common,0.3,S1+AEF(t) seed 43 [10m],SID92,277897,8797,125332,503210,0.6744647182459359
common,0.3,S1+AEF(t) seed 43 [10m],SID93,0,0,31314,1017262,0.0
common,0.3,S1+AEF(t) seed 43 [10m],SID97,199095,81711,8739,759031,0.6876133243537274
common,0.3,S1+AEF(t) seed 43 [10m],SID98,44283,25211,26343,952739,0.462065799221595
common,0.3,S1+AEF(t) seed 43 [10m],SID99,291,35157,5370,1007758,0.007129207702484198
common,0.3,S1+AEF(t) seed 44 [10m],SID03,340531,19029,16373,672643,0.9058289642037278
common,0.3,S1+AEF(t) seed 44 [10m],SID04,143378,22248,20048,862902,0.7722028932429957
common,0.3,S1+AEF(t) seed 44 [10m],SID05,554586,36505,2157,455328,0.9348299530719025
common,0.3,S1+AEF(t) seed 44 [10m],SID06,741738,13568,8819,284451,0.9707024374284312
common,0.3,S1+AEF(t) seed 44 [10m],SID100,35000,1617,6043,837076,0.8204406938584153
common,0.3,S1+AEF(t) seed 44 [10m],SID14,116970,10827,10427,910352,0.8462350966547054
common,0.3,S1+AEF(t) seed 44 [10m],SID15,788178,85099,107,175192,0.9024415377428485
common,0.3,S1+AEF(t) seed 44 [10m],SID17,36689,22256,599,989032,0.6161661964261722
common,0.3,S1+AEF(t) seed 44 [10m],SID18,54325,9787,0,984464,0.8473452707761417
common,0.3,S1+AEF(t) seed 44 [10m],SID21,297436,22634,6191,700214,0.9116504884126512
common,0.3,S1+AEF(t) seed 44 [10m],SID22,262701,29386,4136,556345,0.8868352558714212
common,0.3,S1+AEF(t) seed 44 [10m],SID23,117446,6578,13432,886756,0.8544261436386916
common,0.3,S1+AEF(t) seed 44 [10m],SID25,31381,5938,2369,256281,0.7906924007256602
common,0.3,S1+AEF(t) seed 44 [10m],SID26,5833,1360,14620,1026763,0.26740934305230823
common,0.3,S1+AEF(t) seed 44 [10m],SID27,9237,9380,593,765276,0.4808433107756377
common,0.3,S1+AEF(t) seed 44 [10m],SID28,524644,163005,0,360187,0.7629531926898752
common,0.3,S1+AEF(t) seed 44 [10m],SID31,12503,8936,21608,1005529,0.29044997328501404
common,0.3,S1+AEF(t) seed 44 [10m],SID33,175504,683,106857,765332,0.6200590720877319
common,0.3,S1+AEF(t) seed 44 [10m],SID36,132376,5465,29394,881341,0.7915567913415253
common,0.3,S1+AEF(t) seed 44 [10m],SID37,881456,5142,20962,141016,0.9712371633831371
common,0.3,S1+AEF(t) seed 44 [10m],SID39,315039,10362,9127,714048,0.9417417973981251
common,0.3,S1+AEF(t) seed 44 [10m],SID40,612128,10802,167,425479,0.9823959993387867
common,0.3,S1+AEF(t) seed 44 [10m],SID44,188166,25120,290,693700,0.8810259579728059
common,0.3,S1+AEF(t) seed 44 [10m],SID46,589816,101486,40036,317238,0.8064889285118508
common,0.3,S1+AEF(t) seed 44 [10m],SID50,220,2,4442,595701,0.04716981132075472
common,0.3,S1+AEF(t) seed 44 [10m],SID51,28168,9037,4131,1007040,0.6814399071027676
common,0.3,S1+AEF(t) seed 44 [10m],SID52,148177,15715,5128,879556,0.8766832327535203
common,0.3,S1+AEF(t) seed 44 [10m],SID53,469674,93059,636,485207,0.8336880446030932
common,0.3,S1+AEF(t) seed 44 [10m],SID55,481877,376096,0,190603,0.561645879299232
common,0.3,S1+AEF(t) seed 44 [10m],SID59,87346,27086,654,933490,0.7589628625549589
common,0.3,S1+AEF(t) seed 44 [10m],SID61,185233,9235,7938,846170,0.915155677203245
common,0.3,S1+AEF(t) seed 44 [10m],SID63,497374,25843,12054,513205,0.9292003489821044
common,0.3,S1+AEF(t) seed 44 [10m],SID64,57916,4527,6652,979481,0.8382082639843693
common,0.3,S1+AEF(t) seed 44 [10m],SID65,67174,2695,1535,647343,0.9407596213097306
common,0.3,S1+AEF(t) seed 44 [10m],SID67,15479,6241,10464,973062,0.48095326870494653
common,0.3,S1+AEF(t) seed 44 [10m],SID68,41281,13036,0,931719,0.7600014728353922
common,0.3,S1+AEF(t) seed 44 [10m],SID69,110813,29909,9736,898118,0.7365045394728097
common,0.3,S1+AEF(t) seed 44 [10m],SID72,919070,2943,7593,118970,0.9886661660961741
common,0.3,S1+AEF(t) seed 44 [10m],SID78,263563,14072,5098,765843,0.932197514969954
common,0.3,S1+AEF(t) seed 44 [10m],SID79,221596,4565,15125,523610,0.918395596926469
common,0.3,S1+AEF(t) seed 44 [10m],SID80,90587,10608,1103,946236,0.8855207335431777
common,0.3,S1+AEF(t) seed 44 [10m],SID81,296174,6045,282,746075,0.9790843666632507
common,0.3,S1+AEF(t) seed 44 [10m],SID83,152370,7221,2252,886733,0.9414679658681562
common,0.3,S1+AEF(t) seed 44 [10m],SID85,374983,7875,0,648318,0.9794310161992175
common,0.3,S1+AEF(t) seed 44 [10m],SID87,17134,21676,3688,954565,0.40317191397242225
common,0.3,S1+AEF(t) seed 44 [10m],SID89,64147,3816,660,635148,0.9347740553458753
common,0.3,S1+AEF(t) seed 44 [10m],SID90,30724,2197,7355,616500,0.7628364286423677
common,0.3,S1+AEF(t) seed 44 [10m],SID91,37322,32123,13,979118,0.5373319128106193
common,0.3,S1+AEF(t) seed 44 [10m],SID92,280583,9861,122646,502146,0.679229707811857
common,0.3,S1+AEF(t) seed 44 [10m],SID93,0,0,31314,1017262,0.0
common,0.3,S1+AEF(t) seed 44 [10m],SID97,200403,85074,7431,755668,0.684184112417551
common,0.3,S1+AEF(t) seed 44 [10m],SID98,44328,25270,26298,952680,0.4622507716693084
common,0.3,S1+AEF(t) seed 44 [10m],SID99,396,38174,5265,1004741,0.00903387703889586
common,0.5,S1-only [3m],SID03,287674,2015,69230,689657,0.8015011743596745
common,0.5,S1-only [3m],SID04,107989,88,55437,885062,0.6604266301356458
common,0.5,S1-only [3m],SID05,406851,4584,149892,487249,0.7248021206890102
common,0.5,S1-only [3m],SID06,162799,4079,587758,293940,0.21573182302461055
common,0.5,S1-only [3m],SID100,7629,4032,33414,834661,0.1692512479201331
common,0.5,S1-only [3m],SID14,41802,78,85595,921101,0.32792312218081976
common,0.5,S1-only [3m],SID15,147800,0,640485,260291,0.1874956392675238
common,0.5,S1-only [3m],SID17,8753,378,28535,1010910,0.2323846439759996
common,0.5,S1-only [3m],SID18,48846,2099,5479,992152,0.8656954487452148
common,0.5,S1-only [3m],SID21,276388,11174,27239,711674,0.8779768806325265
common,0.5,S1-only [3m],SID22,183775,5409,83062,580322,0.6750328746795178
common,0.5,S1-only [3m],SID23,315,742,130563,892592,0.00239325330496885
common,0.5,S1-only [3m],SID25,4153,221,29597,261998,0.12225133201848636
common,0.5,S1-only [3m],SID26,20,37949,20433,990174,0.00034245402554707033
common,0.5,S1-only [3m],SID27,11,3596,9819,771060,0.0008193058245195889
common,0.5,S1-only [3m],SID28,360796,158,163848,523034,0.6874897580420807
common,0.5,S1-only [3m],SID31,0,13,34111,1014452,0.0
common,0.5,S1-only [3m],SID33,10830,5,271531,766010,0.03835447610548012
common,0.5,S1-only [3m],SID36,111047,7415,50723,879391,0.6563643348996661
common,0.5,S1-only [3m],SID37,356428,14063,545990,132095,0.38890931726898864
common,0.5,S1-only [3m],SID39,192236,588,131930,723822,0.5919434402655549
common,0.5,S1-only [3m],SID40,513416,1092,98879,435189,0.8370180652671152
common,0.5,S1-only [3m],SID44,90686,2976,97770,715844,0.47372435120565004
common,0.5,S1-only [3m],SID46,51364,715,578488,418009,0.08145684756734811
common,0.5,S1-only [3m],SID50,6,633,4656,595070,0.0011331444759206798
common,0.5,S1-only [3m],SID51,4872,77,27427,1016000,0.15048183839881393
common,0.5,S1-only [3m],SID52,127907,5381,25398,889890,0.8060383398661508
common,0.5,S1-only [3m],SID53,12268,2085,458042,576181,0.025969792228960932
common,0.5,S1-only [3m],SID55,36257,21138,445620,545561,0.07207936145045377
common,0.5,S1-only [3m],SID59,62196,386,25804,960190,0.7036861041341389
common,0.5,S1-only [3m],SID61,141273,1555,51898,853850,0.7254963384447891
common,0.5,S1-only [3m],SID63,394115,3789,115313,535259,0.7679305245149712
common,0.5,S1-only [3m],SID64,53524,2210,11044,981798,0.8015214591631975
common,0.5,S1-only [3m],SID65,35814,1488,32895,648550,0.5101927432796274
common,0.5,S1-only [3m],SID67,162,3773,25781,975530,0.005451608561044555
common,0.5,S1-only [3m],SID68,14248,1123,27033,943632,0.33600603716630506
common,0.5,S1-only [3m],SID69,40356,2006,80193,926021,0.32928889070213374
common,0.5,S1-only [3m],SID72,908229,597,18434,121316,0.9794760908483058
common,0.5,S1-only [3m],SID78,136665,1023,131996,778892,0.5067597632785037
common,0.5,S1-only [3m],SID79,119325,9077,117396,519098,0.4854596050415382
common,0.5,S1-only [3m],SID80,68469,79,23221,956765,0.7461016247316632
common,0.5,S1-only [3m],SID81,263526,43,32930,752077,0.8887922050327319
common,0.5,S1-only [3m],SID83,3536,28,151086,893926,0.02286453281603621
common,0.5,S1-only [3m],SID85,351164,529,23819,655664,0.9351605274931294
common,0.5,S1-only [3m],SID87,2617,5040,18205,971201,0.10119093650916403
common,0.5,S1-only [3m],SID89,16318,931,48489,638033,0.24822781344123643
common,0.5,S1-only [3m],SID90,986,2307,37093,616390,0.024414401030059922
common,0.5,S1-only [3m],SID91,23560,3624,13775,1007617,0.5752093556971606
common,0.5,S1-only [3m],SID92,267057,58916,136172,453091,0.5778640902746973
common,0.5,S1-only [3m],SID93,0,11864,31314,1005398,0.0
common,0.5,S1-only [3m],SID97,34831,16088,173003,824654,0.1555497003420834
common,0.5,S1-only [3m],SID98,1532,13865,69094,964085,0.01813210874531015
common,0.5,S1-only [3m],SID99,0,14949,5661,1027966,0.0
common,0.5,S1+AEF(t) [3m],SID03,331500,4735,25404,686937,0.9166599841278181
common,0.5,S1+AEF(t) [3m],SID04,145729,12815,17697,872335,0.8268734289977928
common,0.5,S1+AEF(t) [3m],SID05,546999,19169,9744,472664,0.9497961494117156
common,0.5,S1+AEF(t) [3m],SID06,730756,5924,19801,292095,0.9659938584049037
common,0.5,S1+AEF(t) [3m],SID100,34714,1280,6329,837413,0.8202159582260237
common,0.5,S1+AEF(t) [3m],SID14,114221,4349,13176,916830,0.8669788836093696
common,0.5,S1+AEF(t) [3m],SID15,788084,84435,201,175856,0.9030204418370154
common,0.5,S1+AEF(t) [3m],SID17,36573,15129,715,996159,0.6977316519449797
common,0.5,S1+AEF(t) [3m],SID18,54266,18754,59,975497,0.7425662639061837
common,0.5,S1+AEF(t) [3m],SID21,295021,16574,8606,706274,0.9213618945599795
common,0.5,S1+AEF(t) [3m],SID22,260633,16023,6204,569708,0.9214204907021141
common,0.5,S1+AEF(t) [3m],SID23,123417,7082,7461,886252,0.8945853870687156
common,0.5,S1+AEF(t) [3m],SID25,30766,2844,2984,259375,0.8407389189484615
common,0.5,S1+AEF(t) [3m],SID26,10779,2734,9674,1025389,0.4648725578988226
common,0.5,S1+AEF(t) [3m],SID27,8743,6667,1087,767989,0.5299751469964236
common,0.5,S1+AEF(t) [3m],SID28,524644,210995,0,312197,0.7131813294292445
common,0.5,S1+AEF(t) [3m],SID31,11958,5785,22153,1008680,0.2997292961700421
common,0.5,S1+AEF(t) [3m],SID33,187325,196,95036,765819,0.6629635790300719
common,0.5,S1+AEF(t) [3m],SID36,114648,474,47122,886332,0.7066393826582185
common,0.5,S1+AEF(t) [3m],SID37,874576,4059,27842,142099,0.9648077116132014
common,0.5,S1+AEF(t) [3m],SID39,306195,1659,17971,722751,0.939752934857669
common,0.5,S1+AEF(t) [3m],SID40,610362,4188,1933,432093,0.990071096851008
common,0.5,S1+AEF(t) [3m],SID44,187223,13087,1233,705733,0.9289481649077368
common,0.5,S1+AEF(t) [3m],SID46,593809,87256,36043,331468,0.8280607663001947
common,0.5,S1+AEF(t) [3m],SID50,161,0,4501,595703,0.03453453453453453
common,0.5,S1+AEF(t) [3m],SID51,28904,5525,3395,1010552,0.76417089678511
common,0.5,S1+AEF(t) [3m],SID52,147276,7929,6029,887342,0.9134301698152995
common,0.5,S1+AEF(t) [3m],SID53,469471,91991,839,486275,0.8349104838867439
common,0.5,S1+AEF(t) [3m],SID55,481877,373544,0,193155,0.5633214522439828
common,0.5,S1+AEF(t) [3m],SID59,86578,11532,1422,949044,0.8698509022224008
common,0.5,S1+AEF(t) [3m],SID61,173627,2482,19544,852923,0.8874231419911782
common,0.5,S1+AEF(t) [3m],SID63,474364,2874,35064,536174,0.9259460240248916
common,0.5,S1+AEF(t) [3m],SID64,54884,883,9684,983125,0.8385509770668134
common,0.5,S1+AEF(t) [3m],SID65,66664,1584,2045,648454,0.948373237733487
common,0.5,S1+AEF(t) [3m],SID67,18829,9430,7114,969873,0.5322986458598366
common,0.5,S1+AEF(t) [3m],SID68,41268,8125,13,936630,0.8352831639881796
common,0.5,S1+AEF(t) [3m],SID69,101758,12783,18791,915244,0.7631926319263193
common,0.5,S1+AEF(t) [3m],SID72,913509,578,13154,121335,0.9851904736740502
common,0.5,S1+AEF(t) [3m],SID78,264075,10426,4586,769489,0.9462103215126466
common,0.5,S1+AEF(t) [3m],SID79,216149,3605,20572,524570,0.8993991494886113
common,0.5,S1+AEF(t) [3m],SID80,89979,6039,1711,950805,0.9206990760163308
common,0.5,S1+AEF(t) [3m],SID81,293882,904,2574,751216,0.988303739574926
common,0.5,S1+AEF(t) [3m],SID83,152589,5307,2033,888647,0.9541046339313071
common,0.5,S1+AEF(t) [3m],SID85,374956,3922,27,652271,0.9895778625249073
common,0.5,S1+AEF(t) [3m],SID87,17166,18803,3656,957438,0.433211356466877
common,0.5,S1+AEF(t) [3m],SID89,63683,2427,1124,636537,0.9471844602433293
common,0.5,S1+AEF(t) [3m],SID90,28101,818,9978,617879,0.722446461166671
common,0.5,S1+AEF(t) [3m],SID91,37029,21596,306,989645,0.6283450136600431
common,0.5,S1+AEF(t) [3m],SID92,271990,5382,131239,506625,0.6656453203658247
common,0.5,S1+AEF(t) [3m],SID93,0,0,31314,1017262,0.0
common,0.5,S1+AEF(t) [3m],SID97,200136,79048,7698,761694,0.6976248074121068
common,0.5,S1+AEF(t) [3m],SID98,47310,21939,23316,956011,0.5111003078917518
common,0.5,S1+AEF(t) [3m],SID99,467,19707,5194,1023208,0.018409019236833805
common,0.5,S1+AEF(t-1) swap [3m],SID03,304676,700,52228,690972,0.8519927070167
common,0.5,S1+AEF(t-1) swap [3m],SID04,145820,14254,17606,870896,0.8206888788833858
common,0.5,S1+AEF(t-1) swap [3m],SID05,549724,23110,7019,468723,0.9480402791742045
common,0.5,S1+AEF(t-1) swap [3m],SID06,730249,5176,20308,292843,0.9662790959240896
common,0.5,S1+AEF(t-1) swap [3m],SID100,35165,5495,5878,833198,0.7556190639907172
common,0.5,S1+AEF(t-1) swap [3m],SID14,124078,94631,3319,826548,0.5588394256580251
common,0.5,S1+AEF(t-1) swap [3m],SID15,788083,73068,202,187223,0.9149361527736015
common,0.5,S1+AEF(t-1) swap [3m],SID17,36628,15833,660,995455,0.6895201521055703
common,0.5,S1+AEF(t-1) swap [3m],SID18,54121,2459,204,991792,0.9531029867568329
common,0.5,S1+AEF(t-1) swap [3m],SID21,295411,18698,8216,704150,0.9165004265880711
common,0.5,S1+AEF(t-1) swap [3m],SID22,259223,14711,7614,571020,0.9207062383678805
common,0.5,S1+AEF(t-1) swap [3m],SID23,130552,23565,326,869769,0.8453086251885809
common,0.5,S1+AEF(t-1) swap [3m],SID25,30945,3475,2805,258744,0.8312961719274681
common,0.5,S1+AEF(t-1) swap [3m],SID26,10855,2487,9598,1025636,0.47319093286835223
common,0.5,S1+AEF(t-1) swap [3m],SID27,9153,8466,677,766190,0.5002732837778749
common,0.5,S1+AEF(t-1) swap [3m],SID28,524644,184738,0,338454,0.7395789574587458
common,0.5,S1+AEF(t-1) swap [3m],SID31,9621,3574,24490,1010891,0.2553005174472602
common,0.5,S1+AEF(t-1) swap [3m],SID33,214262,2084,68099,763931,0.7532633725324756
common,0.5,S1+AEF(t-1) swap [3m],SID36,100833,289,60937,886517,0.6221993224689774
common,0.5,S1+AEF(t-1) swap [3m],SID37,886740,9284,15678,136874,0.9726204395734571
common,0.5,S1+AEF(t-1) swap [3m],SID39,309516,4387,14650,720023,0.9420580545604514
common,0.5,S1+AEF(t-1) swap [3m],SID40,611289,6028,1006,430253,0.9886240686502039
common,0.5,S1+AEF(t-1) swap [3m],SID44,187663,13438,793,705382,0.9295125164690382
common,0.5,S1+AEF(t-1) swap [3m],SID46,588829,84724,41023,334000,0.8240257159490383
common,0.5,S1+AEF(t-1) swap [3m],SID50,438,27,4224,595676,0.09341010876519514
common,0.5,S1+AEF(t-1) swap [3m],SID51,29079,5882,3220,1010195,0.7616091773395144
common,0.5,S1+AEF(t-1) swap [3m],SID52,149610,32133,3695,863138,0.8067925667878213
common,0.5,S1+AEF(t-1) swap [3m],SID53,469642,82932,668,495334,0.848890720516519
common,0.5,S1+AEF(t-1) swap [3m],SID55,481877,369834,0,196865,0.5657752453590479
common,0.5,S1+AEF(t-1) swap [3m],SID59,87176,13905,824,946671,0.855463421814435
common,0.5,S1+AEF(t-1) swap [3m],SID61,174328,2589,18843,852816,0.8905190028606457
common,0.5,S1+AEF(t-1) swap [3m],SID63,471193,2137,38235,536911,0.9210813875069639
common,0.5,S1+AEF(t-1) swap [3m],SID64,54607,991,9961,983017,0.8329443707195046
common,0.5,S1+AEF(t-1) swap [3m],SID65,65914,882,2795,649156,0.9471627078214137
common,0.5,S1+AEF(t-1) swap [3m],SID67,21579,47513,4364,931790,0.29376769766935307
common,0.5,S1+AEF(t-1) swap [3m],SID68,41277,8493,4,936262,0.8292883834933901
common,0.5,S1+AEF(t-1) swap [3m],SID69,96081,12403,24468,915624,0.7226743486371021
common,0.5,S1+AEF(t-1) swap [3m],SID72,909335,140,17328,121773,0.9811524131881316
common,0.5,S1+AEF(t-1) swap [3m],SID78,265459,13041,3202,766874,0.9423397774953675
common,0.5,S1+AEF(t-1) swap [3m],SID79,199364,2313,37357,525862,0.834040345724876
common,0.5,S1+AEF(t-1) swap [3m],SID80,89736,7066,1954,949778,0.9086637773907408
common,0.5,S1+AEF(t-1) swap [3m],SID81,295027,2020,1429,750100,0.9884446320642196
common,0.5,S1+AEF(t-1) swap [3m],SID83,151862,5247,2760,888707,0.9499152431052924
common,0.5,S1+AEF(t-1) swap [3m],SID85,374946,4480,37,651713,0.9880963361381742
common,0.5,S1+AEF(t-1) swap [3m],SID87,16881,16757,3941,959484,0.4492136565635062
common,0.5,S1+AEF(t-1) swap [3m],SID89,63454,2157,1353,636807,0.9475837763574458
common,0.5,S1+AEF(t-1) swap [3m],SID90,28457,1355,9622,617342,0.7216361515443526
common,0.5,S1+AEF(t-1) swap [3m],SID91,36847,19862,488,991379,0.6442121090266972
common,0.5,S1+AEF(t-1) swap [3m],SID92,250909,977,152320,511030,0.620745362513174
common,0.5,S1+AEF(t-1) swap [3m],SID93,0,0,31314,1017262,0.0
common,0.5,S1+AEF(t-1) swap [3m],SID97,191902,87216,15932,753526,0.6504050160989663
common,0.5,S1+AEF(t-1) swap [3m],SID98,44577,18329,26049,959621,0.5011185430835816
common,0.5,S1+AEF(t-1) swap [3m],SID99,306,13052,5355,1029863,0.016352268476460215
common,0.5,S1+AEF(t-1) trained [3m],SID03,301607,676,55297,690996,0.84346719615191
common,0.5,S1+AEF(t-1) trained [3m],SID04,145153,12844,18273,872306,0.8234696771997504
common,0.5,S1+AEF(t-1) trained [3m],SID05,545271,18954,11472,472879,0.9471492816533698
common,0.5,S1+AEF(t-1) trained [3m],SID06,726268,4726,24289,293293,0.9615839360875328
common,0.5,S1+AEF(t-1) trained [3m],SID100,34997,5170,6046,833523,0.7572977300759527
common,0.5,S1+AEF(t-1) trained [3m],SID14,122705,69187,4692,851992,0.624186098563464
common,0.5,S1+AEF(t-1) trained [3m],SID15,787521,70836,764,189455,0.9166590037957401
common,0.5,S1+AEF(t-1) trained [3m],SID17,36233,12826,1055,998462,0.7230115337031569
common,0.5,S1+AEF(t-1) trained [3m],SID18,54087,2352,238,991899,0.9543024507295729
common,0.5,S1+AEF(t-1) trained [3m],SID21,294189,17116,9438,705732,0.9172109757656441
common,0.5,S1+AEF(t-1) trained [3m],SID22,258667,13752,8170,571979,0.9218714917548443
common,0.5,S1+AEF(t-1) trained [3m],SID23,130493,23108,385,870226,0.8474341823282636
common,0.5,S1+AEF(t-1) trained [3m],SID25,30439,3114,3311,259105,0.8257107204861112
common,0.5,S1+AEF(t-1) trained [3m],SID26,11580,3157,8873,1024966,0.49047013977128334
common,0.5,S1+AEF(t-1) trained [3m],SID27,8788,7616,1042,767040,0.503725782414307
common,0.5,S1+AEF(t-1) trained [3m],SID28,524644,172810,0,350382,0.7522273870391453
common,0.5,S1+AEF(t-1) trained [3m],SID31,9432,3382,24679,1011083,0.2515669591657109
common,0.5,S1+AEF(t-1) trained [3m],SID33,206960,1681,75401,764334,0.7286246400180255
common,0.5,S1+AEF(t-1) trained [3m],SID36,103895,573,57875,886233,0.6399721577154543
common,0.5,S1+AEF(t-1) trained [3m],SID37,891815,11281,10603,134877,0.9760490051975541
common,0.5,S1+AEF(t-1) trained [3m],SID39,309402,4289,14764,720121,0.9419920537059872
common,0.5,S1+AEF(t-1) trained [3m],SID40,610995,5154,1300,431127,0.9895473148389584
common,0.5,S1+AEF(t-1) trained [3m],SID44,187486,12718,970,706102,0.9319593983317924
common,0.5,S1+AEF(t-1) trained [3m],SID46,588801,85144,41051,333580,0.823502509104946
common,0.5,S1+AEF(t-1) trained [3m],SID50,303,8,4359,595695,0.06488222698072806
common,0.5,S1+AEF(t-1) trained [3m],SID51,28157,4248,4142,1011829,0.7704325936465374
common,0.5,S1+AEF(t-1) trained [3m],SID52,149010,25556,4295,869715,0.833105036872208
common,0.5,S1+AEF(t-1) trained [3m],SID53,469792,85763,518,492503,0.8448387172187825
common,0.5,S1+AEF(t-1) trained [3m],SID55,481877,372338,0,194361,0.5641167621734575
common,0.5,S1+AEF(t-1) trained [3m],SID59,87132,13894,868,946682,0.8551239523426306
common,0.5,S1+AEF(t-1) trained [3m],SID61,170345,2291,22826,853114,0.8714993195608354
common,0.5,S1+AEF(t-1) trained [3m],SID63,462197,1518,47231,537530,0.9045907003871251
common,0.5,S1+AEF(t-1) trained [3m],SID64,55058,1050,9510,982958,0.8390685482641957
common,0.5,S1+AEF(t-1) trained [3m],SID65,65209,653,3500,649385,0.940125717251521
common,0.5,S1+AEF(t-1) trained [3m],SID67,21337,48467,4606,930836,0.2867490928638624
common,0.5,S1+AEF(t-1) trained [3m],SID68,41247,7259,34,937496,0.8497527812113721
common,0.5,S1+AEF(t-1) trained [3m],SID69,100474,15363,20075,912664,0.7392577550179528
common,0.5,S1+AEF(t-1) trained [3m],SID72,905773,132,20890,121781,0.977317529766561
common,0.5,S1+AEF(t-1) trained [3m],SID78,265263,11962,3398,767953,0.9452646433114891
common,0.5,S1+AEF(t-1) trained [3m],SID79,200942,2363,35779,525812,0.8404661123287213
common,0.5,S1+AEF(t-1) trained [3m],SID80,89702,6940,1988,949904,0.9094798742776031
common,0.5,S1+AEF(t-1) trained [3m],SID81,294772,1772,1684,750348,0.9884115508939469
common,0.5,S1+AEF(t-1) trained [3m],SID83,152020,5502,2602,888452,0.9493892233519022
common,0.5,S1+AEF(t-1) trained [3m],SID85,374880,3762,103,652431,0.9897952448217138
common,0.5,S1+AEF(t-1) trained [3m],SID87,16647,16047,4175,960194,0.45151753505655157
common,0.5,S1+AEF(t-1) trained [3m],SID89,63387,2141,1420,636823,0.9468094640616598
common,0.5,S1+AEF(t-1) trained [3m],SID90,28947,1525,9132,617172,0.7309110190889809
common,0.5,S1+AEF(t-1) trained [3m],SID91,36670,18102,665,993139,0.6614715803524722
common,0.5,S1+AEF(t-1) trained [3m],SID92,250659,1081,152570,510926,0.6199673517845218
common,0.5,S1+AEF(t-1) trained [3m],SID93,0,0,31314,1017262,0.0
common,0.5,S1+AEF(t-1) trained [3m],SID97,192160,91697,15674,749045,0.6415362683662125
common,0.5,S1+AEF(t-1) trained [3m],SID98,44324,19055,26302,958895,0.49424069758365763
common,0.5,S1+AEF(t-1) trained [3m],SID99,250,14477,5411,1028438,0.012414341046777237
common,0.5,S1-only [10m],SID03,331085,23465,25819,668207,0.8704310813972748
common,0.5,S1-only [10m],SID04,137998,13091,25428,872059,0.7817830577224857
common,0.5,S1-only [10m],SID05,550892,44607,5851,447226,0.9160921260497215
common,0.5,S1-only [10m],SID06,734734,28145,15823,269874,0.9435368086893318
common,0.5,S1-only [10m],SID100,5108,1048,35935,837645,0.12135610938205317
common,0.5,S1-only [10m],SID14,113147,8465,14250,912714,0.8328082907656298
common,0.5,S1-only [10m],SID15,703640,4562,84645,255729,0.8874852272884932
common,0.5,S1-only [10m],SID17,34478,14065,2810,997223,0.6713921289895429
common,0.5,S1-only [10m],SID18,54024,5360,301,988891,0.90515204825333
common,0.5,S1-only [10m],SID21,294337,24010,9290,698838,0.8983631274856014
common,0.5,S1-only [10m],SID22,247559,15159,19278,570572,0.8778812465425041
common,0.5,S1-only [10m],SID23,2063,1754,128815,891580,0.015554315700585077
common,0.5,S1-only [10m],SID25,28593,6731,5157,255488,0.7063313653318841
common,0.5,S1-only [10m],SID26,0,1620,20453,1026503,0.0
common,0.5,S1-only [10m],SID27,1221,2987,8609,771669,0.09526410236404775
common,0.5,S1-only [10m],SID28,517176,8480,7468,514712,0.9700857586602741
common,0.5,S1-only [10m],SID31,5629,2492,28482,1011973,0.15378520886266153
common,0.5,S1-only [10m],SID33,33598,1223,248763,764792,0.11847635973820808
common,0.5,S1-only [10m],SID36,138124,25432,23646,861374,0.7378339975000268
common,0.5,S1-only [10m],SID37,891664,27948,10754,118210,0.9584013173310288
common,0.5,S1-only [10m],SID39,312644,17788,11522,706622,0.9142867169268382
common,0.5,S1-only [10m],SID40,610995,13566,1300,422715,0.9762471219647814
common,0.5,S1-only [10m],SID44,128228,8422,60228,710398,0.651306900720243
common,0.5,S1-only [10m],SID46,220782,15360,409070,403364,0.3421852042429465
common,0.5,S1-only [10m],SID50,0,0,4662,595703,0.0
common,0.5,S1-only [10m],SID51,24614,9610,7685,1006467,0.5873201460306855
common,0.5,S1-only [10m],SID52,141328,12486,11977,882785,0.8524467552520945
common,0.5,S1-only [10m],SID53,373773,25969,96537,552297,0.7531509493651757
common,0.5,S1-only [10m],SID55,340606,116003,141271,450696,0.5696895698133405
common,0.5,S1-only [10m],SID59,86193,16093,1807,944483,0.828038388748523
common,0.5,S1-only [10m],SID61,180403,24132,12768,831273,0.8301910235937838
common,0.5,S1-only [10m],SID63,489288,54856,20140,484192,0.8670952924413947
common,0.5,S1-only [10m],SID64,58394,8475,6174,975533,0.7994469011404242
common,0.5,S1-only [10m],SID65,59962,1144,8747,648894,0.8584026455556669
common,0.5,S1-only [10m],SID67,349,13108,25594,966195,0.008937031061944637
common,0.5,S1-only [10m],SID68,37879,9324,3402,935431,0.7485228732338701
common,0.5,S1-only [10m],SID69,109445,36163,11104,891864,0.698383021083261
common,0.5,S1-only [10m],SID72,920071,4914,6592,116999,0.9876489007349902
common,0.5,S1-only [10m],SID78,258417,9087,10244,770828,0.9304009389806587
common,0.5,S1-only [10m],SID79,193004,9556,43717,518619,0.7836866617670347
common,0.5,S1-only [10m],SID80,87952,7788,3738,949056,0.8841351856691931
common,0.5,S1-only [10m],SID81,295819,6454,637,745666,0.9765904063913373
common,0.5,S1-only [10m],SID83,70926,1541,83696,892413,0.45417928702701665
common,0.5,S1-only [10m],SID85,374831,5320,152,650873,0.9856114729570895
common,0.5,S1-only [10m],SID87,6930,12429,13892,963812,0.20841478451775886
common,0.5,S1-only [10m],SID89,14128,109,50679,638855,0.21763509766467434
common,0.5,S1-only [10m],SID90,12852,477,25227,618220,0.3333333333333333
common,0.5,S1-only [10m],SID91,36207,17768,1128,993473,0.6570785619657732
common,0.5,S1-only [10m],SID92,313192,86554,90037,425453,0.6394505321744528
common,0.5,S1-only [10m],SID93,69,207713,31245,809549,0.0002886703175791856
common,0.5,S1-only [10m],SID97,86890,32035,120944,808707,0.36223938899982905
common,0.5,S1-only [10m],SID98,14249,6651,56377,971299,0.18438862792292662
common,0.5,S1-only [10m],SID99,0,71883,5661,971032,0.0
common,0.5,S1+AEF(t) [10m],SID03,337575,14020,19329,677652,0.9100920943373845
common,0.5,S1+AEF(t) [10m],SID04,143667,19879,19759,865271,0.7837593082567306
common,0.5,S1+AEF(t) [10m],SID05,552685,29836,4058,461997,0.9422175018198742
common,0.5,S1+AEF(t) [10m],SID06,733350,7658,17207,290361,0.9672058716854718
common,0.5,S1+AEF(t) [10m],SID100,33700,799,7343,837894,0.8054108312222169
common,0.5,S1+AEF(t) [10m],SID14,116069,7888,11328,913291,0.8579591233322246
common,0.5,S1+AEF(t) [10m],SID15,785723,49234,2562,211057,0.9381554328916717
common,0.5,S1+AEF(t) [10m],SID17,36544,20122,744,991166,0.6365441560703711
common,0.5,S1+AEF(t) [10m],SID18,54325,8359,0,985892,0.866648586561164
common,0.5,S1+AEF(t) [10m],SID21,296278,20691,7349,702157,0.9135416473954575
common,0.5,S1+AEF(t) [10m],SID22,262040,23829,4797,561902,0.9015158291647458
common,0.5,S1+AEF(t) [10m],SID23,117885,6474,12993,886860,0.8582692643718329
common,0.5,S1+AEF(t) [10m],SID25,30605,4214,3145,258005,0.8061584659150774
common,0.5,S1+AEF(t) [10m],SID26,4191,647,16262,1027476,0.19862559241706162
common,0.5,S1+AEF(t) [10m],SID27,8850,7187,980,767469,0.5200681671269907
common,0.5,S1+AEF(t) [10m],SID28,524644,130645,0,392547,0.8006299510597614
common,0.5,S1+AEF(t) [10m],SID31,11995,7944,22116,1006521,0.28522173344429913
common,0.5,S1+AEF(t) [10m],SID33,167758,575,114603,765440,0.5929185398818108
common,0.5,S1+AEF(t) [10m],SID36,127461,2888,34309,883918,0.7740953977334839
common,0.5,S1+AEF(t) [10m],SID37,875020,3579,27398,142579,0.9658089375571883
common,0.5,S1+AEF(t) [10m],SID39,312640,7323,11526,717087,0.943138384682448
common,0.5,S1+AEF(t) [10m],SID40,611830,8034,465,428247,0.9862992057440487
common,0.5,S1+AEF(t) [10m],SID44,187527,18520,929,700300,0.9060325834879406
common,0.5,S1+AEF(t) [10m],SID46,565889,83685,63963,335039,0.7930759021606448
common,0.5,S1+AEF(t) [10m],SID50,80,0,4582,595703,0.01716001716001716
common,0.5,S1+AEF(t) [10m],SID51,27946,7861,4353,1008216,0.6958665338645418
common,0.5,S1+AEF(t) [10m],SID52,147648,12535,5657,882736,0.8903039073806078
common,0.5,S1+AEF(t) [10m],SID53,469522,85382,788,492884,0.8449320846800026
common,0.5,S1+AEF(t) [10m],SID55,481877,365242,0,201457,0.5688421579494735
common,0.5,S1+AEF(t) [10m],SID59,87122,18622,878,941954,0.8171109151957382
common,0.5,S1+AEF(t) [10m],SID61,179890,5615,13281,849790,0.9049430040344894
common,0.5,S1+AEF(t) [10m],SID63,487435,14367,21993,524681,0.930583529816054
common,0.5,S1+AEF(t) [10m],SID64,57423,3161,7145,980847,0.8478347532076363
common,0.5,S1+AEF(t) [10m],SID65,67239,2837,1470,647201,0.9398009672099069
common,0.5,S1+AEF(t) [10m],SID67,13464,4985,12479,974318,0.4353336782203828
common,0.5,S1+AEF(t) [10m],SID68,41281,11356,0,933399,0.7842582214031955
common,0.5,S1+AEF(t) [10m],SID69,107448,22767,13101,905260,0.749727874068492
common,0.5,S1+AEF(t) [10m],SID72,916533,1677,10130,120236,0.9872815994140078
common,0.5,S1+AEF(t) [10m],SID78,263492,13285,5169,766630,0.9345477502784221
common,0.5,S1+AEF(t) [10m],SID79,218014,3686,18707,524489,0.9068537937747237
common,0.5,S1+AEF(t) [10m],SID80,90342,8487,1348,948357,0.901823771923695
common,0.5,S1+AEF(t) [10m],SID81,295591,3254,865,748866,0.9862567148243302
common,0.5,S1+AEF(t) [10m],SID83,152401,6395,2221,887559,0.946490122161014
common,0.5,S1+AEF(t) [10m],SID85,374981,6300,2,649893,0.9834715945898453
common,0.5,S1+AEF(t) [10m],SID87,16759,20824,4063,955417,0.40241559813667577
common,0.5,S1+AEF(t) [10m],SID89,63732,3081,1075,635883,0.9387815225076597
common,0.5,S1+AEF(t) [10m],SID90,29825,1487,8254,617210,0.7538037709144215
common,0.5,S1+AEF(t) [10m],SID91,37310,29358,25,981883,0.5594290255349137
common,0.5,S1+AEF(t) [10m],SID92,275141,7889,128088,504118,0.669250677421081
common,0.5,S1+AEF(t) [10m],SID93,0,0,31314,1017262,0.0
common,0.5,S1+AEF(t) [10m],SID97,196802,77423,11032,763319,0.6899112028802098
common,0.5,S1+AEF(t) [10m],SID98,44657,24715,25969,953235,0.4683924020096286
common,0.5,S1+AEF(t) [10m],SID99,77,30395,5584,1012520,0.0021355668959396495
common,0.5,S1+AEF(t-1) swap [10m],SID03,318339,4460,38565,687212,0.8809372267298348
common,0.5,S1+AEF(t-1) swap [10m],SID04,143709,21475,19717,863675,0.7772213238435703
common,0.5,S1+AEF(t-1) swap [10m],SID05,553639,33151,3104,458682,0.9385398054565736
common,0.5,S1+AEF(t-1) swap [10m],SID06,733084,6971,17473,291048,0.967731885818082
common,0.5,S1+AEF(t-1) swap [10m],SID100,34113,2578,6930,836115,0.782031590289081
common,0.5,S1+AEF(t-1) swap [10m],SID14,121370,25400,6027,895779,0.7943218780473439
common,0.5,S1+AEF(t-1) swap [10m],SID15,785387,47326,2898,212965,0.9398954776804039
common,0.5,S1+AEF(t-1) swap [10m],SID17,36589,20881,699,990407,0.6290120167099315
common,0.5,S1+AEF(t-1) swap [10m],SID18,54322,6070,3,988181,0.8994453183210531
common,0.5,S1+AEF(t-1) swap [10m],SID21,296657,21995,6970,700853,0.911047165117836
common,0.5,S1+AEF(t-1) swap [10m],SID22,261148,22340,5689,563391,0.9030732043004803
common,0.5,S1+AEF(t-1) swap [10m],SID23,130468,23031,410,870303,0.8476957162998915
common,0.5,S1+AEF(t-1) swap [10m],SID25,30728,4988,3022,257231,0.7932262894315659
common,0.5,S1+AEF(t-1) swap [10m],SID26,4020,676,16433,1027447,0.1902598324577595
common,0.5,S1+AEF(t-1) swap [10m],SID27,9103,9168,727,765488,0.4791557006000632
common,0.5,S1+AEF(t-1) swap [10m],SID28,524644,147500,0,375692,0.7805529767430789
common,0.5,S1+AEF(t-1) swap [10m],SID31,9548,5300,24563,1009165,0.2422673872776636
common,0.5,S1+AEF(t-1) swap [10m],SID33,192749,2260,89612,763755,0.6772128549896178
common,0.5,S1+AEF(t-1) swap [10m],SID36,123795,2392,37975,884414,0.7541026546947528
common,0.5,S1+AEF(t-1) swap [10m],SID37,887640,9543,14778,136615,0.9733310963955696
common,0.5,S1+AEF(t-1) swap [10m],SID39,314674,11816,9492,712594,0.9365799358298956
common,0.5,S1+AEF(t-1) swap [10m],SID40,612059,10619,236,425662,0.982573838443188
common,0.5,S1+AEF(t-1) swap [10m],SID44,187942,18652,514,700168,0.9074589103269791
common,0.5,S1+AEF(t-1) swap [10m],SID46,558975,81185,70877,337539,0.7861405243327703
common,0.5,S1+AEF(t-1) swap [10m],SID50,417,37,4245,595666,0.0887422855926793
common,0.5,S1+AEF(t-1) swap [10m],SID51,28097,8038,4202,1008039,0.6965565113915264
common,0.5,S1+AEF(t-1) swap [10m],SID52,149359,32208,3946,863063,0.8051133882800666
common,0.5,S1+AEF(t-1) swap [10m],SID53,469610,79644,700,498622,0.8539077813780789
common,0.5,S1+AEF(t-1) swap [10m],SID55,481877,364982,0,201717,0.5690168020886593
common,0.5,S1+AEF(t-1) swap [10m],SID59,87236,21620,764,938956,0.7958036854588578
common,0.5,S1+AEF(t-1) swap [10m],SID61,180247,6216,12924,849189,0.9040057777086771
common,0.5,S1+AEF(t-1) swap [10m],SID63,485304,12361,24124,526687,0.9300771001305125
common,0.5,S1+AEF(t-1) swap [10m],SID64,57196,3426,7372,980582,0.8411918698708709
common,0.5,S1+AEF(t-1) swap [10m],SID65,66853,2377,1856,647661,0.9404524097571955
common,0.5,S1+AEF(t-1) swap [10m],SID67,17098,17554,8845,961749,0.39308458054578477
common,0.5,S1+AEF(t-1) swap [10m],SID68,41281,11668,0,933087,0.7796370091975297
common,0.5,S1+AEF(t-1) swap [10m],SID69,104888,22833,15661,905194,0.7315283647877697
common,0.5,S1+AEF(t-1) swap [10m],SID72,914684,814,11979,121099,0.9862066660413142
common,0.5,S1+AEF(t-1) swap [10m],SID78,264807,15507,3854,764408,0.9318677683623772
common,0.5,S1+AEF(t-1) swap [10m],SID79,199877,2248,36844,525927,0.8364139281664149
common,0.5,S1+AEF(t-1) swap [10m],SID80,90154,8522,1536,948322,0.8996327785095597
common,0.5,S1+AEF(t-1) swap [10m],SID81,296077,5122,379,746998,0.9817592795230421
common,0.5,S1+AEF(t-1) swap [10m],SID83,151602,6279,3020,887675,0.942206698528909
common,0.5,S1+AEF(t-1) swap [10m],SID85,374983,6727,0,649466,0.982376673390794
common,0.5,S1+AEF(t-1) swap [10m],SID87,16091,19125,4731,957116,0.4028087215560618
common,0.5,S1+AEF(t-1) swap [10m],SID89,63566,3066,1241,635898,0.9365432498931828
common,0.5,S1+AEF(t-1) swap [10m],SID90,29875,2469,8204,616228,0.7367810989444609
common,0.5,S1+AEF(t-1) swap [10m],SID91,37290,27550,45,983691,0.5747091007166525
common,0.5,S1+AEF(t-1) swap [10m],SID92,256055,2078,147174,509929,0.6317556814957551
common,0.5,S1+AEF(t-1) swap [10m],SID93,0,0,31314,1017262,0.0
common,0.5,S1+AEF(t-1) swap [10m],SID97,188489,82363,19345,758379,0.6495208427378643
common,0.5,S1+AEF(t-1) swap [10m],SID98,43142,20241,27484,957709,0.4747818239845048
common,0.5,S1+AEF(t-1) swap [10m],SID99,0,20964,5661,1021951,0.0
common,0.5,S1+AEF(t-1) trained [10m],SID03,322231,6378,34673,685294,0.8869996311405465
common,0.5,S1+AEF(t-1) trained [10m],SID04,143097,20766,20329,864384,0.7768904186935371
common,0.5,S1+AEF(t-1) trained [10m],SID05,553373,32928,3370,458905,0.938443640606372
common,0.5,S1+AEF(t-1) trained [10m],SID06,734955,9461,15602,288558,0.9670231494517235
common,0.5,S1+AEF(t-1) trained [10m],SID100,31926,1222,9117,837471,0.755376789305572
common,0.5,S1+AEF(t-1) trained [10m],SID14,120892,20557,6505,900622,0.8170917988023304
common,0.5,S1+AEF(t-1) trained [10m],SID15,783419,41353,4866,218938,0.9442901602867757
common,0.5,S1+AEF(t-1) trained [10m],SID17,36411,18160,877,993128,0.6566693117876208
common,0.5,S1+AEF(t-1) trained [10m],SID18,54321,6127,4,988124,0.8985806921193674
common,0.5,S1+AEF(t-1) trained [10m],SID21,296421,22248,7206,700600,0.9096156501726121
common,0.5,S1+AEF(t-1) trained [10m],SID22,261153,22996,5684,562735,0.901046464688286
common,0.5,S1+AEF(t-1) trained [10m],SID23,129749,18818,1129,874516,0.8667499465583582
common,0.5,S1+AEF(t-1) trained [10m],SID25,30266,4086,3484,258133,0.7999259964055397
common,0.5,S1+AEF(t-1) trained [10m],SID26,3933,702,16520,1027421,0.18591349562751122
common,0.5,S1+AEF(t-1) trained [10m],SID27,8804,7928,1026,766728,0.49577655141344745
common,0.5,S1+AEF(t-1) trained [10m],SID28,524644,120949,0,402243,0.8126544123000095
common,0.5,S1+AEF(t-1) trained [10m],SID31,9587,5092,24524,1009373,0.24454761115220774
common,0.5,S1+AEF(t-1) trained [10m],SID33,187969,2367,94392,763648,0.6601704082492765
common,0.5,S1+AEF(t-1) trained [10m],SID36,130390,6212,31380,880594,0.7762141181793287
common,0.5,S1+AEF(t-1) trained [10m],SID37,890528,12624,11890,133534,0.973209972875562
common,0.5,S1+AEF(t-1) trained [10m],SID39,315385,14275,8781,710135,0.9318758661036931
common,0.5,S1+AEF(t-1) trained [10m],SID40,612043,11013,252,425268,0.9819270729719497
common,0.5,S1+AEF(t-1) trained [10m],SID44,187929,17858,527,700962,0.9108882577042761
common,0.5,S1+AEF(t-1) trained [10m],SID46,537819,73850,92033,344874,0.7642709556033662
common,0.5,S1+AEF(t-1) trained [10m],SID50,186,5,4476,595698,0.039854296121705594
common,0.5,S1+AEF(t-1) trained [10m],SID51,27769,6125,4530,1009952,0.7226993545700604
common,0.5,S1+AEF(t-1) trained [10m],SID52,149059,28405,4246,866866,0.8203125859886633
common,0.5,S1+AEF(t-1) trained [10m],SID53,469533,71446,777,506820,0.8666872171235759
common,0.5,S1+AEF(t-1) trained [10m],SID55,481877,357963,0,208736,0.5737723852162316
common,0.5,S1+AEF(t-1) trained [10m],SID59,87033,21462,967,939114,0.7950978421735396
common,0.5,S1+AEF(t-1) trained [10m],SID61,179854,7273,13317,848132,0.8972780427451059
common,0.5,S1+AEF(t-1) trained [10m],SID63,486320,16390,23108,522658,0.9248827541088361
common,0.5,S1+AEF(t-1) trained [10m],SID64,57741,4154,6827,979854,0.8402112860510462
common,0.5,S1+AEF(t-1) trained [10m],SID65,66283,1686,2426,648352,0.9415867604233256
common,0.5,S1+AEF(t-1) trained [10m],SID67,17615,21418,8328,957885,0.371930491332531
common,0.5,S1+AEF(t-1) trained [10m],SID68,41281,10526,0,934229,0.796822823170614
common,0.5,S1+AEF(t-1) trained [10m],SID69,107981,26274,12568,901753,0.7354501678892271
common,0.5,S1+AEF(t-1) trained [10m],SID72,915370,1256,11293,120657,0.986476190270918
common,0.5,S1+AEF(t-1) trained [10m],SID78,264562,14995,4099,764920,0.9326860704515328
common,0.5,S1+AEF(t-1) trained [10m],SID79,202103,2225,34618,525950,0.8458103504557515
common,0.5,S1+AEF(t-1) trained [10m],SID80,90178,8746,1512,948098,0.8978653072603449
common,0.5,S1+AEF(t-1) trained [10m],SID81,296051,5080,405,747040,0.9818098004881672
common,0.5,S1+AEF(t-1) trained [10m],SID83,150826,5450,3796,888504,0.9422384926782947
common,0.5,S1+AEF(t-1) trained [10m],SID85,374966,6559,17,649634,0.9827646759727632
common,0.5,S1+AEF(t-1) trained [10m],SID87,15260,17638,5562,958603,0.3967758710348414
common,0.5,S1+AEF(t-1) trained [10m],SID89,63629,2798,1178,636166,0.9411877819687893
common,0.5,S1+AEF(t-1) trained [10m],SID90,29803,2268,8276,616429,0.73866706322651
common,0.5,S1+AEF(t-1) trained [10m],SID91,37287,26451,48,984790,0.5845640109114852
common,0.5,S1+AEF(t-1) trained [10m],SID92,257399,3090,145830,508917,0.6334899426312823
common,0.5,S1+AEF(t-1) trained [10m],SID93,0,0,31314,1017262,0.0
common,0.5,S1+AEF(t-1) trained [10m],SID97,180585,72254,27249,768488,0.6447437948073462
common,0.5,S1+AEF(t-1) trained [10m],SID98,42582,19941,28044,958009,0.4701712544304217
common,0.5,S1+AEF(t-1) trained [10m],SID99,12,29000,5649,1013915,0.0003462104382447131
common,0.5,OPERA DSWx-S1,SID03,310497,41513,46407,650159,0.7793266853573015
common,0.5,OPERA DSWx-S1,SID04,112169,41701,51257,843449,0.5468270876091397
common,0.5,OPERA DSWx-S1,SID05,532571,23168,24172,468665,0.9183667838685592
common,0.5,OPERA DSWx-S1,SID06,722076,8536,28481,289483,0.9512352241424964
common,0.5,OPERA DSWx-S1,SID100,33688,17512,7355,821181,0.5753223465118265
common,0.5,OPERA DSWx-S1,SID14,104766,15690,22631,905489,0.7321839160790289
common,0.5,OPERA DSWx-S1,SID15,734708,101677,53577,158614,0.8255498549376266
common,0.5,OPERA DSWx-S1,SID17,10752,1978,26536,1009310,0.2738246829317985
common,0.5,OPERA DSWx-S1,SID18,40559,20241,13766,974010,0.5439342327602392
common,0.5,OPERA DSWx-S1,SID21,278014,28275,25613,694573,0.837638821097794
common,0.5,OPERA DSWx-S1,SID22,206865,3915,59972,581816,0.764038677461293
common,0.5,OPERA DSWx-S1,SID23,123067,13773,7811,879561,0.8507856841639533
common,0.5,OPERA DSWx-S1,SID25,25761,3454,7989,258765,0.6924255456402537
common,0.5,OPERA DSWx-S1,SID26,11646,41806,8807,986317,0.18705729292150533
common,0.5,OPERA DSWx-S1,SID27,989,691,8841,773965,0.09400247124798022
common,0.5,OPERA DSWx-S1,SID28,512251,122997,12393,400195,0.7909489979788185
common,0.5,OPERA DSWx-S1,SID31,0,3400,34111,1011065,0.0
common,0.5,OPERA DSWx-S1,SID33,177637,7873,104724,758142,0.6120475202767423
common,0.5,OPERA DSWx-S1,SID36,114835,102983,46935,783823,0.4337439046960752
common,0.5,OPERA DSWx-S1,SID37,854622,32730,47796,113428,0.9138895661435409
common,0.5,OPERA DSWx-S1,SID39,298170,13140,25996,711270,0.8839747884710026
common,0.5,OPERA DSWx-S1,SID40,590293,26923,22002,409358,0.9234611666129552
common,0.5,OPERA DSWx-S1,SID44,134855,2641,53601,716179,0.7056887339937309
common,0.5,OPERA DSWx-S1,SID46,316745,36813,313107,381911,0.4751186877967195
common,0.5,OPERA DSWx-S1,SID50,0,0,4662,595703,0.0
common,0.5,OPERA DSWx-S1,SID51,11323,1237,20976,1014840,0.33763716603053434
common,0.5,OPERA DSWx-S1,SID52,137079,22845,16226,872426,0.7781947204087426
common,0.5,OPERA DSWx-S1,SID53,446645,110875,23665,467391,0.7685074459939606
common,0.5,OPERA DSWx-S1,SID55,444888,364408,36989,202291,0.5256952445098283
common,0.5,OPERA DSWx-S1,SID59,62543,2647,25457,957929,0.6899621609099033
common,0.5,OPERA DSWx-S1,SID61,153168,8732,40003,846673,0.758621714387602
common,0.5,OPERA DSWx-S1,SID63,396786,1326,112642,537722,0.7768632257407676
common,0.5,OPERA DSWx-S1,SID64,50509,14083,14059,969925,0.6421914533826651
common,0.5,OPERA DSWx-S1,SID65,63565,4735,5144,645303,0.8654893524317847
common,0.5,OPERA DSWx-S1,SID67,16358,97102,9585,882201,0.1329432321508391
common,0.5,OPERA DSWx-S1,SID68,26544,1516,14737,943239,0.6202303899806061
common,0.5,OPERA DSWx-S1,SID69,99289,171681,21260,756346,0.3397632002190056
common,0.5,OPERA DSWx-S1,SID72,917075,34451,9588,87462,0.9541792128717301
common,0.5,OPERA DSWx-S1,SID78,248007,13933,20654,765982,0.8776088664302851
common,0.5,OPERA DSWx-S1,SID79,210155,3685,26566,524490,0.8741670341006464
common,0.5,OPERA DSWx-S1,SID80,76579,3808,15111,953036,0.8018911390814467
common,0.5,OPERA DSWx-S1,SID81,278810,6272,17646,745848,0.9209917814011258
common,0.5,OPERA DSWx-S1,SID83,148679,7171,5943,886783,0.9189458134777153
common,0.5,OPERA DSWx-S1,SID85,368511,617,6472,655576,0.9811261980830671
common,0.5,OPERA DSWx-S1,SID87,1027,1973,19795,974268,0.04505373985523141
common,0.5,OPERA DSWx-S1,SID89,31145,275,33662,638689,0.47855013675056085
common,0.5,OPERA DSWx-S1,SID90,5238,2162,32841,616535,0.13016575134812752
common,0.5,OPERA DSWx-S1,SID91,22653,4987,14682,1006254,0.5352535324417561
common,0.5,OPERA DSWx-S1,SID92,240040,12300,163189,499707,0.5776732791213128
common,0.5,OPERA DSWx-S1,SID93,0,0,31314,1017262,0.0
common,0.5,OPERA DSWx-S1,SID97,155669,157297,52165,683445,0.42633739671515153
common,0.5,OPERA DSWx-S1,SID98,24388,23742,46238,954208,0.2584350627331299
common,0.5,OPERA DSWx-S1,SID99,46,1704,5615,1041211,0.0062457569585879155
common,0.5,S1-only seed 42 [3m],SID03,287674,2015,69230,689657,0.8015011743596745
common,0.5,S1-only seed 42 [3m],SID04,107989,88,55437,885062,0.6604266301356458
common,0.5,S1-only seed 42 [3m],SID05,406851,4584,149892,487249,0.7248021206890102
common,0.5,S1-only seed 42 [3m],SID06,162799,4079,587758,293940,0.21573182302461055
common,0.5,S1-only seed 42 [3m],SID100,7629,4032,33414,834661,0.1692512479201331
common,0.5,S1-only seed 42 [3m],SID14,41802,78,85595,921101,0.32792312218081976
common,0.5,S1-only seed 42 [3m],SID15,147800,0,640485,260291,0.1874956392675238
common,0.5,S1-only seed 42 [3m],SID17,8753,378,28535,1010910,0.2323846439759996
common,0.5,S1-only seed 42 [3m],SID18,48846,2099,5479,992152,0.8656954487452148
common,0.5,S1-only seed 42 [3m],SID21,276388,11174,27239,711674,0.8779768806325265
common,0.5,S1-only seed 42 [3m],SID22,183775,5409,83062,580322,0.6750328746795178
common,0.5,S1-only seed 42 [3m],SID23,315,742,130563,892592,0.00239325330496885
common,0.5,S1-only seed 42 [3m],SID25,4153,221,29597,261998,0.12225133201848636
common,0.5,S1-only seed 42 [3m],SID26,20,37949,20433,990174,0.00034245402554707033
common,0.5,S1-only seed 42 [3m],SID27,11,3596,9819,771060,0.0008193058245195889
common,0.5,S1-only seed 42 [3m],SID28,360796,158,163848,523034,0.6874897580420807
common,0.5,S1-only seed 42 [3m],SID31,0,13,34111,1014452,0.0
common,0.5,S1-only seed 42 [3m],SID33,10830,5,271531,766010,0.03835447610548012
common,0.5,S1-only seed 42 [3m],SID36,111047,7415,50723,879391,0.6563643348996661
common,0.5,S1-only seed 42 [3m],SID37,356428,14063,545990,132095,0.38890931726898864
common,0.5,S1-only seed 42 [3m],SID39,192236,588,131930,723822,0.5919434402655549
common,0.5,S1-only seed 42 [3m],SID40,513416,1092,98879,435189,0.8370180652671152
common,0.5,S1-only seed 42 [3m],SID44,90686,2976,97770,715844,0.47372435120565004
common,0.5,S1-only seed 42 [3m],SID46,51364,715,578488,418009,0.08145684756734811
common,0.5,S1-only seed 42 [3m],SID50,6,633,4656,595070,0.0011331444759206798
common,0.5,S1-only seed 42 [3m],SID51,4872,77,27427,1016000,0.15048183839881393
common,0.5,S1-only seed 42 [3m],SID52,127907,5381,25398,889890,0.8060383398661508
common,0.5,S1-only seed 42 [3m],SID53,12268,2085,458042,576181,0.025969792228960932
common,0.5,S1-only seed 42 [3m],SID55,36257,21138,445620,545561,0.07207936145045377
common,0.5,S1-only seed 42 [3m],SID59,62196,386,25804,960190,0.7036861041341389
common,0.5,S1-only seed 42 [3m],SID61,141273,1555,51898,853850,0.7254963384447891
common,0.5,S1-only seed 42 [3m],SID63,394115,3789,115313,535259,0.7679305245149712
common,0.5,S1-only seed 42 [3m],SID64,53524,2210,11044,981798,0.8015214591631975
common,0.5,S1-only seed 42 [3m],SID65,35814,1488,32895,648550,0.5101927432796274
common,0.5,S1-only seed 42 [3m],SID67,162,3773,25781,975530,0.005451608561044555
common,0.5,S1-only seed 42 [3m],SID68,14248,1123,27033,943632,0.33600603716630506
common,0.5,S1-only seed 42 [3m],SID69,40356,2006,80193,926021,0.32928889070213374
common,0.5,S1-only seed 42 [3m],SID72,908229,597,18434,121316,0.9794760908483058
common,0.5,S1-only seed 42 [3m],SID78,136665,1023,131996,778892,0.5067597632785037
common,0.5,S1-only seed 42 [3m],SID79,119325,9077,117396,519098,0.4854596050415382
common,0.5,S1-only seed 42 [3m],SID80,68469,79,23221,956765,0.7461016247316632
common,0.5,S1-only seed 42 [3m],SID81,263526,43,32930,752077,0.8887922050327319
common,0.5,S1-only seed 42 [3m],SID83,3536,28,151086,893926,0.02286453281603621
common,0.5,S1-only seed 42 [3m],SID85,351164,529,23819,655664,0.9351605274931294
common,0.5,S1-only seed 42 [3m],SID87,2617,5040,18205,971201,0.10119093650916403
common,0.5,S1-only seed 42 [3m],SID89,16318,931,48489,638033,0.24822781344123643
common,0.5,S1-only seed 42 [3m],SID90,986,2307,37093,616390,0.024414401030059922
common,0.5,S1-only seed 42 [3m],SID91,23560,3624,13775,1007617,0.5752093556971606
common,0.5,S1-only seed 42 [3m],SID92,267057,58916,136172,453091,0.5778640902746973
common,0.5,S1-only seed 42 [3m],SID93,0,11864,31314,1005398,0.0
common,0.5,S1-only seed 42 [3m],SID97,34831,16088,173003,824654,0.1555497003420834
common,0.5,S1-only seed 42 [3m],SID98,1532,13865,69094,964085,0.01813210874531015
common,0.5,S1-only seed 42 [3m],SID99,0,14949,5661,1027966,0.0
common,0.5,S1-only seed 43 [3m],SID03,299581,3059,57323,688613,0.8322549817620144
common,0.5,S1-only seed 43 [3m],SID04,118497,167,44929,884983,0.724340283508463
common,0.5,S1-only seed 43 [3m],SID05,440037,8675,116706,483158,0.7782507808382471
common,0.5,S1-only seed 43 [3m],SID06,386993,6513,363564,291506,0.5111720184395102
common,0.5,S1-only seed 43 [3m],SID100,15958,24596,25085,814097,0.24311765870899923
common,0.5,S1-only seed 43 [3m],SID14,70938,227,56459,920952,0.5558358929354981
common,0.5,S1-only seed 43 [3m],SID15,449604,3,338681,260288,0.570354997158399
common,0.5,S1-only seed 43 [3m],SID17,17995,1801,19293,1009487,0.4603596919849574
common,0.5,S1-only seed 43 [3m],SID18,49527,5914,4798,988337,0.8221750029050947
common,0.5,S1-only seed 43 [3m],SID21,281689,17509,21938,705339,0.8771641921179811
common,0.5,S1-only seed 43 [3m],SID22,215346,7678,51491,578053,0.7844598655811158
common,0.5,S1-only seed 43 [3m],SID23,2723,1614,128155,891720,0.020552184282824622
common,0.5,S1-only seed 43 [3m],SID25,11147,822,22603,261397,0.322428554899919
common,0.5,S1-only seed 43 [3m],SID26,272,125091,20181,903032,0.0018688506568460396
common,0.5,S1-only seed 43 [3m],SID27,23,6349,9807,768307,0.001421595895914457
common,0.5,S1-only seed 43 [3m],SID28,466014,436,58630,522756,0.8875104745943475
common,0.5,S1-only seed 43 [3m],SID31,0,191,34111,1014274,0.0
common,0.5,S1-only seed 43 [3m],SID33,29405,12,252956,766003,0.10413531038732457
common,0.5,S1-only seed 43 [3m],SID36,117584,8654,44186,878152,0.6899497723325353
common,0.5,S1-only seed 43 [3m],SID37,782796,22733,119622,123425,0.8461278212961992
common,0.5,S1-only seed 43 [3m],SID39,255164,1139,69002,723271,0.7843838858917016
common,0.5,S1-only seed 43 [3m],SID40,550517,1520,61778,434761,0.8968777237441249
common,0.5,S1-only seed 43 [3m],SID44,131363,4778,57093,714042,0.679813076373723
common,0.5,S1-only seed 43 [3m],SID46,99258,1194,530594,417530,0.15729122758087366
common,0.5,S1-only seed 43 [3m],SID50,9,546,4653,595157,0.0017281105990783411
common,0.5,S1-only seed 43 [3m],SID51,7705,246,24594,1015831,0.23674911660777384
common,0.5,S1-only seed 43 [3m],SID52,131604,10304,21701,884967,0.8043811770746108
common,0.5,S1-only seed 43 [3m],SID53,132450,7324,337860,570942,0.2773043795039717
common,0.5,S1-only seed 43 [3m],SID55,189894,100103,291983,466596,0.3262895632152308
common,0.5,S1-only seed 43 [3m],SID59,70537,817,17463,959759,0.7941835459427812
common,0.5,S1-only seed 43 [3m],SID61,155017,2290,38154,853115,0.7930840423409273
common,0.5,S1-only seed 43 [3m],SID63,433130,6254,76298,532794,0.8399168479799567
common,0.5,S1-only seed 43 [3m],SID64,54715,6467,9853,977541,0.7702541000915042
common,0.5,S1-only seed 43 [3m],SID65,57094,2719,11615,647319,0.7993223945791567
common,0.5,S1-only seed 43 [3m],SID67,217,4257,25726,975046,0.007185430463576159
common,0.5,S1-only seed 43 [3m],SID68,23750,3144,17531,941611,0.5346088913899831
common,0.5,S1-only seed 43 [3m],SID69,78427,5738,42122,922289,0.6210219579212429
common,0.5,S1-only seed 43 [3m],SID72,910146,734,16517,121179,0.9813984733614622
common,0.5,S1-only seed 43 [3m],SID78,191327,1074,77334,778841,0.7093146977589115
common,0.5,S1-only seed 43 [3m],SID79,165678,11748,71043,516427,0.6667954553686778
common,0.5,S1-only seed 43 [3m],SID80,74898,440,16792,956404,0.8129599478997069
common,0.5,S1-only seed 43 [3m],SID81,282681,112,13775,752008,0.9531743141539208
common,0.5,S1-only seed 43 [3m],SID83,18287,66,136335,893888,0.11821860777823748
common,0.5,S1-only seed 43 [3m],SID85,363011,1237,11972,654956,0.9648902238052204
common,0.5,S1-only seed 43 [3m],SID87,3282,7107,17540,969134,0.11751226323892729
common,0.5,S1-only seed 43 [3m],SID89,40365,3030,24442,635934,0.5950292613175701
common,0.5,S1-only seed 43 [3m],SID90,2876,3725,35203,614972,0.06879724428284374
common,0.5,S1-only seed 43 [3m],SID91,26321,6406,11014,1004835,0.6017466450241192
common,0.5,S1-only seed 43 [3m],SID92,298227,91745,105002,420262,0.6025104348915297
common,0.5,S1-only seed 43 [3m],SID93,2,113464,31312,903798,1.3814253546809597e-05
common,0.5,S1-only seed 43 [3m],SID97,58152,30064,149682,810678,0.2444408948372832
common,0.5,S1-only seed 43 [3m],SID98,4956,51245,65670,926705,0.04066595006195075
common,0.5,S1-only seed 43 [3m],SID99,0,31951,5661,1010964,0.0
common,0.5,S1-only seed 44 [3m],SID03,234198,1771,122706,689901,0.652953230640552
common,0.5,S1-only seed 44 [3m],SID04,102829,86,60597,885064,0.6288773912618034
common,0.5,S1-only seed 44 [3m],SID05,230528,2315,326215,489518,0.4123507757692404
common,0.5,S1-only seed 44 [3m],SID06,112748,3565,637809,294454,0.14950896539286745
common,0.5,S1-only seed 44 [3m],SID100,5602,2848,35441,835845,0.12763436695450092
common,0.5,S1-only seed 44 [3m],SID14,42908,90,84489,921089,0.3365676500349055
common,0.5,S1-only seed 44 [3m],SID15,112964,0,675321,260291,0.1433035006374598
common,0.5,S1-only seed 44 [3m],SID17,6634,385,30654,1010903,0.17609428503172034
common,0.5,S1-only seed 44 [3m],SID18,48633,540,5692,993711,0.8864121024332452
common,0.5,S1-only seed 44 [3m],SID21,221916,6001,81711,716847,0.7167181262676502
common,0.5,S1-only seed 44 [3m],SID22,188516,4940,78321,580791,0.693642214021054
common,0.5,S1-only seed 44 [3m],SID23,339,873,130539,892461,0.0025730354987817928
common,0.5,S1-only seed 44 [3m],SID25,1831,111,31919,262108,0.054074008446295146
common,0.5,S1-only seed 44 [3m],SID26,0,17689,20453,1010434,0.0
common,0.5,S1-only seed 44 [3m],SID27,0,1901,9830,772755,0.0
common,0.5,S1-only seed 44 [3m],SID28,173037,49,351607,523143,0.32978713266614956
common,0.5,S1-only seed 44 [3m],SID31,0,0,34111,1014465,0.0
common,0.5,S1-only seed 44 [3m],SID33,9340,4,273021,766011,0.033077753970924155
common,0.5,S1-only seed 44 [3m],SID36,108746,7948,53024,878858,0.640745236215369
common,0.5,S1-only seed 44 [3m],SID37,359704,13010,542714,133148,0.39293532642654583
common,0.5,S1-only seed 44 [3m],SID39,111242,365,212924,724045,0.34277773155723185
common,0.5,S1-only seed 44 [3m],SID40,394928,1031,217367,435250,0.6439120467744723
common,0.5,S1-only seed 44 [3m],SID44,82864,2902,105592,715918,0.4330312816814557
common,0.5,S1-only seed 44 [3m],SID46,46194,745,583658,417979,0.07325439226637614
common,0.5,S1-only seed 44 [3m],SID50,10,705,4652,594998,0.001863238308179616
common,0.5,S1-only seed 44 [3m],SID51,2861,166,29438,1015911,0.0881256738025566
common,0.5,S1-only seed 44 [3m],SID52,110380,911,42925,894360,0.7157493385900295
common,0.5,S1-only seed 44 [3m],SID53,9435,1524,460875,576742,0.019996439425730237
common,0.5,S1-only seed 44 [3m],SID55,13645,12004,468232,554695,0.027628112844997076
common,0.5,S1-only seed 44 [3m],SID59,59992,309,28008,960267,0.6793418564359238
common,0.5,S1-only seed 44 [3m],SID61,142719,1479,50452,853926,0.7332083226303622
common,0.5,S1-only seed 44 [3m],SID63,347320,2458,162108,536590,0.678510449592292
common,0.5,S1-only seed 44 [3m],SID64,52795,1473,11773,982535,0.7994276282915159
common,0.5,S1-only seed 44 [3m],SID65,29140,1432,39569,648606,0.4154488815386151
common,0.5,S1-only seed 44 [3m],SID67,175,2989,25768,976314,0.0060486658371353514
common,0.5,S1-only seed 44 [3m],SID68,15494,724,25787,944031,0.36886084989882156
common,0.5,S1-only seed 44 [3m],SID69,35928,1792,84621,926235,0.29367096884936367
common,0.5,S1-only seed 44 [3m],SID72,878838,597,47825,121316,0.9477794793261868
common,0.5,S1-only seed 44 [3m],SID78,68361,711,200300,779204,0.2537791604175638
common,0.5,S1-only seed 44 [3m],SID79,85016,6970,151705,521205,0.3488680336984131
common,0.5,S1-only seed 44 [3m],SID80,69115,167,22575,956677,0.7524195216477786
common,0.5,S1-only seed 44 [3m],SID81,218454,51,78002,752069,0.7367583227377431
common,0.5,S1-only seed 44 [3m],SID83,1271,0,153351,893954,0.00822004630647644
common,0.5,S1-only seed 44 [3m],SID85,250071,226,124912,655967,0.6664845459463925
common,0.5,S1-only seed 44 [3m],SID87,2945,4599,17877,971642,0.11584910113685536
common,0.5,S1-only seed 44 [3m],SID89,10240,806,54567,638158,0.15606663313672595
common,0.5,S1-only seed 44 [3m],SID90,1334,1874,36745,616823,0.03338923234800891
common,0.5,S1-only seed 44 [3m],SID91,23135,3188,14200,1008053,0.5709103472102263
common,0.5,S1-only seed 44 [3m],SID92,265280,54720,137949,457287,0.57927847860788
common,0.5,S1-only seed 44 [3m],SID93,0,12311,31314,1004951,0.0
common,0.5,S1-only seed 44 [3m],SID97,34702,16340,173132,824402,0.1547993968970532
common,0.5,S1-only seed 44 [3m],SID98,1519,4312,69107,973638,0.020270089941017908
common,0.5,S1-only seed 44 [3m],SID99,0,14493,5661,1028422,0.0
common,0.5,S1+AEF(t) seed 42 [3m],SID03,331500,4735,25404,686937,0.9166599841278181
common,0.5,S1+AEF(t) seed 42 [3m],SID04,145729,12815,17697,872335,0.8268734289977928
common,0.5,S1+AEF(t) seed 42 [3m],SID05,546999,19169,9744,472664,0.9497961494117156
common,0.5,S1+AEF(t) seed 42 [3m],SID06,730756,5924,19801,292095,0.9659938584049037
common,0.5,S1+AEF(t) seed 42 [3m],SID100,34714,1280,6329,837413,0.8202159582260237
common,0.5,S1+AEF(t) seed 42 [3m],SID14,114221,4349,13176,916830,0.8669788836093696
common,0.5,S1+AEF(t) seed 42 [3m],SID15,788084,84435,201,175856,0.9030204418370154
common,0.5,S1+AEF(t) seed 42 [3m],SID17,36573,15129,715,996159,0.6977316519449797
common,0.5,S1+AEF(t) seed 42 [3m],SID18,54266,18754,59,975497,0.7425662639061837
common,0.5,S1+AEF(t) seed 42 [3m],SID21,295021,16574,8606,706274,0.9213618945599795
common,0.5,S1+AEF(t) seed 42 [3m],SID22,260633,16023,6204,569708,0.9214204907021141
common,0.5,S1+AEF(t) seed 42 [3m],SID23,123417,7082,7461,886252,0.8945853870687156
common,0.5,S1+AEF(t) seed 42 [3m],SID25,30766,2844,2984,259375,0.8407389189484615
common,0.5,S1+AEF(t) seed 42 [3m],SID26,10779,2734,9674,1025389,0.4648725578988226
common,0.5,S1+AEF(t) seed 42 [3m],SID27,8743,6667,1087,767989,0.5299751469964236
common,0.5,S1+AEF(t) seed 42 [3m],SID28,524644,210995,0,312197,0.7131813294292445
common,0.5,S1+AEF(t) seed 42 [3m],SID31,11958,5785,22153,1008680,0.2997292961700421
common,0.5,S1+AEF(t) seed 42 [3m],SID33,187325,196,95036,765819,0.6629635790300719
common,0.5,S1+AEF(t) seed 42 [3m],SID36,114648,474,47122,886332,0.7066393826582185
common,0.5,S1+AEF(t) seed 42 [3m],SID37,874576,4059,27842,142099,0.9648077116132014
common,0.5,S1+AEF(t) seed 42 [3m],SID39,306195,1659,17971,722751,0.939752934857669
common,0.5,S1+AEF(t) seed 42 [3m],SID40,610362,4188,1933,432093,0.990071096851008
common,0.5,S1+AEF(t) seed 42 [3m],SID44,187223,13087,1233,705733,0.9289481649077368
common,0.5,S1+AEF(t) seed 42 [3m],SID46,593809,87256,36043,331468,0.8280607663001947
common,0.5,S1+AEF(t) seed 42 [3m],SID50,161,0,4501,595703,0.03453453453453453
common,0.5,S1+AEF(t) seed 42 [3m],SID51,28904,5525,3395,1010552,0.76417089678511
common,0.5,S1+AEF(t) seed 42 [3m],SID52,147276,7929,6029,887342,0.9134301698152995
common,0.5,S1+AEF(t) seed 42 [3m],SID53,469471,91991,839,486275,0.8349104838867439
common,0.5,S1+AEF(t) seed 42 [3m],SID55,481877,373544,0,193155,0.5633214522439828
common,0.5,S1+AEF(t) seed 42 [3m],SID59,86578,11532,1422,949044,0.8698509022224008
common,0.5,S1+AEF(t) seed 42 [3m],SID61,173627,2482,19544,852923,0.8874231419911782
common,0.5,S1+AEF(t) seed 42 [3m],SID63,474364,2874,35064,536174,0.9259460240248916
common,0.5,S1+AEF(t) seed 42 [3m],SID64,54884,883,9684,983125,0.8385509770668134
common,0.5,S1+AEF(t) seed 42 [3m],SID65,66664,1584,2045,648454,0.948373237733487
common,0.5,S1+AEF(t) seed 42 [3m],SID67,18829,9430,7114,969873,0.5322986458598366
common,0.5,S1+AEF(t) seed 42 [3m],SID68,41268,8125,13,936630,0.8352831639881796
common,0.5,S1+AEF(t) seed 42 [3m],SID69,101758,12783,18791,915244,0.7631926319263193
common,0.5,S1+AEF(t) seed 42 [3m],SID72,913509,578,13154,121335,0.9851904736740502
common,0.5,S1+AEF(t) seed 42 [3m],SID78,264075,10426,4586,769489,0.9462103215126466
common,0.5,S1+AEF(t) seed 42 [3m],SID79,216149,3605,20572,524570,0.8993991494886113
common,0.5,S1+AEF(t) seed 42 [3m],SID80,89979,6039,1711,950805,0.9206990760163308
common,0.5,S1+AEF(t) seed 42 [3m],SID81,293882,904,2574,751216,0.988303739574926
common,0.5,S1+AEF(t) seed 42 [3m],SID83,152589,5307,2033,888647,0.9541046339313071
common,0.5,S1+AEF(t) seed 42 [3m],SID85,374956,3922,27,652271,0.9895778625249073
common,0.5,S1+AEF(t) seed 42 [3m],SID87,17166,18803,3656,957438,0.433211356466877
common,0.5,S1+AEF(t) seed 42 [3m],SID89,63683,2427,1124,636537,0.9471844602433293
common,0.5,S1+AEF(t) seed 42 [3m],SID90,28101,818,9978,617879,0.722446461166671
common,0.5,S1+AEF(t) seed 42 [3m],SID91,37029,21596,306,989645,0.6283450136600431
common,0.5,S1+AEF(t) seed 42 [3m],SID92,271990,5382,131239,506625,0.6656453203658247
common,0.5,S1+AEF(t) seed 42 [3m],SID93,0,0,31314,1017262,0.0
common,0.5,S1+AEF(t) seed 42 [3m],SID97,200136,79048,7698,761694,0.6976248074121068
common,0.5,S1+AEF(t) seed 42 [3m],SID98,47310,21939,23316,956011,0.5111003078917518
common,0.5,S1+AEF(t) seed 42 [3m],SID99,467,19707,5194,1023208,0.018409019236833805
common,0.5,S1+AEF(t) seed 43 [3m],SID03,338911,12348,17993,679324,0.9178311830403085
common,0.5,S1+AEF(t) seed 43 [3m],SID04,146417,13536,17009,871614,0.8273923215153536
common,0.5,S1+AEF(t) seed 43 [3m],SID05,550999,23854,5744,467979,0.9490214382781861
common,0.5,S1+AEF(t) seed 43 [3m],SID06,738584,10941,11973,287078,0.969909310333054
common,0.5,S1+AEF(t) seed 43 [3m],SID100,36504,3666,4539,835027,0.8164799033751594
common,0.5,S1+AEF(t) seed 43 [3m],SID14,114753,5099,12644,916080,0.8660865233667432
common,0.5,S1+AEF(t) seed 43 [3m],SID15,788266,118170,19,142121,0.8696140459261629
common,0.5,S1+AEF(t) seed 43 [3m],SID17,36603,16121,685,995167,0.6853339324832893
common,0.5,S1+AEF(t) seed 43 [3m],SID18,54286,23585,39,970666,0.6967783339750995
common,0.5,S1+AEF(t) seed 43 [3m],SID21,297764,23002,5863,699846,0.9116275652192549
common,0.5,S1+AEF(t) seed 43 [3m],SID22,260555,16526,6282,569205,0.9195096042884922
common,0.5,S1+AEF(t) seed 43 [3m],SID23,125960,8952,4918,884382,0.9008081241507545
common,0.5,S1+AEF(t) seed 43 [3m],SID25,31327,4415,2423,257804,0.8208306039565046
common,0.5,S1+AEF(t) seed 43 [3m],SID26,11257,3250,9196,1024873,0.47491878665147874
common,0.5,S1+AEF(t) seed 43 [3m],SID27,8947,7551,883,767105,0.5147574938150854
common,0.5,S1+AEF(t) seed 43 [3m],SID28,524644,213789,0,309403,0.7104828738693965
common,0.5,S1+AEF(t) seed 43 [3m],SID31,12891,6795,21220,1007670,0.31513714369530144
common,0.5,S1+AEF(t) seed 43 [3m],SID33,185934,157,96427,765858,0.6581315172838544
common,0.5,S1+AEF(t) seed 43 [3m],SID36,125625,1822,36145,884984,0.7679165240354051
common,0.5,S1+AEF(t) seed 43 [3m],SID37,886012,8137,16406,138021,0.9730461092410673
common,0.5,S1+AEF(t) seed 43 [3m],SID39,311175,3589,12991,720821,0.9494134338148922
common,0.5,S1+AEF(t) seed 43 [3m],SID40,610306,4019,1989,432262,0.9902517223363415
common,0.5,S1+AEF(t) seed 43 [3m],SID44,187216,13256,1240,705564,0.9281351630046799
common,0.5,S1+AEF(t) seed 43 [3m],SID46,609684,106701,20168,312023,0.8277530605401104
common,0.5,S1+AEF(t) seed 43 [3m],SID50,261,4,4401,595699,0.055936562366052295
common,0.5,S1+AEF(t) seed 43 [3m],SID51,29345,7270,2954,1008807,0.7416159114458288
common,0.5,S1+AEF(t) seed 43 [3m],SID52,147922,10219,5383,885052,0.9045889288422495
common,0.5,S1+AEF(t) seed 43 [3m],SID53,469669,101770,641,476496,0.8209848272968816
common,0.5,S1+AEF(t) seed 43 [3m],SID55,481877,383571,0,183128,0.5567948623140847
common,0.5,S1+AEF(t) seed 43 [3m],SID59,87170,16216,830,944360,0.8364358639748215
common,0.5,S1+AEF(t) seed 43 [3m],SID61,178811,3259,14360,852146,0.9103039250623631
common,0.5,S1+AEF(t) seed 43 [3m],SID63,485884,6182,23544,532866,0.9423478986055351
common,0.5,S1+AEF(t) seed 43 [3m],SID64,55851,1143,8717,982865,0.8499490191900899
common,0.5,S1+AEF(t) seed 43 [3m],SID65,66800,2313,1909,647725,0.9405536312691842
common,0.5,S1+AEF(t) seed 43 [3m],SID67,19499,12611,6444,966692,0.5057581573896354
common,0.5,S1+AEF(t) seed 43 [3m],SID68,41273,8505,8,936250,0.8290081549029847
common,0.5,S1+AEF(t) seed 43 [3m],SID69,106935,19650,13614,908377,0.7627372520488734
common,0.5,S1+AEF(t) seed 43 [3m],SID72,916013,1042,10650,120871,0.9873968556814936
common,0.5,S1+AEF(t) seed 43 [3m],SID78,264456,11854,4205,768061,0.9427517245067109
common,0.5,S1+AEF(t) seed 43 [3m],SID79,215118,3576,21603,524599,0.8952171687536673
common,0.5,S1+AEF(t) seed 43 [3m],SID80,90166,6702,1524,950142,0.9163956419221075
common,0.5,S1+AEF(t) seed 43 [3m],SID81,294443,1289,2013,750831,0.9889099732992997
common,0.5,S1+AEF(t) seed 43 [3m],SID83,152904,6453,1718,887501,0.9492720782244296
common,0.5,S1+AEF(t) seed 43 [3m],SID85,374966,4470,17,651723,0.9881750836071924
common,0.5,S1+AEF(t) seed 43 [3m],SID87,18031,25393,2791,950848,0.39015471167369903
common,0.5,S1+AEF(t) seed 43 [3m],SID89,63438,2135,1369,636829,0.9476561799766963
common,0.5,S1+AEF(t) seed 43 [3m],SID90,28379,854,9700,617843,0.7289189119769861
common,0.5,S1+AEF(t) seed 43 [3m],SID91,37063,22040,272,989201,0.6242189473684211
common,0.5,S1+AEF(t) seed 43 [3m],SID92,270296,4633,132933,507374,0.6627143494613374
common,0.5,S1+AEF(t) seed 43 [3m],SID93,0,0,31314,1017262,0.0
common,0.5,S1+AEF(t) seed 43 [3m],SID97,201475,82938,6359,757804,0.692896840135914
common,0.5,S1+AEF(t) seed 43 [3m],SID98,47118,23372,23508,954578,0.5012659843826465
common,0.5,S1+AEF(t) seed 43 [3m],SID99,840,26938,4821,1015977,0.025767661584711186
common,0.5,S1+AEF(t) seed 44 [3m],SID03,336802,7646,20102,684026,0.9238842408448772
common,0.5,S1+AEF(t) seed 44 [3m],SID04,145870,13174,17556,871976,0.82599093997735
common,0.5,S1+AEF(t) seed 44 [3m],SID05,550766,23700,5977,468133,0.9488718099796191
common,0.5,S1+AEF(t) seed 44 [3m],SID06,735750,8815,14807,289204,0.9688927166132014
common,0.5,S1+AEF(t) seed 44 [3m],SID100,36402,4398,4641,834295,0.80108272265135
common,0.5,S1+AEF(t) seed 44 [3m],SID14,115249,5646,12148,915533,0.866253767578903
common,0.5,S1+AEF(t) seed 44 [3m],SID15,788235,116539,50,143752,0.8711473170472932
common,0.5,S1+AEF(t) seed 44 [3m],SID17,36795,18067,493,993221,0.6647096016619998
common,0.5,S1+AEF(t) seed 44 [3m],SID18,54283,24362,42,969889,0.6898598243674304
common,0.5,S1+AEF(t) seed 44 [3m],SID21,297081,19653,6546,703195,0.9189587973273942
common,0.5,S1+AEF(t) seed 44 [3m],SID22,261142,18884,5695,566847,0.913975521575243
common,0.5,S1+AEF(t) seed 44 [3m],SID23,125946,8768,4932,884566,0.9018947911146756
common,0.5,S1+AEF(t) seed 44 [3m],SID25,31199,4354,2551,257865,0.8187854293512492
common,0.5,S1+AEF(t) seed 44 [3m],SID26,13177,4345,7276,1023778,0.5313734978627309
common,0.5,S1+AEF(t) seed 44 [3m],SID27,9529,9520,301,765136,0.4924547803617571
common,0.5,S1+AEF(t) seed 44 [3m],SID28,524644,226881,0,296311,0.6981058514354147
common,0.5,S1+AEF(t) seed 44 [3m],SID31,13390,7822,20721,1006643,0.31931891350487684
common,0.5,S1+AEF(t) seed 44 [3m],SID33,196861,252,85500,765763,0.6965744675581095
common,0.5,S1+AEF(t) seed 44 [3m],SID36,120485,1021,41285,885785,0.7401207683471445
common,0.5,S1+AEF(t) seed 44 [3m],SID37,885809,5318,16609,140840,0.9758442983422493
common,0.5,S1+AEF(t) seed 44 [3m],SID39,310760,2811,13406,721599,0.9504032393715766
common,0.5,S1+AEF(t) seed 44 [3m],SID40,610499,4249,1796,432032,0.9901953469663155
common,0.5,S1+AEF(t) seed 44 [3m],SID44,187828,17412,628,701408,0.912371033866361
common,0.5,S1+AEF(t) seed 44 [3m],SID46,612669,109820,17183,308904,0.828298218669897
common,0.5,S1+AEF(t) seed 44 [3m],SID50,412,7,4250,595696,0.0882415934889698
common,0.5,S1+AEF(t) seed 44 [3m],SID51,29556,6849,2743,1009228,0.7549810973740676
common,0.5,S1+AEF(t) seed 44 [3m],SID52,148037,9972,5268,885299,0.9066616853567864
common,0.5,S1+AEF(t) seed 44 [3m],SID53,469733,105938,577,472328,0.815157709874915
common,0.5,S1+AEF(t) seed 44 [3m],SID55,481877,391837,0,174862,0.5515271587727792
common,0.5,S1+AEF(t) seed 44 [3m],SID59,87225,15144,775,945432,0.8456623749321337
common,0.5,S1+AEF(t) seed 44 [3m],SID61,178495,3165,14676,852240,0.9091302664819493
common,0.5,S1+AEF(t) seed 44 [3m],SID63,483400,5373,26028,533675,0.9390036149890929
common,0.5,S1+AEF(t) seed 44 [3m],SID64,55832,1011,8736,982997,0.8513701032342671
common,0.5,S1+AEF(t) seed 44 [3m],SID65,65896,977,2813,649061,0.9456131791177568
common,0.5,S1+AEF(t) seed 44 [3m],SID67,21082,14555,4861,964748,0.5205689169835548
common,0.5,S1+AEF(t) seed 44 [3m],SID68,41279,8837,2,935918,0.8236362185242827
common,0.5,S1+AEF(t) seed 44 [3m],SID69,108936,23589,11613,904438,0.7557757149398493
common,0.5,S1+AEF(t) seed 44 [3m],SID72,916970,1173,9693,120740,0.9882888786380352
common,0.5,S1+AEF(t) seed 44 [3m],SID78,264526,11119,4135,768796,0.9454785903209665
common,0.5,S1+AEF(t) seed 44 [3m],SID79,218713,4481,18008,523694,0.9067627963283886
common,0.5,S1+AEF(t) seed 44 [3m],SID80,90326,7031,1364,949813,0.914962368695617
common,0.5,S1+AEF(t) seed 44 [3m],SID81,294545,1585,1911,750535,0.9882700702252375
common,0.5,S1+AEF(t) seed 44 [3m],SID83,153218,6102,1404,887852,0.9532988228267092
common,0.5,S1+AEF(t) seed 44 [3m],SID85,374981,5424,2,650769,0.9857363297731114
common,0.5,S1+AEF(t) seed 44 [3m],SID87,18109,23090,2713,953151,0.4123929677536892
common,0.5,S1+AEF(t) seed 44 [3m],SID89,63859,2601,948,636363,0.9473504628530738
common,0.5,S1+AEF(t) seed 44 [3m],SID90,28853,1062,9226,617635,0.737155412483074
common,0.5,S1+AEF(t) seed 44 [3m],SID91,37207,24162,128,987079,0.605021383156902
common,0.5,S1+AEF(t) seed 44 [3m],SID92,278994,6628,124235,505379,0.6807105893030984
common,0.5,S1+AEF(t) seed 44 [3m],SID93,0,0,31314,1017262,0.0
common,0.5,S1+AEF(t) seed 44 [3m],SID97,204882,104113,2952,736629,0.6567846461097558
common,0.5,S1+AEF(t) seed 44 [3m],SID98,50202,25509,20424,952441,0.5222031518177562
common,0.5,S1+AEF(t) seed 44 [3m],SID99,934,33240,4727,1009675,0.024009665561296623
common,0.5,S1-only seed 42 [10m],SID03,331085,23465,25819,668207,0.8704310813972748
common,0.5,S1-only seed 42 [10m],SID04,137998,13091,25428,872059,0.7817830577224857
common,0.5,S1-only seed 42 [10m],SID05,550892,44607,5851,447226,0.9160921260497215
common,0.5,S1-only seed 42 [10m],SID06,734734,28145,15823,269874,0.9435368086893318
common,0.5,S1-only seed 42 [10m],SID100,5108,1048,35935,837645,0.12135610938205317
common,0.5,S1-only seed 42 [10m],SID14,113147,8465,14250,912714,0.8328082907656298
common,0.5,S1-only seed 42 [10m],SID15,703640,4562,84645,255729,0.8874852272884932
common,0.5,S1-only seed 42 [10m],SID17,34478,14065,2810,997223,0.6713921289895429
common,0.5,S1-only seed 42 [10m],SID18,54024,5360,301,988891,0.90515204825333
common,0.5,S1-only seed 42 [10m],SID21,294337,24010,9290,698838,0.8983631274856014
common,0.5,S1-only seed 42 [10m],SID22,247559,15159,19278,570572,0.8778812465425041
common,0.5,S1-only seed 42 [10m],SID23,2063,1754,128815,891580,0.015554315700585077
common,0.5,S1-only seed 42 [10m],SID25,28593,6731,5157,255488,0.7063313653318841
common,0.5,S1-only seed 42 [10m],SID26,0,1620,20453,1026503,0.0
common,0.5,S1-only seed 42 [10m],SID27,1221,2987,8609,771669,0.09526410236404775
common,0.5,S1-only seed 42 [10m],SID28,517176,8480,7468,514712,0.9700857586602741
common,0.5,S1-only seed 42 [10m],SID31,5629,2492,28482,1011973,0.15378520886266153
common,0.5,S1-only seed 42 [10m],SID33,33598,1223,248763,764792,0.11847635973820808
common,0.5,S1-only seed 42 [10m],SID36,138124,25432,23646,861374,0.7378339975000268
common,0.5,S1-only seed 42 [10m],SID37,891664,27948,10754,118210,0.9584013173310288
common,0.5,S1-only seed 42 [10m],SID39,312644,17788,11522,706622,0.9142867169268382
common,0.5,S1-only seed 42 [10m],SID40,610995,13566,1300,422715,0.9762471219647814
common,0.5,S1-only seed 42 [10m],SID44,128228,8422,60228,710398,0.651306900720243
common,0.5,S1-only seed 42 [10m],SID46,220782,15360,409070,403364,0.3421852042429465
common,0.5,S1-only seed 42 [10m],SID50,0,0,4662,595703,0.0
common,0.5,S1-only seed 42 [10m],SID51,24614,9610,7685,1006467,0.5873201460306855
common,0.5,S1-only seed 42 [10m],SID52,141328,12486,11977,882785,0.8524467552520945
common,0.5,S1-only seed 42 [10m],SID53,373773,25969,96537,552297,0.7531509493651757
common,0.5,S1-only seed 42 [10m],SID55,340606,116003,141271,450696,0.5696895698133405
common,0.5,S1-only seed 42 [10m],SID59,86193,16093,1807,944483,0.828038388748523
common,0.5,S1-only seed 42 [10m],SID61,180403,24132,12768,831273,0.8301910235937838
common,0.5,S1-only seed 42 [10m],SID63,489288,54856,20140,484192,0.8670952924413947
common,0.5,S1-only seed 42 [10m],SID64,58394,8475,6174,975533,0.7994469011404242
common,0.5,S1-only seed 42 [10m],SID65,59962,1144,8747,648894,0.8584026455556669
common,0.5,S1-only seed 42 [10m],SID67,349,13108,25594,966195,0.008937031061944637
common,0.5,S1-only seed 42 [10m],SID68,37879,9324,3402,935431,0.7485228732338701
common,0.5,S1-only seed 42 [10m],SID69,109445,36163,11104,891864,0.698383021083261
common,0.5,S1-only seed 42 [10m],SID72,920071,4914,6592,116999,0.9876489007349902
common,0.5,S1-only seed 42 [10m],SID78,258417,9087,10244,770828,0.9304009389806587
common,0.5,S1-only seed 42 [10m],SID79,193004,9556,43717,518619,0.7836866617670347
common,0.5,S1-only seed 42 [10m],SID80,87952,7788,3738,949056,0.8841351856691931
common,0.5,S1-only seed 42 [10m],SID81,295819,6454,637,745666,0.9765904063913373
common,0.5,S1-only seed 42 [10m],SID83,70926,1541,83696,892413,0.45417928702701665
common,0.5,S1-only seed 42 [10m],SID85,374831,5320,152,650873,0.9856114729570895
common,0.5,S1-only seed 42 [10m],SID87,6930,12429,13892,963812,0.20841478451775886
common,0.5,S1-only seed 42 [10m],SID89,14128,109,50679,638855,0.21763509766467434
common,0.5,S1-only seed 42 [10m],SID90,12852,477,25227,618220,0.3333333333333333
common,0.5,S1-only seed 42 [10m],SID91,36207,17768,1128,993473,0.6570785619657732
common,0.5,S1-only seed 42 [10m],SID92,313192,86554,90037,425453,0.6394505321744528
common,0.5,S1-only seed 42 [10m],SID93,69,207713,31245,809549,0.0002886703175791856
common,0.5,S1-only seed 42 [10m],SID97,86890,32035,120944,808707,0.36223938899982905
common,0.5,S1-only seed 42 [10m],SID98,14249,6651,56377,971299,0.18438862792292662
common,0.5,S1-only seed 42 [10m],SID99,0,71883,5661,971032,0.0
common,0.5,S1-only seed 43 [10m],SID03,333527,27255,23377,664417,0.8682004066024746
common,0.5,S1-only seed 43 [10m],SID04,139005,14995,24421,870155,0.7790843006148379
common,0.5,S1-only seed 43 [10m],SID05,552256,47456,4487,444377,0.9140299801886465
common,0.5,S1-only seed 43 [10m],SID06,738853,31742,11704,266277,0.9444636897145465
common,0.5,S1-only seed 43 [10m],SID100,7002,39937,34041,798756,0.08646579402321561
common,0.5,S1-only seed 43 [10m],SID14,115534,10451,11863,910728,0.8381260518832337
common,0.5,S1-only seed 43 [10m],SID15,726621,7636,61664,252655,0.9129310572280415
common,0.5,S1-only seed 43 [10m],SID17,34811,15100,2477,996188,0.664484233030465
common,0.5,S1-only seed 43 [10m],SID18,53975,6992,350,987259,0.8802615914020582
common,0.5,S1-only seed 43 [10m],SID21,295723,26377,7904,696471,0.896119440976473
common,0.5,S1-only seed 43 [10m],SID22,254570,28652,12267,557079,0.8615210718503904
common,0.5,S1-only seed 43 [10m],SID23,4016,3323,126862,890011,0.02992526136168881
common,0.5,S1-only seed 43 [10m],SID25,28425,6289,5325,255930,0.7099328155048827
common,0.5,S1-only seed 43 [10m],SID26,0,6792,20453,1021331,0.0
common,0.5,S1-only seed 43 [10m],SID27,1246,5956,8584,768700,0.07893069808691246
common,0.5,S1-only seed 43 [10m],SID28,520906,12587,3738,510605,0.9696126991927123
common,0.5,S1-only seed 43 [10m],SID31,5366,3010,28745,1011455,0.1445542954123003
common,0.5,S1-only seed 43 [10m],SID33,72340,2321,210021,763694,0.25410809253834105
common,0.5,S1-only seed 43 [10m],SID36,140917,28458,20853,858348,0.7407794856698278
common,0.5,S1-only seed 43 [10m],SID37,898041,33801,4377,112357,0.9592210796832792
common,0.5,S1-only seed 43 [10m],SID39,315755,24585,8411,699825,0.9053880849087171
common,0.5,S1-only seed 43 [10m],SID40,611632,17430,663,418851,0.9712684108142443
common,0.5,S1-only seed 43 [10m],SID44,151781,17436,36675,701384,0.7371874575019913
common,0.5,S1-only seed 43 [10m],SID46,245043,17565,384809,401159,0.37849330493329647
common,0.5,S1-only seed 43 [10m],SID50,0,0,4662,595703,0.0
common,0.5,S1-only seed 43 [10m],SID51,25298,9765,7001,1006312,0.6014168885507798
common,0.5,S1-only seed 43 [10m],SID52,145776,19022,7529,876249,0.8459266394703093
common,0.5,S1-only seed 43 [10m],SID53,428550,30694,41760,547572,0.8553823921565497
common,0.5,S1-only seed 43 [10m],SID55,416593,227746,65284,338953,0.587062426105129
common,0.5,S1-only seed 43 [10m],SID59,86297,16934,1703,943642,0.8223931232965483
common,0.5,S1-only seed 43 [10m],SID61,182843,28530,10328,826875,0.8247278992877795
common,0.5,S1-only seed 43 [10m],SID63,494480,63280,14948,475768,0.8634068321029216
common,0.5,S1-only seed 43 [10m],SID64,58518,9101,6050,974907,0.7943368309601053
common,0.5,S1-only seed 43 [10m],SID65,64275,1983,4434,648055,0.9092259378713291
common,0.5,S1-only seed 43 [10m],SID67,679,13711,25264,965592,0.01712311494426792
common,0.5,S1-only seed 43 [10m],SID68,40107,12044,1174,932711,0.7521237693389592
common,0.5,S1-only seed 43 [10m],SID69,111596,39330,8953,888697,0.6980028646664039
common,0.5,S1-only seed 43 [10m],SID72,921279,6179,5384,115734,0.9876045461074866
common,0.5,S1-only seed 43 [10m],SID78,259694,10901,8967,769014,0.92893168599452
common,0.5,S1-only seed 43 [10m],SID79,209311,20457,27410,507718,0.8138759925032468
common,0.5,S1-only seed 43 [10m],SID80,88242,8789,3448,948055,0.8782133580151076
common,0.5,S1-only seed 43 [10m],SID81,296100,7847,356,744273,0.9730433153797367
common,0.5,S1-only seed 43 [10m],SID83,108481,3206,46141,890748,0.687336847707631
common,0.5,S1-only seed 43 [10m],SID85,374864,5563,119,650630,0.9850688221660456
common,0.5,S1-only seed 43 [10m],SID87,7104,16324,13718,959917,0.1912453561621709
common,0.5,S1-only seed 43 [10m],SID89,43823,1408,20984,637556,0.6618288907347277
common,0.5,S1-only seed 43 [10m],SID90,12959,1345,25120,617352,0.328708400974026
common,0.5,S1-only seed 43 [10m],SID91,36348,20971,987,990270,0.623400679175385
common,0.5,S1-only seed 43 [10m],SID92,323336,103531,79893,408476,0.6380456231746784
common,0.5,S1-only seed 43 [10m],SID93,539,310006,30775,707256,0.0015791632485643971
common,0.5,S1-only seed 43 [10m],SID97,100072,41167,107762,799575,0.40189396829731605
common,0.5,S1-only seed 43 [10m],SID98,15623,7716,55003,970234,0.19942048964795384
common,0.5,S1-only seed 43 [10m],SID99,0,93672,5661,949243,0.0
common,0.5,S1-only seed 44 [10m],SID03,330295,23978,26609,667694,0.8671845873525134
common,0.5,S1-only seed 44 [10m],SID04,138091,13668,25335,871482,0.7797610308649644
common,0.5,S1-only seed 44 [10m],SID05,550627,42620,6116,449213,0.9186870060380771
common,0.5,S1-only seed 44 [10m],SID06,728306,24991,22251,273028,0.9390856529834388
common,0.5,S1-only seed 44 [10m],SID100,7686,2606,33357,836087,0.17608650828197667
common,0.5,S1-only seed 44 [10m],SID14,112032,7483,15365,913696,0.8306049822064057
common,0.5,S1-only seed 44 [10m],SID15,694618,4545,93667,255746,0.8761247682353089
common,0.5,S1-only seed 44 [10m],SID17,34292,13930,2996,997358,0.669530243273849
common,0.5,S1-only seed 44 [10m],SID18,53956,4819,369,989432,0.9122818882726904
common,0.5,S1-only seed 44 [10m],SID21,293339,23283,10288,699565,0.8973081276192224
common,0.5,S1-only seed 44 [10m],SID22,250251,16895,16586,568836,0.8819978007415449
common,0.5,S1-only seed 44 [10m],SID23,1061,1174,129817,892160,0.008034713597673644
common,0.5,S1-only seed 44 [10m],SID25,27037,4981,6713,257238,0.6980713123854277
common,0.5,S1-only seed 44 [10m],SID26,0,713,20453,1027410,0.0
common,0.5,S1-only seed 44 [10m],SID27,519,1705,9311,772951,0.044993498049414826
common,0.5,S1-only seed 44 [10m],SID28,515860,8530,8784,514662,0.9675265485563812
common,0.5,S1-only seed 44 [10m],SID31,5311,2942,28800,1011523,0.14333522251909428
common,0.5,S1-only seed 44 [10m],SID33,43650,1731,238711,764284,0.15364740999394563
common,0.5,S1-only seed 44 [10m],SID36,139010,26885,22760,859921,0.7368476849275132
common,0.5,S1-only seed 44 [10m],SID37,891811,28445,10607,117713,0.9580475322362152
common,0.5,S1-only seed 44 [10m],SID39,313087,18618,11079,705792,0.9133652679238238
common,0.5,S1-only seed 44 [10m],SID40,611430,15432,865,420849,0.9740380770621624
common,0.5,S1-only seed 44 [10m],SID44,135922,10369,52534,708451,0.6836263045391676
common,0.5,S1-only seed 44 [10m],SID46,194487,13428,435365,405296,0.30233646312647683
common,0.5,S1-only seed 44 [10m],SID50,0,0,4662,595703,0.0
common,0.5,S1-only seed 44 [10m],SID51,24817,9308,7482,1006769,0.5964621337755666
common,0.5,S1-only seed 44 [10m],SID52,142441,13946,10864,881325,0.8516600797603602
common,0.5,S1-only seed 44 [10m],SID53,407590,26703,62720,551563,0.8200791528591808
common,0.5,S1-only seed 44 [10m],SID55,441730,216128,40147,350571,0.6328464695811634
common,0.5,S1-only seed 44 [10m],SID59,85827,14889,2173,945687,0.8341708054310957
common,0.5,S1-only seed 44 [10m],SID61,180830,24877,12341,830528,0.8293128118579396
common,0.5,S1-only seed 44 [10m],SID63,490311,56387,19117,482661,0.8665570902149996
common,0.5,S1-only seed 44 [10m],SID64,58333,8143,6235,975865,0.8022582552846199
common,0.5,S1-only seed 44 [10m],SID65,57277,1262,11432,648776,0.8185819839647854
common,0.5,S1-only seed 44 [10m],SID67,458,13839,25485,965464,0.011512744457292242
common,0.5,S1-only seed 44 [10m],SID68,38778,9539,2503,935216,0.7630460448642267
common,0.5,S1-only seed 44 [10m],SID69,109040,33398,11509,894629,0.7082957121606787
common,0.5,S1-only seed 44 [10m],SID72,920355,5113,6308,116800,0.987742762208943
common,0.5,S1-only seed 44 [10m],SID78,257388,8403,11273,771512,0.9289839170733116
common,0.5,S1-only seed 44 [10m],SID79,194109,9830,42612,518345,0.7872975570977202
common,0.5,S1-only seed 44 [10m],SID80,87199,7126,4491,949718,0.8824380667098446
common,0.5,S1-only seed 44 [10m],SID81,296016,7133,440,744987,0.9750550909288545
common,0.5,S1-only seed 44 [10m],SID83,80817,2223,73805,891731,0.5152666645414262
common,0.5,S1-only seed 44 [10m],SID85,374800,5274,183,650919,0.985649179370794
common,0.5,S1-only seed 44 [10m],SID87,6108,10730,14714,965511,0.19358519269776878
common,0.5,S1-only seed 44 [10m],SID89,28192,124,36615,638840,0.4341839799171428
common,0.5,S1-only seed 44 [10m],SID90,14826,906,23253,617791,0.38030011542901115
common,0.5,S1-only seed 44 [10m],SID91,36282,17115,1053,994126,0.6663360881542699
common,0.5,S1-only seed 44 [10m],SID92,307987,85181,95242,426826,0.6305911017382937
common,0.5,S1-only seed 44 [10m],SID93,131,397446,31183,619816,0.00030553223248437356
common,0.5,S1-only seed 44 [10m],SID97,77947,29776,129887,810966,0.32804595766171457
common,0.5,S1-only seed 44 [10m],SID98,15305,7424,55321,970526,0.19609224855861626
common,0.5,S1-only seed 44 [10m],SID99,0,87219,5661,955696,0.0
common,0.5,S1+AEF(t) seed 42 [10m],SID03,337575,14020,19329,677652,0.9100920943373845
common,0.5,S1+AEF(t) seed 42 [10m],SID04,143667,19879,19759,865271,0.7837593082567306
common,0.5,S1+AEF(t) seed 42 [10m],SID05,552685,29836,4058,461997,0.9422175018198742
common,0.5,S1+AEF(t) seed 42 [10m],SID06,733350,7658,17207,290361,0.9672058716854718
common,0.5,S1+AEF(t) seed 42 [10m],SID100,33700,799,7343,837894,0.8054108312222169
common,0.5,S1+AEF(t) seed 42 [10m],SID14,116069,7888,11328,913291,0.8579591233322246
common,0.5,S1+AEF(t) seed 42 [10m],SID15,785723,49234,2562,211057,0.9381554328916717
common,0.5,S1+AEF(t) seed 42 [10m],SID17,36544,20122,744,991166,0.6365441560703711
common,0.5,S1+AEF(t) seed 42 [10m],SID18,54325,8359,0,985892,0.866648586561164
common,0.5,S1+AEF(t) seed 42 [10m],SID21,296278,20691,7349,702157,0.9135416473954575
common,0.5,S1+AEF(t) seed 42 [10m],SID22,262040,23829,4797,561902,0.9015158291647458
common,0.5,S1+AEF(t) seed 42 [10m],SID23,117885,6474,12993,886860,0.8582692643718329
common,0.5,S1+AEF(t) seed 42 [10m],SID25,30605,4214,3145,258005,0.8061584659150774
common,0.5,S1+AEF(t) seed 42 [10m],SID26,4191,647,16262,1027476,0.19862559241706162
common,0.5,S1+AEF(t) seed 42 [10m],SID27,8850,7187,980,767469,0.5200681671269907
common,0.5,S1+AEF(t) seed 42 [10m],SID28,524644,130645,0,392547,0.8006299510597614
common,0.5,S1+AEF(t) seed 42 [10m],SID31,11995,7944,22116,1006521,0.28522173344429913
common,0.5,S1+AEF(t) seed 42 [10m],SID33,167758,575,114603,765440,0.5929185398818108
common,0.5,S1+AEF(t) seed 42 [10m],SID36,127461,2888,34309,883918,0.7740953977334839
common,0.5,S1+AEF(t) seed 42 [10m],SID37,875020,3579,27398,142579,0.9658089375571883
common,0.5,S1+AEF(t) seed 42 [10m],SID39,312640,7323,11526,717087,0.943138384682448
common,0.5,S1+AEF(t) seed 42 [10m],SID40,611830,8034,465,428247,0.9862992057440487
common,0.5,S1+AEF(t) seed 42 [10m],SID44,187527,18520,929,700300,0.9060325834879406
common,0.5,S1+AEF(t) seed 42 [10m],SID46,565889,83685,63963,335039,0.7930759021606448
common,0.5,S1+AEF(t) seed 42 [10m],SID50,80,0,4582,595703,0.01716001716001716
common,0.5,S1+AEF(t) seed 42 [10m],SID51,27946,7861,4353,1008216,0.6958665338645418
common,0.5,S1+AEF(t) seed 42 [10m],SID52,147648,12535,5657,882736,0.8903039073806078
common,0.5,S1+AEF(t) seed 42 [10m],SID53,469522,85382,788,492884,0.8449320846800026
common,0.5,S1+AEF(t) seed 42 [10m],SID55,481877,365242,0,201457,0.5688421579494735
common,0.5,S1+AEF(t) seed 42 [10m],SID59,87122,18622,878,941954,0.8171109151957382
common,0.5,S1+AEF(t) seed 42 [10m],SID61,179890,5615,13281,849790,0.9049430040344894
common,0.5,S1+AEF(t) seed 42 [10m],SID63,487435,14367,21993,524681,0.930583529816054
common,0.5,S1+AEF(t) seed 42 [10m],SID64,57423,3161,7145,980847,0.8478347532076363
common,0.5,S1+AEF(t) seed 42 [10m],SID65,67239,2837,1470,647201,0.9398009672099069
common,0.5,S1+AEF(t) seed 42 [10m],SID67,13464,4985,12479,974318,0.4353336782203828
common,0.5,S1+AEF(t) seed 42 [10m],SID68,41281,11356,0,933399,0.7842582214031955
common,0.5,S1+AEF(t) seed 42 [10m],SID69,107448,22767,13101,905260,0.749727874068492
common,0.5,S1+AEF(t) seed 42 [10m],SID72,916533,1677,10130,120236,0.9872815994140078
common,0.5,S1+AEF(t) seed 42 [10m],SID78,263492,13285,5169,766630,0.9345477502784221
common,0.5,S1+AEF(t) seed 42 [10m],SID79,218014,3686,18707,524489,0.9068537937747237
common,0.5,S1+AEF(t) seed 42 [10m],SID80,90342,8487,1348,948357,0.901823771923695
common,0.5,S1+AEF(t) seed 42 [10m],SID81,295591,3254,865,748866,0.9862567148243302
common,0.5,S1+AEF(t) seed 42 [10m],SID83,152401,6395,2221,887559,0.946490122161014
common,0.5,S1+AEF(t) seed 42 [10m],SID85,374981,6300,2,649893,0.9834715945898453
common,0.5,S1+AEF(t) seed 42 [10m],SID87,16759,20824,4063,955417,0.40241559813667577
common,0.5,S1+AEF(t) seed 42 [10m],SID89,63732,3081,1075,635883,0.9387815225076597
common,0.5,S1+AEF(t) seed 42 [10m],SID90,29825,1487,8254,617210,0.7538037709144215
common,0.5,S1+AEF(t) seed 42 [10m],SID91,37310,29358,25,981883,0.5594290255349137
common,0.5,S1+AEF(t) seed 42 [10m],SID92,275141,7889,128088,504118,0.669250677421081
common,0.5,S1+AEF(t) seed 42 [10m],SID93,0,0,31314,1017262,0.0
common,0.5,S1+AEF(t) seed 42 [10m],SID97,196802,77423,11032,763319,0.6899112028802098
common,0.5,S1+AEF(t) seed 42 [10m],SID98,44657,24715,25969,953235,0.4683924020096286
common,0.5,S1+AEF(t) seed 42 [10m],SID99,77,30395,5584,1012520,0.0021355668959396495
common,0.5,S1+AEF(t) seed 43 [10m],SID03,340193,20685,16711,670987,0.9009610979133397
common,0.5,S1+AEF(t) seed 43 [10m],SID04,142478,17838,20948,867312,0.7860248036013769
common,0.5,S1+AEF(t) seed 43 [10m],SID05,553979,33415,2764,458418,0.938696077999451
common,0.5,S1+AEF(t) seed 43 [10m],SID06,738642,10987,11915,287032,0.9699268853802275
common,0.5,S1+AEF(t) seed 43 [10m],SID100,34243,1311,6800,837382,0.8084950654011428
common,0.5,S1+AEF(t) seed 43 [10m],SID14,115391,7090,12006,914089,0.8580085807550172
common,0.5,S1+AEF(t) seed 43 [10m],SID15,787962,69940,323,190351,0.9181298610504238
common,0.5,S1+AEF(t) seed 43 [10m],SID17,36469,18619,819,992669,0.6523154524478151
common,0.5,S1+AEF(t) seed 43 [10m],SID18,54325,8510,0,985741,0.8645659266332458
common,0.5,S1+AEF(t) seed 43 [10m],SID21,297570,23541,6057,699307,0.9095327171361502
common,0.5,S1+AEF(t) seed 43 [10m],SID22,261733,22875,5104,562856,0.9034247804716408
common,0.5,S1+AEF(t) seed 43 [10m],SID23,115664,5354,15214,887980,0.8490222561512714
common,0.5,S1+AEF(t) seed 43 [10m],SID25,30951,5414,2799,256805,0.7902921049943826
common,0.5,S1+AEF(t) seed 43 [10m],SID26,3462,446,16991,1027677,0.16565385903631752
common,0.5,S1+AEF(t) seed 43 [10m],SID27,7975,5276,1855,769380,0.5279359195021845
common,0.5,S1+AEF(t) seed 43 [10m],SID28,524644,134079,0,389113,0.7964561735357654
common,0.5,S1+AEF(t) seed 43 [10m],SID31,11318,6179,22793,1008286,0.2809133780094316
common,0.5,S1+AEF(t) seed 43 [10m],SID33,149687,232,132674,765783,0.5296911105370621
common,0.5,S1+AEF(t) seed 43 [10m],SID36,130367,4541,31403,882265,0.7838747887992977
common,0.5,S1+AEF(t) seed 43 [10m],SID37,877802,5082,24616,141076,0.9672749311294766
common,0.5,S1+AEF(t) seed 43 [10m],SID39,312077,7010,12089,717400,0.9423297581950383
common,0.5,S1+AEF(t) seed 43 [10m],SID40,611700,6802,595,429479,0.9880519530865115
common,0.5,S1+AEF(t) seed 43 [10m],SID44,187185,18317,1271,700503,0.905268095931287
common,0.5,S1+AEF(t) seed 43 [10m],SID46,581888,89685,47964,329039,0.8086978154007368
common,0.5,S1+AEF(t) seed 43 [10m],SID50,41,0,4621,595703,0.008794508794508795
common,0.5,S1+AEF(t) seed 43 [10m],SID51,27891,7895,4408,1008182,0.6939095387371249
common,0.5,S1+AEF(t) seed 43 [10m],SID52,147830,14233,5475,881038,0.8823669854003271
common,0.5,S1+AEF(t) seed 43 [10m],SID53,469641,83974,669,494292,0.8472930844116012
common,0.5,S1+AEF(t) seed 43 [10m],SID55,481877,361819,0,204880,0.5711500350837269
common,0.5,S1+AEF(t) seed 43 [10m],SID59,87200,21878,800,938698,0.7936074555416007
common,0.5,S1+AEF(t) seed 43 [10m],SID61,183797,7378,9374,848027,0.9164692917940254
common,0.5,S1+AEF(t) seed 43 [10m],SID63,494582,21508,14846,517540,0.9315284704747842
common,0.5,S1+AEF(t) seed 43 [10m],SID64,57373,3373,7195,980635,0.8444532756362138
common,0.5,S1+AEF(t) seed 43 [10m],SID65,67295,2903,1414,647135,0.9397168072390102
common,0.5,S1+AEF(t) seed 43 [10m],SID67,10745,3258,15198,976045,0.36796685045032707
common,0.5,S1+AEF(t) seed 43 [10m],SID68,41280,10158,1,934597,0.8025039367017244
common,0.5,S1+AEF(t) seed 43 [10m],SID69,108793,24956,11756,903071,0.7476925191574173
common,0.5,S1+AEF(t) seed 43 [10m],SID72,917261,1993,9402,119920,0.9877295790906429
common,0.5,S1+AEF(t) seed 43 [10m],SID78,263051,11747,5610,768168,0.9381009101024221
common,0.5,S1+AEF(t) seed 43 [10m],SID79,215276,3383,21445,524792,0.8965948089161363
common,0.5,S1+AEF(t) seed 43 [10m],SID80,90290,7807,1400,949037,0.9074645466697489
common,0.5,S1+AEF(t) seed 43 [10m],SID81,295695,3369,761,748751,0.9862252980905528
common,0.5,S1+AEF(t) seed 43 [10m],SID83,150918,5549,3704,888405,0.94223049116257
common,0.5,S1+AEF(t) seed 43 [10m],SID85,374983,6117,0,650076,0.9839490947257937
common,0.5,S1+AEF(t) seed 43 [10m],SID87,16623,20086,4199,956155,0.40635083602229394
common,0.5,S1+AEF(t) seed 43 [10m],SID89,63432,2816,1375,636148,0.9380240450734217
common,0.5,S1+AEF(t) seed 43 [10m],SID90,29097,1394,8982,617303,0.7371367770374686
common,0.5,S1+AEF(t) seed 43 [10m],SID91,37267,27341,68,983900,0.576210650009277
common,0.5,S1+AEF(t) seed 43 [10m],SID92,272970,6118,130259,505889,0.6668425565595937
common,0.5,S1+AEF(t) seed 43 [10m],SID93,0,0,31314,1017262,0.0
common,0.5,S1+AEF(t) seed 43 [10m],SID97,193002,66652,14832,774090,0.7031396865413901
common,0.5,S1+AEF(t) seed 43 [10m],SID98,42360,19796,28266,958154,0.4684700625953861
common,0.5,S1+AEF(t) seed 43 [10m],SID99,134,26504,5527,1016411,0.004166018964713198
common,0.5,S1+AEF(t) seed 44 [10m],SID03,336846,12685,20058,678987,0.9114069953380647
common,0.5,S1+AEF(t) seed 44 [10m],SID04,142083,17667,21343,867483,0.7845858205452447
common,0.5,S1+AEF(t) seed 44 [10m],SID05,553533,31846,3210,459987,0.9404406130593674
common,0.5,S1+AEF(t) seed 44 [10m],SID06,737544,9937,13013,288082,0.9698222471183204
common,0.5,S1+AEF(t) seed 44 [10m],SID100,33284,759,7759,837934,0.7962298454619396
common,0.5,S1+AEF(t) seed 44 [10m],SID14,115985,7808,11412,913371,0.8578454938796642
common,0.5,S1+AEF(t) seed 44 [10m],SID15,787952,71742,333,188549,0.916194491568288
common,0.5,S1+AEF(t) seed 44 [10m],SID17,36511,19036,777,992252,0.6482316596832611
common,0.5,S1+AEF(t) seed 44 [10m],SID18,54325,7914,0,986337,0.8728450007230193
common,0.5,S1+AEF(t) seed 44 [10m],SID21,296546,20698,7081,702150,0.9143482617744546
common,0.5,S1+AEF(t) seed 44 [10m],SID22,262041,24137,4796,561594,0.9005649989346127
common,0.5,S1+AEF(t) seed 44 [10m],SID23,113714,4920,17164,888414,0.8373761027408356
common,0.5,S1+AEF(t) seed 44 [10m],SID25,30746,4682,3004,257537,0.8000104079933389
common,0.5,S1+AEF(t) seed 44 [10m],SID26,4141,656,16312,1027467,0.19617224880382775
common,0.5,S1+AEF(t) seed 44 [10m],SID27,8817,6910,1013,767746,0.5267025089605735
common,0.5,S1+AEF(t) seed 44 [10m],SID28,524644,133979,0,389213,0.7965771010122634
common,0.5,S1+AEF(t) seed 44 [10m],SID31,11443,6938,22668,1007527,0.27876440351774706
common,0.5,S1+AEF(t) seed 44 [10m],SID33,159000,339,123361,765676,0.5624336752741422
common,0.5,S1+AEF(t) seed 44 [10m],SID36,126260,2477,35510,884329,0.7687202810401408
common,0.5,S1+AEF(t) seed 44 [10m],SID37,874524,3394,27894,142764,0.9654586161366818
common,0.5,S1+AEF(t) seed 44 [10m],SID39,312136,5788,12030,718622,0.9459985331288604
common,0.5,S1+AEF(t) seed 44 [10m],SID40,611777,7496,518,428785,0.987069834831419
common,0.5,S1+AEF(t) seed 44 [10m],SID44,187835,21380,621,697440,0.8951514516098287
common,0.5,S1+AEF(t) seed 44 [10m],SID46,577320,90066,52532,328658,0.8019246636422481
common,0.5,S1+AEF(t) seed 44 [10m],SID50,126,0,4536,595703,0.02702702702702703
common,0.5,S1+AEF(t) seed 44 [10m],SID51,27678,6867,4621,1009210,0.7066843690956441
common,0.5,S1+AEF(t) seed 44 [10m],SID52,147414,11891,5891,883380,0.8923581684786557
common,0.5,S1+AEF(t) seed 44 [10m],SID53,469529,85314,781,492952,0.8450480900753027
common,0.5,S1+AEF(t) seed 44 [10m],SID55,481877,366014,0,200685,0.5683242303550811
common,0.5,S1+AEF(t) seed 44 [10m],SID59,87209,22273,791,938303,0.7908463540485885
common,0.5,S1+AEF(t) seed 44 [10m],SID61,181866,6582,11305,848823,0.9104544111978293
common,0.5,S1+AEF(t) seed 44 [10m],SID63,491719,18773,17709,520275,0.9309315961158725
common,0.5,S1+AEF(t) seed 44 [10m],SID64,57352,3013,7216,980995,0.8486408901910301
common,0.5,S1+AEF(t) seed 44 [10m],SID65,66469,1760,2240,648278,0.9432374519292172
common,0.5,S1+AEF(t) seed 44 [10m],SID67,11873,3535,14070,975768,0.40277495081077413
common,0.5,S1+AEF(t) seed 44 [10m],SID68,41281,10725,0,934030,0.7937737953313079
common,0.5,S1+AEF(t) seed 44 [10m],SID69,108093,22802,12456,905225,0.7540442689621977
common,0.5,S1+AEF(t) seed 44 [10m],SID72,917740,2016,8923,119897,0.9882209030246188
common,0.5,S1+AEF(t) seed 44 [10m],SID78,262720,11220,5941,768695,0.9386846552642015
common,0.5,S1+AEF(t) seed 44 [10m],SID79,217459,3718,19262,524457,0.9044248229280607
common,0.5,S1+AEF(t) seed 44 [10m],SID80,90309,8122,1381,948722,0.9047910070933355
common,0.5,S1+AEF(t) seed 44 [10m],SID81,295761,3792,695,748328,0.9850556872984999
common,0.5,S1+AEF(t) seed 44 [10m],SID83,150645,5433,3977,888521,0.9412077098497391
common,0.5,S1+AEF(t) seed 44 [10m],SID85,374983,6756,0,649437,0.9823020440667577
common,0.5,S1+AEF(t) seed 44 [10m],SID87,15950,17018,4872,959223,0.42151162790697677
common,0.5,S1+AEF(t) seed 44 [10m],SID89,63463,2529,1344,636435,0.9424824759415469
common,0.5,S1+AEF(t) seed 44 [10m],SID90,29187,1292,8892,617405,0.741332452820604
common,0.5,S1+AEF(t) seed 44 [10m],SID91,37310,28590,25,982651,0.5659461509290861
common,0.5,S1+AEF(t) seed 44 [10m],SID92,275525,7209,127704,504798,0.6712950555260477
common,0.5,S1+AEF(t) seed 44 [10m],SID93,0,0,31314,1017262,0.0
common,0.5,S1+AEF(t) seed 44 [10m],SID97,195850,72364,11984,768378,0.6989700140614851
common,0.5,S1+AEF(t) seed 44 [10m],SID98,42614,20128,28012,957822,0.4695550609339533
common,0.5,S1+AEF(t) seed 44 [10m],SID99,208,29175,5453,1013740,0.005970834768630153
paper_common,0.3,S1-only [3m],SID03,295270,3075,61634,688597,0.8202422919114726
paper_common,0.3,S1-only [3m],SID04,113118,114,50308,885036,0.6916839916839916
paper_common,0.3,S1-only [3m],SID05,463449,6513,93294,485320,0.82280348544889
paper_common,0.3,S1-only [3m],SID06,255003,5370,495554,292649,0.3373381292108894
paper_common,0.3,S1-only [3m],SID100,11159,8187,29884,830506,0.22667072923014422
paper_common,0.3,S1-only [3m],SID14,53812,174,73585,921005,0.42182000611424225
paper_common,0.3,S1-only [3m],SID15,281438,0,506847,260291,0.35702569502147063
paper_common,0.3,S1-only [3m],SID17,12094,753,25194,1010535,0.3179201387976131
paper_common,0.3,S1-only [3m],SID18,49519,5681,4806,988570,0.8252341432523415
paper_common,0.3,S1-only [3m],SID21,281474,16026,22153,706822,0.8805611084519777
paper_common,0.3,S1-only [3m],SID22,201209,6834,65628,578897,0.7352222193802047
paper_common,0.3,S1-only [3m],SID23,773,1026,130105,892308,0.005860322658903445
paper_common,0.3,S1-only [3m],SID25,6979,438,26771,261781,0.20413595413595415
paper_common,0.3,S1-only [3m],SID26,169,61408,20284,966715,0.002064475146895347
paper_common,0.3,S1-only [3m],SID27,81,4792,9749,769864,0.00553959786622897
paper_common,0.3,S1-only [3m],SID28,433613,384,91031,522808,0.8258854765841059
paper_common,0.3,S1-only [3m],SID31,0,76,34111,1014389,0.0
paper_common,0.3,S1-only [3m],SID33,15475,16,266886,765999,0.05480262202658148
paper_common,0.3,S1-only [3m],SID36,114891,8436,46879,878370,0.6750114567054041
paper_common,0.3,S1-only [3m],SID37,531498,16818,370920,129340,0.578195370938475
paper_common,0.3,S1-only [3m],SID39,233559,978,90607,723432,0.7183248037792486
paper_common,0.3,S1-only [3m],SID40,552405,1441,59890,434840,0.9000694109519403
paper_common,0.3,S1-only [3m],SID44,106077,4310,82379,714510,0.5502889513710925
paper_common,0.3,S1-only [3m],SID46,69300,928,560552,417796,0.10986397793208409
paper_common,0.3,S1-only [3m],SID50,8,733,4654,594970,0.0014828544949026877
paper_common,0.3,S1-only [3m],SID51,6071,149,26228,1015928,0.18709935897435898
paper_common,0.3,S1-only [3m],SID52,132116,11700,21189,883571,0.8006787673100815
paper_common,0.3,S1-only [3m],SID53,35986,2899,434324,575367,0.07604673622014797
paper_common,0.3,S1-only [3m],SID55,99427,42743,382450,523956,0.18952193968968015
paper_common,0.3,S1-only [3m],SID59,66144,571,21856,960005,0.7467907102776303
paper_common,0.3,S1-only [3m],SID61,148849,2155,44322,853250,0.7620542068132251
paper_common,0.3,S1-only [3m],SID63,413693,5312,95735,533736,0.803693126627035
paper_common,0.3,S1-only [3m],SID64,54378,3687,10190,980321,0.7966888872610065
paper_common,0.3,S1-only [3m],SID65,44772,2178,23937,647860,0.6315967666850058
paper_common,0.3,S1-only [3m],SID67,255,5270,25688,974033,0.008169672892704963
paper_common,0.3,S1-only [3m],SID68,17182,2006,24099,942749,0.3969321043269342
paper_common,0.3,S1-only [3m],SID69,54486,2730,66063,925297,0.44197308544034264
paper_common,0.3,S1-only [3m],SID72,910492,789,16171,121124,0.981713339342629
paper_common,0.3,S1-only [3m],SID78,178510,1122,90151,778793,0.6616799427688179
paper_common,0.3,S1-only [3m],SID79,145258,11035,91463,517140,0.5862945801514393
paper_common,0.3,S1-only [3m],SID80,72401,141,19289,956703,0.7884156766233624
paper_common,0.3,S1-only [3m],SID81,278072,80,18384,752040,0.9377343728923301
paper_common,0.3,S1-only [3m],SID83,6779,58,147843,893896,0.04382596327902767
paper_common,0.3,S1-only [3m],SID85,362752,815,12231,655378,0.9652845411630716
paper_common,0.3,S1-only [3m],SID87,2957,6388,17865,969853,0.10867328188166116
paper_common,0.3,S1-only [3m],SID89,25209,1586,39598,637378,0.37969364240206044
paper_common,0.3,S1-only [3m],SID90,1595,2897,36484,615800,0.03892522452167122
paper_common,0.3,S1-only [3m],SID91,24948,4657,12387,1006584,0.594113164412269
paper_common,0.3,S1-only [3m],SID92,280817,72755,122412,439252,0.5899715116474503
paper_common,0.3,S1-only [3m],SID93,0,23450,31314,993812,0.0
paper_common,0.3,S1-only [3m],SID97,43373,20564,164461,820178,0.189900962355187
paper_common,0.3,S1-only [3m],SID98,2338,28266,68288,949684,0.02364195283743882
paper_common,0.3,S1-only [3m],SID99,0,21938,5661,1020977,0.0
paper_common,0.3,S1+AEF(t) [3m],SID03,336547,8238,20357,683434,0.9216880008325529
paper_common,0.3,S1+AEF(t) [3m],SID04,147745,16108,15681,869042,0.8229360455401206
paper_common,0.3,S1+AEF(t) [3m],SID05,549367,21812,7376,470021,0.9495501724123031
paper_common,0.3,S1+AEF(t) [3m],SID06,735646,8227,14911,289792,0.9695064735155196
paper_common,0.3,S1+AEF(t) [3m],SID100,35684,3158,5359,835535,0.8073120517635347
paper_common,0.3,S1+AEF(t) [3m],SID14,115662,5962,11735,915217,0.8672980451263131
paper_common,0.3,S1+AEF(t) [3m],SID15,788214,107399,71,152892,0.8800134868993975
paper_common,0.3,S1+AEF(t) [3m],SID17,36762,17793,526,993495,0.6674170766689058
paper_common,0.3,S1+AEF(t) [3m],SID18,54311,25984,14,968267,0.6762753863203377
paper_common,0.3,S1+AEF(t) [3m],SID21,296129,18838,7498,704010,0.9183291209898748
paper_common,0.3,S1+AEF(t) [3m],SID22,261648,19938,5189,565793,0.9123807863307472
paper_common,0.3,S1+AEF(t) [3m],SID23,126199,9051,4679,884283,0.9018788099679123
paper_common,0.3,S1+AEF(t) [3m],SID25,31441,3863,2309,258356,0.8359077978358547
paper_common,0.3,S1+AEF(t) [3m],SID26,12953,4232,7500,1023891,0.5247316183917359
paper_common,0.3,S1+AEF(t) [3m],SID27,9298,8811,532,765845,0.4987929832090553
paper_common,0.3,S1+AEF(t) [3m],SID28,524644,224197,0,298995,0.7006080062389747
paper_common,0.3,S1+AEF(t) [3m],SID31,13187,7786,20924,1006679,0.31474807265436666
paper_common,0.3,S1+AEF(t) [3m],SID33,198544,352,83817,765663,0.7022811119403777
paper_common,0.3,S1+AEF(t) [3m],SID36,122066,1240,39704,885566,0.7488252254462916
paper_common,0.3,S1+AEF(t) [3m],SID37,881821,5882,20597,140276,0.9708477375316525
paper_common,0.3,S1+AEF(t) [3m],SID39,310112,2939,14054,721471,0.9480503202335642
paper_common,0.3,S1+AEF(t) [3m],SID40,611000,5389,1295,430892,0.9891789329171551
paper_common,0.3,S1+AEF(t) [3m],SID44,187636,15711,820,703109,0.9190319689273977
paper_common,0.3,S1+AEF(t) [3m],SID46,604416,100588,25436,318136,0.8274683752258912
paper_common,0.3,S1+AEF(t) [3m],SID50,251,2,4411,595701,0.05381646655231561
paper_common,0.3,S1+AEF(t) [3m],SID51,29690,7445,2609,1008632,0.747030998389694
paper_common,0.3,S1+AEF(t) [3m],SID52,148085,10181,5220,885090,0.9057962149664192
paper_common,0.3,S1+AEF(t) [3m],SID53,469585,100317,725,477949,0.8229281124096827
paper_common,0.3,S1+AEF(t) [3m],SID55,481877,383390,0,183309,0.5569113348827587
paper_common,0.3,S1+AEF(t) [3m],SID59,87044,14268,956,946308,0.851136230296867
paper_common,0.3,S1+AEF(t) [3m],SID61,177105,2853,16066,852552,0.903486307799045
paper_common,0.3,S1+AEF(t) [3m],SID63,481208,4214,28220,534834,0.9368548522122412
paper_common,0.3,S1+AEF(t) [3m],SID64,55766,1133,8802,982875,0.8487846455913913
paper_common,0.3,S1+AEF(t) [3m],SID65,67316,4566,1393,645472,0.9186762197202321
paper_common,0.3,S1+AEF(t) [3m],SID67,20844,14755,5099,964548,0.5121627598407784
paper_common,0.3,S1+AEF(t) [3m],SID68,41281,10183,0,934572,0.8021335302347272
paper_common,0.3,S1+AEF(t) [3m],SID69,106761,19391,13788,908636,0.7629055309418322
paper_common,0.3,S1+AEF(t) [3m],SID72,915272,889,11391,121024,0.9867608500655489
paper_common,0.3,S1+AEF(t) [3m],SID78,265019,12863,3642,767052,0.9413726716017107
paper_common,0.3,S1+AEF(t) [3m],SID79,219221,4227,17500,523948,0.9098270166176935
paper_common,0.3,S1+AEF(t) [3m],SID80,90306,7321,1384,949523,0.9120804759067175
paper_common,0.3,S1+AEF(t) [3m],SID81,294621,1393,1835,750727,0.9891622936454378
paper_common,0.3,S1+AEF(t) [3m],SID83,153529,6701,1093,887253,0.9516869882161874
paper_common,0.3,S1+AEF(t) [3m],SID85,374971,4586,12,651607,0.987886260469111
paper_common,0.3,S1+AEF(t) [3m],SID87,18149,23547,2673,952694,0.40904685703982513
paper_common,0.3,S1+AEF(t) [3m],SID89,64071,3216,736,635748,0.9419020037340311
paper_common,0.3,S1+AEF(t) [3m],SID90,29432,1538,8647,617159,0.7429133957644446
paper_common,0.3,S1+AEF(t) [3m],SID91,37134,24160,201,987081,0.6038539718676316
paper_common,0.3,S1+AEF(t) [3m],SID92,277524,6813,125705,505194,0.6768184722540618
paper_common,0.3,S1+AEF(t) [3m],SID93,0,0,31314,1017262,0.0
paper_common,0.3,S1+AEF(t) [3m],SID97,203800,95211,4034,745531,0.6725073833919055
paper_common,0.3,S1+AEF(t) [3m],SID98,50037,26493,20589,951457,0.5152132950298088
paper_common,0.3,S1+AEF(t) [3m],SID99,723,28158,4938,1014757,0.02137851503592655
paper_common,0.3,S1+AEF(t-1) swap [3m],SID03,312946,1575,43958,690097,0.8729827967607586
paper_common,0.3,S1+AEF(t-1) swap [3m],SID04,148011,18063,15415,867087,0.8155370297924392
paper_common,0.3,S1+AEF(t-1) swap [3m],SID05,551759,26199,4984,465634,0.9465075427744098
paper_common,0.3,S1+AEF(t-1) swap [3m],SID06,735309,7408,15248,290611,0.9701094377708733
paper_common,0.3,S1+AEF(t-1) swap [3m],SID100,36154,8880,4889,829813,0.7241952607014803
paper_common,0.3,S1+AEF(t-1) swap [3m],SID14,125502,127880,1895,793299,0.49163066002812633
paper_common,0.3,S1+AEF(t-1) swap [3m],SID15,788227,94330,58,165961,0.8930586949009478
paper_common,0.3,S1+AEF(t-1) swap [3m],SID17,36805,18443,483,992845,0.6604044427697332
paper_common,0.3,S1+AEF(t-1) swap [3m],SID18,54241,3240,84,991011,0.9422565795188048
paper_common,0.3,S1+AEF(t-1) swap [3m],SID21,296449,21286,7178,701562,0.9123950103566185
paper_common,0.3,S1+AEF(t-1) swap [3m],SID22,260357,18200,6480,567531,0.9134147496640787
paper_common,0.3,S1+AEF(t-1) swap [3m],SID23,130703,26189,175,867145,0.8321480642019011
paper_common,0.3,S1+AEF(t-1) swap [3m],SID25,31480,4455,2270,257764,0.8239759193822798
paper_common,0.3,S1+AEF(t-1) swap [3m],SID26,12917,3965,7536,1024158,0.5289950036858055
paper_common,0.3,S1+AEF(t-1) swap [3m],SID27,9529,10701,301,763955,0.46412741707661587
paper_common,0.3,S1+AEF(t-1) swap [3m],SID28,524644,195336,0,327856,0.7286924636795467
paper_common,0.3,S1+AEF(t-1) swap [3m],SID31,10788,4961,23323,1009504,0.2761056511056511
paper_common,0.3,S1+AEF(t-1) swap [3m],SID33,225307,3037,57054,762978,0.7894484194002761
paper_common,0.3,S1+AEF(t-1) swap [3m],SID36,115379,939,46391,885867,0.7091125875028425
paper_common,0.3,S1+AEF(t-1) swap [3m],SID37,889711,10463,12707,135695,0.9746188166913322
paper_common,0.3,S1+AEF(t-1) swap [3m],SID39,312403,6610,11763,717800,0.9444548576680292
paper_common,0.3,S1+AEF(t-1) swap [3m],SID40,611694,7621,601,428660,0.9867369127430168
paper_common,0.3,S1+AEF(t-1) swap [3m],SID44,187926,16096,530,702724,0.9187199342954359
paper_common,0.3,S1+AEF(t-1) swap [3m],SID46,600800,96971,29052,321753,0.8266111556733895
paper_common,0.3,S1+AEF(t-1) swap [3m],SID50,632,59,4030,595644,0.13386994280872697
paper_common,0.3,S1+AEF(t-1) swap [3m],SID51,29878,7696,2421,1008381,0.7470433804225528
paper_common,0.3,S1+AEF(t-1) swap [3m],SID52,150042,36825,3263,858446,0.7891547888286962
paper_common,0.3,S1+AEF(t-1) swap [3m],SID53,469853,91825,457,486441,0.8358365872966458
paper_common,0.3,S1+AEF(t-1) swap [3m],SID55,481877,382581,0,184118,0.5574325184103797
paper_common,0.3,S1+AEF(t-1) swap [3m],SID59,87464,17177,536,943399,0.8315886553143749
paper_common,0.3,S1+AEF(t-1) swap [3m],SID61,177998,3037,15173,852368,0.9071903286308407
paper_common,0.3,S1+AEF(t-1) swap [3m],SID63,478311,3198,31117,535850,0.93306035979447
paper_common,0.3,S1+AEF(t-1) swap [3m],SID64,55481,1431,9087,982577,0.8406339489992273
paper_common,0.3,S1+AEF(t-1) swap [3m],SID65,66810,2103,1899,647935,0.9434841552279275
paper_common,0.3,S1+AEF(t-1) swap [3m],SID67,23466,66129,2477,913174,0.25486575723346944
paper_common,0.3,S1+AEF(t-1) swap [3m],SID68,41281,10762,0,933993,0.7932094614069135
paper_common,0.3,S1+AEF(t-1) swap [3m],SID69,104625,19061,15924,908966,0.7494090681183296
paper_common,0.3,S1+AEF(t-1) swap [3m],SID72,912934,269,13729,121644,0.9848985686112898
paper_common,0.3,S1+AEF(t-1) swap [3m],SID78,265987,15880,2674,764035,0.9347932283923933
paper_common,0.3,S1+AEF(t-1) swap [3m],SID79,202190,2562,34531,525613,0.8449827192069641
paper_common,0.3,S1+AEF(t-1) swap [3m],SID80,90117,9148,1573,947696,0.8936809536087587
paper_common,0.3,S1+AEF(t-1) swap [3m],SID81,295504,2779,952,749341,0.9875315387571642
paper_common,0.3,S1+AEF(t-1) swap [3m],SID83,153116,6733,1506,887221,0.948938675591088
paper_common,0.3,S1+AEF(t-1) swap [3m],SID85,374975,5305,8,650888,0.9860290095927298
paper_common,0.3,S1+AEF(t-1) swap [3m],SID87,18019,21309,2803,954932,0.4276898245947165
paper_common,0.3,S1+AEF(t-1) swap [3m],SID89,63867,2935,940,636029,0.9427976735260252
paper_common,0.3,S1+AEF(t-1) swap [3m],SID90,29608,2521,8471,616176,0.7292610837438424
paper_common,0.3,S1+AEF(t-1) swap [3m],SID91,37033,22213,302,989028,0.621901659165715
paper_common,0.3,S1+AEF(t-1) swap [3m],SID92,257340,1520,145889,510487,0.635801447316732
paper_common,0.3,S1+AEF(t-1) swap [3m],SID93,0,0,31314,1017262,0.0
paper_common,0.3,S1+AEF(t-1) swap [3m],SID97,198388,107454,9446,733288,0.6292278805409657
paper_common,0.3,S1+AEF(t-1) swap [3m],SID98,47640,21970,22986,955980,0.514493066655147
paper_common,0.3,S1+AEF(t-1) swap [3m],SID99,514,19741,5147,1023174,0.020234627194709077
paper_common,0.3,S1+AEF(t-1) trained [3m],SID03,310400,1485,46504,690187,0.8660980108206446
paper_common,0.3,S1+AEF(t-1) trained [3m],SID04,147455,16857,15971,868293,0.8179085105084783
paper_common,0.3,S1+AEF(t-1) trained [3m],SID05,548073,21925,8670,469908,0.947128578044751
paper_common,0.3,S1+AEF(t-1) trained [3m],SID06,732278,6911,18279,291108,0.9667444697333749
paper_common,0.3,S1+AEF(t-1) trained [3m],SID100,36046,8060,4997,830633,0.7340895668289107
paper_common,0.3,S1+AEF(t-1) trained [3m],SID14,124530,104933,2867,816246,0.5360048207291352
paper_common,0.3,S1+AEF(t-1) trained [3m],SID15,788101,96246,184,164045,0.8909817745223175
paper_common,0.3,S1+AEF(t-1) trained [3m],SID17,36526,15352,762,995936,0.6938829787234042
paper_common,0.3,S1+AEF(t-1) trained [3m],SID18,54234,3237,91,991014,0.9421840797748514
paper_common,0.3,S1+AEF(t-1) trained [3m],SID21,295411,19829,8216,703019,0.9132957805698456
paper_common,0.3,S1+AEF(t-1) trained [3m],SID22,259975,17321,6862,568410,0.9148959381752405
paper_common,0.3,S1+AEF(t-1) trained [3m],SID23,130665,26089,213,867245,0.832436117145642
paper_common,0.3,S1+AEF(t-1) trained [3m],SID25,31072,3982,2678,258237,0.8234919961836107
paper_common,0.3,S1+AEF(t-1) trained [3m],SID26,13858,5094,6595,1023029,0.5424511684346499
paper_common,0.3,S1+AEF(t-1) trained [3m],SID27,9329,10081,501,764575,0.4685349806639546
paper_common,0.3,S1+AEF(t-1) trained [3m],SID28,524644,186648,0,336544,0.7375929997806808
paper_common,0.3,S1+AEF(t-1) trained [3m],SID31,10632,4857,23479,1009608,0.27283925272018067
paper_common,0.3,S1+AEF(t-1) trained [3m],SID33,219241,2661,63120,763354,0.7692072892618815
paper_common,0.3,S1+AEF(t-1) trained [3m],SID36,116395,1576,45375,885230,0.7125671886670013
paper_common,0.3,S1+AEF(t-1) trained [3m],SID37,894434,12589,7984,133569,0.9775160190031333
paper_common,0.3,S1+AEF(t-1) trained [3m],SID39,312564,6684,11602,717726,0.9447302402901617
paper_common,0.3,S1+AEF(t-1) trained [3m],SID40,611530,6844,765,429437,0.9877103526025658
paper_common,0.3,S1+AEF(t-1) trained [3m],SID44,187831,15591,625,703229,0.9205281136208815
paper_common,0.3,S1+AEF(t-1) trained [3m],SID46,601185,98463,28667,320261,0.8254464071177993
paper_common,0.3,S1+AEF(t-1) trained [3m],SID50,427,18,4235,595685,0.09123931623931623
paper_common,0.3,S1+AEF(t-1) trained [3m],SID51,29079,5751,3220,1010326,0.7642312746386334
paper_common,0.3,S1+AEF(t-1) trained [3m],SID52,149552,30842,3753,864429,0.812133784422228
paper_common,0.3,S1+AEF(t-1) trained [3m],SID53,469992,98198,318,480068,0.8267113215645162
paper_common,0.3,S1+AEF(t-1) trained [3m],SID55,481877,390423,0,176276,0.552421185372005
paper_common,0.3,S1+AEF(t-1) trained [3m],SID59,87468,17735,532,942841,0.8272379060859696
paper_common,0.3,S1+AEF(t-1) trained [3m],SID61,174360,2649,18811,852756,0.8904095597998162
paper_common,0.3,S1+AEF(t-1) trained [3m],SID63,470209,2347,39219,536701,0.9187807141810366
paper_common,0.3,S1+AEF(t-1) trained [3m],SID64,56020,1565,8548,982443,0.8470808824641253
paper_common,0.3,S1+AEF(t-1) trained [3m],SID65,66343,1619,2366,648419,0.9433369355022182
paper_common,0.3,S1+AEF(t-1) trained [3m],SID67,23305,67436,2638,911867,0.24957431542423886
paper_common,0.3,S1+AEF(t-1) trained [3m],SID68,41281,9524,0,935231,0.8125381360102352
paper_common,0.3,S1+AEF(t-1) trained [3m],SID69,106855,23459,13694,904568,0.7420073884784179
paper_common,0.3,S1+AEF(t-1) trained [3m],SID72,912270,275,14393,121638,0.9841758564218966
paper_common,0.3,S1+AEF(t-1) trained [3m],SID78,265862,14943,2799,764972,0.9374409387737832
paper_common,0.3,S1+AEF(t-1) trained [3m],SID79,204026,2627,32695,525548,0.8524240854320905
paper_common,0.3,S1+AEF(t-1) trained [3m],SID80,90129,9255,1561,947589,0.8928525434642627
paper_common,0.3,S1+AEF(t-1) trained [3m],SID81,295366,2577,1090,749543,0.9877371393792659
paper_common,0.3,S1+AEF(t-1) trained [3m],SID83,153017,7115,1605,886839,0.9460853113387784
paper_common,0.3,S1+AEF(t-1) trained [3m],SID85,374943,4640,40,651553,0.9876719798326234
paper_common,0.3,S1+AEF(t-1) trained [3m],SID87,17928,20879,2894,955362,0.4299177477758327
paper_common,0.3,S1+AEF(t-1) trained [3m],SID89,63870,3019,937,635945,0.9416742841978003
paper_common,0.3,S1+AEF(t-1) trained [3m],SID90,30024,2681,8055,616016,0.7366045142296369
paper_common,0.3,S1+AEF(t-1) trained [3m],SID91,36959,20685,376,990556,0.6370044812133747
paper_common,0.3,S1+AEF(t-1) trained [3m],SID92,257657,1701,145572,510306,0.6363001012520683
paper_common,0.3,S1+AEF(t-1) trained [3m],SID93,0,0,31314,1017262,0.0
paper_common,0.3,S1+AEF(t-1) trained [3m],SID97,199748,116816,8086,723926,0.6152718312028338
paper_common,0.3,S1+AEF(t-1) trained [3m],SID98,47723,23208,22903,954742,0.5085896370185647
paper_common,0.3,S1+AEF(t-1) trained [3m],SID99,468,23361,5193,1019554,0.01612569774653711
paper_common,0.3,OPERA DSWx-S1,SID03,310497,41513,46407,650159,0.7793266853573015
paper_common,0.3,OPERA DSWx-S1,SID04,112169,41701,51257,843449,0.5468270876091397
paper_common,0.3,OPERA DSWx-S1,SID05,532571,23168,24172,468665,0.9183667838685592
paper_common,0.3,OPERA DSWx-S1,SID06,722076,8536,28481,289483,0.9512352241424964
paper_common,0.3,OPERA DSWx-S1,SID100,33688,17512,7355,821181,0.5753223465118265
paper_common,0.3,OPERA DSWx-S1,SID14,104766,15690,22631,905489,0.7321839160790289
paper_common,0.3,OPERA DSWx-S1,SID15,734708,101677,53577,158614,0.8255498549376266
paper_common,0.3,OPERA DSWx-S1,SID17,10752,1978,26536,1009310,0.2738246829317985
paper_common,0.3,OPERA DSWx-S1,SID18,40559,20241,13766,974010,0.5439342327602392
paper_common,0.3,OPERA DSWx-S1,SID21,278014,28275,25613,694573,0.837638821097794
paper_common,0.3,OPERA DSWx-S1,SID22,206865,3915,59972,581816,0.764038677461293
paper_common,0.3,OPERA DSWx-S1,SID23,123067,13773,7811,879561,0.8507856841639533
paper_common,0.3,OPERA DSWx-S1,SID25,25761,3454,7989,258765,0.6924255456402537
paper_common,0.3,OPERA DSWx-S1,SID26,11646,41806,8807,986317,0.18705729292150533
paper_common,0.3,OPERA DSWx-S1,SID27,989,691,8841,773965,0.09400247124798022
paper_common,0.3,OPERA DSWx-S1,SID28,512251,122997,12393,400195,0.7909489979788185
paper_common,0.3,OPERA DSWx-S1,SID31,0,3400,34111,1011065,0.0
paper_common,0.3,OPERA DSWx-S1,SID33,177637,7873,104724,758142,0.6120475202767423
paper_common,0.3,OPERA DSWx-S1,SID36,114835,102983,46935,783823,0.4337439046960752
paper_common,0.3,OPERA DSWx-S1,SID37,854622,32730,47796,113428,0.9138895661435409
paper_common,0.3,OPERA DSWx-S1,SID39,298170,13140,25996,711270,0.8839747884710026
paper_common,0.3,OPERA DSWx-S1,SID40,590293,26923,22002,409358,0.9234611666129552
paper_common,0.3,OPERA DSWx-S1,SID44,134855,2641,53601,716179,0.7056887339937309
paper_common,0.3,OPERA DSWx-S1,SID46,316745,36813,313107,381911,0.4751186877967195
paper_common,0.3,OPERA DSWx-S1,SID50,0,0,4662,595703,0.0
paper_common,0.3,OPERA DSWx-S1,SID51,11323,1237,20976,1014840,0.33763716603053434
paper_common,0.3,OPERA DSWx-S1,SID52,137079,22845,16226,872426,0.7781947204087426
paper_common,0.3,OPERA DSWx-S1,SID53,446645,110875,23665,467391,0.7685074459939606
paper_common,0.3,OPERA DSWx-S1,SID55,444888,364408,36989,202291,0.5256952445098283
paper_common,0.3,OPERA DSWx-S1,SID59,62543,2647,25457,957929,0.6899621609099033
paper_common,0.3,OPERA DSWx-S1,SID61,153168,8732,40003,846673,0.758621714387602
paper_common,0.3,OPERA DSWx-S1,SID63,396786,1326,112642,537722,0.7768632257407676
paper_common,0.3,OPERA DSWx-S1,SID64,50509,14083,14059,969925,0.6421914533826651
paper_common,0.3,OPERA DSWx-S1,SID65,63565,4735,5144,645303,0.8654893524317847
paper_common,0.3,OPERA DSWx-S1,SID67,16358,97102,9585,882201,0.1329432321508391
paper_common,0.3,OPERA DSWx-S1,SID68,26544,1516,14737,943239,0.6202303899806061
paper_common,0.3,OPERA DSWx-S1,SID69,99289,171681,21260,756346,0.3397632002190056
paper_common,0.3,OPERA DSWx-S1,SID72,917075,34451,9588,87462,0.9541792128717301
paper_common,0.3,OPERA DSWx-S1,SID78,248007,13933,20654,765982,0.8776088664302851
paper_common,0.3,OPERA DSWx-S1,SID79,210155,3685,26566,524490,0.8741670341006464
paper_common,0.3,OPERA DSWx-S1,SID80,76579,3808,15111,953036,0.8018911390814467
paper_common,0.3,OPERA DSWx-S1,SID81,278810,6272,17646,745848,0.9209917814011258
paper_common,0.3,OPERA DSWx-S1,SID83,148679,7171,5943,886783,0.9189458134777153
paper_common,0.3,OPERA DSWx-S1,SID85,368511,617,6472,655576,0.9811261980830671
paper_common,0.3,OPERA DSWx-S1,SID87,1027,1973,19795,974268,0.04505373985523141
paper_common,0.3,OPERA DSWx-S1,SID89,31145,275,33662,638689,0.47855013675056085
paper_common,0.3,OPERA DSWx-S1,SID90,5238,2162,32841,616535,0.13016575134812752
paper_common,0.3,OPERA DSWx-S1,SID91,22653,4987,14682,1006254,0.5352535324417561
paper_common,0.3,OPERA DSWx-S1,SID92,240040,12300,163189,499707,0.5776732791213128
paper_common,0.3,OPERA DSWx-S1,SID93,0,0,31314,1017262,0.0
paper_common,0.3,OPERA DSWx-S1,SID97,155669,157297,52165,683445,0.42633739671515153
paper_common,0.3,OPERA DSWx-S1,SID98,24388,23742,46238,954208,0.2584350627331299
paper_common,0.3,OPERA DSWx-S1,SID99,46,1704,5615,1041211,0.0062457569585879155
paper_common,0.5,S1-only [3m],SID03,287674,2015,69230,689657,0.8015011743596745
paper_common,0.5,S1-only [3m],SID04,107989,88,55437,885062,0.6604266301356458
paper_common,0.5,S1-only [3m],SID05,406851,4584,149892,487249,0.7248021206890102
paper_common,0.5,S1-only [3m],SID06,162799,4079,587758,293940,0.21573182302461055
paper_common,0.5,S1-only [3m],SID100,7629,4032,33414,834661,0.1692512479201331
paper_common,0.5,S1-only [3m],SID14,41802,78,85595,921101,0.32792312218081976
paper_common,0.5,S1-only [3m],SID15,147800,0,640485,260291,0.1874956392675238
paper_common,0.5,S1-only [3m],SID17,8753,378,28535,1010910,0.2323846439759996
paper_common,0.5,S1-only [3m],SID18,48846,2099,5479,992152,0.8656954487452148
paper_common,0.5,S1-only [3m],SID21,276388,11174,27239,711674,0.8779768806325265
paper_common,0.5,S1-only [3m],SID22,183775,5409,83062,580322,0.6750328746795178
paper_common,0.5,S1-only [3m],SID23,315,742,130563,892592,0.00239325330496885
paper_common,0.5,S1-only [3m],SID25,4153,221,29597,261998,0.12225133201848636
paper_common,0.5,S1-only [3m],SID26,20,37949,20433,990174,0.00034245402554707033
paper_common,0.5,S1-only [3m],SID27,11,3596,9819,771060,0.0008193058245195889
paper_common,0.5,S1-only [3m],SID28,360796,158,163848,523034,0.6874897580420807
paper_common,0.5,S1-only [3m],SID31,0,13,34111,1014452,0.0
paper_common,0.5,S1-only [3m],SID33,10830,5,271531,766010,0.03835447610548012
paper_common,0.5,S1-only [3m],SID36,111047,7415,50723,879391,0.6563643348996661
paper_common,0.5,S1-only [3m],SID37,356428,14063,545990,132095,0.38890931726898864
paper_common,0.5,S1-only [3m],SID39,192236,588,131930,723822,0.5919434402655549
paper_common,0.5,S1-only [3m],SID40,513416,1092,98879,435189,0.8370180652671152
paper_common,0.5,S1-only [3m],SID44,90686,2976,97770,715844,0.47372435120565004
paper_common,0.5,S1-only [3m],SID46,51364,715,578488,418009,0.08145684756734811
paper_common,0.5,S1-only [3m],SID50,6,633,4656,595070,0.0011331444759206798
paper_common,0.5,S1-only [3m],SID51,4872,77,27427,1016000,0.15048183839881393
paper_common,0.5,S1-only [3m],SID52,127907,5381,25398,889890,0.8060383398661508
paper_common,0.5,S1-only [3m],SID53,12268,2085,458042,576181,0.025969792228960932
paper_common,0.5,S1-only [3m],SID55,36257,21138,445620,545561,0.07207936145045377
paper_common,0.5,S1-only [3m],SID59,62196,386,25804,960190,0.7036861041341389
paper_common,0.5,S1-only [3m],SID61,141273,1555,51898,853850,0.7254963384447891
paper_common,0.5,S1-only [3m],SID63,394115,3789,115313,535259,0.7679305245149712
paper_common,0.5,S1-only [3m],SID64,53524,2210,11044,981798,0.8015214591631975
paper_common,0.5,S1-only [3m],SID65,35814,1488,32895,648550,0.5101927432796274
paper_common,0.5,S1-only [3m],SID67,162,3773,25781,975530,0.005451608561044555
paper_common,0.5,S1-only [3m],SID68,14248,1123,27033,943632,0.33600603716630506
paper_common,0.5,S1-only [3m],SID69,40356,2006,80193,926021,0.32928889070213374
paper_common,0.5,S1-only [3m],SID72,908229,597,18434,121316,0.9794760908483058
paper_common,0.5,S1-only [3m],SID78,136665,1023,131996,778892,0.5067597632785037
paper_common,0.5,S1-only [3m],SID79,119325,9077,117396,519098,0.4854596050415382
paper_common,0.5,S1-only [3m],SID80,68469,79,23221,956765,0.7461016247316632
paper_common,0.5,S1-only [3m],SID81,263526,43,32930,752077,0.8887922050327319
paper_common,0.5,S1-only [3m],SID83,3536,28,151086,893926,0.02286453281603621
paper_common,0.5,S1-only [3m],SID85,351164,529,23819,655664,0.9351605274931294
paper_common,0.5,S1-only [3m],SID87,2617,5040,18205,971201,0.10119093650916403
paper_common,0.5,S1-only [3m],SID89,16318,931,48489,638033,0.24822781344123643
paper_common,0.5,S1-only [3m],SID90,986,2307,37093,616390,0.024414401030059922
paper_common,0.5,S1-only [3m],SID91,23560,3624,13775,1007617,0.5752093556971606
paper_common,0.5,S1-only [3m],SID92,267057,58916,136172,453091,0.5778640902746973
paper_common,0.5,S1-only [3m],SID93,0,11864,31314,1005398,0.0
paper_common,0.5,S1-only [3m],SID97,34831,16088,173003,824654,0.1555497003420834
paper_common,0.5,S1-only [3m],SID98,1532,13865,69094,964085,0.01813210874531015
paper_common,0.5,S1-only [3m],SID99,0,14949,5661,1027966,0.0
paper_common,0.5,S1+AEF(t) [3m],SID03,331500,4735,25404,686937,0.9166599841278181
paper_common,0.5,S1+AEF(t) [3m],SID04,145729,12815,17697,872335,0.8268734289977928
paper_common,0.5,S1+AEF(t) [3m],SID05,546999,19169,9744,472664,0.9497961494117156
paper_common,0.5,S1+AEF(t) [3m],SID06,730756,5924,19801,292095,0.9659938584049037
paper_common,0.5,S1+AEF(t) [3m],SID100,34714,1280,6329,837413,0.8202159582260237
paper_common,0.5,S1+AEF(t) [3m],SID14,114221,4349,13176,916830,0.8669788836093696
paper_common,0.5,S1+AEF(t) [3m],SID15,788084,84435,201,175856,0.9030204418370154
paper_common,0.5,S1+AEF(t) [3m],SID17,36573,15129,715,996159,0.6977316519449797
paper_common,0.5,S1+AEF(t) [3m],SID18,54266,18754,59,975497,0.7425662639061837
paper_common,0.5,S1+AEF(t) [3m],SID21,295021,16574,8606,706274,0.9213618945599795
paper_common,0.5,S1+AEF(t) [3m],SID22,260633,16023,6204,569708,0.9214204907021141
paper_common,0.5,S1+AEF(t) [3m],SID23,123417,7082,7461,886252,0.8945853870687156
paper_common,0.5,S1+AEF(t) [3m],SID25,30766,2844,2984,259375,0.8407389189484615
paper_common,0.5,S1+AEF(t) [3m],SID26,10779,2734,9674,1025389,0.4648725578988226
paper_common,0.5,S1+AEF(t) [3m],SID27,8743,6667,1087,767989,0.5299751469964236
paper_common,0.5,S1+AEF(t) [3m],SID28,524644,210995,0,312197,0.7131813294292445
paper_common,0.5,S1+AEF(t) [3m],SID31,11958,5785,22153,1008680,0.2997292961700421
paper_common,0.5,S1+AEF(t) [3m],SID33,187325,196,95036,765819,0.6629635790300719
paper_common,0.5,S1+AEF(t) [3m],SID36,114648,474,47122,886332,0.7066393826582185
paper_common,0.5,S1+AEF(t) [3m],SID37,874576,4059,27842,142099,0.9648077116132014
paper_common,0.5,S1+AEF(t) [3m],SID39,306195,1659,17971,722751,0.939752934857669
paper_common,0.5,S1+AEF(t) [3m],SID40,610362,4188,1933,432093,0.990071096851008
paper_common,0.5,S1+AEF(t) [3m],SID44,187223,13087,1233,705733,0.9289481649077368
paper_common,0.5,S1+AEF(t) [3m],SID46,593809,87256,36043,331468,0.8280607663001947
paper_common,0.5,S1+AEF(t) [3m],SID50,161,0,4501,595703,0.03453453453453453
paper_common,0.5,S1+AEF(t) [3m],SID51,28904,5525,3395,1010552,0.76417089678511
paper_common,0.5,S1+AEF(t) [3m],SID52,147276,7929,6029,887342,0.9134301698152995
paper_common,0.5,S1+AEF(t) [3m],SID53,469471,91991,839,486275,0.8349104838867439
paper_common,0.5,S1+AEF(t) [3m],SID55,481877,373544,0,193155,0.5633214522439828
paper_common,0.5,S1+AEF(t) [3m],SID59,86578,11532,1422,949044,0.8698509022224008
paper_common,0.5,S1+AEF(t) [3m],SID61,173627,2482,19544,852923,0.8874231419911782
paper_common,0.5,S1+AEF(t) [3m],SID63,474364,2874,35064,536174,0.9259460240248916
paper_common,0.5,S1+AEF(t) [3m],SID64,54884,883,9684,983125,0.8385509770668134
paper_common,0.5,S1+AEF(t) [3m],SID65,66664,1584,2045,648454,0.948373237733487
paper_common,0.5,S1+AEF(t) [3m],SID67,18829,9430,7114,969873,0.5322986458598366
paper_common,0.5,S1+AEF(t) [3m],SID68,41268,8125,13,936630,0.8352831639881796
paper_common,0.5,S1+AEF(t) [3m],SID69,101758,12783,18791,915244,0.7631926319263193
paper_common,0.5,S1+AEF(t) [3m],SID72,913509,578,13154,121335,0.9851904736740502
paper_common,0.5,S1+AEF(t) [3m],SID78,264075,10426,4586,769489,0.9462103215126466
paper_common,0.5,S1+AEF(t) [3m],SID79,216149,3605,20572,524570,0.8993991494886113
paper_common,0.5,S1+AEF(t) [3m],SID80,89979,6039,1711,950805,0.9206990760163308
paper_common,0.5,S1+AEF(t) [3m],SID81,293882,904,2574,751216,0.988303739574926
paper_common,0.5,S1+AEF(t) [3m],SID83,152589,5307,2033,888647,0.9541046339313071
paper_common,0.5,S1+AEF(t) [3m],SID85,374956,3922,27,652271,0.9895778625249073
paper_common,0.5,S1+AEF(t) [3m],SID87,17166,18803,3656,957438,0.433211356466877
paper_common,0.5,S1+AEF(t) [3m],SID89,63683,2427,1124,636537,0.9471844602433293
paper_common,0.5,S1+AEF(t) [3m],SID90,28101,818,9978,617879,0.722446461166671
paper_common,0.5,S1+AEF(t) [3m],SID91,37029,21596,306,989645,0.6283450136600431
paper_common,0.5,S1+AEF(t) [3m],SID92,271990,5382,131239,506625,0.6656453203658247
paper_common,0.5,S1+AEF(t) [3m],SID93,0,0,31314,1017262,0.0
paper_common,0.5,S1+AEF(t) [3m],SID97,200136,79048,7698,761694,0.6976248074121068
paper_common,0.5,S1+AEF(t) [3m],SID98,47310,21939,23316,956011,0.5111003078917518
paper_common,0.5,S1+AEF(t) [3m],SID99,467,19707,5194,1023208,0.018409019236833805
paper_common,0.5,S1+AEF(t-1) swap [3m],SID03,304676,700,52228,690972,0.8519927070167
paper_common,0.5,S1+AEF(t-1) swap [3m],SID04,145820,14254,17606,870896,0.8206888788833858
paper_common,0.5,S1+AEF(t-1) swap [3m],SID05,549724,23110,7019,468723,0.9480402791742045
paper_common,0.5,S1+AEF(t-1) swap [3m],SID06,730249,5176,20308,292843,0.9662790959240896
paper_common,0.5,S1+AEF(t-1) swap [3m],SID100,35165,5495,5878,833198,0.7556190639907172
paper_common,0.5,S1+AEF(t-1) swap [3m],SID14,124078,94631,3319,826548,0.5588394256580251
paper_common,0.5,S1+AEF(t-1) swap [3m],SID15,788083,73068,202,187223,0.9149361527736015
paper_common,0.5,S1+AEF(t-1) swap [3m],SID17,36628,15833,660,995455,0.6895201521055703
paper_common,0.5,S1+AEF(t-1) swap [3m],SID18,54121,2459,204,991792,0.9531029867568329
paper_common,0.5,S1+AEF(t-1) swap [3m],SID21,295411,18698,8216,704150,0.9165004265880711
paper_common,0.5,S1+AEF(t-1) swap [3m],SID22,259223,14711,7614,571020,0.9207062383678805
paper_common,0.5,S1+AEF(t-1) swap [3m],SID23,130552,23565,326,869769,0.8453086251885809
paper_common,0.5,S1+AEF(t-1) swap [3m],SID25,30945,3475,2805,258744,0.8312961719274681
paper_common,0.5,S1+AEF(t-1) swap [3m],SID26,10855,2487,9598,1025636,0.47319093286835223
paper_common,0.5,S1+AEF(t-1) swap [3m],SID27,9153,8466,677,766190,0.5002732837778749
paper_common,0.5,S1+AEF(t-1) swap [3m],SID28,524644,184738,0,338454,0.7395789574587458
paper_common,0.5,S1+AEF(t-1) swap [3m],SID31,9621,3574,24490,1010891,0.2553005174472602
paper_common,0.5,S1+AEF(t-1) swap [3m],SID33,214262,2084,68099,763931,0.7532633725324756
paper_common,0.5,S1+AEF(t-1) swap [3m],SID36,100833,289,60937,886517,0.6221993224689774
paper_common,0.5,S1+AEF(t-1) swap [3m],SID37,886740,9284,15678,136874,0.9726204395734571
paper_common,0.5,S1+AEF(t-1) swap [3m],SID39,309516,4387,14650,720023,0.9420580545604514
paper_common,0.5,S1+AEF(t-1) swap [3m],SID40,611289,6028,1006,430253,0.9886240686502039
paper_common,0.5,S1+AEF(t-1) swap [3m],SID44,187663,13438,793,705382,0.9295125164690382
paper_common,0.5,S1+AEF(t-1) swap [3m],SID46,588829,84724,41023,334000,0.8240257159490383
paper_common,0.5,S1+AEF(t-1) swap [3m],SID50,438,27,4224,595676,0.09341010876519514
paper_common,0.5,S1+AEF(t-1) swap [3m],SID51,29079,5882,3220,1010195,0.7616091773395144
paper_common,0.5,S1+AEF(t-1) swap [3m],SID52,149610,32133,3695,863138,0.8067925667878213
paper_common,0.5,S1+AEF(t-1) swap [3m],SID53,469642,82932,668,495334,0.848890720516519
paper_common,0.5,S1+AEF(t-1) swap [3m],SID55,481877,369834,0,196865,0.5657752453590479
paper_common,0.5,S1+AEF(t-1) swap [3m],SID59,87176,13905,824,946671,0.855463421814435
paper_common,0.5,S1+AEF(t-1) swap [3m],SID61,174328,2589,18843,852816,0.8905190028606457
paper_common,0.5,S1+AEF(t-1) swap [3m],SID63,471193,2137,38235,536911,0.9210813875069639
paper_common,0.5,S1+AEF(t-1) swap [3m],SID64,54607,991,9961,983017,0.8329443707195046
paper_common,0.5,S1+AEF(t-1) swap [3m],SID65,65914,882,2795,649156,0.9471627078214137
paper_common,0.5,S1+AEF(t-1) swap [3m],SID67,21579,47513,4364,931790,0.29376769766935307
paper_common,0.5,S1+AEF(t-1) swap [3m],SID68,41277,8493,4,936262,0.8292883834933901
paper_common,0.5,S1+AEF(t-1) swap [3m],SID69,96081,12403,24468,915624,0.7226743486371021
paper_common,0.5,S1+AEF(t-1) swap [3m],SID72,909335,140,17328,121773,0.9811524131881316
paper_common,0.5,S1+AEF(t-1) swap [3m],SID78,265459,13041,3202,766874,0.9423397774953675
paper_common,0.5,S1+AEF(t-1) swap [3m],SID79,199364,2313,37357,525862,0.834040345724876
paper_common,0.5,S1+AEF(t-1) swap [3m],SID80,89736,7066,1954,949778,0.9086637773907408
paper_common,0.5,S1+AEF(t-1) swap [3m],SID81,295027,2020,1429,750100,0.9884446320642196
paper_common,0.5,S1+AEF(t-1) swap [3m],SID83,151862,5247,2760,888707,0.9499152431052924
paper_common,0.5,S1+AEF(t-1) swap [3m],SID85,374946,4480,37,651713,0.9880963361381742
paper_common,0.5,S1+AEF(t-1) swap [3m],SID87,16881,16757,3941,959484,0.4492136565635062
paper_common,0.5,S1+AEF(t-1) swap [3m],SID89,63454,2157,1353,636807,0.9475837763574458
paper_common,0.5,S1+AEF(t-1) swap [3m],SID90,28457,1355,9622,617342,0.7216361515443526
paper_common,0.5,S1+AEF(t-1) swap [3m],SID91,36847,19862,488,991379,0.6442121090266972
paper_common,0.5,S1+AEF(t-1) swap [3m],SID92,250909,977,152320,511030,0.620745362513174
paper_common,0.5,S1+AEF(t-1) swap [3m],SID93,0,0,31314,1017262,0.0
paper_common,0.5,S1+AEF(t-1) swap [3m],SID97,191902,87216,15932,753526,0.6504050160989663
paper_common,0.5,S1+AEF(t-1) swap [3m],SID98,44577,18329,26049,959621,0.5011185430835816
paper_common,0.5,S1+AEF(t-1) swap [3m],SID99,306,13052,5355,1029863,0.016352268476460215
paper_common,0.5,S1+AEF(t-1) trained [3m],SID03,301607,676,55297,690996,0.84346719615191
paper_common,0.5,S1+AEF(t-1) trained [3m],SID04,145153,12844,18273,872306,0.8234696771997504
paper_common,0.5,S1+AEF(t-1) trained [3m],SID05,545271,18954,11472,472879,0.9471492816533698
paper_common,0.5,S1+AEF(t-1) trained [3m],SID06,726268,4726,24289,293293,0.9615839360875328
paper_common,0.5,S1+AEF(t-1) trained [3m],SID100,34997,5170,6046,833523,0.7572977300759527
paper_common,0.5,S1+AEF(t-1) trained [3m],SID14,122705,69187,4692,851992,0.624186098563464
paper_common,0.5,S1+AEF(t-1) trained [3m],SID15,787521,70836,764,189455,0.9166590037957401
paper_common,0.5,S1+AEF(t-1) trained [3m],SID17,36233,12826,1055,998462,0.7230115337031569
paper_common,0.5,S1+AEF(t-1) trained [3m],SID18,54087,2352,238,991899,0.9543024507295729
paper_common,0.5,S1+AEF(t-1) trained [3m],SID21,294189,17116,9438,705732,0.9172109757656441
paper_common,0.5,S1+AEF(t-1) trained [3m],SID22,258667,13752,8170,571979,0.9218714917548443
paper_common,0.5,S1+AEF(t-1) trained [3m],SID23,130493,23108,385,870226,0.8474341823282636
paper_common,0.5,S1+AEF(t-1) trained [3m],SID25,30439,3114,3311,259105,0.8257107204861112
paper_common,0.5,S1+AEF(t-1) trained [3m],SID26,11580,3157,8873,1024966,0.49047013977128334
paper_common,0.5,S1+AEF(t-1) trained [3m],SID27,8788,7616,1042,767040,0.503725782414307
paper_common,0.5,S1+AEF(t-1) trained [3m],SID28,524644,172810,0,350382,0.7522273870391453
paper_common,0.5,S1+AEF(t-1) trained [3m],SID31,9432,3382,24679,1011083,0.2515669591657109
paper_common,0.5,S1+AEF(t-1) trained [3m],SID33,206960,1681,75401,764334,0.7286246400180255
paper_common,0.5,S1+AEF(t-1) trained [3m],SID36,103895,573,57875,886233,0.6399721577154543
paper_common,0.5,S1+AEF(t-1) trained [3m],SID37,891815,11281,10603,134877,0.9760490051975541
paper_common,0.5,S1+AEF(t-1) trained [3m],SID39,309402,4289,14764,720121,0.9419920537059872
paper_common,0.5,S1+AEF(t-1) trained [3m],SID40,610995,5154,1300,431127,0.9895473148389584
paper_common,0.5,S1+AEF(t-1) trained [3m],SID44,187486,12718,970,706102,0.9319593983317924
paper_common,0.5,S1+AEF(t-1) trained [3m],SID46,588801,85144,41051,333580,0.823502509104946
paper_common,0.5,S1+AEF(t-1) trained [3m],SID50,303,8,4359,595695,0.06488222698072806
paper_common,0.5,S1+AEF(t-1) trained [3m],SID51,28157,4248,4142,1011829,0.7704325936465374
paper_common,0.5,S1+AEF(t-1) trained [3m],SID52,149010,25556,4295,869715,0.833105036872208
paper_common,0.5,S1+AEF(t-1) trained [3m],SID53,469792,85763,518,492503,0.8448387172187825
paper_common,0.5,S1+AEF(t-1) trained [3m],SID55,481877,372338,0,194361,0.5641167621734575
paper_common,0.5,S1+AEF(t-1) trained [3m],SID59,87132,13894,868,946682,0.8551239523426306
paper_common,0.5,S1+AEF(t-1) trained [3m],SID61,170345,2291,22826,853114,0.8714993195608354
paper_common,0.5,S1+AEF(t-1) trained [3m],SID63,462197,1518,47231,537530,0.9045907003871251
paper_common,0.5,S1+AEF(t-1) trained [3m],SID64,55058,1050,9510,982958,0.8390685482641957
paper_common,0.5,S1+AEF(t-1) trained [3m],SID65,65209,653,3500,649385,0.940125717251521
paper_common,0.5,S1+AEF(t-1) trained [3m],SID67,21337,48467,4606,930836,0.2867490928638624
paper_common,0.5,S1+AEF(t-1) trained [3m],SID68,41247,7259,34,937496,0.8497527812113721
paper_common,0.5,S1+AEF(t-1) trained [3m],SID69,100474,15363,20075,912664,0.7392577550179528
paper_common,0.5,S1+AEF(t-1) trained [3m],SID72,905773,132,20890,121781,0.977317529766561
paper_common,0.5,S1+AEF(t-1) trained [3m],SID78,265263,11962,3398,767953,0.9452646433114891
paper_common,0.5,S1+AEF(t-1) trained [3m],SID79,200942,2363,35779,525812,0.8404661123287213
paper_common,0.5,S1+AEF(t-1) trained [3m],SID80,89702,6940,1988,949904,0.9094798742776031
paper_common,0.5,S1+AEF(t-1) trained [3m],SID81,294772,1772,1684,750348,0.9884115508939469
paper_common,0.5,S1+AEF(t-1) trained [3m],SID83,152020,5502,2602,888452,0.9493892233519022
paper_common,0.5,S1+AEF(t-1) trained [3m],SID85,374880,3762,103,652431,0.9897952448217138
paper_common,0.5,S1+AEF(t-1) trained [3m],SID87,16647,16047,4175,960194,0.45151753505655157
paper_common,0.5,S1+AEF(t-1) trained [3m],SID89,63387,2141,1420,636823,0.9468094640616598
paper_common,0.5,S1+AEF(t-1) trained [3m],SID90,28947,1525,9132,617172,0.7309110190889809
paper_common,0.5,S1+AEF(t-1) trained [3m],SID91,36670,18102,665,993139,0.6614715803524722
paper_common,0.5,S1+AEF(t-1) trained [3m],SID92,250659,1081,152570,510926,0.6199673517845218
paper_common,0.5,S1+AEF(t-1) trained [3m],SID93,0,0,31314,1017262,0.0
paper_common,0.5,S1+AEF(t-1) trained [3m],SID97,192160,91697,15674,749045,0.6415362683662125
paper_common,0.5,S1+AEF(t-1) trained [3m],SID98,44324,19055,26302,958895,0.49424069758365763
paper_common,0.5,S1+AEF(t-1) trained [3m],SID99,250,14477,5411,1028438,0.012414341046777237
paper_common,0.5,OPERA DSWx-S1,SID03,310497,41513,46407,650159,0.7793266853573015
paper_common,0.5,OPERA DSWx-S1,SID04,112169,41701,51257,843449,0.5468270876091397
paper_common,0.5,OPERA DSWx-S1,SID05,532571,23168,24172,468665,0.9183667838685592
paper_common,0.5,OPERA DSWx-S1,SID06,722076,8536,28481,289483,0.9512352241424964
paper_common,0.5,OPERA DSWx-S1,SID100,33688,17512,7355,821181,0.5753223465118265
paper_common,0.5,OPERA DSWx-S1,SID14,104766,15690,22631,905489,0.7321839160790289
paper_common,0.5,OPERA DSWx-S1,SID15,734708,101677,53577,158614,0.8255498549376266
paper_common,0.5,OPERA DSWx-S1,SID17,10752,1978,26536,1009310,0.2738246829317985
paper_common,0.5,OPERA DSWx-S1,SID18,40559,20241,13766,974010,0.5439342327602392
paper_common,0.5,OPERA DSWx-S1,SID21,278014,28275,25613,694573,0.837638821097794
paper_common,0.5,OPERA DSWx-S1,SID22,206865,3915,59972,581816,0.764038677461293
paper_common,0.5,OPERA DSWx-S1,SID23,123067,13773,7811,879561,0.8507856841639533
paper_common,0.5,OPERA DSWx-S1,SID25,25761,3454,7989,258765,0.6924255456402537
paper_common,0.5,OPERA DSWx-S1,SID26,11646,41806,8807,986317,0.18705729292150533
paper_common,0.5,OPERA DSWx-S1,SID27,989,691,8841,773965,0.09400247124798022
paper_common,0.5,OPERA DSWx-S1,SID28,512251,122997,12393,400195,0.7909489979788185
paper_common,0.5,OPERA DSWx-S1,SID31,0,3400,34111,1011065,0.0
paper_common,0.5,OPERA DSWx-S1,SID33,177637,7873,104724,758142,0.6120475202767423
paper_common,0.5,OPERA DSWx-S1,SID36,114835,102983,46935,783823,0.4337439046960752
paper_common,0.5,OPERA DSWx-S1,SID37,854622,32730,47796,113428,0.9138895661435409
paper_common,0.5,OPERA DSWx-S1,SID39,298170,13140,25996,711270,0.8839747884710026
paper_common,0.5,OPERA DSWx-S1,SID40,590293,26923,22002,409358,0.9234611666129552
paper_common,0.5,OPERA DSWx-S1,SID44,134855,2641,53601,716179,0.7056887339937309
paper_common,0.5,OPERA DSWx-S1,SID46,316745,36813,313107,381911,0.4751186877967195
paper_common,0.5,OPERA DSWx-S1,SID50,0,0,4662,595703,0.0
paper_common,0.5,OPERA DSWx-S1,SID51,11323,1237,20976,1014840,0.33763716603053434
paper_common,0.5,OPERA DSWx-S1,SID52,137079,22845,16226,872426,0.7781947204087426
paper_common,0.5,OPERA DSWx-S1,SID53,446645,110875,23665,467391,0.7685074459939606
paper_common,0.5,OPERA DSWx-S1,SID55,444888,364408,36989,202291,0.5256952445098283
paper_common,0.5,OPERA DSWx-S1,SID59,62543,2647,25457,957929,0.6899621609099033
paper_common,0.5,OPERA DSWx-S1,SID61,153168,8732,40003,846673,0.758621714387602
paper_common,0.5,OPERA DSWx-S1,SID63,396786,1326,112642,537722,0.7768632257407676
paper_common,0.5,OPERA DSWx-S1,SID64,50509,14083,14059,969925,0.6421914533826651
paper_common,0.5,OPERA DSWx-S1,SID65,63565,4735,5144,645303,0.8654893524317847
paper_common,0.5,OPERA DSWx-S1,SID67,16358,97102,9585,882201,0.1329432321508391
paper_common,0.5,OPERA DSWx-S1,SID68,26544,1516,14737,943239,0.6202303899806061
paper_common,0.5,OPERA DSWx-S1,SID69,99289,171681,21260,756346,0.3397632002190056
paper_common,0.5,OPERA DSWx-S1,SID72,917075,34451,9588,87462,0.9541792128717301
paper_common,0.5,OPERA DSWx-S1,SID78,248007,13933,20654,765982,0.8776088664302851
paper_common,0.5,OPERA DSWx-S1,SID79,210155,3685,26566,524490,0.8741670341006464
paper_common,0.5,OPERA DSWx-S1,SID80,76579,3808,15111,953036,0.8018911390814467
paper_common,0.5,OPERA DSWx-S1,SID81,278810,6272,17646,745848,0.9209917814011258
paper_common,0.5,OPERA DSWx-S1,SID83,148679,7171,5943,886783,0.9189458134777153
paper_common,0.5,OPERA DSWx-S1,SID85,368511,617,6472,655576,0.9811261980830671
paper_common,0.5,OPERA DSWx-S1,SID87,1027,1973,19795,974268,0.04505373985523141
paper_common,0.5,OPERA DSWx-S1,SID89,31145,275,33662,638689,0.47855013675056085
paper_common,0.5,OPERA DSWx-S1,SID90,5238,2162,32841,616535,0.13016575134812752
paper_common,0.5,OPERA DSWx-S1,SID91,22653,4987,14682,1006254,0.5352535324417561
paper_common,0.5,OPERA DSWx-S1,SID92,240040,12300,163189,499707,0.5776732791213128
paper_common,0.5,OPERA DSWx-S1,SID93,0,0,31314,1017262,0.0
paper_common,0.5,OPERA DSWx-S1,SID97,155669,157297,52165,683445,0.42633739671515153
paper_common,0.5,OPERA DSWx-S1,SID98,24388,23742,46238,954208,0.2584350627331299
paper_common,0.5,OPERA DSWx-S1,SID99,46,1704,5615,1041211,0.0062457569585879155
own,0.3,S1-only [3m],SID03,295270,3075,61634,688597,0.8202422919114726
own,0.3,S1-only [3m],SID04,113118,114,50308,885036,0.6916839916839916
own,0.3,S1-only [3m],SID05,463449,6513,93294,485320,0.82280348544889
own,0.3,S1-only [3m],SID06,255003,5370,495554,292649,0.3373381292108894
own,0.3,S1-only [3m],SID100,11426,9828,30072,997250,0.22261621790125863
own,0.3,S1-only [3m],SID14,53812,174,73585,921005,0.42182000611424225
own,0.3,S1-only [3m],SID15,281438,0,506847,260291,0.35702569502147063
own,0.3,S1-only [3m],SID17,12094,753,25194,1010535,0.3179201387976131
own,0.3,S1-only [3m],SID18,49519,5681,4806,988570,0.8252341432523415
own,0.3,S1-only [3m],SID21,281474,16181,22153,728768,0.880134330598359
own,0.3,S1-only [3m],SID22,202393,10795,72073,763315,0.7095011235324843
own,0.3,S1-only [3m],SID23,773,1026,130183,916594,0.005856859268688154
own,0.3,S1-only [3m],SID25,18794,1429,87135,941218,0.17505914789768812
own,0.3,S1-only [3m],SID26,169,61408,20284,966715,0.002064475146895347
own,0.3,S1-only [3m],SID27,81,38396,9749,1000350,0.0016795919213702152
own,0.3,S1-only [3m],SID28,433613,384,91031,523548,0.8258854765841059
own,0.3,S1-only [3m],SID31,0,76,34111,1014389,0.0
own,0.3,S1-only [3m],SID33,15475,16,267086,765999,0.054763834282337207
own,0.3,S1-only [3m],SID36,114891,8436,46879,878370,0.6750114567054041
own,0.3,S1-only [3m],SID37,531498,16818,370920,129340,0.578195370938475
own,0.3,S1-only [3m],SID39,233559,978,90607,723432,0.7183248037792486
own,0.3,S1-only [3m],SID40,552405,1441,59890,434840,0.9000694109519403
own,0.3,S1-only [3m],SID44,106910,8557,95431,837678,0.5069275194643856
own,0.3,S1-only [3m],SID46,69300,928,560552,417796,0.10986397793208409
own,0.3,S1-only [3m],SID50,36,1023,4654,596087,0.006301417819009277
own,0.3,S1-only [3m],SID51,6071,149,26228,1016128,0.18709935897435898
own,0.3,S1-only [3m],SID52,132116,11700,21189,883571,0.8006787673100815
own,0.3,S1-only [3m],SID53,35986,2899,434324,575367,0.07604673622014797
own,0.3,S1-only [3m],SID55,99427,42743,382450,523956,0.18952193968968015
own,0.3,S1-only [3m],SID59,66144,571,21856,960005,0.7467907102776303
own,0.3,S1-only [3m],SID61,148849,2155,44322,853250,0.7620542068132251
own,0.3,S1-only [3m],SID63,413706,5343,95735,533792,0.8036496860819295
own,0.3,S1-only [3m],SID64,54378,3687,10190,980321,0.7966888872610065
own,0.3,S1-only [3m],SID65,44772,10284,24248,969272,0.5645616866740644
own,0.3,S1-only [3m],SID67,255,5298,25795,1017228,0.008134490238611713
own,0.3,S1-only [3m],SID68,17296,2133,24218,1004929,0.39627007583568175
own,0.3,S1-only [3m],SID69,54486,2730,66063,925297,0.44197308544034264
own,0.3,S1-only [3m],SID72,910492,789,16171,121124,0.981713339342629
own,0.3,S1-only [3m],SID78,178510,1122,90151,778793,0.6616799427688179
own,0.3,S1-only [3m],SID79,148962,30828,102294,766492,0.5280767430978006
own,0.3,S1-only [3m],SID80,72401,141,19289,956745,0.7884156766233624
own,0.3,S1-only [3m],SID81,278072,80,18384,752040,0.9377343728923301
own,0.3,S1-only [3m],SID83,6779,58,147843,893896,0.04382596327902767
own,0.3,S1-only [3m],SID85,362752,862,12231,672731,0.9651638308345195
own,0.3,S1-only [3m],SID87,3189,8660,19474,1017253,0.10181017143951729
own,0.3,S1-only [3m],SID89,27922,3209,47417,970028,0.35547690584101443
own,0.3,S1-only [3m],SID90,1634,3208,38276,1005458,0.03789600630827033
own,0.3,S1-only [3m],SID91,24948,4657,12387,1006584,0.594113164412269
own,0.3,S1-only [3m],SID92,309049,101299,149179,489049,0.552339744105289
own,0.3,S1-only [3m],SID93,0,23450,31314,993812,0.0
own,0.3,S1-only [3m],SID97,43373,20564,164461,820178,0.189900962355187
own,0.3,S1-only [3m],SID98,2338,28266,68288,949684,0.02364195283743882
own,0.3,S1-only [3m],SID99,0,21938,5661,1020977,0.0
own,0.3,S1+AEF(t) [3m],SID03,336547,8238,20357,683434,0.9216880008325529
own,0.3,S1+AEF(t) [3m],SID04,147745,16108,15681,869042,0.8229360455401206
own,0.3,S1+AEF(t) [3m],SID05,549367,21812,7376,470021,0.9495501724123031
own,0.3,S1+AEF(t) [3m],SID06,735646,8227,14911,289792,0.9695064735155196
own,0.3,S1+AEF(t) [3m],SID100,36071,3225,5427,1003853,0.8065424949131319
own,0.3,S1+AEF(t) [3m],SID14,115662,5962,11735,915217,0.8672980451263131
own,0.3,S1+AEF(t) [3m],SID15,788214,107399,71,152892,0.8800134868993975
own,0.3,S1+AEF(t) [3m],SID17,36762,17793,526,993495,0.6674170766689058
own,0.3,S1+AEF(t) [3m],SID18,54311,25984,14,968267,0.6762753863203377
own,0.3,S1+AEF(t) [3m],SID21,296129,18838,7498,726111,0.9183291209898748
own,0.3,S1+AEF(t) [3m],SID22,268665,25203,5801,748907,0.8965391815636585
own,0.3,S1+AEF(t) [3m],SID23,126255,9062,4701,908558,0.9017054950077847
own,0.3,S1+AEF(t) [3m],SID25,31441,3863,2309,258356,0.8359077978358547
own,0.3,S1+AEF(t) [3m],SID26,12953,4232,7500,1023891,0.5247316183917359
own,0.3,S1+AEF(t) [3m],SID27,9298,8859,532,1029887,0.4975119053988977
own,0.3,S1+AEF(t) [3m],SID28,524644,224197,0,299735,0.7006080062389747
own,0.3,S1+AEF(t) [3m],SID31,13187,7786,20924,1006679,0.31474807265436666
own,0.3,S1+AEF(t) [3m],SID33,198699,352,83862,765663,0.7023325191843429
own,0.3,S1+AEF(t) [3m],SID36,122066,1240,39704,885566,0.7488252254462916
own,0.3,S1+AEF(t) [3m],SID37,881821,5882,20597,140276,0.9708477375316525
own,0.3,S1+AEF(t) [3m],SID39,310112,2939,14054,721471,0.9480503202335642
own,0.3,S1+AEF(t) [3m],SID40,611000,5389,1295,430892,0.9891789329171551
own,0.3,S1+AEF(t) [3m],SID44,200526,19786,1815,826449,0.9027538300161619
own,0.3,S1+AEF(t) [3m],SID46,604416,100588,25436,318136,0.8274683752258912
own,0.3,S1+AEF(t) [3m],SID50,251,2,4439,597108,0.05349531116794544
own,0.3,S1+AEF(t) [3m],SID51,29690,7461,2609,1008816,0.7467303822937625
own,0.3,S1+AEF(t) [3m],SID52,148085,10181,5220,885090,0.9057962149664192
own,0.3,S1+AEF(t) [3m],SID53,469585,100317,725,477949,0.8229281124096827
own,0.3,S1+AEF(t) [3m],SID55,481877,383390,0,183309,0.5569113348827587
own,0.3,S1+AEF(t) [3m],SID59,87044,14268,956,946308,0.851136230296867
own,0.3,S1+AEF(t) [3m],SID61,177105,2853,16066,852552,0.903486307799045
own,0.3,S1+AEF(t) [3m],SID63,481213,4214,28228,534921,0.9368408756850415
own,0.3,S1+AEF(t) [3m],SID64,55766,1133,8802,982875,0.8487846455913913
own,0.3,S1+AEF(t) [3m],SID65,67604,5490,1416,974066,0.9073144544356462
own,0.3,S1+AEF(t) [3m],SID67,20945,14762,5105,1007764,0.5132068999313927
own,0.3,S1+AEF(t) [3m],SID68,41514,10654,0,996408,0.7957751878546235
own,0.3,S1+AEF(t) [3m],SID69,106761,19391,13788,908636,0.7629055309418322
own,0.3,S1+AEF(t) [3m],SID72,915272,889,11391,121024,0.9867608500655489
own,0.3,S1+AEF(t) [3m],SID78,265019,12863,3642,767052,0.9413726716017107
own,0.3,S1+AEF(t) [3m],SID79,227027,5045,24229,792275,0.8857827320221147
own,0.3,S1+AEF(t) [3m],SID80,90306,7321,1384,949565,0.9120804759067175
own,0.3,S1+AEF(t) [3m],SID81,294621,1393,1835,750727,0.9891622936454378
own,0.3,S1+AEF(t) [3m],SID83,153529,6701,1093,887253,0.9516869882161874
own,0.3,S1+AEF(t) [3m],SID85,374971,4586,12,669007,0.987886260469111
own,0.3,S1+AEF(t) [3m],SID87,19736,24473,2927,1001440,0.41870332654446707
own,0.3,S1+AEF(t) [3m],SID89,74485,3731,854,969506,0.942013405842924
own,0.3,S1+AEF(t) [3m],SID90,29673,1591,10237,1007075,0.7149948194019421
own,0.3,S1+AEF(t) [3m],SID91,37134,24160,201,987081,0.6038539718676316
own,0.3,S1+AEF(t) [3m],SID92,310690,8657,147538,581691,0.6654529487989548
own,0.3,S1+AEF(t) [3m],SID93,0,0,31314,1017262,0.0
own,0.3,S1+AEF(t) [3m],SID97,203800,95211,4034,745531,0.6725073833919055
own,0.3,S1+AEF(t) [3m],SID98,50037,26493,20589,951457,0.5152132950298088
own,0.3,S1+AEF(t) [3m],SID99,723,28158,4938,1014757,0.02137851503592655
own,0.3,S1+AEF(t-1) swap [3m],SID03,312946,1575,43958,690097,0.8729827967607586
own,0.3,S1+AEF(t-1) swap [3m],SID04,148011,18063,15415,867087,0.8155370297924392
own,0.3,S1+AEF(t-1) swap [3m],SID05,551759,26199,4984,465634,0.9465075427744098
own,0.3,S1+AEF(t-1) swap [3m],SID06,735309,7408,15248,290611,0.9701094377708733
own,0.3,S1+AEF(t-1) swap [3m],SID100,36563,8977,4935,998101,0.7243784051510649
own,0.3,S1+AEF(t-1) swap [3m],SID14,125502,127880,1895,793299,0.49163066002812633
own,0.3,S1+AEF(t-1) swap [3m],SID15,788227,94330,58,165961,0.8930586949009478
own,0.3,S1+AEF(t-1) swap [3m],SID17,36805,18443,483,992845,0.6604044427697332
own,0.3,S1+AEF(t-1) swap [3m],SID18,54241,3240,84,991011,0.9422565795188048
own,0.3,S1+AEF(t-1) swap [3m],SID21,296449,21286,7178,723663,0.9123950103566185
own,0.3,S1+AEF(t-1) swap [3m],SID22,266716,21726,7750,752384,0.9004834701815039
own,0.3,S1+AEF(t-1) swap [3m],SID23,130779,26220,177,891400,0.8320545121392579
own,0.3,S1+AEF(t-1) swap [3m],SID25,31480,4455,2270,257764,0.8239759193822798
own,0.3,S1+AEF(t-1) swap [3m],SID26,12917,3965,7536,1024158,0.5289950036858055
own,0.3,S1+AEF(t-1) swap [3m],SID27,9529,10794,301,1027952,0.4620345228859581
own,0.3,S1+AEF(t-1) swap [3m],SID28,524644,195336,0,328596,0.7286924636795467
own,0.3,S1+AEF(t-1) swap [3m],SID31,10788,4961,23323,1009504,0.2761056511056511
own,0.3,S1+AEF(t-1) swap [3m],SID33,225454,3037,57107,762978,0.7894102899880251
own,0.3,S1+AEF(t-1) swap [3m],SID36,115379,939,46391,885867,0.7091125875028425
own,0.3,S1+AEF(t-1) swap [3m],SID37,889711,10463,12707,135695,0.9746188166913322
own,0.3,S1+AEF(t-1) swap [3m],SID39,312403,6610,11763,717800,0.9444548576680292
own,0.3,S1+AEF(t-1) swap [3m],SID40,611694,7621,601,428660,0.9867369127430168
own,0.3,S1+AEF(t-1) swap [3m],SID44,201349,20644,992,825591,0.9029710518644752
own,0.3,S1+AEF(t-1) swap [3m],SID46,600800,96971,29052,321753,0.8266111556733895
own,0.3,S1+AEF(t-1) swap [3m],SID50,643,59,4047,597051,0.1353969256685618
own,0.3,S1+AEF(t-1) swap [3m],SID51,29878,7713,2421,1008564,0.7467259822053384
own,0.3,S1+AEF(t-1) swap [3m],SID52,150042,36825,3263,858446,0.7891547888286962
own,0.3,S1+AEF(t-1) swap [3m],SID53,469853,91825,457,486441,0.8358365872966458
own,0.3,S1+AEF(t-1) swap [3m],SID55,481877,382581,0,184118,0.5574325184103797
own,0.3,S1+AEF(t-1) swap [3m],SID59,87464,17177,536,943399,0.8315886553143749
own,0.3,S1+AEF(t-1) swap [3m],SID61,177998,3037,15173,852368,0.9071903286308407
own,0.3,S1+AEF(t-1) swap [3m],SID63,478316,3198,31125,535937,0.9330464517916116
own,0.3,S1+AEF(t-1) swap [3m],SID64,55481,1431,9087,982577,0.8406339489992273
own,0.3,S1+AEF(t-1) swap [3m],SID65,67050,2651,1970,976905,0.9355248287312861
own,0.3,S1+AEF(t-1) swap [3m],SID67,23562,66135,2488,956391,0.2555947279926235
own,0.3,S1+AEF(t-1) swap [3m],SID68,41514,11195,0,995867,0.7876074294712478
own,0.3,S1+AEF(t-1) swap [3m],SID69,104625,19061,15924,908966,0.7494090681183296
own,0.3,S1+AEF(t-1) swap [3m],SID72,912934,269,13729,121644,0.9848985686112898
own,0.3,S1+AEF(t-1) swap [3m],SID78,265987,15880,2674,764035,0.9347932283923933
own,0.3,S1+AEF(t-1) swap [3m],SID79,207622,2802,43634,794518,0.817222838879311
own,0.3,S1+AEF(t-1) swap [3m],SID80,90117,9148,1573,947738,0.8936809536087587
own,0.3,S1+AEF(t-1) swap [3m],SID81,295504,2779,952,749341,0.9875315387571642
own,0.3,S1+AEF(t-1) swap [3m],SID83,153116,6733,1506,887221,0.948938675591088
own,0.3,S1+AEF(t-1) swap [3m],SID85,374975,5305,8,668288,0.9860290095927298
own,0.3,S1+AEF(t-1) swap [3m],SID87,19613,22222,3050,1003691,0.4369611228695555
own,0.3,S1+AEF(t-1) swap [3m],SID89,74272,3470,1067,969767,0.9424304330723648
own,0.3,S1+AEF(t-1) swap [3m],SID90,29878,2631,10032,1006035,0.702334218753673
own,0.3,S1+AEF(t-1) swap [3m],SID91,37033,22213,302,989028,0.621901659165715
own,0.3,S1+AEF(t-1) swap [3m],SID92,288265,2212,169963,588136,0.6260641994613848
own,0.3,S1+AEF(t-1) swap [3m],SID93,0,0,31314,1017262,0.0
own,0.3,S1+AEF(t-1) swap [3m],SID97,198388,107454,9446,733288,0.6292278805409657
own,0.3,S1+AEF(t-1) swap [3m],SID98,47640,21970,22986,955980,0.514493066655147
own,0.3,S1+AEF(t-1) swap [3m],SID99,514,19741,5147,1023174,0.020234627194709077
own,0.3,S1+AEF(t-1) trained [3m],SID03,310400,1485,46504,690187,0.8660980108206446
own,0.3,S1+AEF(t-1) trained [3m],SID04,147455,16857,15971,868293,0.8179085105084783
own,0.3,S1+AEF(t-1) trained [3m],SID05,548073,21925,8670,469908,0.947128578044751
own,0.3,S1+AEF(t-1) trained [3m],SID06,732278,6911,18279,291108,0.9667444697333749
own,0.3,S1+AEF(t-1) trained [3m],SID100,36431,8147,5067,998931,0.7338301943800987
own,0.3,S1+AEF(t-1) trained [3m],SID14,124530,104933,2867,816246,0.5360048207291352
own,0.3,S1+AEF(t-1) trained [3m],SID15,788101,96246,184,164045,0.8909817745223175
own,0.3,S1+AEF(t-1) trained [3m],SID17,36526,15352,762,995936,0.6938829787234042
own,0.3,S1+AEF(t-1) trained [3m],SID18,54234,3237,91,991014,0.9421840797748514
own,0.3,S1+AEF(t-1) trained [3m],SID21,295411,19829,8216,725120,0.9132957805698456
own,0.3,S1+AEF(t-1) trained [3m],SID22,266188,20548,8278,753562,0.9022893828767449
own,0.3,S1+AEF(t-1) trained [3m],SID23,130737,26118,219,891502,0.8323274380228427
own,0.3,S1+AEF(t-1) trained [3m],SID25,31072,3982,2678,258237,0.8234919961836107
own,0.3,S1+AEF(t-1) trained [3m],SID26,13858,5094,6595,1023029,0.5424511684346499
own,0.3,S1+AEF(t-1) trained [3m],SID27,9329,10118,501,1028628,0.46766593142169643
own,0.3,S1+AEF(t-1) trained [3m],SID28,524644,186648,0,337284,0.7375929997806808
own,0.3,S1+AEF(t-1) trained [3m],SID31,10632,4857,23479,1009608,0.27283925272018067
own,0.3,S1+AEF(t-1) trained [3m],SID33,219378,2661,63183,763354,0.7691482424216926
own,0.3,S1+AEF(t-1) trained [3m],SID36,116395,1576,45375,885230,0.7125671886670013
own,0.3,S1+AEF(t-1) trained [3m],SID37,894434,12589,7984,133569,0.9775160190031333
own,0.3,S1+AEF(t-1) trained [3m],SID39,312564,6684,11602,717726,0.9447302402901617
own,0.3,S1+AEF(t-1) trained [3m],SID40,611530,6844,765,429437,0.9877103526025658
own,0.3,S1+AEF(t-1) trained [3m],SID44,201204,20011,1137,826224,0.9048895445060084
own,0.3,S1+AEF(t-1) trained [3m],SID46,601185,98463,28667,320261,0.8254464071177993
own,0.3,S1+AEF(t-1) trained [3m],SID50,430,18,4260,597092,0.0913338997451147
own,0.3,S1+AEF(t-1) trained [3m],SID51,29079,5760,3220,1010517,0.7640505530886256
own,0.3,S1+AEF(t-1) trained [3m],SID52,149552,30842,3753,864429,0.812133784422228
own,0.3,S1+AEF(t-1) trained [3m],SID53,469992,98198,318,480068,0.8267113215645162
own,0.3,S1+AEF(t-1) trained [3m],SID55,481877,390423,0,176276,0.552421185372005
own,0.3,S1+AEF(t-1) trained [3m],SID59,87468,17735,532,942841,0.8272379060859696
own,0.3,S1+AEF(t-1) trained [3m],SID61,174360,2649,18811,852756,0.8904095597998162
own,0.3,S1+AEF(t-1) trained [3m],SID63,470213,2347,39228,536788,0.9187651918372451
own,0.3,S1+AEF(t-1) trained [3m],SID64,56020,1565,8548,982443,0.8470808824641253
own,0.3,S1+AEF(t-1) trained [3m],SID65,66471,1900,2549,977656,0.9372673434856176
own,0.3,S1+AEF(t-1) trained [3m],SID67,23368,67437,2682,955089,0.24995988747098527
own,0.3,S1+AEF(t-1) trained [3m],SID68,41514,9880,0,997182,0.8077596606607775
own,0.3,S1+AEF(t-1) trained [3m],SID69,106855,23459,13694,904568,0.7420073884784179
own,0.3,S1+AEF(t-1) trained [3m],SID72,912270,275,14393,121638,0.9841758564218966
own,0.3,S1+AEF(t-1) trained [3m],SID78,265862,14943,2799,764972,0.9374409387737832
own,0.3,S1+AEF(t-1) trained [3m],SID79,209430,2839,41826,794481,0.8242192880615518
own,0.3,S1+AEF(t-1) trained [3m],SID80,90129,9255,1561,947631,0.8928525434642627
own,0.3,S1+AEF(t-1) trained [3m],SID81,295366,2577,1090,749543,0.9877371393792659
own,0.3,S1+AEF(t-1) trained [3m],SID83,153017,7115,1605,886839,0.9460853113387784
own,0.3,S1+AEF(t-1) trained [3m],SID85,374943,4640,40,668953,0.9876719798326234
own,0.3,S1+AEF(t-1) trained [3m],SID87,19510,21846,3153,1004067,0.4383383135994967
own,0.3,S1+AEF(t-1) trained [3m],SID89,74293,3616,1046,969621,0.9409537078082452
own,0.3,S1+AEF(t-1) trained [3m],SID90,30258,2764,9652,1005902,0.7090500070300417
own,0.3,S1+AEF(t-1) trained [3m],SID91,36959,20685,376,990556,0.6370044812133747
own,0.3,S1+AEF(t-1) trained [3m],SID92,288634,2478,169594,587870,0.6265036704536081
own,0.3,S1+AEF(t-1) trained [3m],SID93,0,0,31314,1017262,0.0
own,0.3,S1+AEF(t-1) trained [3m],SID97,199748,116816,8086,723926,0.6152718312028338
own,0.3,S1+AEF(t-1) trained [3m],SID98,47723,23208,22903,954742,0.5085896370185647
own,0.3,S1+AEF(t-1) trained [3m],SID99,468,23361,5193,1019554,0.01612569774653711
own,0.3,S1-only [10m],SID03,334361,29777,22543,661895,0.8646946708009962
own,0.3,S1-only [10m],SID04,139208,17064,24218,868086,0.7712781871571832
own,0.3,S1-only [10m],SID05,552231,48996,4512,442837,0.9116649249924472
own,0.3,S1-only [10m],SID06,738052,31173,12505,266846,0.9441264886853518
own,0.3,S1-only [10m],SID100,6572,3050,34926,1004028,0.14752626380533357
own,0.3,S1-only [10m],SID14,115202,10934,12195,910245,0.8327995893906645
own,0.3,S1-only [10m],SID15,715269,6885,73016,253406,0.8995170843970471
own,0.3,S1-only [10m],SID17,34968,17204,2320,994084,0.6417088746972033
own,0.3,S1-only [10m],SID18,54243,7542,82,986709,0.8767679053453376
own,0.3,S1-only [10m],SID21,295600,26210,8027,718739,0.8962002443631248
own,0.3,S1-only [10m],SID22,254404,23833,20062,750277,0.8528489870901343
own,0.3,S1-only [10m],SID23,3102,2524,127854,915096,0.02323943661971831
own,0.3,S1-only [10m],SID25,92559,31462,13370,911185,0.6736904164028211
own,0.3,S1-only [10m],SID26,0,2646,20453,1025477,0.0
own,0.3,S1-only [10m],SID27,1616,28921,8214,1009825,0.04170214962194524
own,0.3,S1-only [10m],SID28,519223,11538,5421,512394,0.9683708143876519
own,0.3,S1-only [10m],SID31,6369,3595,27742,1010870,0.16891210947859758
own,0.3,S1-only [10m],SID33,44692,2271,237869,763744,0.1569065273564768
own,0.3,S1-only [10m],SID36,140895,30216,20875,856590,0.7338816372027127
own,0.3,S1-only [10m],SID37,895264,31350,7154,114808,0.9587649180524499
own,0.3,S1-only [10m],SID39,314328,23509,9838,700901,0.9040857122312504
own,0.3,S1-only [10m],SID40,611647,17011,648,419270,0.9719389295509656
own,0.3,S1-only [10m],SID44,138056,18526,64285,827709,0.6250639525144092
own,0.3,S1-only [10m],SID46,243413,20367,386439,398357,0.3743554094851119
own,0.3,S1-only [10m],SID50,0,0,4693,597518,0.0
own,0.3,S1-only [10m],SID51,25728,12659,6571,1003618,0.572267449619645
own,0.3,S1-only [10m],SID52,143722,16444,9583,878827,0.846673618106734
own,0.3,S1-only [10m],SID53,396998,30088,73312,548178,0.7933644818724296
own,0.3,S1-only [10m],SID55,381457,164713,100420,401986,0.589951901514097
own,0.3,S1-only [10m],SID59,86583,21059,1417,939517,0.7939097185926883
own,0.3,S1-only [10m],SID61,182787,28458,10384,826947,0.8247431518438472
own,0.3,S1-only [10m],SID63,494518,61939,14923,477196,0.8654800658055934
own,0.3,S1-only [10m],SID64,58563,10446,6005,973562,0.7806942704028581
own,0.3,S1-only [10m],SID65,62790,1978,6230,977578,0.8843911096087214
own,0.3,S1-only [10m],SID67,498,15145,25552,1007381,0.012088845733705547
own,0.3,S1-only [10m],SID68,39389,13547,2125,993515,0.7153702257496232
own,0.3,S1-only [10m],SID69,111369,42870,9180,885157,0.6814935839773832
own,0.3,S1-only [10m],SID72,921065,6372,5598,115541,0.987170899269588
own,0.3,S1-only [10m],SID78,259661,11830,9000,768085,0.9257373676873768
own,0.3,S1-only [10m],SID79,201475,26899,49781,770421,0.7243263647966062
own,0.3,S1-only [10m],SID80,88439,10192,3251,946694,0.8680532380597161
own,0.3,S1-only [10m],SID81,296182,9131,274,742989,0.9692231672158829
own,0.3,S1-only [10m],SID83,83800,2560,70822,891394,0.5331399269636472
own,0.3,S1-only [10m],SID85,374885,6579,98,667014,0.9825008779700285
own,0.3,S1-only [10m],SID87,7924,16154,14739,1009759,0.20413736249581368
own,0.3,S1-only [10m],SID89,25668,341,49671,972896,0.3391649048625793
own,0.3,S1-only [10m],SID90,16394,909,23516,1007757,0.4016266934515789
own,0.3,S1-only [10m],SID91,36442,21983,893,989258,0.6143497757847534
own,0.3,S1-only [10m],SID92,368884,151486,89344,438862,0.6050115299960309
own,0.3,S1-only [10m],SID93,138,280967,31176,736295,0.00044190969031096994
own,0.3,S1-only [10m],SID97,104766,41646,103068,799096,0.41993746993746994
own,0.3,S1-only [10m],SID98,16423,8708,54203,969242,0.20701086545491215
own,0.3,S1-only [10m],SID99,0,95599,5661,947316,0.0
own,0.3,S1+AEF(t) [10m],SID03,341095,20577,15809,671095,0.9036083935350389
own,0.3,S1+AEF(t) [10m],SID04,145214,24872,18212,860278,0.7711924715079289
own,0.3,S1+AEF(t) [10m],SID05,553838,34143,2905,457690,0.9373009345288262
own,0.3,S1+AEF(t) [10m],SID06,738246,11003,12311,287016,0.9693865224013867
own,0.3,S1+AEF(t) [10m],SID100,35550,1812,5948,1005266,0.8208265989378897
own,0.3,S1+AEF(t) [10m],SID14,117048,10875,10349,910304,0.8465054385558899
own,0.3,S1+AEF(t) [10m],SID15,787077,62237,1208,198054,0.925404633860147
own,0.3,S1+AEF(t) [10m],SID17,36721,23334,567,987954,0.6057371911187358
own,0.3,S1+AEF(t) [10m],SID18,54325,11889,0,982362,0.8204458271664603
own,0.3,S1+AEF(t) [10m],SID21,297239,22519,6388,722430,0.9113679149828604
own,0.3,S1+AEF(t) [10m],SID22,269516,34817,4950,739293,0.8714219662897734
own,0.3,S1+AEF(t) [10m],SID23,121393,8717,9563,908903,0.8691228798694093
own,0.3,S1+AEF(t) [10m],SID25,31163,5752,2587,256467,0.7888967647207736
own,0.3,S1+AEF(t) [10m],SID26,5867,1413,14586,1026710,0.2683161071983902
own,0.3,S1+AEF(t) [10m],SID27,9175,9533,655,1029213,0.47384186334762174
own,0.3,S1+AEF(t) [10m],SID28,524644,155684,0,368248,0.7711633212215284
own,0.3,S1+AEF(t) [10m],SID31,12932,10174,21179,1004291,0.29201761318730945
own,0.3,S1+AEF(t) [10m],SID33,182376,1104,100185,764911,0.6429273967532124
own,0.3,S1+AEF(t) [10m],SID36,133212,6132,28558,880674,0.7933913830686948
own,0.3,S1+AEF(t) [10m],SID37,881747,5518,20671,140640,0.9711554558911641
own,0.3,S1+AEF(t) [10m],SID39,315212,11953,8954,712457,0.9377988153005334
own,0.3,S1+AEF(t) [10m],SID40,612113,11340,182,424941,0.9815244493974841
own,0.3,S1+AEF(t) [10m],SID44,200490,27277,1851,818958,0.8731458335147941
own,0.3,S1+AEF(t) [10m],SID46,578963,93144,50889,325580,0.8007831301971242
own,0.3,S1+AEF(t) [10m],SID50,155,0,4538,597518,0.033027913914340505
own,0.3,S1+AEF(t) [10m],SID51,28369,10131,3930,1006146,0.6686071176054679
own,0.3,S1+AEF(t) [10m],SID52,148299,16479,5006,878792,0.8734568628374876
own,0.3,S1+AEF(t) [10m],SID53,469662,91666,648,486600,0.8357331985707575
own,0.3,S1+AEF(t) [10m],SID55,481877,373199,0,193500,0.5635487371882734
own,0.3,S1+AEF(t) [10m],SID59,87299,23281,701,937295,0.784491512477422
own,0.3,S1+AEF(t) [10m],SID61,183594,7815,9577,847590,0.9134666096146
own,0.3,S1+AEF(t) [10m],SID63,493703,20630,15738,518505,0.9313903231831208
own,0.3,S1+AEF(t) [10m],SID64,57967,4645,6601,979363,0.837516073569994
own,0.3,S1+AEF(t) [10m],SID65,67950,4882,1070,974674,0.9194609076885605
own,0.3,S1+AEF(t) [10m],SID67,16739,8299,9311,1014227,0.48732131939794465
own,0.3,S1+AEF(t) [10m],SID68,41514,14446,0,992616,0.7418513223731237
own,0.3,S1+AEF(t) [10m],SID69,110561,29482,9988,898545,0.7369210363191607
own,0.3,S1+AEF(t) [10m],SID72,918047,2439,8616,119474,0.98810141405357
own,0.3,S1+AEF(t) [10m],SID78,264346,16369,4315,763546,0.9274322001192857
own,0.3,S1+AEF(t) [10m],SID79,229207,5118,22049,792202,0.8940337163674944
own,0.3,S1+AEF(t) [10m],SID80,90584,10947,1106,945939,0.8825667157068113
own,0.3,S1+AEF(t) [10m],SID81,296075,5426,381,746694,0.9807640071286131
own,0.3,S1+AEF(t) [10m],SID83,153802,8234,820,885720,0.9444048730166528
own,0.3,S1+AEF(t) [10m],SID85,374983,7382,0,666211,0.9806938396558262
own,0.3,S1+AEF(t) [10m],SID87,19129,26517,3534,999396,0.38895892639284263
own,0.3,S1+AEF(t) [10m],SID89,74621,4952,718,968285,0.9293818734353788
own,0.3,S1+AEF(t) [10m],SID90,31430,2498,8480,1006168,0.7411337483493681
own,0.3,S1+AEF(t) [10m],SID91,37322,32864,13,978377,0.5316599951566262
own,0.3,S1+AEF(t) [10m],SID92,313329,13074,144899,577274,0.6648157656873936
own,0.3,S1+AEF(t) [10m],SID93,0,0,31314,1017262,0.0
own,0.3,S1+AEF(t) [10m],SID97,200737,89826,7097,750916,0.6743835248269838
own,0.3,S1+AEF(t) [10m],SID98,46614,30297,24012,947653,0.46187687643054604
own,0.3,S1+AEF(t) [10m],SID99,222,38386,5439,1004529,0.005040070833427929
own,0.3,S1+AEF(t-1) swap [10m],SID03,325302,7974,31602,683698,0.8915363491358755
own,0.3,S1+AEF(t-1) swap [10m],SID04,145307,26664,18119,858486,0.7644115945078647
own,0.3,S1+AEF(t-1) swap [10m],SID05,554575,37369,2168,454464,0.9334519417214263
own,0.3,S1+AEF(t-1) swap [10m],SID06,737979,10151,12578,287868,0.970121255462017
own,0.3,S1+AEF(t-1) swap [10m],SID100,36014,5462,5484,1001616,0.76690800681431
own,0.3,S1+AEF(t-1) swap [10m],SID14,122326,35688,5071,885491,0.7500751142042493
own,0.3,S1+AEF(t-1) swap [10m],SID15,787008,59774,1277,200517,0.9280109049016637
own,0.3,S1+AEF(t-1) swap [10m],SID17,36757,24063,531,987225,0.5991263386089877
own,0.3,S1+AEF(t-1) swap [10m],SID18,54325,7636,0,986615,0.8767611884895338
own,0.3,S1+AEF(t-1) swap [10m],SID21,297572,23940,6055,721009,0.9084309469513108
own,0.3,S1+AEF(t-1) swap [10m],SID22,268175,31869,6291,742241,0.8754304927611928
own,0.3,S1+AEF(t-1) swap [10m],SID23,130758,26058,198,891562,0.8327792426153082
own,0.3,S1+AEF(t-1) swap [10m],SID25,31269,6257,2481,255962,0.7815882220611393
own,0.3,S1+AEF(t-1) swap [10m],SID26,5895,1352,14558,1026771,0.2703508369639991
own,0.3,S1+AEF(t-1) swap [10m],SID27,9367,11901,463,1026845,0.43104321016060004
own,0.3,S1+AEF(t-1) swap [10m],SID28,524644,158959,0,364973,0.767468837907382
own,0.3,S1+AEF(t-1) swap [10m],SID31,10558,6946,23553,1007519,0.2571546873858295
own,0.3,S1+AEF(t-1) swap [10m],SID33,207006,3581,75555,762434,0.7234380132940987
own,0.3,S1+AEF(t-1) swap [10m],SID36,130923,5481,30847,881325,0.782793525898201
own,0.3,S1+AEF(t-1) swap [10m],SID37,891056,11627,11362,134531,0.974849159505276
own,0.3,S1+AEF(t-1) swap [10m],SID39,316584,17010,7582,707400,0.9279199005791732
own,0.3,S1+AEF(t-1) swap [10m],SID40,612201,14150,94,422131,0.9772621698632761
own,0.3,S1+AEF(t-1) swap [10m],SID44,201373,27566,968,818669,0.8758889464000661
own,0.3,S1+AEF(t-1) swap [10m],SID46,573591,90224,56261,328500,0.7965700842688828
own,0.3,S1+AEF(t-1) swap [10m],SID50,610,78,4083,597440,0.1278557954307273
own,0.3,S1+AEF(t-1) swap [10m],SID51,28556,10354,3743,1005923,0.6694956978407146
own,0.3,S1+AEF(t-1) swap [10m],SID52,149535,37893,3770,857378,0.7820950009937342
own,0.3,S1+AEF(t-1) swap [10m],SID53,469709,85827,601,492439,0.8445922497514102
own,0.3,S1+AEF(t-1) swap [10m],SID55,481877,374096,0,192603,0.5629581774191476
own,0.3,S1+AEF(t-1) swap [10m],SID59,87386,26390,614,934186,0.7639304134976833
own,0.3,S1+AEF(t-1) swap [10m],SID61,183569,8708,9602,846697,0.9093021067074832
own,0.3,S1+AEF(t-1) swap [10m],SID63,492017,18334,17424,520801,0.9322476434086495
own,0.3,S1+AEF(t-1) swap [10m],SID64,57804,4852,6764,979156,0.8326707000864304
own,0.3,S1+AEF(t-1) swap [10m],SID65,67643,3842,1377,975714,0.9283714419038731
own,0.3,S1+AEF(t-1) swap [10m],SID67,19520,29494,6530,993032,0.35143309808440154
own,0.3,S1+AEF(t-1) swap [10m],SID68,41514,14663,0,992399,0.7389857058938711
own,0.3,S1+AEF(t-1) swap [10m],SID69,109999,29860,10550,898167,0.7313325665352473
own,0.3,S1+AEF(t-1) swap [10m],SID72,916717,1386,9946,120527,0.9877894378421829
own,0.3,S1+AEF(t-1) swap [10m],SID78,265433,18915,3228,761000,0.9230012240242579
own,0.3,S1+AEF(t-1) swap [10m],SID79,209198,2924,42058,794396,0.8230309229679754
own,0.3,S1+AEF(t-1) swap [10m],SID80,90412,11064,1278,945822,0.8798878875761528
own,0.3,S1+AEF(t-1) swap [10m],SID81,296319,7528,137,744592,0.974784857097742
own,0.3,S1+AEF(t-1) swap [10m],SID83,153205,8082,1417,885872,0.9416179073655226
own,0.3,S1+AEF(t-1) swap [10m],SID85,374983,7868,0,665725,0.9794489239939298
own,0.3,S1+AEF(t-1) swap [10m],SID87,18861,24856,3802,1001057,0.396914918243229
own,0.3,S1+AEF(t-1) swap [10m],SID89,74466,4942,873,968295,0.9275669211893225
own,0.3,S1+AEF(t-1) swap [10m],SID90,31282,3712,8628,1004954,0.7171152170922929
own,0.3,S1+AEF(t-1) swap [10m],SID91,37313,30970,22,980271,0.5462704048019911
own,0.3,S1+AEF(t-1) swap [10m],SID92,294297,4475,163931,585873,0.6360386684330985
own,0.3,S1+AEF(t-1) swap [10m],SID93,0,0,31314,1017262,0.0
own,0.3,S1+AEF(t-1) swap [10m],SID97,194426,92995,13408,747747,0.6463007223372746
own,0.3,S1+AEF(t-1) swap [10m],SID98,45147,24853,25479,953097,0.4728474324196944
own,0.3,S1+AEF(t-1) swap [10m],SID99,69,29237,5592,1013678,0.0019771906699524327
own,0.3,S1+AEF(t-1) trained [10m],SID03,328446,10656,28458,681016,0.8935847208619001
own,0.3,S1+AEF(t-1) trained [10m],SID04,144613,25807,18813,859343,0.7642060317175122
own,0.3,S1+AEF(t-1) trained [10m],SID05,554343,37296,2400,454537,0.933176104599193
own,0.3,S1+AEF(t-1) trained [10m],SID06,739432,13075,11125,284944,0.9683093427200536
own,0.3,S1+AEF(t-1) trained [10m],SID100,34575,2743,6923,1004335,0.7815148843832644
own,0.3,S1+AEF(t-1) trained [10m],SID14,121746,26321,5651,894858,0.7920087432831548
own,0.3,S1+AEF(t-1) trained [10m],SID15,786090,51848,2195,208443,0.9356732803020474
own,0.3,S1+AEF(t-1) trained [10m],SID17,36575,21311,713,989977,0.6241574088295022
own,0.3,S1+AEF(t-1) trained [10m],SID18,54325,7669,0,986582,0.8762944801109784
own,0.3,S1+AEF(t-1) trained [10m],SID21,297379,24209,6248,720740,0.9070968411034785
own,0.3,S1+AEF(t-1) trained [10m],SID22,268248,32849,6218,741261,0.8728763646421425
own,0.3,S1+AEF(t-1) trained [10m],SID23,130412,22021,544,895599,0.8524941657896286
own,0.3,S1+AEF(t-1) trained [10m],SID25,30791,5288,2959,256931,0.7887443004252267
own,0.3,S1+AEF(t-1) trained [10m],SID26,5474,1354,14979,1026769,0.2510203145778878
own,0.3,S1+AEF(t-1) trained [10m],SID27,9180,10873,650,1027873,0.4434139979713085
own,0.3,S1+AEF(t-1) trained [10m],SID28,524644,142953,0,380979,0.7858693193648264
own,0.3,S1+AEF(t-1) trained [10m],SID31,10504,6655,23607,1007810,0.25766570181033216
own,0.3,S1+AEF(t-1) trained [10m],SID33,203116,3876,79445,762139,0.709112300436047
own,0.3,S1+AEF(t-1) trained [10m],SID36,135369,10424,26401,876382,0.7861423742987561
own,0.3,S1+AEF(t-1) trained [10m],SID37,893426,14802,8992,131356,0.9740585682824187
own,0.3,S1+AEF(t-1) trained [10m],SID39,316912,19986,7254,704424,0.9208489272182059
own,0.3,S1+AEF(t-1) trained [10m],SID40,612195,14583,100,421698,0.9765775796885519
own,0.3,S1+AEF(t-1) trained [10m],SID44,201471,26962,870,819273,0.8786234807220141
own,0.3,S1+AEF(t-1) trained [10m],SID46,554547,82248,75305,336476,0.7787487712399944
own,0.3,S1+AEF(t-1) trained [10m],SID50,306,26,4387,597492,0.06484424666242848
own,0.3,S1+AEF(t-1) trained [10m],SID51,28382,8334,3917,1007943,0.698496296113996
own,0.3,S1+AEF(t-1) trained [10m],SID52,149313,33846,3992,861425,0.797821010841513
own,0.3,S1+AEF(t-1) trained [10m],SID53,469692,78841,618,499425,0.855305735580924
own,0.3,S1+AEF(t-1) trained [10m],SID55,481877,368406,0,198293,0.5667254314151876
own,0.3,S1+AEF(t-1) trained [10m],SID59,87213,26247,787,934329,0.7633723423809815
own,0.3,S1+AEF(t-1) trained [10m],SID61,183069,9969,10102,845436,0.901196219356109
own,0.3,S1+AEF(t-1) trained [10m],SID63,492579,22779,16862,516356,0.9255176430799293
own,0.3,S1+AEF(t-1) trained [10m],SID64,58208,5705,6360,978303,0.8283124386321916
own,0.3,S1+AEF(t-1) trained [10m],SID65,67236,2620,1784,976936,0.9385259631490788
own,0.3,S1+AEF(t-1) trained [10m],SID67,19894,32774,6156,989752,0.3381952944376445
own,0.3,S1+AEF(t-1) trained [10m],SID68,41514,13476,0,993586,0.7549372613202401
own,0.3,S1+AEF(t-1) trained [10m],SID69,111158,33633,9391,894394,0.7209531592533499
own,0.3,S1+AEF(t-1) trained [10m],SID72,918295,1971,8368,119942,0.9888664425381797
own,0.3,S1+AEF(t-1) trained [10m],SID78,265257,18501,3404,761414,0.9237190157472089
own,0.3,S1+AEF(t-1) trained [10m],SID79,211936,2897,39320,794423,0.8338913961275295
own,0.3,S1+AEF(t-1) trained [10m],SID80,90449,11326,1241,945560,0.8780092412829075
own,0.3,S1+AEF(t-1) trained [10m],SID81,296308,7496,148,744624,0.974851292309312
own,0.3,S1+AEF(t-1) trained [10m],SID83,152536,7243,2086,886711,0.9423655515398635
own,0.3,S1+AEF(t-1) trained [10m],SID85,374983,7688,0,665905,0.9799096351696366
own,0.3,S1+AEF(t-1) trained [10m],SID87,18194,23087,4469,1002826,0.3976830601092896
own,0.3,S1+AEF(t-1) trained [10m],SID89,74582,4723,757,968514,0.9315530463890485
own,0.3,S1+AEF(t-1) trained [10m],SID90,31276,3485,8634,1005181,0.7207281944924531
own,0.3,S1+AEF(t-1) trained [10m],SID91,37307,29918,28,981323,0.5547261832185925
own,0.3,S1+AEF(t-1) trained [10m],SID92,295715,5936,162513,584412,0.6370916314061409
own,0.3,S1+AEF(t-1) trained [10m],SID93,0,0,31314,1017262,0.0
own,0.3,S1+AEF(t-1) trained [10m],SID97,188760,82969,19074,757773,0.6490992183711998
own,0.3,S1+AEF(t-1) trained [10m],SID98,44674,24477,25952,953473,0.4697433309149028
own,0.3,S1+AEF(t-1) trained [10m],SID99,82,37682,5579,1005233,0.0018918856562766767
own,0.3,S1-only seed 42 [3m],SID03,295270,3075,61634,688597,0.8202422919114726
own,0.3,S1-only seed 42 [3m],SID04,113118,114,50308,885036,0.6916839916839916
own,0.3,S1-only seed 42 [3m],SID05,463449,6513,93294,485320,0.82280348544889
own,0.3,S1-only seed 42 [3m],SID06,255003,5370,495554,292649,0.3373381292108894
own,0.3,S1-only seed 42 [3m],SID100,11426,9828,30072,997250,0.22261621790125863
own,0.3,S1-only seed 42 [3m],SID14,53812,174,73585,921005,0.42182000611424225
own,0.3,S1-only seed 42 [3m],SID15,281438,0,506847,260291,0.35702569502147063
own,0.3,S1-only seed 42 [3m],SID17,12094,753,25194,1010535,0.3179201387976131
own,0.3,S1-only seed 42 [3m],SID18,49519,5681,4806,988570,0.8252341432523415
own,0.3,S1-only seed 42 [3m],SID21,281474,16181,22153,728768,0.880134330598359
own,0.3,S1-only seed 42 [3m],SID22,202393,10795,72073,763315,0.7095011235324843
own,0.3,S1-only seed 42 [3m],SID23,773,1026,130183,916594,0.005856859268688154
own,0.3,S1-only seed 42 [3m],SID25,18794,1429,87135,941218,0.17505914789768812
own,0.3,S1-only seed 42 [3m],SID26,169,61408,20284,966715,0.002064475146895347
own,0.3,S1-only seed 42 [3m],SID27,81,38396,9749,1000350,0.0016795919213702152
own,0.3,S1-only seed 42 [3m],SID28,433613,384,91031,523548,0.8258854765841059
own,0.3,S1-only seed 42 [3m],SID31,0,76,34111,1014389,0.0
own,0.3,S1-only seed 42 [3m],SID33,15475,16,267086,765999,0.054763834282337207
own,0.3,S1-only seed 42 [3m],SID36,114891,8436,46879,878370,0.6750114567054041
own,0.3,S1-only seed 42 [3m],SID37,531498,16818,370920,129340,0.578195370938475
own,0.3,S1-only seed 42 [3m],SID39,233559,978,90607,723432,0.7183248037792486
own,0.3,S1-only seed 42 [3m],SID40,552405,1441,59890,434840,0.9000694109519403
own,0.3,S1-only seed 42 [3m],SID44,106910,8557,95431,837678,0.5069275194643856
own,0.3,S1-only seed 42 [3m],SID46,69300,928,560552,417796,0.10986397793208409
own,0.3,S1-only seed 42 [3m],SID50,36,1023,4654,596087,0.006301417819009277
own,0.3,S1-only seed 42 [3m],SID51,6071,149,26228,1016128,0.18709935897435898
own,0.3,S1-only seed 42 [3m],SID52,132116,11700,21189,883571,0.8006787673100815
own,0.3,S1-only seed 42 [3m],SID53,35986,2899,434324,575367,0.07604673622014797
own,0.3,S1-only seed 42 [3m],SID55,99427,42743,382450,523956,0.18952193968968015
own,0.3,S1-only seed 42 [3m],SID59,66144,571,21856,960005,0.7467907102776303
own,0.3,S1-only seed 42 [3m],SID61,148849,2155,44322,853250,0.7620542068132251
own,0.3,S1-only seed 42 [3m],SID63,413706,5343,95735,533792,0.8036496860819295
own,0.3,S1-only seed 42 [3m],SID64,54378,3687,10190,980321,0.7966888872610065
own,0.3,S1-only seed 42 [3m],SID65,44772,10284,24248,969272,0.5645616866740644
own,0.3,S1-only seed 42 [3m],SID67,255,5298,25795,1017228,0.008134490238611713
own,0.3,S1-only seed 42 [3m],SID68,17296,2133,24218,1004929,0.39627007583568175
own,0.3,S1-only seed 42 [3m],SID69,54486,2730,66063,925297,0.44197308544034264
own,0.3,S1-only seed 42 [3m],SID72,910492,789,16171,121124,0.981713339342629
own,0.3,S1-only seed 42 [3m],SID78,178510,1122,90151,778793,0.6616799427688179
own,0.3,S1-only seed 42 [3m],SID79,148962,30828,102294,766492,0.5280767430978006
own,0.3,S1-only seed 42 [3m],SID80,72401,141,19289,956745,0.7884156766233624
own,0.3,S1-only seed 42 [3m],SID81,278072,80,18384,752040,0.9377343728923301
own,0.3,S1-only seed 42 [3m],SID83,6779,58,147843,893896,0.04382596327902767
own,0.3,S1-only seed 42 [3m],SID85,362752,862,12231,672731,0.9651638308345195
own,0.3,S1-only seed 42 [3m],SID87,3189,8660,19474,1017253,0.10181017143951729
own,0.3,S1-only seed 42 [3m],SID89,27922,3209,47417,970028,0.35547690584101443
own,0.3,S1-only seed 42 [3m],SID90,1634,3208,38276,1005458,0.03789600630827033
own,0.3,S1-only seed 42 [3m],SID91,24948,4657,12387,1006584,0.594113164412269
own,0.3,S1-only seed 42 [3m],SID92,309049,101299,149179,489049,0.552339744105289
own,0.3,S1-only seed 42 [3m],SID93,0,23450,31314,993812,0.0
own,0.3,S1-only seed 42 [3m],SID97,43373,20564,164461,820178,0.189900962355187
own,0.3,S1-only seed 42 [3m],SID98,2338,28266,68288,949684,0.02364195283743882
own,0.3,S1-only seed 42 [3m],SID99,0,21938,5661,1020977,0.0
own,0.3,S1-only seed 43 [3m],SID03,304783,4299,52121,687373,0.8437997469566975
own,0.3,S1-only seed 43 [3m],SID04,121823,277,41603,884873,0.7441708459832745
own,0.3,S1-only seed 43 [3m],SID05,489568,10491,67175,481342,0.863079434589605
own,0.3,S1-only seed 43 [3m],SID06,512765,8451,237792,289568,0.6755725894852228
own,0.3,S1-only seed 43 [3m],SID100,21307,48179,20191,958899,0.23759715423129676
own,0.3,S1-only seed 43 [3m],SID14,80759,427,46638,920752,0.631798410314182
own,0.3,S1-only seed 43 [3m],SID15,570442,9,217843,260282,0.7236411795599104
own,0.3,S1-only seed 43 [3m],SID17,20776,3816,16512,1007472,0.5054495912806539
own,0.3,S1-only seed 43 [3m],SID18,50161,14854,4164,979397,0.7250899839546683
own,0.3,S1-only seed 43 [3m],SID21,284621,26315,19006,718634,0.8626394942141346
own,0.3,S1-only seed 43 [3m],SID22,224695,14550,49771,759560,0.7774483073601461
own,0.3,S1-only seed 43 [3m],SID23,7089,2796,123867,914824,0.053001076619415034
own,0.3,S1-only seed 43 [3m],SID25,40429,5654,65500,936993,0.3623222175420987
own,0.3,S1-only seed 43 [3m],SID26,779,198939,19674,829184,0.0035507219953325553
own,0.3,S1-only seed 43 [3m],SID27,197,44919,9633,993827,0.0035982392372463424
own,0.3,S1-only seed 43 [3m],SID28,495254,1019,29390,522913,0.9421511500714336
own,0.3,S1-only seed 43 [3m],SID31,15,482,34096,1013983,0.0004336137368831845
own,0.3,S1-only seed 43 [3m],SID33,40686,13,241875,766002,0.14398352290019606
own,0.3,S1-only seed 43 [3m],SID36,120441,9840,41329,876966,0.7018297302022026
own,0.3,S1-only seed 43 [3m],SID37,861312,28019,41106,118139,0.9257069527544584
own,0.3,S1-only seed 43 [3m],SID39,279561,1728,44605,722682,0.8578280054250769
own,0.3,S1-only seed 43 [3m],SID40,576670,1961,35625,434320,0.938810528509286
own,0.3,S1-only seed 43 [3m],SID44,141235,11927,61106,834308,0.6591511564956036
own,0.3,S1-only seed 43 [3m],SID46,128251,1810,501601,416914,0.2030373839173482
own,0.3,S1-only seed 43 [3m],SID50,39,978,4651,596132,0.006880733944954129
own,0.3,S1-only seed 43 [3m],SID51,10501,496,21798,1015781,0.3202012501905778
own,0.3,S1-only seed 43 [3m],SID52,134985,21074,18320,874197,0.774089769983771
own,0.3,S1-only seed 43 [3m],SID53,241695,12126,228615,566140,0.5009887321841654
own,0.3,S1-only seed 43 [3m],SID55,301805,159904,180072,406795,0.4702616624674149
own,0.3,S1-only seed 43 [3m],SID59,73154,1384,14846,959192,0.8184238789940034
own,0.3,S1-only seed 43 [3m],SID61,158831,3082,34340,852323,0.8093175645722613
own,0.3,S1-only seed 43 [3m],SID63,440745,8093,68696,531042,0.8516252072327615
own,0.3,S1-only seed 43 [3m],SID64,55639,15200,8929,968808,0.6975102798114532
own,0.3,S1-only seed 43 [3m],SID65,61074,16564,7946,962992,0.7136146943353898
own,0.3,S1-only seed 43 [3m],SID67,348,5997,25702,1016529,0.010859050769182763
own,0.3,S1-only seed 43 [3m],SID68,26600,5371,14914,1001691,0.5673456329316412
own,0.3,S1-only seed 43 [3m],SID69,87752,9381,32797,918646,0.6753790502578312
own,0.3,S1-only seed 43 [3m],SID72,912382,1101,14281,120812,0.9834203525896672
own,0.3,S1-only seed 43 [3m],SID78,220427,1182,48234,778733,0.8168712918252465
own,0.3,S1-only seed 43 [3m],SID79,190159,40897,61097,756423,0.6508884043634671
own,0.3,S1-only seed 43 [3m],SID80,76675,672,15015,956214,0.8301574240488513
own,0.3,S1-only seed 43 [3m],SID81,285682,222,10774,751898,0.9629362473793136
own,0.3,S1-only seed 43 [3m],SID83,35880,177,118742,893777,0.2317844430519577
own,0.3,S1-only seed 43 [3m],SID85,368924,2471,6059,671122,0.9774012197512809
own,0.3,S1-only seed 43 [3m],SID87,3904,11029,18759,1014884,0.11587320432150065
own,0.3,S1-only seed 43 [3m],SID89,50890,7349,24449,965888,0.6154460139318886
own,0.3,S1-only seed 43 [3m],SID90,4197,5705,35713,1002961,0.0920092074975337
own,0.3,S1-only seed 43 [3m],SID91,27725,9227,9610,1002014,0.5954426356256175
own,0.3,S1-only seed 43 [3m],SID92,347452,154351,110776,435997,0.5671954147954794
own,0.3,S1-only seed 43 [3m],SID93,9,209462,31305,807800,3.737914077815065e-05
own,0.3,S1-only seed 43 [3m],SID97,75023,40135,132811,800607,0.30254991551363275
own,0.3,S1-only seed 43 [3m],SID98,7544,92590,63082,885360,0.04622095872953632
own,0.3,S1-only seed 43 [3m],SID99,0,43686,5661,999229,0.0
own,0.3,S1-only seed 44 [3m],SID03,270406,2597,86498,689075,0.7521703694843687
own,0.3,S1-only seed 44 [3m],SID04,108364,104,55062,885046,0.6626551703051428
own,0.3,S1-only seed 44 [3m],SID05,309956,3583,246787,488250,0.5531708326938247
own,0.3,S1-only seed 44 [3m],SID06,171760,4759,578797,293260,0.22740151142038564
own,0.3,S1-only seed 44 [3m],SID100,7859,7547,33639,999531,0.16024059537159752
own,0.3,S1-only seed 44 [3m],SID14,52838,148,74559,921031,0.4142694735191501
own,0.3,S1-only seed 44 [3m],SID15,206751,0,581534,260291,0.2622795055087944
own,0.3,S1-only seed 44 [3m],SID17,8890,605,28398,1010683,0.23460797508774708
own,0.3,S1-only seed 44 [3m],SID18,49287,1030,5038,993221,0.890380272784753
own,0.3,S1-only seed 44 [3m],SID21,254815,7784,48812,737165,0.8182594706031578
own,0.3,S1-only seed 44 [3m],SID22,204719,9567,69747,764543,0.7207577992698032
own,0.3,S1-only seed 44 [3m],SID23,536,1172,130420,916448,0.004056672317752482
own,0.3,S1-only seed 44 [3m],SID25,13625,816,92304,941831,0.12764063890580354
own,0.3,S1-only seed 44 [3m],SID26,1,31507,20452,996616,1.924557351809084e-05
own,0.3,S1-only seed 44 [3m],SID27,0,30939,9830,1007807,0.0
own,0.3,S1-only seed 44 [3m],SID28,252010,205,272634,523727,0.48015714996122694
own,0.3,S1-only seed 44 [3m],SID31,0,5,34111,1014460,0.0
own,0.3,S1-only seed 44 [3m],SID33,13097,12,269464,766003,0.04634908501519961
own,0.3,S1-only seed 44 [3m],SID36,113854,8851,47916,877955,0.6672918339477556
own,0.3,S1-only seed 44 [3m],SID37,501261,14717,401157,131441,0.5465509439722614
own,0.3,S1-only seed 44 [3m],SID39,147693,590,176473,723820,0.4547814359088054
own,0.3,S1-only seed 44 [3m],SID40,453761,1406,158534,434875,0.7393844885375778
own,0.3,S1-only seed 44 [3m],SID44,95997,7793,106344,838442,0.4568370658722529
own,0.3,S1-only seed 44 [3m],SID46,57740,944,572112,417780,0.09153513972821642
own,0.3,S1-only seed 44 [3m],SID50,40,1227,4650,595883,0.006760182524928173
own,0.3,S1-only seed 44 [3m],SID51,3982,298,28317,1015979,0.12215848084179526
own,0.3,S1-only seed 44 [3m],SID52,118796,1947,34509,893324,0.7651817689949244
own,0.3,S1-only seed 44 [3m],SID53,21794,2513,448516,575753,0.046093358402615775
own,0.3,S1-only seed 44 [3m],SID55,41241,23992,440636,542707,0.08152505885911175
own,0.3,S1-only seed 44 [3m],SID59,64053,459,23947,960117,0.7240981697735674
own,0.3,S1-only seed 44 [3m],SID61,149851,2010,43320,853395,0.7677540334356315
own,0.3,S1-only seed 44 [3m],SID63,382376,3731,127065,535404,0.7451224930432682
own,0.3,S1-only seed 44 [3m],SID64,53773,2427,10795,981581,0.8026419882080752
own,0.3,S1-only seed 44 [3m],SID65,36127,7101,32893,972455,0.47459965055635106
own,0.3,S1-only seed 44 [3m],SID67,271,3900,25779,1018626,0.009048414023372288
own,0.3,S1-only seed 44 [3m],SID68,18446,1490,23068,1005572,0.42893684308436425
own,0.3,S1-only seed 44 [3m],SID69,49080,2525,71469,925502,0.39878447113118937
own,0.3,S1-only seed 44 [3m],SID72,900362,793,26301,121120,0.9707867543042473
own,0.3,S1-only seed 44 [3m],SID78,100939,921,167722,778994,0.3744278178810158
own,0.3,S1-only seed 44 [3m],SID79,110977,25778,140279,771542,0.4005898193001581
own,0.3,S1-only seed 44 [3m],SID80,72750,363,18940,956523,0.7903055848261328
own,0.3,S1-only seed 44 [3m],SID81,248576,92,47880,752028,0.838231921982276
own,0.3,S1-only seed 44 [3m],SID83,2387,5,152235,893949,0.015437148751511703
own,0.3,S1-only seed 44 [3m],SID85,294128,330,80855,673263,0.7836872157372646
own,0.3,S1-only seed 44 [3m],SID87,3438,7640,19225,1018273,0.11345411345411345
own,0.3,S1-only seed 44 [3m],SID89,20051,2623,55288,970614,0.2571893999640851
own,0.3,S1-only seed 44 [3m],SID90,2059,2759,37851,1005907,0.04825517354519675
own,0.3,S1-only seed 44 [3m],SID91,24600,4144,12735,1007097,0.5930711926517033
own,0.3,S1-only seed 44 [3m],SID92,309772,100467,148456,489881,0.5544563670696891
own,0.3,S1-only seed 44 [3m],SID93,0,24486,31314,992776,0.0
own,0.3,S1-only seed 44 [3m],SID97,44485,21506,163349,819236,0.1939696520449987
own,0.3,S1-only seed 44 [3m],SID98,2160,9013,68466,968937,0.027122389783899848
own,0.3,S1-only seed 44 [3m],SID99,0,21674,5661,1021241,0.0
own,0.3,S1+AEF(t) seed 42 [3m],SID03,336547,8238,20357,683434,0.9216880008325529
own,0.3,S1+AEF(t) seed 42 [3m],SID04,147745,16108,15681,869042,0.8229360455401206
own,0.3,S1+AEF(t) seed 42 [3m],SID05,549367,21812,7376,470021,0.9495501724123031
own,0.3,S1+AEF(t) seed 42 [3m],SID06,735646,8227,14911,289792,0.9695064735155196
own,0.3,S1+AEF(t) seed 42 [3m],SID100,36071,3225,5427,1003853,0.8065424949131319
own,0.3,S1+AEF(t) seed 42 [3m],SID14,115662,5962,11735,915217,0.8672980451263131
own,0.3,S1+AEF(t) seed 42 [3m],SID15,788214,107399,71,152892,0.8800134868993975
own,0.3,S1+AEF(t) seed 42 [3m],SID17,36762,17793,526,993495,0.6674170766689058
own,0.3,S1+AEF(t) seed 42 [3m],SID18,54311,25984,14,968267,0.6762753863203377
own,0.3,S1+AEF(t) seed 42 [3m],SID21,296129,18838,7498,726111,0.9183291209898748
own,0.3,S1+AEF(t) seed 42 [3m],SID22,268665,25203,5801,748907,0.8965391815636585
own,0.3,S1+AEF(t) seed 42 [3m],SID23,126255,9062,4701,908558,0.9017054950077847
own,0.3,S1+AEF(t) seed 42 [3m],SID25,31441,3863,2309,258356,0.8359077978358547
own,0.3,S1+AEF(t) seed 42 [3m],SID26,12953,4232,7500,1023891,0.5247316183917359
own,0.3,S1+AEF(t) seed 42 [3m],SID27,9298,8859,532,1029887,0.4975119053988977
own,0.3,S1+AEF(t) seed 42 [3m],SID28,524644,224197,0,299735,0.7006080062389747
own,0.3,S1+AEF(t) seed 42 [3m],SID31,13187,7786,20924,1006679,0.31474807265436666
own,0.3,S1+AEF(t) seed 42 [3m],SID33,198699,352,83862,765663,0.7023325191843429
own,0.3,S1+AEF(t) seed 42 [3m],SID36,122066,1240,39704,885566,0.7488252254462916
own,0.3,S1+AEF(t) seed 42 [3m],SID37,881821,5882,20597,140276,0.9708477375316525
own,0.3,S1+AEF(t) seed 42 [3m],SID39,310112,2939,14054,721471,0.9480503202335642
own,0.3,S1+AEF(t) seed 42 [3m],SID40,611000,5389,1295,430892,0.9891789329171551
own,0.3,S1+AEF(t) seed 42 [3m],SID44,200526,19786,1815,826449,0.9027538300161619
own,0.3,S1+AEF(t) seed 42 [3m],SID46,604416,100588,25436,318136,0.8274683752258912
own,0.3,S1+AEF(t) seed 42 [3m],SID50,251,2,4439,597108,0.05349531116794544
own,0.3,S1+AEF(t) seed 42 [3m],SID51,29690,7461,2609,1008816,0.7467303822937625
own,0.3,S1+AEF(t) seed 42 [3m],SID52,148085,10181,5220,885090,0.9057962149664192
own,0.3,S1+AEF(t) seed 42 [3m],SID53,469585,100317,725,477949,0.8229281124096827
own,0.3,S1+AEF(t) seed 42 [3m],SID55,481877,383390,0,183309,0.5569113348827587
own,0.3,S1+AEF(t) seed 42 [3m],SID59,87044,14268,956,946308,0.851136230296867
own,0.3,S1+AEF(t) seed 42 [3m],SID61,177105,2853,16066,852552,0.903486307799045
own,0.3,S1+AEF(t) seed 42 [3m],SID63,481213,4214,28228,534921,0.9368408756850415
own,0.3,S1+AEF(t) seed 42 [3m],SID64,55766,1133,8802,982875,0.8487846455913913
own,0.3,S1+AEF(t) seed 42 [3m],SID65,67604,5490,1416,974066,0.9073144544356462
own,0.3,S1+AEF(t) seed 42 [3m],SID67,20945,14762,5105,1007764,0.5132068999313927
own,0.3,S1+AEF(t) seed 42 [3m],SID68,41514,10654,0,996408,0.7957751878546235
own,0.3,S1+AEF(t) seed 42 [3m],SID69,106761,19391,13788,908636,0.7629055309418322
own,0.3,S1+AEF(t) seed 42 [3m],SID72,915272,889,11391,121024,0.9867608500655489
own,0.3,S1+AEF(t) seed 42 [3m],SID78,265019,12863,3642,767052,0.9413726716017107
own,0.3,S1+AEF(t) seed 42 [3m],SID79,227027,5045,24229,792275,0.8857827320221147
own,0.3,S1+AEF(t) seed 42 [3m],SID80,90306,7321,1384,949565,0.9120804759067175
own,0.3,S1+AEF(t) seed 42 [3m],SID81,294621,1393,1835,750727,0.9891622936454378
own,0.3,S1+AEF(t) seed 42 [3m],SID83,153529,6701,1093,887253,0.9516869882161874
own,0.3,S1+AEF(t) seed 42 [3m],SID85,374971,4586,12,669007,0.987886260469111
own,0.3,S1+AEF(t) seed 42 [3m],SID87,19736,24473,2927,1001440,0.41870332654446707
own,0.3,S1+AEF(t) seed 42 [3m],SID89,74485,3731,854,969506,0.942013405842924
own,0.3,S1+AEF(t) seed 42 [3m],SID90,29673,1591,10237,1007075,0.7149948194019421
own,0.3,S1+AEF(t) seed 42 [3m],SID91,37134,24160,201,987081,0.6038539718676316
own,0.3,S1+AEF(t) seed 42 [3m],SID92,310690,8657,147538,581691,0.6654529487989548
own,0.3,S1+AEF(t) seed 42 [3m],SID93,0,0,31314,1017262,0.0
own,0.3,S1+AEF(t) seed 42 [3m],SID97,203800,95211,4034,745531,0.6725073833919055
own,0.3,S1+AEF(t) seed 42 [3m],SID98,50037,26493,20589,951457,0.5152132950298088
own,0.3,S1+AEF(t) seed 42 [3m],SID99,723,28158,4938,1014757,0.02137851503592655
own,0.3,S1+AEF(t) seed 43 [3m],SID03,343429,19539,13475,672133,0.9123001357443226
own,0.3,S1+AEF(t) seed 43 [3m],SID04,148641,17307,14785,867843,0.8224341985138298
own,0.3,S1+AEF(t) seed 43 [3m],SID05,552916,28639,3827,463194,0.9445387798053237
own,0.3,S1+AEF(t) seed 43 [3m],SID06,742126,14087,8431,283932,0.9705510015118146
own,0.3,S1+AEF(t) seed 43 [3m],SID100,37981,7303,3517,999775,0.7782832319009856
own,0.3,S1+AEF(t) seed 43 [3m],SID14,116189,6974,11208,914205,0.8646880651331016
own,0.3,S1+AEF(t) seed 43 [3m],SID15,788282,136006,3,124285,0.852850455105589
own,0.3,S1+AEF(t) seed 43 [3m],SID17,36794,19552,494,991736,0.6473258268824771
own,0.3,S1+AEF(t) seed 43 [3m],SID18,54320,37047,5,957204,0.5944928424462637
own,0.3,S1+AEF(t) seed 43 [3m],SID21,298886,27682,4741,717267,0.9021366760335517
own,0.3,S1+AEF(t) seed 43 [3m],SID22,268525,25985,5941,748125,0.8937397445839754
own,0.3,S1+AEF(t) seed 43 [3m],SID23,127966,11550,2990,906070,0.8979692083140359
own,0.3,S1+AEF(t) seed 43 [3m],SID25,31944,5689,1806,256530,0.809959684576181
own,0.3,S1+AEF(t) seed 43 [3m],SID26,13702,5868,6751,1022255,0.520572926560541
own,0.3,S1+AEF(t) seed 43 [3m],SID27,9410,9677,420,1029069,0.48239093658686627
own,0.3,S1+AEF(t) seed 43 [3m],SID28,524644,226527,0,297405,0.6984348437306552
own,0.3,S1+AEF(t) seed 43 [3m],SID31,14152,8839,19959,1005626,0.32949941792782306
own,0.3,S1+AEF(t) seed 43 [3m],SID33,199562,315,82999,765700,0.7054751905428527
own,0.3,S1+AEF(t) seed 43 [3m],SID36,132155,3711,29615,883095,0.7986113209371468
own,0.3,S1+AEF(t) seed 43 [3m],SID37,889795,9796,12623,136362,0.9754235300050208
own,0.3,S1+AEF(t) seed 43 [3m],SID39,314442,6131,9724,718279,0.9519977474818119
own,0.3,S1+AEF(t) seed 43 [3m],SID40,610998,5231,1297,431050,0.9894287851847533
own,0.3,S1+AEF(t) seed 43 [3m],SID44,200157,19634,2184,826601,0.9017096519878365
own,0.3,S1+AEF(t) seed 43 [3m],SID46,616025,120314,13827,298410,0.8211849110730158
own,0.3,S1+AEF(t) seed 43 [3m],SID50,384,8,4306,597102,0.08173690932311622
own,0.3,S1+AEF(t) seed 43 [3m],SID51,30147,10168,2152,1006109,0.7098923870299291
own,0.3,S1+AEF(t) seed 43 [3m],SID52,148664,13053,4641,882218,0.8936390194640474
own,0.3,S1+AEF(t) seed 43 [3m],SID53,469883,113453,427,464813,0.8049208325981606
own,0.3,S1+AEF(t) seed 43 [3m],SID55,481877,397275,0,169424,0.5481156842047792
own,0.3,S1+AEF(t) seed 43 [3m],SID59,87437,20172,563,940404,0.8083145361091595
own,0.3,S1+AEF(t) seed 43 [3m],SID61,182412,4290,10759,851115,0.92378748208507
own,0.3,S1+AEF(t) seed 43 [3m],SID63,491994,9408,17447,529727,0.9482412031246085
own,0.3,S1+AEF(t) seed 43 [3m],SID64,56707,1695,7861,982313,0.8557867890074401
own,0.3,S1+AEF(t) seed 43 [3m],SID65,67730,6965,1290,972591,0.8913601368691189
own,0.3,S1+AEF(t) seed 43 [3m],SID67,21539,20141,4511,1002385,0.4663029594509753
own,0.3,S1+AEF(t) seed 43 [3m],SID68,41513,11216,1,995846,0.7872747961312346
own,0.3,S1+AEF(t) seed 43 [3m],SID69,111056,31810,9493,896217,0.7289100085981136
own,0.3,S1+AEF(t) seed 43 [3m],SID72,917836,1598,8827,120315,0.9887693224211725
own,0.3,S1+AEF(t) seed 43 [3m],SID78,265289,14723,3372,765192,0.9361467125878666
own,0.3,S1+AEF(t) seed 43 [3m],SID79,226142,5239,25114,792081,0.8816624105733055
own,0.3,S1+AEF(t) seed 43 [3m],SID80,90440,8093,1250,948793,0.9063668159906998
own,0.3,S1+AEF(t) seed 43 [3m],SID81,295026,1947,1430,750173,0.9886830896472221
own,0.3,S1+AEF(t) seed 43 [3m],SID83,153760,8165,862,885789,0.9445471689999816
own,0.3,S1+AEF(t) seed 43 [3m],SID85,374981,5242,2,668351,0.9862081662173713
own,0.3,S1+AEF(t) seed 43 [3m],SID87,20240,31866,2423,994047,0.3711786388893983
own,0.3,S1+AEF(t) seed 43 [3m],SID89,74177,3198,1162,970039,0.9444847651425443
own,0.3,S1+AEF(t) seed 43 [3m],SID90,29892,1590,10018,1007076,0.720289156626506
own,0.3,S1+AEF(t) seed 43 [3m],SID91,37174,24942,161,986299,0.5969137883970005
own,0.3,S1+AEF(t) seed 43 [3m],SID92,307608,7779,150620,582569,0.6600930887304268
own,0.3,S1+AEF(t) seed 43 [3m],SID93,0,0,31314,1017262,0.0
own,0.3,S1+AEF(t) seed 43 [3m],SID97,204879,111962,2955,728780,0.6406552927491276
own,0.3,S1+AEF(t) seed 43 [3m],SID98,50226,29082,20400,948868,0.5037308942110964
own,0.3,S1+AEF(t) seed 43 [3m],SID99,1273,40891,4388,1002024,0.027345763876954803
own,0.3,S1+AEF(t) seed 44 [3m],SID03,340537,11296,16367,680376,0.9248696360673547
own,0.3,S1+AEF(t) seed 44 [3m],SID04,147759,16220,15667,868930,0.8225009184729969
own,0.3,S1+AEF(t) seed 44 [3m],SID05,552525,26803,4218,465030,0.9468405232835115
own,0.3,S1+AEF(t) seed 44 [3m],SID06,739263,11328,11294,286691,0.9703078548599854
own,0.3,S1+AEF(t) seed 44 [3m],SID100,37546,7063,3952,1000015,0.7731718869051296
own,0.3,S1+AEF(t) seed 44 [3m],SID14,116441,7298,10956,913881,0.8644790081294778
own,0.3,S1+AEF(t) seed 44 [3m],SID15,788274,132928,11,127363,0.8556913547681155
own,0.3,S1+AEF(t) seed 44 [3m],SID17,36923,21246,365,990042,0.630795776813476
own,0.3,S1+AEF(t) seed 44 [3m],SID18,54316,33503,9,960748,0.6184360340665847
own,0.3,S1+AEF(t) seed 44 [3m],SID21,297976,22406,5651,722543,0.913944293982511
own,0.3,S1+AEF(t) seed 44 [3m],SID22,268973,28688,5493,745422,0.8872487250704263
own,0.3,S1+AEF(t) seed 44 [3m],SID23,127505,10784,3451,906836,0.8995696345421194
own,0.3,S1+AEF(t) seed 44 [3m],SID25,31675,5388,2075,256831,0.8093157545096837
own,0.3,S1+AEF(t) seed 44 [3m],SID26,15018,6539,5435,1021584,0.5563870776526378
own,0.3,S1+AEF(t) seed 44 [3m],SID27,9667,11322,163,1027424,0.4570253403933434
own,0.3,S1+AEF(t) seed 44 [3m],SID28,524644,235441,0,288491,0.6902438543057684
own,0.3,S1+AEF(t) seed 44 [3m],SID31,14420,9888,19691,1004577,0.32773472124366465
own,0.3,S1+AEF(t) seed 44 [3m],SID33,206862,464,75699,765551,0.730896563907782
own,0.3,S1+AEF(t) seed 44 [3m],SID36,126449,2182,35321,884624,0.7712562213330731
own,0.3,S1+AEF(t) seed 44 [3m],SID37,888972,7322,13446,138836,0.9771714995493218
own,0.3,S1+AEF(t) seed 44 [3m],SID39,313656,4707,10510,719703,0.9537298592465785
own,0.3,S1+AEF(t) seed 44 [3m],SID40,611076,5415,1219,430866,0.9892603325184958
own,0.3,S1+AEF(t) seed 44 [3m],SID44,201485,27241,856,818994,0.8776167121115767
own,0.3,S1+AEF(t) seed 44 [3m],SID46,618313,122621,11539,296103,0.821707888522246
own,0.3,S1+AEF(t) seed 44 [3m],SID50,548,12,4142,597098,0.11654615057422374
own,0.3,S1+AEF(t) seed 44 [3m],SID51,30362,9244,1937,1007033,0.7308571841224755
own,0.3,S1+AEF(t) seed 44 [3m],SID52,148684,12297,4621,882974,0.8978393980749024
own,0.3,S1+AEF(t) seed 44 [3m],SID53,469879,115754,431,462512,0.8017537333806547
own,0.3,S1+AEF(t) seed 44 [3m],SID55,481877,403066,0,163633,0.5445288566608245
own,0.3,S1+AEF(t) seed 44 [3m],SID59,87465,18252,535,942324,0.8231845047622633
own,0.3,S1+AEF(t) seed 44 [3m],SID61,181486,3993,11685,851412,0.9204824410135725
own,0.3,S1+AEF(t) seed 44 [3m],SID63,488818,7666,20623,531469,0.9452937206419562
own,0.3,S1+AEF(t) seed 44 [3m],SID64,56603,1440,7965,982568,0.8575172706338625
own,0.3,S1+AEF(t) seed 44 [3m],SID65,66769,2360,2251,977196,0.9354020734099188
own,0.3,S1+AEF(t) seed 44 [3m],SID67,22495,20697,3555,1001829,0.4812073502042912
own,0.3,S1+AEF(t) seed 44 [3m],SID68,41514,11655,0,995407,0.7807933194154488
own,0.3,S1+AEF(t) seed 44 [3m],SID69,111582,34235,8967,893792,0.7208884639239198
own,0.3,S1+AEF(t) seed 44 [3m],SID72,918364,1637,8299,120276,0.9892965636109017
own,0.3,S1+AEF(t) seed 44 [3m],SID78,265223,13471,3438,766444,0.940067060808416
own,0.3,S1+AEF(t) seed 44 [3m],SID79,230082,6691,21174,790629,0.8919739326295711
own,0.3,S1+AEF(t) seed 44 [3m],SID80,90551,8327,1139,948559,0.905356089464791
own,0.3,S1+AEF(t) seed 44 [3m],SID81,295085,2145,1371,749975,0.9882250896681525
own,0.3,S1+AEF(t) seed 44 [3m],SID83,153964,7464,658,886490,0.9498907987117949
own,0.3,S1+AEF(t) seed 44 [3m],SID85,374983,6106,0,667487,0.9839774960704717
own,0.3,S1+AEF(t) seed 44 [3m],SID87,20323,28367,2340,997546,0.3982559278855575
own,0.3,S1+AEF(t) seed 44 [3m],SID89,74607,3823,732,969414,0.9424597660493671
own,0.3,S1+AEF(t) seed 44 [3m],SID90,30041,1913,9869,1006753,0.7182889797479856
own,0.3,S1+AEF(t) seed 44 [3m],SID91,37280,26832,55,984409,0.5809839948883383
own,0.3,S1+AEF(t) seed 44 [3m],SID92,319566,10059,138662,580289,0.6824148438884701
own,0.3,S1+AEF(t) seed 44 [3m],SID93,0,0,31314,1017262,0.0
own,0.3,S1+AEF(t) seed 44 [3m],SID97,206184,132099,1650,708643,0.6065430540724202
own,0.3,S1+AEF(t) seed 44 [3m],SID98,52118,29666,18508,948284,0.5196625852510669
own,0.3,S1+AEF(t) seed 44 [3m],SID99,1357,47681,4304,995234,0.025439616062389862
own,0.3,S1-only seed 42 [10m],SID03,334361,29777,22543,661895,0.8646946708009962
own,0.3,S1-only seed 42 [10m],SID04,139208,17064,24218,868086,0.7712781871571832
own,0.3,S1-only seed 42 [10m],SID05,552231,48996,4512,442837,0.9116649249924472
own,0.3,S1-only seed 42 [10m],SID06,738052,31173,12505,266846,0.9441264886853518
own,0.3,S1-only seed 42 [10m],SID100,6572,3050,34926,1004028,0.14752626380533357
own,0.3,S1-only seed 42 [10m],SID14,115202,10934,12195,910245,0.8327995893906645
own,0.3,S1-only seed 42 [10m],SID15,715269,6885,73016,253406,0.8995170843970471
own,0.3,S1-only seed 42 [10m],SID17,34968,17204,2320,994084,0.6417088746972033
own,0.3,S1-only seed 42 [10m],SID18,54243,7542,82,986709,0.8767679053453376
own,0.3,S1-only seed 42 [10m],SID21,295600,26210,8027,718739,0.8962002443631248
own,0.3,S1-only seed 42 [10m],SID22,254404,23833,20062,750277,0.8528489870901343
own,0.3,S1-only seed 42 [10m],SID23,3102,2524,127854,915096,0.02323943661971831
own,0.3,S1-only seed 42 [10m],SID25,92559,31462,13370,911185,0.6736904164028211
own,0.3,S1-only seed 42 [10m],SID26,0,2646,20453,1025477,0.0
own,0.3,S1-only seed 42 [10m],SID27,1616,28921,8214,1009825,0.04170214962194524
own,0.3,S1-only seed 42 [10m],SID28,519223,11538,5421,512394,0.9683708143876519
own,0.3,S1-only seed 42 [10m],SID31,6369,3595,27742,1010870,0.16891210947859758
own,0.3,S1-only seed 42 [10m],SID33,44692,2271,237869,763744,0.1569065273564768
own,0.3,S1-only seed 42 [10m],SID36,140895,30216,20875,856590,0.7338816372027127
own,0.3,S1-only seed 42 [10m],SID37,895264,31350,7154,114808,0.9587649180524499
own,0.3,S1-only seed 42 [10m],SID39,314328,23509,9838,700901,0.9040857122312504
own,0.3,S1-only seed 42 [10m],SID40,611647,17011,648,419270,0.9719389295509656
own,0.3,S1-only seed 42 [10m],SID44,138056,18526,64285,827709,0.6250639525144092
own,0.3,S1-only seed 42 [10m],SID46,243413,20367,386439,398357,0.3743554094851119
own,0.3,S1-only seed 42 [10m],SID50,0,0,4693,597518,0.0
own,0.3,S1-only seed 42 [10m],SID51,25728,12659,6571,1003618,0.572267449619645
own,0.3,S1-only seed 42 [10m],SID52,143722,16444,9583,878827,0.846673618106734
own,0.3,S1-only seed 42 [10m],SID53,396998,30088,73312,548178,0.7933644818724296
own,0.3,S1-only seed 42 [10m],SID55,381457,164713,100420,401986,0.589951901514097
own,0.3,S1-only seed 42 [10m],SID59,86583,21059,1417,939517,0.7939097185926883
own,0.3,S1-only seed 42 [10m],SID61,182787,28458,10384,826947,0.8247431518438472
own,0.3,S1-only seed 42 [10m],SID63,494518,61939,14923,477196,0.8654800658055934
own,0.3,S1-only seed 42 [10m],SID64,58563,10446,6005,973562,0.7806942704028581
own,0.3,S1-only seed 42 [10m],SID65,62790,1978,6230,977578,0.8843911096087214
own,0.3,S1-only seed 42 [10m],SID67,498,15145,25552,1007381,0.012088845733705547
own,0.3,S1-only seed 42 [10m],SID68,39389,13547,2125,993515,0.7153702257496232
own,0.3,S1-only seed 42 [10m],SID69,111369,42870,9180,885157,0.6814935839773832
own,0.3,S1-only seed 42 [10m],SID72,921065,6372,5598,115541,0.987170899269588
own,0.3,S1-only seed 42 [10m],SID78,259661,11830,9000,768085,0.9257373676873768
own,0.3,S1-only seed 42 [10m],SID79,201475,26899,49781,770421,0.7243263647966062
own,0.3,S1-only seed 42 [10m],SID80,88439,10192,3251,946694,0.8680532380597161
own,0.3,S1-only seed 42 [10m],SID81,296182,9131,274,742989,0.9692231672158829
own,0.3,S1-only seed 42 [10m],SID83,83800,2560,70822,891394,0.5331399269636472
own,0.3,S1-only seed 42 [10m],SID85,374885,6579,98,667014,0.9825008779700285
own,0.3,S1-only seed 42 [10m],SID87,7924,16154,14739,1009759,0.20413736249581368
own,0.3,S1-only seed 42 [10m],SID89,25668,341,49671,972896,0.3391649048625793
own,0.3,S1-only seed 42 [10m],SID90,16394,909,23516,1007757,0.4016266934515789
own,0.3,S1-only seed 42 [10m],SID91,36442,21983,893,989258,0.6143497757847534
own,0.3,S1-only seed 42 [10m],SID92,368884,151486,89344,438862,0.6050115299960309
own,0.3,S1-only seed 42 [10m],SID93,138,280967,31176,736295,0.00044190969031096994
own,0.3,S1-only seed 42 [10m],SID97,104766,41646,103068,799096,0.41993746993746994
own,0.3,S1-only seed 42 [10m],SID98,16423,8708,54203,969242,0.20701086545491215
own,0.3,S1-only seed 42 [10m],SID99,0,95599,5661,947316,0.0
own,0.3,S1-only seed 43 [10m],SID03,336602,33915,20302,657757,0.8612733771899523
own,0.3,S1-only seed 43 [10m],SID04,139932,19161,23494,865989,0.7663853395915372
own,0.3,S1-only seed 43 [10m],SID05,553325,52022,3418,439811,0.9089303754322275
own,0.3,S1-only seed 43 [10m],SID06,741190,34862,9367,263157,0.9436873821488913
own,0.3,S1-only seed 43 [10m],SID100,9664,68480,31834,938598,0.08787211987852116
own,0.3,S1-only seed 43 [10m],SID14,117052,13145,10345,908034,0.8328613510552005
own,0.3,S1-only seed 43 [10m],SID15,737599,10941,50686,249350,0.9228916476691199
own,0.3,S1-only seed 43 [10m],SID17,35189,18646,2099,992642,0.6291164586834483
own,0.3,S1-only seed 43 [10m],SID18,54241,10868,84,983383,0.8320065037657417
own,0.3,S1-only seed 43 [10m],SID21,296859,28805,6768,716144,0.8929916494200317
own,0.3,S1-only seed 43 [10m],SID22,259597,43934,14869,730176,0.8153172110552764
own,0.3,S1-only seed 43 [10m],SID23,5178,4563,125778,913057,0.03820866446771302
own,0.3,S1-only seed 43 [10m],SID25,92780,30822,13149,911825,0.6784593896936768
own,0.3,S1-only seed 43 [10m],SID26,0,12029,20453,1016094,0.0
own,0.3,S1-only seed 43 [10m],SID27,1550,37869,8280,1000877,0.03249544015597811
own,0.3,S1-only seed 43 [10m],SID28,522022,16492,2622,507440,0.9646780107034091
own,0.3,S1-only seed 43 [10m],SID31,5984,4594,28127,1009871,0.15460534814623433
own,0.3,S1-only seed 43 [10m],SID33,89177,3653,193384,762362,0.3115745561013787
own,0.3,S1-only seed 43 [10m],SID36,143479,33413,18291,853393,0.7350998806248495
own,0.3,S1-only seed 43 [10m],SID37,899875,37522,2543,108636,0.9573749388258825
own,0.3,S1-only seed 43 [10m],SID39,316599,30833,7567,693577,0.8918306812131865
own,0.3,S1-only seed 43 [10m],SID40,612028,21227,267,415054,0.9660722121725844
own,0.3,S1-only seed 43 [10m],SID44,159306,32308,43035,813927,0.6789119067202503
own,0.3,S1-only seed 43 [10m],SID46,272892,23055,356960,395669,0.4179645799478333
own,0.3,S1-only seed 43 [10m],SID50,0,0,4693,597518,0.0
own,0.3,S1-only seed 43 [10m],SID51,26113,12773,6186,1003504,0.5793619098331558
own,0.3,S1-only seed 43 [10m],SID52,146671,23975,6634,871296,0.8273409296028881
own,0.3,S1-only seed 43 [10m],SID53,438887,34847,31423,543419,0.8688130620777302
own,0.3,S1-only seed 43 [10m],SID55,441305,278041,40572,288658,0.580727131085196
own,0.3,S1-only seed 43 [10m],SID59,86647,22008,1353,938568,0.7876427168933169
own,0.3,S1-only seed 43 [10m],SID61,185056,33080,8115,822325,0.8179234566919041
own,0.3,S1-only seed 43 [10m],SID63,499034,70785,10407,468350,0.8600683182070434
own,0.3,S1-only seed 43 [10m],SID64,58668,11185,5900,972823,0.7744643776484099
own,0.3,S1-only seed 43 [10m],SID65,65304,3021,3716,976535,0.9064838078316514
own,0.3,S1-only seed 43 [10m],SID67,1278,16632,24772,1005894,0.029942364462771192
own,0.3,S1-only seed 43 [10m],SID68,40970,16647,544,990415,0.7044239266862674
own,0.3,S1-only seed 43 [10m],SID69,112989,46379,7560,881648,0.6768726636633758
own,0.3,S1-only seed 43 [10m],SID72,921958,7885,4705,114028,0.9865282468102227
own,0.3,S1-only seed 43 [10m],SID78,260726,14103,7935,765812,0.9220622144261645
own,0.3,S1-only seed 43 [10m],SID79,217052,53572,34204,743748,0.7120474497093443
own,0.3,S1-only seed 43 [10m],SID80,88686,11320,3004,945566,0.8609455392680322
own,0.3,S1-only seed 43 [10m],SID81,296331,10650,125,741470,0.9649143943784882
own,0.3,S1-only seed 43 [10m],SID83,121088,4626,33534,889328,0.7603737566562845
own,0.3,S1-only seed 43 [10m],SID85,374932,6898,51,666695,0.9818032318968475
own,0.3,S1-only seed 43 [10m],SID87,8090,20867,14573,1005046,0.18584883988054215
own,0.3,S1-only seed 43 [10m],SID89,54678,2923,20661,970314,0.698653241675398
own,0.3,S1-only seed 43 [10m],SID90,16214,1958,23696,1006708,0.38726473679182194
own,0.3,S1-only seed 43 [10m],SID91,36541,25868,794,985373,0.5781529357783649
own,0.3,S1-only seed 43 [10m],SID92,379067,176340,79161,414008,0.5973623000214319
own,0.3,S1-only seed 43 [10m],SID93,1110,416996,30204,600266,0.0024759652918739266
own,0.3,S1-only seed 43 [10m],SID97,117042,50075,90792,790667,0.4538112279912682
own,0.3,S1-only seed 43 [10m],SID98,19836,10270,50790,967680,0.2452037183544304
own,0.3,S1-only seed 43 [10m],SID99,0,118023,5661,924892,0.0
own,0.3,S1-only seed 44 [10m],SID03,333807,30382,23097,661290,0.8619134179908388
own,0.3,S1-only seed 44 [10m],SID04,139281,17451,24145,867699,0.7700315684138945
own,0.3,S1-only seed 44 [10m],SID05,552085,47189,4658,444644,0.9141509308995053
own,0.3,S1-only seed 44 [10m],SID06,733863,28420,16694,269599,0.9420855814741642
own,0.3,S1-only seed 44 [10m],SID100,9745,7943,31753,999135,0.19710361845431928
own,0.3,S1-only seed 44 [10m],SID14,114388,9927,13009,911252,0.8329789403163321
own,0.3,S1-only seed 44 [10m],SID15,705585,6827,82700,253464,0.8874032840656411
own,0.3,S1-only seed 44 [10m],SID17,34878,17133,2410,994155,0.6408923026037743
own,0.3,S1-only seed 44 [10m],SID18,54200,6554,125,987697,0.8902905763892311
own,0.3,S1-only seed 44 [10m],SID21,294684,25442,8943,719507,0.8955082368743333
own,0.3,S1-only seed 44 [10m],SID22,256398,26007,18068,748103,0.8533146073024864
own,0.3,S1-only seed 44 [10m],SID23,1995,2113,128961,915507,0.014992222080274143
own,0.3,S1-only seed 44 [10m],SID25,91369,27713,14560,914934,0.6836847697580102
own,0.3,S1-only seed 44 [10m],SID26,0,1536,20453,1026587,0.0
own,0.3,S1-only seed 44 [10m],SID27,943,19796,8887,1018950,0.031830149193276175
own,0.3,S1-only seed 44 [10m],SID28,518700,11557,5944,512375,0.9673611201769485
own,0.3,S1-only seed 44 [10m],SID31,5861,4214,28250,1010251,0.15292889758643183
own,0.3,S1-only seed 44 [10m],SID33,57470,2798,225091,763217,0.20139543522370068
own,0.3,S1-only seed 44 [10m],SID36,141678,31753,20092,855053,0.7320990269890401
own,0.3,S1-only seed 44 [10m],SID37,895549,32167,6869,113991,0.9582317285212153
own,0.3,S1-only seed 44 [10m],SID39,315070,24061,9096,700349,0.9047833740634701
own,0.3,S1-only seed 44 [10m],SID40,611889,18901,406,417380,0.9694120368316655
own,0.3,S1-only seed 44 [10m],SID44,145502,22593,56839,823642,0.6468653027110175
own,0.3,S1-only seed 44 [10m],SID46,214061,18150,415791,400574,0.33034002981472277
own,0.3,S1-only seed 44 [10m],SID50,0,0,4693,597518,0.0
own,0.3,S1-only seed 44 [10m],SID51,25780,12063,6519,1004214,0.5811279924259501
own,0.3,S1-only seed 44 [10m],SID52,144469,18145,8836,877126,0.8426305045202683
own,0.3,S1-only seed 44 [10m],SID53,423525,30263,46785,548003,0.8460803918709159
own,0.3,S1-only seed 44 [10m],SID55,465466,245732,16411,320967,0.6397199594837337
own,0.3,S1-only seed 44 [10m],SID59,86402,19618,1598,940958,0.8028582579122452
own,0.3,S1-only seed 44 [10m],SID61,183035,29374,10136,826031,0.822462872677436
own,0.3,S1-only seed 44 [10m],SID63,495320,63431,14121,475704,0.864625954838079
own,0.3,S1-only seed 44 [10m],SID64,58497,10085,6071,973923,0.7835853883969833
own,0.3,S1-only seed 44 [10m],SID65,60066,2122,8954,977434,0.844311377245509
own,0.3,S1-only seed 44 [10m],SID67,572,16077,25478,1006449,0.013577990362475372
own,0.3,S1-only seed 44 [10m],SID68,40166,13987,1348,993075,0.7236986720959983
own,0.3,S1-only seed 44 [10m],SID69,111333,39089,9216,888938,0.6974091381751212
own,0.3,S1-only seed 44 [10m],SID72,921268,6616,5395,115297,0.9871303222294726
own,0.3,S1-only seed 44 [10m],SID78,258891,11145,9770,768770,0.9252517815915313
own,0.3,S1-only seed 44 [10m],SID79,202780,27643,48476,769677,0.727073241567736
own,0.3,S1-only seed 44 [10m],SID80,87846,9282,3844,947604,0.8700035653448481
own,0.3,S1-only seed 44 [10m],SID81,296283,9799,173,742321,0.9674388989567517
own,0.3,S1-only seed 44 [10m],SID83,89641,3526,64981,890428,0.5668171586109214
own,0.3,S1-only seed 44 [10m],SID85,374871,6502,112,667091,0.9826624900061601
own,0.3,S1-only seed 44 [10m],SID87,7162,13827,15501,1012086,0.1962729514935599
own,0.3,S1-only seed 44 [10m],SID89,39137,382,36202,972855,0.5168579390129554
own,0.3,S1-only seed 44 [10m],SID90,17376,1453,22534,1007213,0.42008558373425525
own,0.3,S1-only seed 44 [10m],SID91,36492,20926,843,990315,0.6263538215959218
own,0.3,S1-only seed 44 [10m],SID92,365486,158406,92742,431942,0.5927113976848504
own,0.3,S1-only seed 44 [10m],SID93,227,500410,31087,516852,0.0004269132106130248
own,0.3,S1-only seed 44 [10m],SID97,97124,38226,110710,802516,0.3947167357555068
own,0.3,S1-only seed 44 [10m],SID98,17628,9900,52998,968050,0.21891066239475448
own,0.3,S1-only seed 44 [10m],SID99,0,108363,5661,934552,0.0
own,0.3,S1+AEF(t) seed 42 [10m],SID03,341095,20577,15809,671095,0.9036083935350389
own,0.3,S1+AEF(t) seed 42 [10m],SID04,145214,24872,18212,860278,0.7711924715079289
own,0.3,S1+AEF(t) seed 42 [10m],SID05,553838,34143,2905,457690,0.9373009345288262
own,0.3,S1+AEF(t) seed 42 [10m],SID06,738246,11003,12311,287016,0.9693865224013867
own,0.3,S1+AEF(t) seed 42 [10m],SID100,35550,1812,5948,1005266,0.8208265989378897
own,0.3,S1+AEF(t) seed 42 [10m],SID14,117048,10875,10349,910304,0.8465054385558899
own,0.3,S1+AEF(t) seed 42 [10m],SID15,787077,62237,1208,198054,0.925404633860147
own,0.3,S1+AEF(t) seed 42 [10m],SID17,36721,23334,567,987954,0.6057371911187358
own,0.3,S1+AEF(t) seed 42 [10m],SID18,54325,11889,0,982362,0.8204458271664603
own,0.3,S1+AEF(t) seed 42 [10m],SID21,297239,22519,6388,722430,0.9113679149828604
own,0.3,S1+AEF(t) seed 42 [10m],SID22,269516,34817,4950,739293,0.8714219662897734
own,0.3,S1+AEF(t) seed 42 [10m],SID23,121393,8717,9563,908903,0.8691228798694093
own,0.3,S1+AEF(t) seed 42 [10m],SID25,31163,5752,2587,256467,0.7888967647207736
own,0.3,S1+AEF(t) seed 42 [10m],SID26,5867,1413,14586,1026710,0.2683161071983902
own,0.3,S1+AEF(t) seed 42 [10m],SID27,9175,9533,655,1029213,0.47384186334762174
own,0.3,S1+AEF(t) seed 42 [10m],SID28,524644,155684,0,368248,0.7711633212215284
own,0.3,S1+AEF(t) seed 42 [10m],SID31,12932,10174,21179,1004291,0.29201761318730945
own,0.3,S1+AEF(t) seed 42 [10m],SID33,182376,1104,100185,764911,0.6429273967532124
own,0.3,S1+AEF(t) seed 42 [10m],SID36,133212,6132,28558,880674,0.7933913830686948
own,0.3,S1+AEF(t) seed 42 [10m],SID37,881747,5518,20671,140640,0.9711554558911641
own,0.3,S1+AEF(t) seed 42 [10m],SID39,315212,11953,8954,712457,0.9377988153005334
own,0.3,S1+AEF(t) seed 42 [10m],SID40,612113,11340,182,424941,0.9815244493974841
own,0.3,S1+AEF(t) seed 42 [10m],SID44,200490,27277,1851,818958,0.8731458335147941
own,0.3,S1+AEF(t) seed 42 [10m],SID46,578963,93144,50889,325580,0.8007831301971242
own,0.3,S1+AEF(t) seed 42 [10m],SID50,155,0,4538,597518,0.033027913914340505
own,0.3,S1+AEF(t) seed 42 [10m],SID51,28369,10131,3930,1006146,0.6686071176054679
own,0.3,S1+AEF(t) seed 42 [10m],SID52,148299,16479,5006,878792,0.8734568628374876
own,0.3,S1+AEF(t) seed 42 [10m],SID53,469662,91666,648,486600,0.8357331985707575
own,0.3,S1+AEF(t) seed 42 [10m],SID55,481877,373199,0,193500,0.5635487371882734
own,0.3,S1+AEF(t) seed 42 [10m],SID59,87299,23281,701,937295,0.784491512477422
own,0.3,S1+AEF(t) seed 42 [10m],SID61,183594,7815,9577,847590,0.9134666096146
own,0.3,S1+AEF(t) seed 42 [10m],SID63,493703,20630,15738,518505,0.9313903231831208
own,0.3,S1+AEF(t) seed 42 [10m],SID64,57967,4645,6601,979363,0.837516073569994
own,0.3,S1+AEF(t) seed 42 [10m],SID65,67950,4882,1070,974674,0.9194609076885605
own,0.3,S1+AEF(t) seed 42 [10m],SID67,16739,8299,9311,1014227,0.48732131939794465
own,0.3,S1+AEF(t) seed 42 [10m],SID68,41514,14446,0,992616,0.7418513223731237
own,0.3,S1+AEF(t) seed 42 [10m],SID69,110561,29482,9988,898545,0.7369210363191607
own,0.3,S1+AEF(t) seed 42 [10m],SID72,918047,2439,8616,119474,0.98810141405357
own,0.3,S1+AEF(t) seed 42 [10m],SID78,264346,16369,4315,763546,0.9274322001192857
own,0.3,S1+AEF(t) seed 42 [10m],SID79,229207,5118,22049,792202,0.8940337163674944
own,0.3,S1+AEF(t) seed 42 [10m],SID80,90584,10947,1106,945939,0.8825667157068113
own,0.3,S1+AEF(t) seed 42 [10m],SID81,296075,5426,381,746694,0.9807640071286131
own,0.3,S1+AEF(t) seed 42 [10m],SID83,153802,8234,820,885720,0.9444048730166528
own,0.3,S1+AEF(t) seed 42 [10m],SID85,374983,7382,0,666211,0.9806938396558262
own,0.3,S1+AEF(t) seed 42 [10m],SID87,19129,26517,3534,999396,0.38895892639284263
own,0.3,S1+AEF(t) seed 42 [10m],SID89,74621,4952,718,968285,0.9293818734353788
own,0.3,S1+AEF(t) seed 42 [10m],SID90,31430,2498,8480,1006168,0.7411337483493681
own,0.3,S1+AEF(t) seed 42 [10m],SID91,37322,32864,13,978377,0.5316599951566262
own,0.3,S1+AEF(t) seed 42 [10m],SID92,313329,13074,144899,577274,0.6648157656873936
own,0.3,S1+AEF(t) seed 42 [10m],SID93,0,0,31314,1017262,0.0
own,0.3,S1+AEF(t) seed 42 [10m],SID97,200737,89826,7097,750916,0.6743835248269838
own,0.3,S1+AEF(t) seed 42 [10m],SID98,46614,30297,24012,947653,0.46187687643054604
own,0.3,S1+AEF(t) seed 42 [10m],SID99,222,38386,5439,1004529,0.005040070833427929
own,0.3,S1+AEF(t) seed 43 [10m],SID03,343228,28657,13676,663015,0.8902041440913371
own,0.3,S1+AEF(t) seed 43 [10m],SID04,144043,22449,19383,862701,0.7749455279085407
own,0.3,S1+AEF(t) seed 43 [10m],SID05,554938,38310,1805,453523,0.9325858368918399
own,0.3,S1+AEF(t) seed 43 [10m],SID06,742404,14749,8153,283270,0.9700747152119544
own,0.3,S1+AEF(t) seed 43 [10m],SID100,36261,2615,5237,1004463,0.82200258427221
own,0.3,S1+AEF(t) seed 43 [10m],SID14,116602,10090,10795,911089,0.8480947289561922
own,0.3,S1+AEF(t) seed 43 [10m],SID15,788175,83960,110,176331,0.903616529759414
own,0.3,S1+AEF(t) seed 43 [10m],SID17,36655,21878,633,989410,0.6195281073589561
own,0.3,S1+AEF(t) seed 43 [10m],SID18,54325,10450,0,983801,0.8386723272867619
own,0.3,S1+AEF(t) seed 43 [10m],SID21,298362,25731,5265,719218,0.905889639844789
own,0.3,S1+AEF(t) seed 43 [10m],SID22,269204,33164,5262,740946,0.8750902057666677
own,0.3,S1+AEF(t) seed 43 [10m],SID23,119258,7296,11698,910324,0.8626131990857275
own,0.3,S1+AEF(t) seed 43 [10m],SID25,31533,6640,2217,255579,0.780713047784105
own,0.3,S1+AEF(t) seed 43 [10m],SID26,5027,1191,15426,1026932,0.23225836259471447
own,0.3,S1+AEF(t) seed 43 [10m],SID27,8707,7429,1123,1031317,0.5044904108001622
own,0.3,S1+AEF(t) seed 43 [10m],SID28,524644,157940,0,365992,0.768614558794229
own,0.3,S1+AEF(t) seed 43 [10m],SID31,12253,8083,21858,1006382,0.2903967388728255
own,0.3,S1+AEF(t) seed 43 [10m],SID33,166589,498,115972,765517,0.5885310129690277
own,0.3,S1+AEF(t) seed 43 [10m],SID36,135981,8506,25789,878300,0.7985916981841246
own,0.3,S1+AEF(t) seed 43 [10m],SID37,884741,7635,17677,138523,0.9721862353071744
own,0.3,S1+AEF(t) seed 43 [10m],SID39,315016,11717,9150,712693,0.9378742002423462
own,0.3,S1+AEF(t) seed 43 [10m],SID40,612091,10058,204,426223,0.9835109656416857
own,0.3,S1+AEF(t) seed 43 [10m],SID44,199607,26112,2734,820123,0.8737333280806118
own,0.3,S1+AEF(t) seed 43 [10m],SID46,593266,99867,36586,318857,0.8130061023489864
own,0.3,S1+AEF(t) seed 43 [10m],SID50,121,0,4572,597518,0.025783081184743234
own,0.3,S1+AEF(t) seed 43 [10m],SID51,28241,10257,4058,1006020,0.6636197010997275
own,0.3,S1+AEF(t) seed 43 [10m],SID52,148454,18289,4851,876982,0.8651468000046622
own,0.3,S1+AEF(t) seed 43 [10m],SID53,469720,91065,590,487201,0.8367312402582944
own,0.3,S1+AEF(t) seed 43 [10m],SID55,481877,371989,0,194710,0.5643473331881115
own,0.3,S1+AEF(t) seed 43 [10m],SID59,87339,26660,661,933916,0.7617216117216117
own,0.3,S1+AEF(t) seed 43 [10m],SID61,186952,10409,6219,844996,0.9183220355634149
own,0.3,S1+AEF(t) seed 43 [10m],SID63,499846,29451,9595,509684,0.9275439234577615
own,0.3,S1+AEF(t) seed 43 [10m],SID64,57970,4890,6598,979118,0.834605085087391
own,0.3,S1+AEF(t) seed 43 [10m],SID65,68017,4432,1003,975124,0.9260060992212601
own,0.3,S1+AEF(t) seed 43 [10m],SID67,14601,5930,11449,1016596,0.4565666041275797
own,0.3,S1+AEF(t) seed 43 [10m],SID68,41514,13119,0,993943,0.7598704079951678
own,0.3,S1+AEF(t) seed 43 [10m],SID69,111773,32689,8776,895338,0.7294078492279983
own,0.3,S1+AEF(t) seed 43 [10m],SID72,918785,2894,7878,119019,0.9884116842754129
own,0.3,S1+AEF(t) seed 43 [10m],SID78,264023,14722,4638,765193,0.9316825638799787
own,0.3,S1+AEF(t) seed 43 [10m],SID79,226017,4726,25239,792594,0.8829409880382214
own,0.3,S1+AEF(t) seed 43 [10m],SID80,90573,10229,1117,946657,0.8886763017690519
own,0.3,S1+AEF(t) seed 43 [10m],SID81,296138,5615,318,746505,0.9803589222401355
own,0.3,S1+AEF(t) seed 43 [10m],SID83,152984,7359,1638,886595,0.944456448595823
own,0.3,S1+AEF(t) seed 43 [10m],SID85,374983,7212,0,666381,0.9811300514135455
own,0.3,S1+AEF(t) seed 43 [10m],SID87,18776,26085,3887,999828,0.38516451957003367
own,0.3,S1+AEF(t) seed 43 [10m],SID89,74329,4567,1010,968670,0.9302054914524567
own,0.3,S1+AEF(t) seed 43 [10m],SID90,30742,2369,9168,1006297,0.727122211972847
own,0.3,S1+AEF(t) seed 43 [10m],SID91,37305,30803,30,980438,0.5474918547653291
own,0.3,S1+AEF(t) seed 43 [10m],SID92,309645,10920,148583,579428,0.6600156027522232
own,0.3,S1+AEF(t) seed 43 [10m],SID93,0,0,31314,1017262,0.0
own,0.3,S1+AEF(t) seed 43 [10m],SID97,199095,81711,8739,759031,0.6876133243537274
own,0.3,S1+AEF(t) seed 43 [10m],SID98,44283,25211,26343,952739,0.462065799221595
own,0.3,S1+AEF(t) seed 43 [10m],SID99,291,35157,5370,1007758,0.007129207702484198
own,0.3,S1+AEF(t) seed 44 [10m],SID03,340531,19029,16373,672643,0.9058289642037278
own,0.3,S1+AEF(t) seed 44 [10m],SID04,143378,22248,20048,862902,0.7722028932429957
own,0.3,S1+AEF(t) seed 44 [10m],SID05,554586,36505,2157,455328,0.9348299530719025
own,0.3,S1+AEF(t) seed 44 [10m],SID06,741738,13568,8819,284451,0.9707024374284312
own,0.3,S1+AEF(t) seed 44 [10m],SID100,35438,1812,6060,1005266,0.8182405910875087
own,0.3,S1+AEF(t) seed 44 [10m],SID14,116970,10827,10427,910352,0.8462350966547054
own,0.3,S1+AEF(t) seed 44 [10m],SID15,788178,85099,107,175192,0.9024415377428485
own,0.3,S1+AEF(t) seed 44 [10m],SID17,36689,22256,599,989032,0.6161661964261722
own,0.3,S1+AEF(t) seed 44 [10m],SID18,54325,9787,0,984464,0.8473452707761417
own,0.3,S1+AEF(t) seed 44 [10m],SID21,297436,22634,6191,722315,0.9116504884126512
own,0.3,S1+AEF(t) seed 44 [10m],SID22,269668,35443,4798,738667,0.8701522059701396
own,0.3,S1+AEF(t) seed 44 [10m],SID23,117468,6578,13488,911042,0.8541015312577254
own,0.3,S1+AEF(t) seed 44 [10m],SID25,31381,5938,2369,256281,0.7906924007256602
own,0.3,S1+AEF(t) seed 44 [10m],SID26,5833,1360,14620,1026763,0.26740934305230823
own,0.3,S1+AEF(t) seed 44 [10m],SID27,9237,9380,593,1029366,0.4808433107756377
own,0.3,S1+AEF(t) seed 44 [10m],SID28,524644,163005,0,360927,0.7629531926898752
own,0.3,S1+AEF(t) seed 44 [10m],SID31,12503,8936,21608,1005529,0.29044997328501404
own,0.3,S1+AEF(t) seed 44 [10m],SID33,175601,683,106960,765332,0.6199637062038383
own,0.3,S1+AEF(t) seed 44 [10m],SID36,132376,5465,29394,881341,0.7915567913415253
own,0.3,S1+AEF(t) seed 44 [10m],SID37,881456,5142,20962,141016,0.9712371633831371
own,0.3,S1+AEF(t) seed 44 [10m],SID39,315039,10362,9127,714048,0.9417417973981251
own,0.3,S1+AEF(t) seed 44 [10m],SID40,612128,10802,167,425479,0.9823959993387867
own,0.3,S1+AEF(t) seed 44 [10m],SID44,201342,31764,999,814471,0.8600499775741655
own,0.3,S1+AEF(t) seed 44 [10m],SID46,589816,101486,40036,317238,0.8064889285118508
own,0.3,S1+AEF(t) seed 44 [10m],SID50,220,2,4473,597516,0.046858359957401494
own,0.3,S1+AEF(t) seed 44 [10m],SID51,28168,9067,4131,1007210,0.6809457042015181
own,0.3,S1+AEF(t) seed 44 [10m],SID52,148177,15715,5128,879556,0.8766832327535203
own,0.3,S1+AEF(t) seed 44 [10m],SID53,469674,93059,636,485207,0.8336880446030932
own,0.3,S1+AEF(t) seed 44 [10m],SID55,481877,376096,0,190603,0.561645879299232
own,0.3,S1+AEF(t) seed 44 [10m],SID59,87346,27086,654,933490,0.7589628625549589
own,0.3,S1+AEF(t) seed 44 [10m],SID61,185233,9235,7938,846170,0.915155677203245
own,0.3,S1+AEF(t) seed 44 [10m],SID63,497374,25843,12067,513292,0.929177782261379
own,0.3,S1+AEF(t) seed 44 [10m],SID64,57916,4527,6652,979481,0.8382082639843693
own,0.3,S1+AEF(t) seed 44 [10m],SID65,67375,2700,1645,976856,0.9394171779141104
own,0.3,S1+AEF(t) seed 44 [10m],SID67,15557,6241,10493,1016285,0.48177510761512493
own,0.3,S1+AEF(t) seed 44 [10m],SID68,41514,13794,0,993268,0.7505966587112172
own,0.3,S1+AEF(t) seed 44 [10m],SID69,110813,29909,9736,898118,0.7365045394728097
own,0.3,S1+AEF(t) seed 44 [10m],SID72,919070,2943,7593,118970,0.9886661660961741
own,0.3,S1+AEF(t) seed 44 [10m],SID78,263563,14072,5098,765843,0.932197514969954
own,0.3,S1+AEF(t) seed 44 [10m],SID79,229202,5397,22054,791923,0.8930423568008167
own,0.3,S1+AEF(t) seed 44 [10m],SID80,90587,10608,1103,946278,0.8855207335431777
own,0.3,S1+AEF(t) seed 44 [10m],SID81,296174,6045,282,746075,0.9790843666632507
own,0.3,S1+AEF(t) seed 44 [10m],SID83,152370,7221,2252,886733,0.9414679658681562
own,0.3,S1+AEF(t) seed 44 [10m],SID85,374983,7875,0,665718,0.9794310161992175
own,0.3,S1+AEF(t) seed 44 [10m],SID87,18314,22235,4349,1003678,0.40790235645240325
own,0.3,S1+AEF(t) seed 44 [10m],SID89,74498,4188,841,969049,0.9367636148729362
own,0.3,S1+AEF(t) seed 44 [10m],SID90,30872,2201,9038,1006465,0.733110113747002
own,0.3,S1+AEF(t) seed 44 [10m],SID91,37322,32123,13,979118,0.5373319128106193
own,0.3,S1+AEF(t) seed 44 [10m],SID92,314047,12132,144181,578216,0.6676736967429203
own,0.3,S1+AEF(t) seed 44 [10m],SID93,0,0,31314,1017262,0.0
own,0.3,S1+AEF(t) seed 44 [10m],SID97,200403,85074,7431,755668,0.684184112417551
own,0.3,S1+AEF(t) seed 44 [10m],SID98,44328,25270,26298,952680,0.4622507716693084
own,0.3,S1+AEF(t) seed 44 [10m],SID99,396,38174,5265,1004741,0.00903387703889586
own,0.3,OPERA DSWx-S1,SID03,310497,41513,46407,650159,0.7793266853573015
own,0.3,OPERA DSWx-S1,SID04,112169,41701,51257,843449,0.5468270876091397
own,0.3,OPERA DSWx-S1,SID05,532571,23168,24172,468665,0.9183667838685592
own,0.3,OPERA DSWx-S1,SID06,722076,8536,28481,289483,0.9512352241424964
own,0.3,OPERA DSWx-S1,SID100,33688,17512,7355,821181,0.5753223465118265
own,0.3,OPERA DSWx-S1,SID14,104766,15690,22631,905489,0.7321839160790289
own,0.3,OPERA DSWx-S1,SID15,734708,101677,53577,158614,0.8255498549376266
own,0.3,OPERA DSWx-S1,SID17,10752,1978,26536,1009310,0.2738246829317985
own,0.3,OPERA DSWx-S1,SID18,40559,20241,13766,974010,0.5439342327602392
own,0.3,OPERA DSWx-S1,SID21,278014,28275,25613,694573,0.837638821097794
own,0.3,OPERA DSWx-S1,SID22,206865,3915,59972,581816,0.764038677461293
own,0.3,OPERA DSWx-S1,SID23,123067,13773,7811,879561,0.8507856841639533
own,0.3,OPERA DSWx-S1,SID25,90567,32071,15362,910576,0.6562826086956521
own,0.3,OPERA DSWx-S1,SID26,11646,41806,8807,986317,0.18705729292150533
own,0.3,OPERA DSWx-S1,SID27,989,691,8841,773965,0.09400247124798022
own,0.3,OPERA DSWx-S1,SID28,512251,122997,12393,400195,0.7909489979788185
own,0.3,OPERA DSWx-S1,SID31,0,3400,34111,1011065,0.0
own,0.3,OPERA DSWx-S1,SID33,177637,7873,104724,758142,0.6120475202767423
own,0.3,OPERA DSWx-S1,SID36,114835,102983,46935,783823,0.4337439046960752
own,0.3,OPERA DSWx-S1,SID37,854622,32730,47796,113428,0.9138895661435409
own,0.3,OPERA DSWx-S1,SID39,298170,13140,25996,711270,0.8839747884710026
own,0.3,OPERA DSWx-S1,SID40,590293,26923,22002,409358,0.9234611666129552
own,0.3,OPERA DSWx-S1,SID44,134855,2641,53601,716179,0.7056887339937309
own,0.3,OPERA DSWx-S1,SID46,316745,36813,313107,381911,0.4751186877967195
own,0.3,OPERA DSWx-S1,SID50,0,0,4662,597118,0.0
own,0.3,OPERA DSWx-S1,SID51,11323,1237,20976,1014840,0.33763716603053434
own,0.3,OPERA DSWx-S1,SID52,137079,22845,16226,872426,0.7781947204087426
own,0.3,OPERA DSWx-S1,SID53,446645,110875,23665,467391,0.7685074459939606
own,0.3,OPERA DSWx-S1,SID55,444888,364408,36989,202291,0.5256952445098283
own,0.3,OPERA DSWx-S1,SID59,62543,2647,25457,957929,0.6899621609099033
own,0.3,OPERA DSWx-S1,SID61,153168,8732,40003,846673,0.758621714387602
own,0.3,OPERA DSWx-S1,SID63,396786,1326,112642,537722,0.7768632257407676
own,0.3,OPERA DSWx-S1,SID64,50509,14083,14059,969925,0.6421914533826651
own,0.3,OPERA DSWx-S1,SID65,63565,4735,5144,645303,0.8654893524317847
own,0.3,OPERA DSWx-S1,SID67,16358,97102,9585,882201,0.1329432321508391
own,0.3,OPERA DSWx-S1,SID68,26544,1516,14737,943239,0.6202303899806061
own,0.3,OPERA DSWx-S1,SID69,99289,171681,21260,756346,0.3397632002190056
own,0.3,OPERA DSWx-S1,SID72,917075,34451,9588,87462,0.9541792128717301
own,0.3,OPERA DSWx-S1,SID78,248007,13933,20654,765982,0.8776088664302851
own,0.3,OPERA DSWx-S1,SID79,210155,3685,26566,524490,0.8741670341006464
own,0.3,OPERA DSWx-S1,SID80,76579,3808,15111,953036,0.8018911390814467
own,0.3,OPERA DSWx-S1,SID81,278810,6272,17646,745848,0.9209917814011258
own,0.3,OPERA DSWx-S1,SID83,148679,7171,5943,886783,0.9189458134777153
own,0.3,OPERA DSWx-S1,SID85,368511,617,6472,655576,0.9811261980830671
own,0.3,OPERA DSWx-S1,SID87,1027,1973,19795,974268,0.04505373985523141
own,0.3,OPERA DSWx-S1,SID89,31145,275,33662,638689,0.47855013675056085
own,0.3,OPERA DSWx-S1,SID90,5238,2162,32841,616535,0.13016575134812752
own,0.3,OPERA DSWx-S1,SID91,22653,4987,14682,1006254,0.5352535324417561
own,0.3,OPERA DSWx-S1,SID92,240040,12300,163189,499707,0.5776732791213128
own,0.3,OPERA DSWx-S1,SID93,0,0,31314,1017262,0.0
own,0.3,OPERA DSWx-S1,SID97,155669,157297,52165,683445,0.42633739671515153
own,0.3,OPERA DSWx-S1,SID98,24388,23742,46238,954208,0.2584350627331299
own,0.3,OPERA DSWx-S1,SID99,46,1704,5615,1041211,0.0062457569585879155
own,0.5,S1-only [3m],SID03,287674,2015,69230,689657,0.8015011743596745
own,0.5,S1-only [3m],SID04,107989,88,55437,885062,0.6604266301356458
own,0.5,S1-only [3m],SID05,406851,4584,149892,487249,0.7248021206890102
own,0.5,S1-only [3m],SID06,162799,4079,587758,293940,0.21573182302461055
own,0.5,S1-only [3m],SID100,7884,5165,33614,1001913,0.1689561322675353
own,0.5,S1-only [3m],SID14,41802,78,85595,921101,0.32792312218081976
own,0.5,S1-only [3m],SID15,147800,0,640485,260291,0.1874956392675238
own,0.5,S1-only [3m],SID17,8753,378,28535,1010910,0.2323846439759996
own,0.5,S1-only [3m],SID18,48846,2099,5479,992152,0.8656954487452148
own,0.5,S1-only [3m],SID21,276388,11248,27239,733701,0.8777705438666137
own,0.5,S1-only [3m],SID22,184792,8656,89674,765454,0.6526938916792054
own,0.5,S1-only [3m],SID23,315,742,130641,916878,0.002391835866907622
own,0.5,S1-only [3m],SID25,12164,834,93765,941813,0.11393460281183557
own,0.5,S1-only [3m],SID26,20,37949,20433,990174,0.00034245402554707033
own,0.5,S1-only [3m],SID27,11,34605,9819,1004141,0.0002475526049285473
own,0.5,S1-only [3m],SID28,360796,158,163848,523774,0.6874897580420807
own,0.5,S1-only [3m],SID31,0,13,34111,1014452,0.0
own,0.5,S1-only [3m],SID33,10830,5,271731,766010,0.03832732883644883
own,0.5,S1-only [3m],SID36,111047,7415,50723,879391,0.6563643348996661
own,0.5,S1-only [3m],SID37,356428,14063,545990,132095,0.38890931726898864
own,0.5,S1-only [3m],SID39,192236,588,131930,723822,0.5919434402655549
own,0.5,S1-only [3m],SID40,513416,1092,98879,435189,0.8370180652671152
own,0.5,S1-only [3m],SID44,91443,6461,110898,839774,0.43794120745969867
own,0.5,S1-only [3m],SID46,51364,715,578488,418009,0.08145684756734811
own,0.5,S1-only [3m],SID50,34,871,4656,596239,0.006114008271893544
own,0.5,S1-only [3m],SID51,4872,77,27427,1016200,0.15048183839881393
own,0.5,S1-only [3m],SID52,127907,5381,25398,889890,0.8060383398661508
own,0.5,S1-only [3m],SID53,12268,2085,458042,576181,0.025969792228960932
own,0.5,S1-only [3m],SID55,36257,21138,445620,545561,0.07207936145045377
own,0.5,S1-only [3m],SID59,62196,386,25804,960190,0.7036861041341389
own,0.5,S1-only [3m],SID61,141273,1555,51898,853850,0.7254963384447891
own,0.5,S1-only [3m],SID63,394128,3798,115313,535337,0.7679229364876792
own,0.5,S1-only [3m],SID64,53524,2210,11044,981798,0.8015214591631975
own,0.5,S1-only [3m],SID65,35814,7379,33206,972177,0.4687757693163523
own,0.5,S1-only [3m],SID67,162,3797,25888,1018729,0.005427681173987335
own,0.5,S1-only [3m],SID68,14362,1221,27152,1005841,0.3360711360711361
own,0.5,S1-only [3m],SID69,40356,2006,80193,926021,0.32928889070213374
own,0.5,S1-only [3m],SID72,908229,597,18434,121316,0.9794760908483058
own,0.5,S1-only [3m],SID78,136665,1023,131996,778892,0.5067597632785037
own,0.5,S1-only [3m],SID79,122621,26469,128635,770851,0.44151948870285357
own,0.5,S1-only [3m],SID80,68469,79,23221,956807,0.7461016247316632
own,0.5,S1-only [3m],SID81,263526,43,32930,752077,0.8887922050327319
own,0.5,S1-only [3m],SID83,3536,28,151086,893926,0.02286453281603621
own,0.5,S1-only [3m],SID85,351164,529,23819,673064,0.9351605274931294
own,0.5,S1-only [3m],SID87,2842,7166,19821,1018747,0.09527640886385733
own,0.5,S1-only [3m],SID89,18362,2141,56977,971096,0.23699019101703667
own,0.5,S1-only [3m],SID90,1019,2514,38891,1006152,0.024019422968131247
own,0.5,S1-only [3m],SID91,23560,3624,13775,1007617,0.5752093556971606
own,0.5,S1-only [3m],SID92,293161,85673,165067,504675,0.5389969865839556
own,0.5,S1-only [3m],SID93,0,11864,31314,1005398,0.0
own,0.5,S1-only [3m],SID97,34831,16088,173003,824654,0.1555497003420834
own,0.5,S1-only [3m],SID98,1532,13865,69094,964085,0.01813210874531015
own,0.5,S1-only [3m],SID99,0,14949,5661,1027966,0.0
own,0.5,S1+AEF(t) [3m],SID03,331500,4735,25404,686937,0.9166599841278181
own,0.5,S1+AEF(t) [3m],SID04,145729,12815,17697,872335,0.8268734289977928
own,0.5,S1+AEF(t) [3m],SID05,546999,19169,9744,472664,0.9497961494117156
own,0.5,S1+AEF(t) [3m],SID06,730756,5924,19801,292095,0.9659938584049037
own,0.5,S1+AEF(t) [3m],SID100,35060,1320,6438,1005758,0.8188145172590966
own,0.5,S1+AEF(t) [3m],SID14,114221,4349,13176,916830,0.8669788836093696
own,0.5,S1+AEF(t) [3m],SID15,788084,84435,201,175856,0.9030204418370154
own,0.5,S1+AEF(t) [3m],SID17,36573,15129,715,996159,0.6977316519449797
own,0.5,S1+AEF(t) [3m],SID18,54266,18754,59,975497,0.7425662639061837
own,0.5,S1+AEF(t) [3m],SID21,295021,16574,8606,728375,0.9213618945599795
own,0.5,S1+AEF(t) [3m],SID22,267393,20153,7073,753957,0.9075891235799456
own,0.5,S1+AEF(t) [3m],SID23,123458,7084,7498,910536,0.8943639524775427
own,0.5,S1+AEF(t) [3m],SID25,30766,2844,2984,259375,0.8407389189484615
own,0.5,S1+AEF(t) [3m],SID26,10779,2734,9674,1025389,0.4648725578988226
own,0.5,S1+AEF(t) [3m],SID27,8743,6674,1087,1032072,0.5297503635482307
own,0.5,S1+AEF(t) [3m],SID28,524644,210995,0,312937,0.7131813294292445
own,0.5,S1+AEF(t) [3m],SID31,11958,5785,22153,1008680,0.2997292961700421
own,0.5,S1+AEF(t) [3m],SID33,187429,196,95132,765819,0.6628624578701854
own,0.5,S1+AEF(t) [3m],SID36,114648,474,47122,886332,0.7066393826582185
own,0.5,S1+AEF(t) [3m],SID37,874576,4059,27842,142099,0.9648077116132014
own,0.5,S1+AEF(t) [3m],SID39,306195,1659,17971,722751,0.939752934857669
own,0.5,S1+AEF(t) [3m],SID40,610362,4188,1933,432093,0.990071096851008
own,0.5,S1+AEF(t) [3m],SID44,199527,15889,2814,830346,0.9142968427805527
own,0.5,S1+AEF(t) [3m],SID46,593809,87256,36043,331468,0.8280607663001947
own,0.5,S1+AEF(t) [3m],SID50,161,0,4529,597110,0.034328358208955224
own,0.5,S1+AEF(t) [3m],SID51,28904,5536,3395,1010741,0.763948724725783
own,0.5,S1+AEF(t) [3m],SID52,147276,7929,6029,887342,0.9134301698152995
own,0.5,S1+AEF(t) [3m],SID53,469471,91991,839,486275,0.8349104838867439
own,0.5,S1+AEF(t) [3m],SID55,481877,373544,0,193155,0.5633214522439828
own,0.5,S1+AEF(t) [3m],SID59,86578,11532,1422,949044,0.8698509022224008
own,0.5,S1+AEF(t) [3m],SID61,173627,2482,19544,852923,0.8874231419911782
own,0.5,S1+AEF(t) [3m],SID63,474366,2874,35075,536261,0.9259264319803246
own,0.5,S1+AEF(t) [3m],SID64,54884,883,9684,983125,0.8385509770668134
own,0.5,S1+AEF(t) [3m],SID65,66895,1666,2125,977890,0.9463684463684464
own,0.5,S1+AEF(t) [3m],SID67,18923,9433,7127,1013093,0.5332976354874165
own,0.5,S1+AEF(t) [3m],SID68,41501,8506,13,998556,0.8296881247501
own,0.5,S1+AEF(t) [3m],SID69,101758,12783,18791,915244,0.7631926319263193
own,0.5,S1+AEF(t) [3m],SID72,913509,578,13154,121335,0.9851904736740502
own,0.5,S1+AEF(t) [3m],SID78,264075,10426,4586,769489,0.9462103215126466
own,0.5,S1+AEF(t) [3m],SID79,223250,4139,28006,793181,0.8741361420544647
own,0.5,S1+AEF(t) [3m],SID80,89979,6039,1711,950847,0.9206990760163308
own,0.5,S1+AEF(t) [3m],SID81,293882,904,2574,751216,0.988303739574926
own,0.5,S1+AEF(t) [3m],SID83,152589,5307,2033,888647,0.9541046339313071
own,0.5,S1+AEF(t) [3m],SID85,374956,3922,27,669671,0.9895778625249073
own,0.5,S1+AEF(t) [3m],SID87,18717,19524,3946,1006389,0.44366748050347266
own,0.5,S1+AEF(t) [3m],SID89,74028,2801,1311,970436,0.9473765037112875
own,0.5,S1+AEF(t) [3m],SID90,28260,823,11650,1007843,0.6937863648638696
own,0.5,S1+AEF(t) [3m],SID91,37029,21596,306,989645,0.6283450136600431
own,0.5,S1+AEF(t) [3m],SID92,303480,6884,154748,583464,0.6524880028896266
own,0.5,S1+AEF(t) [3m],SID93,0,0,31314,1017262,0.0
own,0.5,S1+AEF(t) [3m],SID97,200136,79048,7698,761694,0.6976248074121068
own,0.5,S1+AEF(t) [3m],SID98,47310,21939,23316,956011,0.5111003078917518
own,0.5,S1+AEF(t) [3m],SID99,467,19707,5194,1023208,0.018409019236833805
own,0.5,S1+AEF(t-1) swap [3m],SID03,304676,700,52228,690972,0.8519927070167
own,0.5,S1+AEF(t-1) swap [3m],SID04,145820,14254,17606,870896,0.8206888788833858
own,0.5,S1+AEF(t-1) swap [3m],SID05,549724,23110,7019,468723,0.9480402791742045
own,0.5,S1+AEF(t-1) swap [3m],SID06,730249,5176,20308,292843,0.9662790959240896
own,0.5,S1+AEF(t-1) swap [3m],SID100,35533,5555,5965,1001523,0.7551697022506535
own,0.5,S1+AEF(t-1) swap [3m],SID14,124078,94631,3319,826548,0.5588394256580251
own,0.5,S1+AEF(t-1) swap [3m],SID15,788083,73068,202,187223,0.9149361527736015
own,0.5,S1+AEF(t-1) swap [3m],SID17,36628,15833,660,995455,0.6895201521055703
own,0.5,S1+AEF(t-1) swap [3m],SID18,54121,2459,204,991792,0.9531029867568329
own,0.5,S1+AEF(t-1) swap [3m],SID21,295411,18698,8216,726251,0.9165004265880711
own,0.5,S1+AEF(t-1) swap [3m],SID22,265214,17432,9252,756678,0.908584505546458
own,0.5,S1+AEF(t-1) swap [3m],SID23,130620,23577,336,894043,0.845256353011978
own,0.5,S1+AEF(t-1) swap [3m],SID25,30945,3475,2805,258744,0.8312961719274681
own,0.5,S1+AEF(t-1) swap [3m],SID26,10855,2487,9598,1025636,0.47319093286835223
own,0.5,S1+AEF(t-1) swap [3m],SID27,9153,8506,677,1030240,0.49918193717277487
own,0.5,S1+AEF(t-1) swap [3m],SID28,524644,184738,0,339194,0.7395789574587458
own,0.5,S1+AEF(t-1) swap [3m],SID31,9621,3574,24490,1010891,0.2553005174472602
own,0.5,S1+AEF(t-1) swap [3m],SID33,214394,2084,68167,763931,0.7531978429271549
own,0.5,S1+AEF(t-1) swap [3m],SID36,100833,289,60937,886517,0.6221993224689774
own,0.5,S1+AEF(t-1) swap [3m],SID37,886740,9284,15678,136874,0.9726204395734571
own,0.5,S1+AEF(t-1) swap [3m],SID39,309516,4387,14650,720023,0.9420580545604514
own,0.5,S1+AEF(t-1) swap [3m],SID40,611289,6028,1006,430253,0.9886240686502039
own,0.5,S1+AEF(t-1) swap [3m],SID44,200693,16729,1648,829506,0.9161135710047017
own,0.5,S1+AEF(t-1) swap [3m],SID46,588829,84724,41023,334000,0.8240257159490383
own,0.5,S1+AEF(t-1) swap [3m],SID50,444,27,4246,597083,0.09412762348950604
own,0.5,S1+AEF(t-1) swap [3m],SID51,29079,5894,3220,1010383,0.761369884533815
own,0.5,S1+AEF(t-1) swap [3m],SID52,149610,32133,3695,863138,0.8067925667878213
own,0.5,S1+AEF(t-1) swap [3m],SID53,469642,82932,668,495334,0.848890720516519
own,0.5,S1+AEF(t-1) swap [3m],SID55,481877,369834,0,196865,0.5657752453590479
own,0.5,S1+AEF(t-1) swap [3m],SID59,87176,13905,824,946671,0.855463421814435
own,0.5,S1+AEF(t-1) swap [3m],SID61,174328,2589,18843,852816,0.8905190028606457
own,0.5,S1+AEF(t-1) swap [3m],SID63,471195,2137,38246,536998,0.9210618908553534
own,0.5,S1+AEF(t-1) swap [3m],SID64,54607,991,9961,983017,0.8329443707195046
own,0.5,S1+AEF(t-1) swap [3m],SID65,66072,888,2948,978668,0.9451278823596727
own,0.5,S1+AEF(t-1) swap [3m],SID67,21653,47516,4397,975010,0.2943343392327978
own,0.5,S1+AEF(t-1) swap [3m],SID68,41510,8836,4,998226,0.824428997020854
own,0.5,S1+AEF(t-1) swap [3m],SID69,96081,12403,24468,915624,0.7226743486371021
own,0.5,S1+AEF(t-1) swap [3m],SID72,909335,140,17328,121773,0.9811524131881316
own,0.5,S1+AEF(t-1) swap [3m],SID78,265459,13041,3202,766874,0.9423397774953675
own,0.5,S1+AEF(t-1) swap [3m],SID79,204336,2484,46920,794836,0.8052967604634665
own,0.5,S1+AEF(t-1) swap [3m],SID80,89736,7066,1954,949820,0.9086637773907408
own,0.5,S1+AEF(t-1) swap [3m],SID81,295027,2020,1429,750100,0.9884446320642196
own,0.5,S1+AEF(t-1) swap [3m],SID83,151862,5247,2760,888707,0.9499152431052924
own,0.5,S1+AEF(t-1) swap [3m],SID85,374946,4480,37,669113,0.9880963361381742
own,0.5,S1+AEF(t-1) swap [3m],SID87,18428,17489,4235,1008424,0.45895596732416816
own,0.5,S1+AEF(t-1) swap [3m],SID89,73783,2553,1556,970684,0.9472474708570842
own,0.5,S1+AEF(t-1) swap [3m],SID90,28626,1404,11284,1007262,0.6928886091881686
own,0.5,S1+AEF(t-1) swap [3m],SID91,36847,19862,488,991379,0.6442121090266972
own,0.5,S1+AEF(t-1) swap [3m],SID92,280016,1437,178212,588911,0.6091740724223076
own,0.5,S1+AEF(t-1) swap [3m],SID93,0,0,31314,1017262,0.0
own,0.5,S1+AEF(t-1) swap [3m],SID97,191902,87216,15932,753526,0.6504050160989663
own,0.5,S1+AEF(t-1) swap [3m],SID98,44577,18329,26049,959621,0.5011185430835816
own,0.5,S1+AEF(t-1) swap [3m],SID99,306,13052,5355,1029863,0.016352268476460215
own,0.5,S1+AEF(t-1) trained [3m],SID03,301607,676,55297,690996,0.84346719615191
own,0.5,S1+AEF(t-1) trained [3m],SID04,145153,12844,18273,872306,0.8234696771997504
own,0.5,S1+AEF(t-1) trained [3m],SID05,545271,18954,11472,472879,0.9471492816533698
own,0.5,S1+AEF(t-1) trained [3m],SID06,726268,4726,24289,293293,0.9615839360875328
own,0.5,S1+AEF(t-1) trained [3m],SID100,35339,5228,6159,1001850,0.7563027008517742
own,0.5,S1+AEF(t-1) trained [3m],SID14,122705,69187,4692,851992,0.624186098563464
own,0.5,S1+AEF(t-1) trained [3m],SID15,787521,70836,764,189455,0.9166590037957401
own,0.5,S1+AEF(t-1) trained [3m],SID17,36233,12826,1055,998462,0.7230115337031569
own,0.5,S1+AEF(t-1) trained [3m],SID18,54087,2352,238,991899,0.9543024507295729
own,0.5,S1+AEF(t-1) trained [3m],SID21,294189,17116,9438,727833,0.9172109757656441
own,0.5,S1+AEF(t-1) trained [3m],SID22,264444,16166,10022,757944,0.9098929230091662
own,0.5,S1+AEF(t-1) trained [3m],SID23,130557,23122,399,894498,0.8473435532652293
own,0.5,S1+AEF(t-1) trained [3m],SID25,30439,3114,3311,259105,0.8257107204861112
own,0.5,S1+AEF(t-1) trained [3m],SID26,11580,3157,8873,1024966,0.49047013977128334
own,0.5,S1+AEF(t-1) trained [3m],SID27,8788,7616,1042,1031130,0.503725782414307
own,0.5,S1+AEF(t-1) trained [3m],SID28,524644,172810,0,351122,0.7522273870391453
own,0.5,S1+AEF(t-1) trained [3m],SID31,9432,3382,24679,1011083,0.2515669591657109
own,0.5,S1+AEF(t-1) trained [3m],SID33,207075,1681,75486,764334,0.7285165457603029
own,0.5,S1+AEF(t-1) trained [3m],SID36,103895,573,57875,886233,0.6399721577154543
own,0.5,S1+AEF(t-1) trained [3m],SID37,891815,11281,10603,134877,0.9760490051975541
own,0.5,S1+AEF(t-1) trained [3m],SID39,309402,4289,14764,720121,0.9419920537059872
own,0.5,S1+AEF(t-1) trained [3m],SID40,610995,5154,1300,431127,0.9895473148389584
own,0.5,S1+AEF(t-1) trained [3m],SID44,200398,15756,1943,830479,0.9188480355071368
own,0.5,S1+AEF(t-1) trained [3m],SID46,588801,85144,41051,333580,0.823502509104946
own,0.5,S1+AEF(t-1) trained [3m],SID50,303,8,4387,597102,0.06449553001277139
own,0.5,S1+AEF(t-1) trained [3m],SID51,28157,4255,4142,1012022,0.7702850577228211
own,0.5,S1+AEF(t-1) trained [3m],SID52,149010,25556,4295,869715,0.833105036872208
own,0.5,S1+AEF(t-1) trained [3m],SID53,469792,85763,518,492503,0.8448387172187825
own,0.5,S1+AEF(t-1) trained [3m],SID55,481877,372338,0,194361,0.5641167621734575
own,0.5,S1+AEF(t-1) trained [3m],SID59,87132,13894,868,946682,0.8551239523426306
own,0.5,S1+AEF(t-1) trained [3m],SID61,170345,2291,22826,853114,0.8714993195608354
own,0.5,S1+AEF(t-1) trained [3m],SID63,462198,1518,47243,537617,0.9045696425740617
own,0.5,S1+AEF(t-1) trained [3m],SID64,55058,1050,9510,982958,0.8390685482641957
own,0.5,S1+AEF(t-1) trained [3m],SID65,65256,653,3764,978903,0.9366038494108191
own,0.5,S1+AEF(t-1) trained [3m],SID67,21374,48467,4676,974059,0.2868338768334742
own,0.5,S1+AEF(t-1) trained [3m],SID68,41480,7530,34,999532,0.845771144278607
own,0.5,S1+AEF(t-1) trained [3m],SID69,100474,15363,20075,912664,0.7392577550179528
own,0.5,S1+AEF(t-1) trained [3m],SID72,905773,132,20890,121781,0.977317529766561
own,0.5,S1+AEF(t-1) trained [3m],SID78,265263,11962,3398,767953,0.9452646433114891
own,0.5,S1+AEF(t-1) trained [3m],SID79,205857,2505,45399,794815,0.8112239469422016
own,0.5,S1+AEF(t-1) trained [3m],SID80,89702,6940,1988,949946,0.9094798742776031
own,0.5,S1+AEF(t-1) trained [3m],SID81,294772,1772,1684,750348,0.9884115508939469
own,0.5,S1+AEF(t-1) trained [3m],SID83,152020,5502,2602,888452,0.9493892233519022
own,0.5,S1+AEF(t-1) trained [3m],SID85,374880,3762,103,669831,0.9897952448217138
own,0.5,S1+AEF(t-1) trained [3m],SID87,18180,16800,4483,1009113,0.4606846919899653
own,0.5,S1+AEF(t-1) trained [3m],SID89,73726,2572,1613,970665,0.9462848634980939
own,0.5,S1+AEF(t-1) trained [3m],SID90,29106,1551,10804,1007115,0.7020091170015195
own,0.5,S1+AEF(t-1) trained [3m],SID91,36670,18102,665,993139,0.6614715803524722
own,0.5,S1+AEF(t-1) trained [3m],SID92,279709,1607,178519,588741,0.6082812313112312
own,0.5,S1+AEF(t-1) trained [3m],SID93,0,0,31314,1017262,0.0
own,0.5,S1+AEF(t-1) trained [3m],SID97,192160,91697,15674,749045,0.6415362683662125
own,0.5,S1+AEF(t-1) trained [3m],SID98,44324,19055,26302,958895,0.49424069758365763
own,0.5,S1+AEF(t-1) trained [3m],SID99,250,14477,5411,1028438,0.012414341046777237
own,0.5,S1-only [10m],SID03,331085,23465,25819,668207,0.8704310813972748
own,0.5,S1-only [10m],SID04,137998,13091,25428,872059,0.7817830577224857
own,0.5,S1-only [10m],SID05,550892,44607,5851,447226,0.9160921260497215
own,0.5,S1-only [10m],SID06,734734,28145,15823,269874,0.9435368086893318
own,0.5,S1-only [10m],SID100,5402,1367,36096,1005711,0.12602356234690307
own,0.5,S1-only [10m],SID14,113147,8465,14250,912714,0.8328082907656298
own,0.5,S1-only [10m],SID15,703640,4562,84645,255729,0.8874852272884932
own,0.5,S1-only [10m],SID17,34478,14065,2810,997223,0.6713921289895429
own,0.5,S1-only [10m],SID18,54024,5360,301,988891,0.90515204825333
own,0.5,S1-only [10m],SID21,294337,24010,9290,720939,0.8983631274856014
own,0.5,S1-only [10m],SID22,250086,18383,24380,755727,0.8539759398188145
own,0.5,S1-only [10m],SID23,2063,1754,128893,915866,0.015545173686986663
own,0.5,S1-only [10m],SID25,91592,27740,14337,914907,0.6852149713097277
own,0.5,S1-only [10m],SID26,0,1620,20453,1026503,0.0
own,0.5,S1-only [10m],SID27,1221,25073,8609,1013673,0.03498266624645446
own,0.5,S1-only [10m],SID28,517176,8480,7468,515452,0.9700857586602741
own,0.5,S1-only [10m],SID31,5629,2492,28482,1011973,0.15378520886266153
own,0.5,S1-only [10m],SID33,33598,1223,248963,764792,0.11839286217686691
own,0.5,S1-only [10m],SID36,138124,25432,23646,861374,0.7378339975000268
own,0.5,S1-only [10m],SID37,891664,27948,10754,118210,0.9584013173310288
own,0.5,S1-only [10m],SID39,312644,17788,11522,706622,0.9142867169268382
own,0.5,S1-only [10m],SID40,610995,13566,1300,422715,0.9762471219647814
own,0.5,S1-only [10m],SID44,129191,13875,73150,832360,0.5975089725089725
own,0.5,S1-only [10m],SID46,220782,15360,409070,403364,0.3421852042429465
own,0.5,S1-only [10m],SID50,0,0,4693,597518,0.0
own,0.5,S1-only [10m],SID51,24614,9620,7685,1006657,0.5871800376917389
own,0.5,S1-only [10m],SID52,141328,12486,11977,882785,0.8524467552520945
own,0.5,S1-only [10m],SID53,373773,25969,96537,552297,0.7531509493651757
own,0.5,S1-only [10m],SID55,340606,116003,141271,450696,0.5696895698133405
own,0.5,S1-only [10m],SID59,86193,16093,1807,944483,0.828038388748523
own,0.5,S1-only [10m],SID61,180403,24132,12768,831273,0.8301910235937838
own,0.5,S1-only [10m],SID63,489288,54856,20153,484279,0.8670753167215137
own,0.5,S1-only [10m],SID64,58394,8475,6174,975533,0.7994469011404242
own,0.5,S1-only [10m],SID65,59962,1159,9058,978397,0.8544151384317246
own,0.5,S1-only [10m],SID67,349,13203,25701,1009323,0.008891040175273228
own,0.5,S1-only [10m],SID68,38088,9782,3426,997280,0.7425140361821585
own,0.5,S1-only [10m],SID69,109445,36163,11104,891864,0.698383021083261
own,0.5,S1-only [10m],SID72,920071,4914,6592,116999,0.9876489007349902
own,0.5,S1-only [10m],SID78,258417,9087,10244,770828,0.9304009389806587
own,0.5,S1-only [10m],SID79,196503,19916,54753,777404,0.7246433997610373
own,0.5,S1-only [10m],SID80,87952,7788,3738,949098,0.8841351856691931
own,0.5,S1-only [10m],SID81,295819,6454,637,745666,0.9765904063913373
own,0.5,S1-only [10m],SID83,70926,1541,83696,892413,0.45417928702701665
own,0.5,S1-only [10m],SID85,374831,5320,152,668273,0.9856114729570895
own,0.5,S1-only [10m],SID87,7149,12995,15514,1012918,0.2004879690392058
own,0.5,S1-only [10m],SID89,14849,109,60490,973128,0.19681104866928215
own,0.5,S1-only [10m],SID90,12863,478,27047,1008188,0.31848568881846095
own,0.5,S1-only [10m],SID91,36207,17768,1128,993473,0.6570785619657732
own,0.5,S1-only [10m],SID92,352616,124378,105612,465970,0.6052392182710099
own,0.5,S1-only [10m],SID93,69,207713,31245,809549,0.0002886703175791856
own,0.5,S1-only [10m],SID97,86890,32035,120944,808707,0.36223938899982905
own,0.5,S1-only [10m],SID98,14249,6651,56377,971299,0.18438862792292662
own,0.5,S1-only [10m],SID99,0,71883,5661,971032,0.0
own,0.5,S1+AEF(t) [10m],SID03,337575,14020,19329,677652,0.9100920943373845
own,0.5,S1+AEF(t) [10m],SID04,143667,19879,19759,865271,0.7837593082567306
own,0.5,S1+AEF(t) [10m],SID05,552685,29836,4058,461997,0.9422175018198742
own,0.5,S1+AEF(t) [10m],SID06,733350,7658,17207,290361,0.9672058716854718
own,0.5,S1+AEF(t) [10m],SID100,34080,883,7418,1006195,0.8041339279394069
own,0.5,S1+AEF(t) [10m],SID14,116069,7888,11328,913291,0.8579591233322246
own,0.5,S1+AEF(t) [10m],SID15,785723,49234,2562,211057,0.9381554328916717
own,0.5,S1+AEF(t) [10m],SID17,36544,20122,744,991166,0.6365441560703711
own,0.5,S1+AEF(t) [10m],SID18,54325,8359,0,985892,0.866648586561164
own,0.5,S1+AEF(t) [10m],SID21,296278,20691,7349,724258,0.9135416473954575
own,0.5,S1+AEF(t) [10m],SID22,268529,28323,5937,745787,0.8868519001681039
own,0.5,S1+AEF(t) [10m],SID23,117902,6474,13054,911146,0.8579058429746053
own,0.5,S1+AEF(t) [10m],SID25,30605,4214,3145,258005,0.8061584659150774
own,0.5,S1+AEF(t) [10m],SID26,4191,647,16262,1027476,0.19862559241706162
own,0.5,S1+AEF(t) [10m],SID27,8850,7187,980,1031559,0.5200681671269907
own,0.5,S1+AEF(t) [10m],SID28,524644,130645,0,393287,0.8006299510597614
own,0.5,S1+AEF(t) [10m],SID31,11995,7944,22116,1006521,0.28522173344429913
own,0.5,S1+AEF(t) [10m],SID33,167787,575,114774,765440,0.5926021417269439
own,0.5,S1+AEF(t) [10m],SID36,127461,2888,34309,883918,0.7740953977334839
own,0.5,S1+AEF(t) [10m],SID37,875020,3579,27398,142579,0.9658089375571883
own,0.5,S1+AEF(t) [10m],SID39,312640,7323,11526,717087,0.943138384682448
own,0.5,S1+AEF(t) [10m],SID40,611830,8034,465,428247,0.9862992057440487
own,0.5,S1+AEF(t) [10m],SID44,199319,22165,3022,824070,0.8878114616090439
own,0.5,S1+AEF(t) [10m],SID46,565889,83685,63963,335039,0.7930759021606448
own,0.5,S1+AEF(t) [10m],SID50,80,0,4613,597518,0.01704666524611123
own,0.5,S1+AEF(t) [10m],SID51,27946,7886,4353,1008391,0.6954336195097673
own,0.5,S1+AEF(t) [10m],SID52,147648,12535,5657,882736,0.8903039073806078
own,0.5,S1+AEF(t) [10m],SID53,469522,85382,788,492884,0.8449320846800026
own,0.5,S1+AEF(t) [10m],SID55,481877,365242,0,201457,0.5688421579494735
own,0.5,S1+AEF(t) [10m],SID59,87122,18622,878,941954,0.8171109151957382
own,0.5,S1+AEF(t) [10m],SID61,179890,5615,13281,849790,0.9049430040344894
own,0.5,S1+AEF(t) [10m],SID63,487435,14367,22006,524768,0.9305604343576273
own,0.5,S1+AEF(t) [10m],SID64,57423,3161,7145,980847,0.8478347532076363
own,0.5,S1+AEF(t) [10m],SID65,67445,2838,1575,976718,0.9385872136714075
own,0.5,S1+AEF(t) [10m],SID67,13517,4985,12533,1017541,0.43554051876913163
own,0.5,S1+AEF(t) [10m],SID68,41514,11968,0,995094,0.7762237762237763
own,0.5,S1+AEF(t) [10m],SID69,107448,22767,13101,905260,0.749727874068492
own,0.5,S1+AEF(t) [10m],SID72,916533,1677,10130,120236,0.9872815994140078
own,0.5,S1+AEF(t) [10m],SID78,263492,13285,5169,766630,0.9345477502784221
own,0.5,S1+AEF(t) [10m],SID79,224412,4108,26844,793212,0.8787926254287997
own,0.5,S1+AEF(t) [10m],SID80,90342,8487,1348,948399,0.901823771923695
own,0.5,S1+AEF(t) [10m],SID81,295591,3254,865,748866,0.9862567148243302
own,0.5,S1+AEF(t) [10m],SID83,152401,6395,2221,887559,0.946490122161014
own,0.5,S1+AEF(t) [10m],SID85,374981,6300,2,667293,0.9834715945898453
own,0.5,S1+AEF(t) [10m],SID87,17961,21350,4702,1004563,0.4080839751891487
own,0.5,S1+AEF(t) [10m],SID89,73937,3347,1402,969890,0.9396461886485524
own,0.5,S1+AEF(t) [10m],SID90,29974,1493,9936,1007173,0.7239572011689974
own,0.5,S1+AEF(t) [10m],SID91,37310,29358,25,981883,0.5594290255349137
own,0.5,S1+AEF(t) [10m],SID92,306658,9589,151570,580759,0.6555084573668764
own,0.5,S1+AEF(t) [10m],SID93,0,0,31314,1017262,0.0
own,0.5,S1+AEF(t) [10m],SID97,196802,77423,11032,763319,0.6899112028802098
own,0.5,S1+AEF(t) [10m],SID98,44657,24715,25969,953235,0.4683924020096286
own,0.5,S1+AEF(t) [10m],SID99,77,30395,5584,1012520,0.0021355668959396495
own,0.5,S1+AEF(t-1) swap [10m],SID03,318339,4460,38565,687212,0.8809372267298348
own,0.5,S1+AEF(t-1) swap [10m],SID04,143709,21475,19717,863675,0.7772213238435703
own,0.5,S1+AEF(t-1) swap [10m],SID05,553639,33151,3104,458682,0.9385398054565736
own,0.5,S1+AEF(t-1) swap [10m],SID06,733084,6971,17473,291048,0.967731885818082
own,0.5,S1+AEF(t-1) swap [10m],SID100,34505,2697,6993,1004381,0.7807444281027266
own,0.5,S1+AEF(t-1) swap [10m],SID14,121370,25400,6027,895779,0.7943218780473439
own,0.5,S1+AEF(t-1) swap [10m],SID15,785387,47326,2898,212965,0.9398954776804039
own,0.5,S1+AEF(t-1) swap [10m],SID17,36589,20881,699,990407,0.6290120167099315
own,0.5,S1+AEF(t-1) swap [10m],SID18,54322,6070,3,988181,0.8994453183210531
own,0.5,S1+AEF(t-1) swap [10m],SID21,296657,21995,6970,722954,0.911047165117836
own,0.5,S1+AEF(t-1) swap [10m],SID22,266898,25774,7568,748336,0.8889488409272582
own,0.5,S1+AEF(t-1) swap [10m],SID23,130511,23038,445,894582,0.8475070457290543
own,0.5,S1+AEF(t-1) swap [10m],SID25,30728,4988,3022,257231,0.7932262894315659
own,0.5,S1+AEF(t-1) swap [10m],SID26,4020,676,16433,1027447,0.1902598324577595
own,0.5,S1+AEF(t-1) swap [10m],SID27,9103,9168,727,1029578,0.4791557006000632
own,0.5,S1+AEF(t-1) swap [10m],SID28,524644,147500,0,376432,0.7805529767430789
own,0.5,S1+AEF(t-1) swap [10m],SID31,9548,5300,24563,1009165,0.2422673872776636
own,0.5,S1+AEF(t-1) swap [10m],SID33,192844,2260,89717,763755,0.6770708620502
own,0.5,S1+AEF(t-1) swap [10m],SID36,123795,2392,37975,884414,0.7541026546947528
own,0.5,S1+AEF(t-1) swap [10m],SID37,887640,9543,14778,136615,0.9733310963955696
own,0.5,S1+AEF(t-1) swap [10m],SID39,314674,11816,9492,712594,0.9365799358298956
own,0.5,S1+AEF(t-1) swap [10m],SID40,612059,10619,236,425662,0.982573838443188
own,0.5,S1+AEF(t-1) swap [10m],SID44,200550,22605,1791,823630,0.891547304686458
own,0.5,S1+AEF(t-1) swap [10m],SID46,558975,81185,70877,337539,0.7861405243327703
own,0.5,S1+AEF(t-1) swap [10m],SID50,417,37,4276,597481,0.08816067653276956
own,0.5,S1+AEF(t-1) swap [10m],SID51,28097,8066,4202,1008211,0.6960733308559396
own,0.5,S1+AEF(t-1) swap [10m],SID52,149359,32208,3946,863063,0.8051133882800666
own,0.5,S1+AEF(t-1) swap [10m],SID53,469610,79644,700,498622,0.8539077813780789
own,0.5,S1+AEF(t-1) swap [10m],SID55,481877,364982,0,201717,0.5690168020886593
own,0.5,S1+AEF(t-1) swap [10m],SID59,87236,21620,764,938956,0.7958036854588578
own,0.5,S1+AEF(t-1) swap [10m],SID61,180247,6216,12924,849189,0.9040057777086771
own,0.5,S1+AEF(t-1) swap [10m],SID63,485304,12361,24137,526774,0.9300539285016155
own,0.5,S1+AEF(t-1) swap [10m],SID64,57196,3426,7372,980582,0.8411918698708709
own,0.5,S1+AEF(t-1) swap [10m],SID65,66991,2377,2029,977179,0.9382887236158381
own,0.5,S1+AEF(t-1) swap [10m],SID67,17122,17554,8928,1004972,0.392670397211265
own,0.5,S1+AEF(t-1) swap [10m],SID68,41514,12230,0,994832,0.7724397142006549
own,0.5,S1+AEF(t-1) swap [10m],SID69,104888,22833,15661,905194,0.7315283647877697
own,0.5,S1+AEF(t-1) swap [10m],SID72,914684,814,11979,121099,0.9862066660413142
own,0.5,S1+AEF(t-1) swap [10m],SID78,264807,15507,3854,764408,0.9318677683623772
own,0.5,S1+AEF(t-1) swap [10m],SID79,204583,2371,46673,794949,0.8066294203692824
own,0.5,S1+AEF(t-1) swap [10m],SID80,90154,8522,1536,948364,0.8996327785095597
own,0.5,S1+AEF(t-1) swap [10m],SID81,296077,5122,379,746998,0.9817592795230421
own,0.5,S1+AEF(t-1) swap [10m],SID83,151602,6279,3020,887675,0.942206698528909
own,0.5,S1+AEF(t-1) swap [10m],SID85,374983,6727,0,666866,0.982376673390794
own,0.5,S1+AEF(t-1) swap [10m],SID87,17241,19663,5422,1006250,0.40733827907196524
own,0.5,S1+AEF(t-1) swap [10m],SID89,73762,3355,1577,969882,0.9373268610059217
own,0.5,S1+AEF(t-1) swap [10m],SID90,30024,2474,9886,1006192,0.7083805209513023
own,0.5,S1+AEF(t-1) swap [10m],SID91,37290,27550,45,983691,0.5747091007166525
own,0.5,S1+AEF(t-1) swap [10m],SID92,284998,2732,173230,587616,0.6182705657757723
own,0.5,S1+AEF(t-1) swap [10m],SID93,0,0,31314,1017262,0.0
own,0.5,S1+AEF(t-1) swap [10m],SID97,188489,82363,19345,758379,0.6495208427378643
own,0.5,S1+AEF(t-1) swap [10m],SID98,43142,20241,27484,957709,0.4747818239845048
own,0.5,S1+AEF(t-1) swap [10m],SID99,0,20964,5661,1021951,0.0
own,0.5,S1+AEF(t-1) trained [10m],SID03,322231,6378,34673,685294,0.8869996311405465
own,0.5,S1+AEF(t-1) trained [10m],SID04,143097,20766,20329,864384,0.7768904186935371
own,0.5,S1+AEF(t-1) trained [10m],SID05,553373,32928,3370,458905,0.938443640606372
own,0.5,S1+AEF(t-1) trained [10m],SID06,734955,9461,15602,288558,0.9670231494517235
own,0.5,S1+AEF(t-1) trained [10m],SID100,32296,1316,9202,1005762,0.7543326949128789
own,0.5,S1+AEF(t-1) trained [10m],SID14,120892,20557,6505,900622,0.8170917988023304
own,0.5,S1+AEF(t-1) trained [10m],SID15,783419,41353,4866,218938,0.9442901602867757
own,0.5,S1+AEF(t-1) trained [10m],SID17,36411,18160,877,993128,0.6566693117876208
own,0.5,S1+AEF(t-1) trained [10m],SID18,54321,6127,4,988124,0.8985806921193674
own,0.5,S1+AEF(t-1) trained [10m],SID21,296421,22248,7206,722701,0.9096156501726121
own,0.5,S1+AEF(t-1) trained [10m],SID22,266938,26476,7528,747634,0.8870081278120037
own,0.5,S1+AEF(t-1) trained [10m],SID23,129781,18818,1175,898802,0.8665122117323434
own,0.5,S1+AEF(t-1) trained [10m],SID25,30266,4086,3484,258133,0.7999259964055397
own,0.5,S1+AEF(t-1) trained [10m],SID26,3933,702,16520,1027421,0.18591349562751122
own,0.5,S1+AEF(t-1) trained [10m],SID27,8804,7930,1026,1030816,0.4957207207207207
own,0.5,S1+AEF(t-1) trained [10m],SID28,524644,120949,0,402983,0.8126544123000095
own,0.5,S1+AEF(t-1) trained [10m],SID31,9587,5092,24524,1009373,0.24454761115220774
own,0.5,S1+AEF(t-1) trained [10m],SID33,188003,2367,94558,763648,0.6598263420934412
own,0.5,S1+AEF(t-1) trained [10m],SID36,130390,6212,31380,880594,0.7762141181793287
own,0.5,S1+AEF(t-1) trained [10m],SID37,890528,12624,11890,133534,0.973209972875562
own,0.5,S1+AEF(t-1) trained [10m],SID39,315385,14275,8781,710135,0.9318758661036931
own,0.5,S1+AEF(t-1) trained [10m],SID40,612043,11013,252,425268,0.9819270729719497
own,0.5,S1+AEF(t-1) trained [10m],SID44,200678,21752,1663,824483,0.8955121311241315
own,0.5,S1+AEF(t-1) trained [10m],SID46,537819,73850,92033,344874,0.7642709556033662
own,0.5,S1+AEF(t-1) trained [10m],SID50,186,5,4507,597513,0.03959131545338442
own,0.5,S1+AEF(t-1) trained [10m],SID51,27769,6143,4530,1010134,0.7223609593673587
own,0.5,S1+AEF(t-1) trained [10m],SID52,149059,28405,4246,866866,0.8203125859886633
own,0.5,S1+AEF(t-1) trained [10m],SID53,469533,71446,777,506820,0.8666872171235759
own,0.5,S1+AEF(t-1) trained [10m],SID55,481877,357963,0,208736,0.5737723852162316
own,0.5,S1+AEF(t-1) trained [10m],SID59,87033,21462,967,939114,0.7950978421735396
own,0.5,S1+AEF(t-1) trained [10m],SID61,179854,7273,13317,848132,0.8972780427451059
own,0.5,S1+AEF(t-1) trained [10m],SID63,486320,16390,23121,522745,0.9248598884432451
own,0.5,S1+AEF(t-1) trained [10m],SID64,57741,4154,6827,979854,0.8402112860510462
own,0.5,S1+AEF(t-1) trained [10m],SID65,66369,1686,2651,977870,0.9386614997312817
own,0.5,S1+AEF(t-1) trained [10m],SID67,17624,21418,8426,1001108,0.37128170557006823
own,0.5,S1+AEF(t-1) trained [10m],SID68,41514,11008,0,996054,0.7904116370282929
own,0.5,S1+AEF(t-1) trained [10m],SID69,107981,26274,12568,901753,0.7354501678892271
own,0.5,S1+AEF(t-1) trained [10m],SID72,915370,1256,11293,120657,0.986476190270918
own,0.5,S1+AEF(t-1) trained [10m],SID78,264562,14995,4099,764920,0.9326860704515328
own,0.5,S1+AEF(t-1) trained [10m],SID79,206873,2343,44383,794977,0.8157484848126373
own,0.5,S1+AEF(t-1) trained [10m],SID80,90178,8746,1512,948140,0.8978653072603449
own,0.5,S1+AEF(t-1) trained [10m],SID81,296051,5080,405,747040,0.9818098004881672
own,0.5,S1+AEF(t-1) trained [10m],SID83,150826,5450,3796,888504,0.9422384926782947
own,0.5,S1+AEF(t-1) trained [10m],SID85,374966,6559,17,667034,0.9827646759727632
own,0.5,S1+AEF(t-1) trained [10m],SID87,16232,18105,6431,1007808,0.3981554160125589
own,0.5,S1+AEF(t-1) trained [10m],SID89,73863,3103,1476,970134,0.9416256597231075
own,0.5,S1+AEF(t-1) trained [10m],SID90,29948,2272,9962,1006394,0.709971077710872
own,0.5,S1+AEF(t-1) trained [10m],SID91,37287,26451,48,984790,0.5845640109114852
own,0.5,S1+AEF(t-1) trained [10m],SID92,286136,3863,172092,586485,0.6192200237615535
own,0.5,S1+AEF(t-1) trained [10m],SID93,0,0,31314,1017262,0.0
own,0.5,S1+AEF(t-1) trained [10m],SID97,180585,72254,27249,768488,0.6447437948073462
own,0.5,S1+AEF(t-1) trained [10m],SID98,42582,19941,28044,958009,0.4701712544304217
own,0.5,S1+AEF(t-1) trained [10m],SID99,12,29000,5649,1013915,0.0003462104382447131
own,0.5,S1-only seed 42 [3m],SID03,287674,2015,69230,689657,0.8015011743596745
own,0.5,S1-only seed 42 [3m],SID04,107989,88,55437,885062,0.6604266301356458
own,0.5,S1-only seed 42 [3m],SID05,406851,4584,149892,487249,0.7248021206890102
own,0.5,S1-only seed 42 [3m],SID06,162799,4079,587758,293940,0.21573182302461055
own,0.5,S1-only seed 42 [3m],SID100,7884,5165,33614,1001913,0.1689561322675353
own,0.5,S1-only seed 42 [3m],SID14,41802,78,85595,921101,0.32792312218081976
own,0.5,S1-only seed 42 [3m],SID15,147800,0,640485,260291,0.1874956392675238
own,0.5,S1-only seed 42 [3m],SID17,8753,378,28535,1010910,0.2323846439759996
own,0.5,S1-only seed 42 [3m],SID18,48846,2099,5479,992152,0.8656954487452148
own,0.5,S1-only seed 42 [3m],SID21,276388,11248,27239,733701,0.8777705438666137
own,0.5,S1-only seed 42 [3m],SID22,184792,8656,89674,765454,0.6526938916792054
own,0.5,S1-only seed 42 [3m],SID23,315,742,130641,916878,0.002391835866907622
own,0.5,S1-only seed 42 [3m],SID25,12164,834,93765,941813,0.11393460281183557
own,0.5,S1-only seed 42 [3m],SID26,20,37949,20433,990174,0.00034245402554707033
own,0.5,S1-only seed 42 [3m],SID27,11,34605,9819,1004141,0.0002475526049285473
own,0.5,S1-only seed 42 [3m],SID28,360796,158,163848,523774,0.6874897580420807
own,0.5,S1-only seed 42 [3m],SID31,0,13,34111,1014452,0.0
own,0.5,S1-only seed 42 [3m],SID33,10830,5,271731,766010,0.03832732883644883
own,0.5,S1-only seed 42 [3m],SID36,111047,7415,50723,879391,0.6563643348996661
own,0.5,S1-only seed 42 [3m],SID37,356428,14063,545990,132095,0.38890931726898864
own,0.5,S1-only seed 42 [3m],SID39,192236,588,131930,723822,0.5919434402655549
own,0.5,S1-only seed 42 [3m],SID40,513416,1092,98879,435189,0.8370180652671152
own,0.5,S1-only seed 42 [3m],SID44,91443,6461,110898,839774,0.43794120745969867
own,0.5,S1-only seed 42 [3m],SID46,51364,715,578488,418009,0.08145684756734811
own,0.5,S1-only seed 42 [3m],SID50,34,871,4656,596239,0.006114008271893544
own,0.5,S1-only seed 42 [3m],SID51,4872,77,27427,1016200,0.15048183839881393
own,0.5,S1-only seed 42 [3m],SID52,127907,5381,25398,889890,0.8060383398661508
own,0.5,S1-only seed 42 [3m],SID53,12268,2085,458042,576181,0.025969792228960932
own,0.5,S1-only seed 42 [3m],SID55,36257,21138,445620,545561,0.07207936145045377
own,0.5,S1-only seed 42 [3m],SID59,62196,386,25804,960190,0.7036861041341389
own,0.5,S1-only seed 42 [3m],SID61,141273,1555,51898,853850,0.7254963384447891
own,0.5,S1-only seed 42 [3m],SID63,394128,3798,115313,535337,0.7679229364876792
own,0.5,S1-only seed 42 [3m],SID64,53524,2210,11044,981798,0.8015214591631975
own,0.5,S1-only seed 42 [3m],SID65,35814,7379,33206,972177,0.4687757693163523
own,0.5,S1-only seed 42 [3m],SID67,162,3797,25888,1018729,0.005427681173987335
own,0.5,S1-only seed 42 [3m],SID68,14362,1221,27152,1005841,0.3360711360711361
own,0.5,S1-only seed 42 [3m],SID69,40356,2006,80193,926021,0.32928889070213374
own,0.5,S1-only seed 42 [3m],SID72,908229,597,18434,121316,0.9794760908483058
own,0.5,S1-only seed 42 [3m],SID78,136665,1023,131996,778892,0.5067597632785037
own,0.5,S1-only seed 42 [3m],SID79,122621,26469,128635,770851,0.44151948870285357
own,0.5,S1-only seed 42 [3m],SID80,68469,79,23221,956807,0.7461016247316632
own,0.5,S1-only seed 42 [3m],SID81,263526,43,32930,752077,0.8887922050327319
own,0.5,S1-only seed 42 [3m],SID83,3536,28,151086,893926,0.02286453281603621
own,0.5,S1-only seed 42 [3m],SID85,351164,529,23819,673064,0.9351605274931294
own,0.5,S1-only seed 42 [3m],SID87,2842,7166,19821,1018747,0.09527640886385733
own,0.5,S1-only seed 42 [3m],SID89,18362,2141,56977,971096,0.23699019101703667
own,0.5,S1-only seed 42 [3m],SID90,1019,2514,38891,1006152,0.024019422968131247
own,0.5,S1-only seed 42 [3m],SID91,23560,3624,13775,1007617,0.5752093556971606
own,0.5,S1-only seed 42 [3m],SID92,293161,85673,165067,504675,0.5389969865839556
own,0.5,S1-only seed 42 [3m],SID93,0,11864,31314,1005398,0.0
own,0.5,S1-only seed 42 [3m],SID97,34831,16088,173003,824654,0.1555497003420834
own,0.5,S1-only seed 42 [3m],SID98,1532,13865,69094,964085,0.01813210874531015
own,0.5,S1-only seed 42 [3m],SID99,0,14949,5661,1027966,0.0
own,0.5,S1-only seed 43 [3m],SID03,299581,3059,57323,688613,0.8322549817620144
own,0.5,S1-only seed 43 [3m],SID04,118497,167,44929,884983,0.724340283508463
own,0.5,S1-only seed 43 [3m],SID05,440037,8675,116706,483158,0.7782507808382471
own,0.5,S1-only seed 43 [3m],SID06,386993,6513,363564,291506,0.5111720184395102
own,0.5,S1-only seed 43 [3m],SID100,16231,27243,25267,979835,0.23611818274392285
own,0.5,S1-only seed 43 [3m],SID14,70938,227,56459,920952,0.5558358929354981
own,0.5,S1-only seed 43 [3m],SID15,449604,3,338681,260288,0.570354997158399
own,0.5,S1-only seed 43 [3m],SID17,17995,1801,19293,1009487,0.4603596919849574
own,0.5,S1-only seed 43 [3m],SID18,49527,5914,4798,988337,0.8221750029050947
own,0.5,S1-only seed 43 [3m],SID21,281689,17767,21938,727182,0.8764600459249395
own,0.5,S1-only seed 43 [3m],SID22,216733,11307,57733,762803,0.7584096468175789
own,0.5,S1-only seed 43 [3m],SID23,2723,1614,128233,916006,0.020540092026853737
own,0.5,S1-only seed 43 [3m],SID25,28823,2863,77106,939784,0.26493676005588646
own,0.5,S1-only seed 43 [3m],SID26,272,125091,20181,903032,0.0018688506568460396
own,0.5,S1-only seed 43 [3m],SID27,23,41779,9807,996967,0.0004456587029394098
own,0.5,S1-only seed 43 [3m],SID28,466014,436,58630,523496,0.8875104745943475
own,0.5,S1-only seed 43 [3m],SID31,0,191,34111,1014274,0.0
own,0.5,S1-only seed 43 [3m],SID33,29405,12,253156,766003,0.1040616053196873
own,0.5,S1-only seed 43 [3m],SID36,117584,8654,44186,878152,0.6899497723325353
own,0.5,S1-only seed 43 [3m],SID37,782796,22733,119622,123425,0.8461278212961992
own,0.5,S1-only seed 43 [3m],SID39,255164,1139,69002,723271,0.7843838858917016
own,0.5,S1-only seed 43 [3m],SID40,550517,1520,61778,434761,0.8968777237441249
own,0.5,S1-only seed 43 [3m],SID44,132240,9482,70101,836753,0.6242948121780921
own,0.5,S1-only seed 43 [3m],SID46,99258,1194,530594,417530,0.15729122758087366
own,0.5,S1-only seed 43 [3m],SID50,37,735,4653,596375,0.0068202764976958525
own,0.5,S1-only seed 43 [3m],SID51,7705,246,24594,1016031,0.23674911660777384
own,0.5,S1-only seed 43 [3m],SID52,131604,10304,21701,884967,0.8043811770746108
own,0.5,S1-only seed 43 [3m],SID53,132450,7324,337860,570942,0.2773043795039717
own,0.5,S1-only seed 43 [3m],SID55,189894,100103,291983,466596,0.3262895632152308
own,0.5,S1-only seed 43 [3m],SID59,70537,817,17463,959759,0.7941835459427812
own,0.5,S1-only seed 43 [3m],SID61,155017,2290,38154,853115,0.7930840423409273
own,0.5,S1-only seed 43 [3m],SID63,433143,6301,76298,532834,0.8398443407750387
own,0.5,S1-only seed 43 [3m],SID64,54715,6467,9853,977541,0.7702541000915042
own,0.5,S1-only seed 43 [3m],SID65,57094,12750,11926,966806,0.6982267335208512
own,0.5,S1-only seed 43 [3m],SID67,217,4288,25833,1018238,0.007152745731425935
own,0.5,S1-only seed 43 [3m],SID68,23865,3273,17649,1003789,0.5328555161095854
own,0.5,S1-only seed 43 [3m],SID69,78427,5738,42122,922289,0.6210219579212429
own,0.5,S1-only seed 43 [3m],SID72,910146,734,16517,121179,0.9813984733614622
own,0.5,S1-only seed 43 [3m],SID78,191327,1074,77334,778841,0.7093146977589115
own,0.5,S1-only seed 43 [3m],SID79,169837,33352,81419,763968,0.5967400775803913
own,0.5,S1-only seed 43 [3m],SID80,74898,440,16792,956446,0.8129599478997069
own,0.5,S1-only seed 43 [3m],SID81,282681,112,13775,752008,0.9531743141539208
own,0.5,S1-only seed 43 [3m],SID83,18287,66,136335,893888,0.11821860777823748
own,0.5,S1-only seed 43 [3m],SID85,363011,1513,11972,672080,0.9641828864051677
own,0.5,S1-only seed 43 [3m],SID87,3522,9485,19141,1016428,0.10955580440462859
own,0.5,S1-only seed 43 [3m],SID89,45174,5361,30165,967876,0.5597769516728625
own,0.5,S1-only seed 43 [3m],SID90,2908,4439,37002,1004227,0.06557081332160815
own,0.5,S1-only seed 43 [3m],SID91,26321,6406,11014,1004835,0.6017466450241192
own,0.5,S1-only seed 43 [3m],SID92,328836,123635,129392,466713,0.5651433413019903
own,0.5,S1-only seed 43 [3m],SID93,2,113464,31312,903798,1.3814253546809597e-05
own,0.5,S1-only seed 43 [3m],SID97,58152,30064,149682,810678,0.2444408948372832
own,0.5,S1-only seed 43 [3m],SID98,4956,51245,65670,926705,0.04066595006195075
own,0.5,S1-only seed 43 [3m],SID99,0,31951,5661,1010964,0.0
own,0.5,S1-only seed 44 [3m],SID03,234198,1771,122706,689901,0.652953230640552
own,0.5,S1-only seed 44 [3m],SID04,102829,86,60597,885064,0.6288773912618034
own,0.5,S1-only seed 44 [3m],SID05,230528,2315,326215,489518,0.4123507757692404
own,0.5,S1-only seed 44 [3m],SID06,112748,3565,637809,294454,0.14950896539286745
own,0.5,S1-only seed 44 [3m],SID100,5828,3995,35670,1003083,0.12810762095267403
own,0.5,S1-only seed 44 [3m],SID14,42908,90,84489,921089,0.3365676500349055
own,0.5,S1-only seed 44 [3m],SID15,112964,0,675321,260291,0.1433035006374598
own,0.5,S1-only seed 44 [3m],SID17,6634,385,30654,1010903,0.17609428503172034
own,0.5,S1-only seed 44 [3m],SID18,48633,540,5692,993711,0.8864121024332452
own,0.5,S1-only seed 44 [3m],SID21,221916,6082,81711,738867,0.716530678798485
own,0.5,S1-only seed 44 [3m],SID22,189390,7045,85076,767065,0.6727623432121658
own,0.5,S1-only seed 44 [3m],SID23,339,873,130617,916747,0.0025715130965113897
own,0.5,S1-only seed 44 [3m],SID25,8672,389,97257,942258,0.08156662089204086
own,0.5,S1-only seed 44 [3m],SID26,0,17689,20453,1010434,0.0
own,0.5,S1-only seed 44 [3m],SID27,0,25828,9830,1012918,0.0
own,0.5,S1-only seed 44 [3m],SID28,173037,49,351607,523883,0.32978713266614956
own,0.5,S1-only seed 44 [3m],SID31,0,0,34111,1014465,0.0
own,0.5,S1-only seed 44 [3m],SID33,9340,4,273221,766011,0.03305434147895175
own,0.5,S1-only seed 44 [3m],SID36,108746,7948,53024,878858,0.640745236215369
own,0.5,S1-only seed 44 [3m],SID37,359704,13010,542714,133148,0.39293532642654583
own,0.5,S1-only seed 44 [3m],SID39,111242,365,212924,724045,0.34277773155723185
own,0.5,S1-only seed 44 [3m],SID40,394928,1031,217367,435250,0.6439120467744723
own,0.5,S1-only seed 44 [3m],SID44,83506,6599,118835,839636,0.3996649755910788
own,0.5,S1-only seed 44 [3m],SID46,46194,745,583658,417979,0.07325439226637614
own,0.5,S1-only seed 44 [3m],SID50,38,1015,4652,596095,0.0066608238387379495
own,0.5,S1-only seed 44 [3m],SID51,2861,166,29438,1016111,0.0881256738025566
own,0.5,S1-only seed 44 [3m],SID52,110380,911,42925,894360,0.7157493385900295
own,0.5,S1-only seed 44 [3m],SID53,9435,1524,460875,576742,0.019996439425730237
own,0.5,S1-only seed 44 [3m],SID55,13645,12004,468232,554695,0.027628112844997076
own,0.5,S1-only seed 44 [3m],SID59,59992,309,28008,960267,0.6793418564359238
own,0.5,S1-only seed 44 [3m],SID61,142719,1479,50452,853926,0.7332083226303622
own,0.5,S1-only seed 44 [3m],SID63,347328,2460,162113,536675,0.678506195533902
own,0.5,S1-only seed 44 [3m],SID64,52795,1473,11773,982535,0.7994276282915159
own,0.5,S1-only seed 44 [3m],SID65,29140,4854,39880,974702,0.39445542410049544
own,0.5,S1-only seed 44 [3m],SID67,175,3025,25875,1019501,0.0060189165950128975
own,0.5,S1-only seed 44 [3m],SID68,15608,804,25906,1006258,0.3688265040880949
own,0.5,S1-only seed 44 [3m],SID69,35928,1792,84621,926235,0.29367096884936367
own,0.5,S1-only seed 44 [3m],SID72,878838,597,47825,121316,0.9477794793261868
own,0.5,S1-only seed 44 [3m],SID78,68361,711,200300,779204,0.2537791604175638
own,0.5,S1-only seed 44 [3m],SID79,87674,21337,163582,775983,0.32162968234694217
own,0.5,S1-only seed 44 [3m],SID80,69115,167,22575,956719,0.7524195216477786
own,0.5,S1-only seed 44 [3m],SID81,218454,51,78002,752069,0.7367583227377431
own,0.5,S1-only seed 44 [3m],SID83,1271,0,153351,893954,0.00822004630647644
own,0.5,S1-only seed 44 [3m],SID85,250071,226,124912,673367,0.6664845459463925
own,0.5,S1-only seed 44 [3m],SID87,3177,6417,19486,1019496,0.1092503438789546
own,0.5,S1-only seed 44 [3m],SID89,11886,1513,63453,971724,0.15466090667777027
own,0.5,S1-only seed 44 [3m],SID90,1360,2056,38550,1006610,0.032407186770242576
own,0.5,S1-only seed 44 [3m],SID91,23135,3188,14200,1008053,0.5709103472102263
own,0.5,S1-only seed 44 [3m],SID92,291577,82183,166651,508165,0.5395467523792077
own,0.5,S1-only seed 44 [3m],SID93,0,12311,31314,1004951,0.0
own,0.5,S1-only seed 44 [3m],SID97,34702,16340,173132,824402,0.1547993968970532
own,0.5,S1-only seed 44 [3m],SID98,1519,4312,69107,973638,0.020270089941017908
own,0.5,S1-only seed 44 [3m],SID99,0,14493,5661,1028422,0.0
own,0.5,S1+AEF(t) seed 42 [3m],SID03,331500,4735,25404,686937,0.9166599841278181
own,0.5,S1+AEF(t) seed 42 [3m],SID04,145729,12815,17697,872335,0.8268734289977928
own,0.5,S1+AEF(t) seed 42 [3m],SID05,546999,19169,9744,472664,0.9497961494117156
own,0.5,S1+AEF(t) seed 42 [3m],SID06,730756,5924,19801,292095,0.9659938584049037
own,0.5,S1+AEF(t) seed 42 [3m],SID100,35060,1320,6438,1005758,0.8188145172590966
own,0.5,S1+AEF(t) seed 42 [3m],SID14,114221,4349,13176,916830,0.8669788836093696
own,0.5,S1+AEF(t) seed 42 [3m],SID15,788084,84435,201,175856,0.9030204418370154
own,0.5,S1+AEF(t) seed 42 [3m],SID17,36573,15129,715,996159,0.6977316519449797
own,0.5,S1+AEF(t) seed 42 [3m],SID18,54266,18754,59,975497,0.7425662639061837
own,0.5,S1+AEF(t) seed 42 [3m],SID21,295021,16574,8606,728375,0.9213618945599795
own,0.5,S1+AEF(t) seed 42 [3m],SID22,267393,20153,7073,753957,0.9075891235799456
own,0.5,S1+AEF(t) seed 42 [3m],SID23,123458,7084,7498,910536,0.8943639524775427
own,0.5,S1+AEF(t) seed 42 [3m],SID25,30766,2844,2984,259375,0.8407389189484615
own,0.5,S1+AEF(t) seed 42 [3m],SID26,10779,2734,9674,1025389,0.4648725578988226
own,0.5,S1+AEF(t) seed 42 [3m],SID27,8743,6674,1087,1032072,0.5297503635482307
own,0.5,S1+AEF(t) seed 42 [3m],SID28,524644,210995,0,312937,0.7131813294292445
own,0.5,S1+AEF(t) seed 42 [3m],SID31,11958,5785,22153,1008680,0.2997292961700421
own,0.5,S1+AEF(t) seed 42 [3m],SID33,187429,196,95132,765819,0.6628624578701854
own,0.5,S1+AEF(t) seed 42 [3m],SID36,114648,474,47122,886332,0.7066393826582185
own,0.5,S1+AEF(t) seed 42 [3m],SID37,874576,4059,27842,142099,0.9648077116132014
own,0.5,S1+AEF(t) seed 42 [3m],SID39,306195,1659,17971,722751,0.939752934857669
own,0.5,S1+AEF(t) seed 42 [3m],SID40,610362,4188,1933,432093,0.990071096851008
own,0.5,S1+AEF(t) seed 42 [3m],SID44,199527,15889,2814,830346,0.9142968427805527
own,0.5,S1+AEF(t) seed 42 [3m],SID46,593809,87256,36043,331468,0.8280607663001947
own,0.5,S1+AEF(t) seed 42 [3m],SID50,161,0,4529,597110,0.034328358208955224
own,0.5,S1+AEF(t) seed 42 [3m],SID51,28904,5536,3395,1010741,0.763948724725783
own,0.5,S1+AEF(t) seed 42 [3m],SID52,147276,7929,6029,887342,0.9134301698152995
own,0.5,S1+AEF(t) seed 42 [3m],SID53,469471,91991,839,486275,0.8349104838867439
own,0.5,S1+AEF(t) seed 42 [3m],SID55,481877,373544,0,193155,0.5633214522439828
own,0.5,S1+AEF(t) seed 42 [3m],SID59,86578,11532,1422,949044,0.8698509022224008
own,0.5,S1+AEF(t) seed 42 [3m],SID61,173627,2482,19544,852923,0.8874231419911782
own,0.5,S1+AEF(t) seed 42 [3m],SID63,474366,2874,35075,536261,0.9259264319803246
own,0.5,S1+AEF(t) seed 42 [3m],SID64,54884,883,9684,983125,0.8385509770668134
own,0.5,S1+AEF(t) seed 42 [3m],SID65,66895,1666,2125,977890,0.9463684463684464
own,0.5,S1+AEF(t) seed 42 [3m],SID67,18923,9433,7127,1013093,0.5332976354874165
own,0.5,S1+AEF(t) seed 42 [3m],SID68,41501,8506,13,998556,0.8296881247501
own,0.5,S1+AEF(t) seed 42 [3m],SID69,101758,12783,18791,915244,0.7631926319263193
own,0.5,S1+AEF(t) seed 42 [3m],SID72,913509,578,13154,121335,0.9851904736740502
own,0.5,S1+AEF(t) seed 42 [3m],SID78,264075,10426,4586,769489,0.9462103215126466
own,0.5,S1+AEF(t) seed 42 [3m],SID79,223250,4139,28006,793181,0.8741361420544647
own,0.5,S1+AEF(t) seed 42 [3m],SID80,89979,6039,1711,950847,0.9206990760163308
own,0.5,S1+AEF(t) seed 42 [3m],SID81,293882,904,2574,751216,0.988303739574926
own,0.5,S1+AEF(t) seed 42 [3m],SID83,152589,5307,2033,888647,0.9541046339313071
own,0.5,S1+AEF(t) seed 42 [3m],SID85,374956,3922,27,669671,0.9895778625249073
own,0.5,S1+AEF(t) seed 42 [3m],SID87,18717,19524,3946,1006389,0.44366748050347266
own,0.5,S1+AEF(t) seed 42 [3m],SID89,74028,2801,1311,970436,0.9473765037112875
own,0.5,S1+AEF(t) seed 42 [3m],SID90,28260,823,11650,1007843,0.6937863648638696
own,0.5,S1+AEF(t) seed 42 [3m],SID91,37029,21596,306,989645,0.6283450136600431
own,0.5,S1+AEF(t) seed 42 [3m],SID92,303480,6884,154748,583464,0.6524880028896266
own,0.5,S1+AEF(t) seed 42 [3m],SID93,0,0,31314,1017262,0.0
own,0.5,S1+AEF(t) seed 42 [3m],SID97,200136,79048,7698,761694,0.6976248074121068
own,0.5,S1+AEF(t) seed 42 [3m],SID98,47310,21939,23316,956011,0.5111003078917518
own,0.5,S1+AEF(t) seed 42 [3m],SID99,467,19707,5194,1023208,0.018409019236833805
own,0.5,S1+AEF(t) seed 43 [3m],SID03,338911,12348,17993,679324,0.9178311830403085
own,0.5,S1+AEF(t) seed 43 [3m],SID04,146417,13536,17009,871614,0.8273923215153536
own,0.5,S1+AEF(t) seed 43 [3m],SID05,550999,23854,5744,467979,0.9490214382781861
own,0.5,S1+AEF(t) seed 43 [3m],SID06,738584,10941,11973,287078,0.969909310333054
own,0.5,S1+AEF(t) seed 43 [3m],SID100,36890,3764,4608,1003314,0.8150324775750077
own,0.5,S1+AEF(t) seed 43 [3m],SID14,114753,5099,12644,916080,0.8660865233667432
own,0.5,S1+AEF(t) seed 43 [3m],SID15,788266,118170,19,142121,0.8696140459261629
own,0.5,S1+AEF(t) seed 43 [3m],SID17,36603,16121,685,995167,0.6853339324832893
own,0.5,S1+AEF(t) seed 43 [3m],SID18,54286,23585,39,970666,0.6967783339750995
own,0.5,S1+AEF(t) seed 43 [3m],SID21,297764,23002,5863,721947,0.9116275652192549
own,0.5,S1+AEF(t) seed 43 [3m],SID22,267249,20343,7217,753767,0.9065157440919375
own,0.5,S1+AEF(t) seed 43 [3m],SID23,126023,8962,4933,908658,0.9006918337883617
own,0.5,S1+AEF(t) seed 43 [3m],SID25,31327,4415,2423,257804,0.8208306039565046
own,0.5,S1+AEF(t) seed 43 [3m],SID26,11257,3250,9196,1024873,0.47491878665147874
own,0.5,S1+AEF(t) seed 43 [3m],SID27,8947,7551,883,1031195,0.5147574938150854
own,0.5,S1+AEF(t) seed 43 [3m],SID28,524644,213789,0,310143,0.7104828738693965
own,0.5,S1+AEF(t) seed 43 [3m],SID31,12891,6795,21220,1007670,0.31513714369530144
own,0.5,S1+AEF(t) seed 43 [3m],SID33,186053,157,96508,765858,0.6580868568679744
own,0.5,S1+AEF(t) seed 43 [3m],SID36,125625,1822,36145,884984,0.7679165240354051
own,0.5,S1+AEF(t) seed 43 [3m],SID37,886012,8137,16406,138021,0.9730461092410673
own,0.5,S1+AEF(t) seed 43 [3m],SID39,311175,3589,12991,720821,0.9494134338148922
own,0.5,S1+AEF(t) seed 43 [3m],SID40,610306,4019,1989,432262,0.9902517223363415
own,0.5,S1+AEF(t) seed 43 [3m],SID44,199039,15559,3302,830676,0.9134419458467187
own,0.5,S1+AEF(t) seed 43 [3m],SID46,609684,106701,20168,312023,0.8277530605401104
own,0.5,S1+AEF(t) seed 43 [3m],SID50,261,4,4429,597106,0.0556028973157222
own,0.5,S1+AEF(t) seed 43 [3m],SID51,29345,7281,2954,1008996,0.7414098029307731
own,0.5,S1+AEF(t) seed 43 [3m],SID52,147922,10219,5383,885052,0.9045889288422495
own,0.5,S1+AEF(t) seed 43 [3m],SID53,469669,101770,641,476496,0.8209848272968816
own,0.5,S1+AEF(t) seed 43 [3m],SID55,481877,383571,0,183128,0.5567948623140847
own,0.5,S1+AEF(t) seed 43 [3m],SID59,87170,16216,830,944360,0.8364358639748215
own,0.5,S1+AEF(t) seed 43 [3m],SID61,178811,3259,14360,852146,0.9103039250623631
own,0.5,S1+AEF(t) seed 43 [3m],SID63,485891,6182,23550,532953,0.9423377157341701
own,0.5,S1+AEF(t) seed 43 [3m],SID64,55851,1143,8717,982865,0.8499490191900899
own,0.5,S1+AEF(t) seed 43 [3m],SID65,66956,2359,2064,977197,0.9380349962874235
own,0.5,S1+AEF(t) seed 43 [3m],SID67,19576,12611,6474,1009915,0.5063500685445281
own,0.5,S1+AEF(t) seed 43 [3m],SID68,41506,8899,8,998163,0.823319381905461
own,0.5,S1+AEF(t) seed 43 [3m],SID69,106935,19650,13614,908377,0.7627372520488734
own,0.5,S1+AEF(t) seed 43 [3m],SID72,916013,1042,10650,120871,0.9873968556814936
own,0.5,S1+AEF(t) seed 43 [3m],SID78,264456,11854,4205,768061,0.9427517245067109
own,0.5,S1+AEF(t) seed 43 [3m],SID79,221800,4138,29456,793182,0.8684620625386658
own,0.5,S1+AEF(t) seed 43 [3m],SID80,90166,6702,1524,950184,0.9163956419221075
own,0.5,S1+AEF(t) seed 43 [3m],SID81,294443,1289,2013,750831,0.9889099732992997
own,0.5,S1+AEF(t) seed 43 [3m],SID83,152904,6453,1718,887501,0.9492720782244296
own,0.5,S1+AEF(t) seed 43 [3m],SID85,374966,4470,17,669123,0.9881750836071924
own,0.5,S1+AEF(t) seed 43 [3m],SID87,19588,26266,3075,999647,0.4003351795458726
own,0.5,S1+AEF(t) seed 43 [3m],SID89,73650,2414,1689,970823,0.9472303319486065
own,0.5,S1+AEF(t) seed 43 [3m],SID90,28520,855,11390,1007811,0.6996197718631179
own,0.5,S1+AEF(t) seed 43 [3m],SID91,37063,22040,272,989201,0.6242189473684211
own,0.5,S1+AEF(t) seed 43 [3m],SID92,300573,5953,157655,584395,0.6475340438320396
own,0.5,S1+AEF(t) seed 43 [3m],SID93,0,0,31314,1017262,0.0
own,0.5,S1+AEF(t) seed 43 [3m],SID97,201475,82938,6359,757804,0.692896840135914
own,0.5,S1+AEF(t) seed 43 [3m],SID98,47118,23372,23508,954578,0.5012659843826465
own,0.5,S1+AEF(t) seed 43 [3m],SID99,840,26938,4821,1015977,0.025767661584711186
own,0.5,S1+AEF(t) seed 44 [3m],SID03,336802,7646,20102,684026,0.9238842408448772
own,0.5,S1+AEF(t) seed 44 [3m],SID04,145870,13174,17556,871976,0.82599093997735
own,0.5,S1+AEF(t) seed 44 [3m],SID05,550766,23700,5977,468133,0.9488718099796191
own,0.5,S1+AEF(t) seed 44 [3m],SID06,735750,8815,14807,289204,0.9688927166132014
own,0.5,S1+AEF(t) seed 44 [3m],SID100,36771,4480,4727,1002598,0.7997520553308104
own,0.5,S1+AEF(t) seed 44 [3m],SID14,115249,5646,12148,915533,0.866253767578903
own,0.5,S1+AEF(t) seed 44 [3m],SID15,788235,116539,50,143752,0.8711473170472932
own,0.5,S1+AEF(t) seed 44 [3m],SID17,36795,18067,493,993221,0.6647096016619998
own,0.5,S1+AEF(t) seed 44 [3m],SID18,54283,24362,42,969889,0.6898598243674304
own,0.5,S1+AEF(t) seed 44 [3m],SID21,297081,19653,6546,725296,0.9189587973273942
own,0.5,S1+AEF(t) seed 44 [3m],SID22,267846,23152,6620,750958,0.8999657278793621
own,0.5,S1+AEF(t) seed 44 [3m],SID23,126000,8777,4956,908843,0.9017197083008309
own,0.5,S1+AEF(t) seed 44 [3m],SID25,31199,4354,2551,257865,0.8187854293512492
own,0.5,S1+AEF(t) seed 44 [3m],SID26,13177,4345,7276,1023778,0.5313734978627309
own,0.5,S1+AEF(t) seed 44 [3m],SID27,9529,9528,301,1029218,0.4922512656266143
own,0.5,S1+AEF(t) seed 44 [3m],SID28,524644,226881,0,297051,0.6981058514354147
own,0.5,S1+AEF(t) seed 44 [3m],SID31,13390,7822,20721,1006643,0.31931891350487684
own,0.5,S1+AEF(t) seed 44 [3m],SID33,197034,252,85527,765763,0.696693574906387
own,0.5,S1+AEF(t) seed 44 [3m],SID36,120485,1021,41285,885785,0.7401207683471445
own,0.5,S1+AEF(t) seed 44 [3m],SID37,885809,5318,16609,140840,0.9758442983422493
own,0.5,S1+AEF(t) seed 44 [3m],SID39,310760,2811,13406,721599,0.9504032393715766
own,0.5,S1+AEF(t) seed 44 [3m],SID40,610499,4249,1796,432032,0.9901953469663155
own,0.5,S1+AEF(t) seed 44 [3m],SID44,200906,21874,1435,824361,0.8960417456459202
own,0.5,S1+AEF(t) seed 44 [3m],SID46,612669,109820,17183,308904,0.828298218669897
own,0.5,S1+AEF(t) seed 44 [3m],SID50,412,7,4278,597103,0.08771556312539919
own,0.5,S1+AEF(t) seed 44 [3m],SID51,29556,6861,2743,1009416,0.7547497446373851
own,0.5,S1+AEF(t) seed 44 [3m],SID52,148037,9972,5268,885299,0.9066616853567864
own,0.5,S1+AEF(t) seed 44 [3m],SID53,469733,105938,577,472328,0.815157709874915
own,0.5,S1+AEF(t) seed 44 [3m],SID55,481877,391837,0,174862,0.5515271587727792
own,0.5,S1+AEF(t) seed 44 [3m],SID59,87225,15144,775,945432,0.8456623749321337
own,0.5,S1+AEF(t) seed 44 [3m],SID61,178495,3165,14676,852240,0.9091302664819493
own,0.5,S1+AEF(t) seed 44 [3m],SID63,483406,5373,26035,533762,0.9389915581161351
own,0.5,S1+AEF(t) seed 44 [3m],SID64,55832,1011,8736,982997,0.8513701032342671
own,0.5,S1+AEF(t) seed 44 [3m],SID65,65967,1001,3053,978555,0.942103083360706
own,0.5,S1+AEF(t) seed 44 [3m],SID67,21154,14555,4896,1007971,0.5209703238517424
own,0.5,S1+AEF(t) seed 44 [3m],SID68,41512,9258,2,997804,0.8176160088237612
own,0.5,S1+AEF(t) seed 44 [3m],SID69,108936,23589,11613,904438,0.7557757149398493
own,0.5,S1+AEF(t) seed 44 [3m],SID72,916970,1173,9693,120740,0.9882888786380352
own,0.5,S1+AEF(t) seed 44 [3m],SID78,264526,11119,4135,768796,0.9454785903209665
own,0.5,S1+AEF(t) seed 44 [3m],SID79,226470,5485,24786,791835,0.8820951854203263
own,0.5,S1+AEF(t) seed 44 [3m],SID80,90326,7031,1364,949855,0.914962368695617
own,0.5,S1+AEF(t) seed 44 [3m],SID81,294545,1585,1911,750535,0.9882700702252375
own,0.5,S1+AEF(t) seed 44 [3m],SID83,153218,6102,1404,887852,0.9532988228267092
own,0.5,S1+AEF(t) seed 44 [3m],SID85,374981,5424,2,668169,0.9857363297731114
own,0.5,S1+AEF(t) seed 44 [3m],SID87,19691,24024,2972,1001889,0.4217662304281706
own,0.5,S1+AEF(t) seed 44 [3m],SID89,74212,2994,1127,970243,0.9473912654947468
own,0.5,S1+AEF(t) seed 44 [3m],SID90,28988,1073,10922,1007593,0.7073176683014909
own,0.5,S1+AEF(t) seed 44 [3m],SID91,37207,24162,128,987079,0.605021383156902
own,0.5,S1+AEF(t) seed 44 [3m],SID92,312534,8306,145694,582042,0.6699061590366404
own,0.5,S1+AEF(t) seed 44 [3m],SID93,0,0,31314,1017262,0.0
own,0.5,S1+AEF(t) seed 44 [3m],SID97,204882,104113,2952,736629,0.6567846461097558
own,0.5,S1+AEF(t) seed 44 [3m],SID98,50202,25509,20424,952441,0.5222031518177562
own,0.5,S1+AEF(t) seed 44 [3m],SID99,934,33240,4727,1009675,0.024009665561296623
own,0.5,S1-only seed 42 [10m],SID03,331085,23465,25819,668207,0.8704310813972748
own,0.5,S1-only seed 42 [10m],SID04,137998,13091,25428,872059,0.7817830577224857
own,0.5,S1-only seed 42 [10m],SID05,550892,44607,5851,447226,0.9160921260497215
own,0.5,S1-only seed 42 [10m],SID06,734734,28145,15823,269874,0.9435368086893318
own,0.5,S1-only seed 42 [10m],SID100,5402,1367,36096,1005711,0.12602356234690307
own,0.5,S1-only seed 42 [10m],SID14,113147,8465,14250,912714,0.8328082907656298
own,0.5,S1-only seed 42 [10m],SID15,703640,4562,84645,255729,0.8874852272884932
own,0.5,S1-only seed 42 [10m],SID17,34478,14065,2810,997223,0.6713921289895429
own,0.5,S1-only seed 42 [10m],SID18,54024,5360,301,988891,0.90515204825333
own,0.5,S1-only seed 42 [10m],SID21,294337,24010,9290,720939,0.8983631274856014
own,0.5,S1-only seed 42 [10m],SID22,250086,18383,24380,755727,0.8539759398188145
own,0.5,S1-only seed 42 [10m],SID23,2063,1754,128893,915866,0.015545173686986663
own,0.5,S1-only seed 42 [10m],SID25,91592,27740,14337,914907,0.6852149713097277
own,0.5,S1-only seed 42 [10m],SID26,0,1620,20453,1026503,0.0
own,0.5,S1-only seed 42 [10m],SID27,1221,25073,8609,1013673,0.03498266624645446
own,0.5,S1-only seed 42 [10m],SID28,517176,8480,7468,515452,0.9700857586602741
own,0.5,S1-only seed 42 [10m],SID31,5629,2492,28482,1011973,0.15378520886266153
own,0.5,S1-only seed 42 [10m],SID33,33598,1223,248963,764792,0.11839286217686691
own,0.5,S1-only seed 42 [10m],SID36,138124,25432,23646,861374,0.7378339975000268
own,0.5,S1-only seed 42 [10m],SID37,891664,27948,10754,118210,0.9584013173310288
own,0.5,S1-only seed 42 [10m],SID39,312644,17788,11522,706622,0.9142867169268382
own,0.5,S1-only seed 42 [10m],SID40,610995,13566,1300,422715,0.9762471219647814
own,0.5,S1-only seed 42 [10m],SID44,129191,13875,73150,832360,0.5975089725089725
own,0.5,S1-only seed 42 [10m],SID46,220782,15360,409070,403364,0.3421852042429465
own,0.5,S1-only seed 42 [10m],SID50,0,0,4693,597518,0.0
own,0.5,S1-only seed 42 [10m],SID51,24614,9620,7685,1006657,0.5871800376917389
own,0.5,S1-only seed 42 [10m],SID52,141328,12486,11977,882785,0.8524467552520945
own,0.5,S1-only seed 42 [10m],SID53,373773,25969,96537,552297,0.7531509493651757
own,0.5,S1-only seed 42 [10m],SID55,340606,116003,141271,450696,0.5696895698133405
own,0.5,S1-only seed 42 [10m],SID59,86193,16093,1807,944483,0.828038388748523
own,0.5,S1-only seed 42 [10m],SID61,180403,24132,12768,831273,0.8301910235937838
own,0.5,S1-only seed 42 [10m],SID63,489288,54856,20153,484279,0.8670753167215137
own,0.5,S1-only seed 42 [10m],SID64,58394,8475,6174,975533,0.7994469011404242
own,0.5,S1-only seed 42 [10m],SID65,59962,1159,9058,978397,0.8544151384317246
own,0.5,S1-only seed 42 [10m],SID67,349,13203,25701,1009323,0.008891040175273228
own,0.5,S1-only seed 42 [10m],SID68,38088,9782,3426,997280,0.7425140361821585
own,0.5,S1-only seed 42 [10m],SID69,109445,36163,11104,891864,0.698383021083261
own,0.5,S1-only seed 42 [10m],SID72,920071,4914,6592,116999,0.9876489007349902
own,0.5,S1-only seed 42 [10m],SID78,258417,9087,10244,770828,0.9304009389806587
own,0.5,S1-only seed 42 [10m],SID79,196503,19916,54753,777404,0.7246433997610373
own,0.5,S1-only seed 42 [10m],SID80,87952,7788,3738,949098,0.8841351856691931
own,0.5,S1-only seed 42 [10m],SID81,295819,6454,637,745666,0.9765904063913373
own,0.5,S1-only seed 42 [10m],SID83,70926,1541,83696,892413,0.45417928702701665
own,0.5,S1-only seed 42 [10m],SID85,374831,5320,152,668273,0.9856114729570895
own,0.5,S1-only seed 42 [10m],SID87,7149,12995,15514,1012918,0.2004879690392058
own,0.5,S1-only seed 42 [10m],SID89,14849,109,60490,973128,0.19681104866928215
own,0.5,S1-only seed 42 [10m],SID90,12863,478,27047,1008188,0.31848568881846095
own,0.5,S1-only seed 42 [10m],SID91,36207,17768,1128,993473,0.6570785619657732
own,0.5,S1-only seed 42 [10m],SID92,352616,124378,105612,465970,0.6052392182710099
own,0.5,S1-only seed 42 [10m],SID93,69,207713,31245,809549,0.0002886703175791856
own,0.5,S1-only seed 42 [10m],SID97,86890,32035,120944,808707,0.36223938899982905
own,0.5,S1-only seed 42 [10m],SID98,14249,6651,56377,971299,0.18438862792292662
own,0.5,S1-only seed 42 [10m],SID99,0,71883,5661,971032,0.0
own,0.5,S1-only seed 43 [10m],SID03,333527,27255,23377,664417,0.8682004066024746
own,0.5,S1-only seed 43 [10m],SID04,139005,14995,24421,870155,0.7790843006148379
own,0.5,S1-only seed 43 [10m],SID05,552256,47456,4487,444377,0.9140299801886465
own,0.5,S1-only seed 43 [10m],SID06,738853,31742,11704,266277,0.9444636897145465
own,0.5,S1-only seed 43 [10m],SID100,7315,41302,34183,965776,0.08834541062801933
own,0.5,S1-only seed 43 [10m],SID14,115534,10451,11863,910728,0.8381260518832337
own,0.5,S1-only seed 43 [10m],SID15,726621,7636,61664,252655,0.9129310572280415
own,0.5,S1-only seed 43 [10m],SID17,34811,15100,2477,996188,0.664484233030465
own,0.5,S1-only seed 43 [10m],SID18,53975,6992,350,987259,0.8802615914020582
own,0.5,S1-only seed 43 [10m],SID21,295723,26377,7904,718572,0.896119440976473
own,0.5,S1-only seed 43 [10m],SID22,257570,35252,16896,738858,0.8316274804822451
own,0.5,S1-only seed 43 [10m],SID23,4016,3323,126940,914297,0.029907878372642038
own,0.5,S1-only seed 43 [10m],SID25,91728,27170,14201,915477,0.6891712184163667
own,0.5,S1-only seed 43 [10m],SID26,0,6792,20453,1021331,0.0
own,0.5,S1-only seed 43 [10m],SID27,1246,35288,8584,1003458,0.027616472361363536
own,0.5,S1-only seed 43 [10m],SID28,520906,12587,3738,511345,0.9696126991927123
own,0.5,S1-only seed 43 [10m],SID31,5366,3010,28745,1011455,0.1445542954123003
own,0.5,S1-only seed 43 [10m],SID33,72340,2321,210221,763694,0.2539296972079668
own,0.5,S1-only seed 43 [10m],SID36,140917,28458,20853,858348,0.7407794856698278
own,0.5,S1-only seed 43 [10m],SID37,898041,33801,4377,112357,0.9592210796832792
own,0.5,S1-only seed 43 [10m],SID39,315755,24585,8411,699825,0.9053880849087171
own,0.5,S1-only seed 43 [10m],SID40,611632,17430,663,418851,0.9712684108142443
own,0.5,S1-only seed 43 [10m],SID44,153361,27934,48980,818301,0.665990663337314
own,0.5,S1-only seed 43 [10m],SID46,245043,17565,384809,401159,0.37849330493329647
own,0.5,S1-only seed 43 [10m],SID50,0,0,4693,597518,0.0
own,0.5,S1-only seed 43 [10m],SID51,25298,9765,7001,1006512,0.6014168885507798
own,0.5,S1-only seed 43 [10m],SID52,145776,19022,7529,876249,0.8459266394703093
own,0.5,S1-only seed 43 [10m],SID53,428550,30694,41760,547572,0.8553823921565497
own,0.5,S1-only seed 43 [10m],SID55,416593,227746,65284,338953,0.587062426105129
own,0.5,S1-only seed 43 [10m],SID59,86297,16934,1703,943642,0.8223931232965483
own,0.5,S1-only seed 43 [10m],SID61,182843,28530,10328,826875,0.8247278992877795
own,0.5,S1-only seed 43 [10m],SID63,494480,63280,14961,475855,0.8633872339236731
own,0.5,S1-only seed 43 [10m],SID64,58518,9101,6050,974907,0.7943368309601053
own,0.5,S1-only seed 43 [10m],SID65,64276,1998,4744,977558,0.90506632121434
own,0.5,S1-only seed 43 [10m],SID67,679,13797,25371,1008729,0.01704017868346425
own,0.5,S1-only seed 43 [10m],SID68,40340,12612,1174,994450,0.745298008350885
own,0.5,S1-only seed 43 [10m],SID69,111596,39330,8953,888697,0.6980028646664039
own,0.5,S1-only seed 43 [10m],SID72,921279,6179,5384,115734,0.9876045461074866
own,0.5,S1-only seed 43 [10m],SID78,259694,10901,8967,769014,0.92893168599452
own,0.5,S1-only seed 43 [10m],SID79,213388,45351,37868,751969,0.7194300876243649
own,0.5,S1-only seed 43 [10m],SID80,88242,8789,3448,948097,0.8782133580151076
own,0.5,S1-only seed 43 [10m],SID81,296100,7847,356,744273,0.9730433153797367
own,0.5,S1-only seed 43 [10m],SID83,108481,3206,46141,890748,0.687336847707631
own,0.5,S1-only seed 43 [10m],SID85,374864,5563,119,668030,0.9850688221660456
own,0.5,S1-only seed 43 [10m],SID87,7326,16967,15337,1008946,0.18485995457986373
own,0.5,S1-only seed 43 [10m],SID89,48588,1710,26751,971527,0.6306116886656543
own,0.5,S1-only seed 43 [10m],SID90,13000,1385,26910,1007281,0.3148080881462647
own,0.5,S1-only seed 43 [10m],SID91,36348,20971,987,990270,0.623400679175385
own,0.5,S1-only seed 43 [10m],SID92,363679,141931,94549,448417,0.6059710843293193
own,0.5,S1-only seed 43 [10m],SID93,539,310006,30775,707256,0.0015791632485643971
own,0.5,S1-only seed 43 [10m],SID97,100072,41167,107762,799575,0.40189396829731605
own,0.5,S1-only seed 43 [10m],SID98,15623,7716,55003,970234,0.19942048964795384
own,0.5,S1-only seed 43 [10m],SID99,0,93672,5661,949243,0.0
own,0.5,S1-only seed 44 [10m],SID03,330295,23978,26609,667694,0.8671845873525134
own,0.5,S1-only seed 44 [10m],SID04,138091,13668,25335,871482,0.7797610308649644
own,0.5,S1-only seed 44 [10m],SID05,550627,42620,6116,449213,0.9186870060380771
own,0.5,S1-only seed 44 [10m],SID06,728306,24991,22251,273028,0.9390856529834388
own,0.5,S1-only seed 44 [10m],SID100,7993,3280,33505,1003798,0.17850283621421234
own,0.5,S1-only seed 44 [10m],SID14,112032,7483,15365,913696,0.8306049822064057
own,0.5,S1-only seed 44 [10m],SID15,694618,4545,93667,255746,0.8761247682353089
own,0.5,S1-only seed 44 [10m],SID17,34292,13930,2996,997358,0.669530243273849
own,0.5,S1-only seed 44 [10m],SID18,53956,4819,369,989432,0.9122818882726904
own,0.5,S1-only seed 44 [10m],SID21,293339,23283,10288,721666,0.8973081276192224
own,0.5,S1-only seed 44 [10m],SID22,252845,20193,21621,753917,0.8580935929328478
own,0.5,S1-only seed 44 [10m],SID23,1061,1174,129895,916446,0.008029970483614621
own,0.5,S1-only seed 44 [10m],SID25,89555,24569,16374,918078,0.686255728057135
own,0.5,S1-only seed 44 [10m],SID26,0,713,20453,1027410,0.0
own,0.5,S1-only seed 44 [10m],SID27,519,17538,9311,1021208,0.01896375328851213
own,0.5,S1-only seed 44 [10m],SID28,515860,8530,8784,515402,0.9675265485563812
own,0.5,S1-only seed 44 [10m],SID31,5311,2942,28800,1011523,0.14333522251909428
own,0.5,S1-only seed 44 [10m],SID33,43650,1731,238911,764284,0.15353931872863114
own,0.5,S1-only seed 44 [10m],SID36,139010,26885,22760,859921,0.7368476849275132
own,0.5,S1-only seed 44 [10m],SID37,891811,28445,10607,117713,0.9580475322362152
own,0.5,S1-only seed 44 [10m],SID39,313087,18618,11079,705792,0.9133652679238238
own,0.5,S1-only seed 44 [10m],SID40,611430,15432,865,420849,0.9740380770621624
own,0.5,S1-only seed 44 [10m],SID44,137042,17523,65299,828712,0.6233034967070553
own,0.5,S1-only seed 44 [10m],SID46,194487,13428,435365,405296,0.30233646312647683
own,0.5,S1-only seed 44 [10m],SID50,0,0,4693,597518,0.0
own,0.5,S1-only seed 44 [10m],SID51,24817,9308,7482,1006969,0.5964621337755666
own,0.5,S1-only seed 44 [10m],SID52,142441,13946,10864,881325,0.8516600797603602
own,0.5,S1-only seed 44 [10m],SID53,407590,26703,62720,551563,0.8200791528591808
own,0.5,S1-only seed 44 [10m],SID55,441730,216128,40147,350571,0.6328464695811634
own,0.5,S1-only seed 44 [10m],SID59,85827,14889,2173,945687,0.8341708054310957
own,0.5,S1-only seed 44 [10m],SID61,180830,24877,12341,830528,0.8293128118579396
own,0.5,S1-only seed 44 [10m],SID63,490311,56387,19130,482748,0.8665371809100999
own,0.5,S1-only seed 44 [10m],SID64,58333,8143,6235,975865,0.8022582552846199
own,0.5,S1-only seed 44 [10m],SID65,57277,1262,11743,978294,0.8149597336444608
own,0.5,S1-only seed 44 [10m],SID67,458,13938,25592,1008588,0.011453436030809243
own,0.5,S1-only seed 44 [10m],SID68,39011,10085,2503,996977,0.7560417837554991
own,0.5,S1-only seed 44 [10m],SID69,109040,33398,11509,894629,0.7082957121606787
own,0.5,S1-only seed 44 [10m],SID72,920355,5113,6308,116800,0.987742762208943
own,0.5,S1-only seed 44 [10m],SID78,257388,8403,11273,771512,0.9289839170733116
own,0.5,S1-only seed 44 [10m],SID79,197309,21326,53947,775994,0.7238519051147911
own,0.5,S1-only seed 44 [10m],SID80,87199,7126,4491,949760,0.8824380667098446
own,0.5,S1-only seed 44 [10m],SID81,296016,7133,440,744987,0.9750550909288545
own,0.5,S1-only seed 44 [10m],SID83,80817,2223,73805,891731,0.5152666645414262
own,0.5,S1-only seed 44 [10m],SID85,374800,5274,183,668319,0.985649179370794
own,0.5,S1-only seed 44 [10m],SID87,6330,11298,16333,1014615,0.18639027119342774
own,0.5,S1-only seed 44 [10m],SID89,29173,124,46166,973113,0.3865868041291759
own,0.5,S1-only seed 44 [10m],SID90,14855,907,25055,1007759,0.36394149496533307
own,0.5,S1-only seed 44 [10m],SID91,36282,17115,1053,994126,0.6663360881542699
own,0.5,S1-only seed 44 [10m],SID92,345415,121717,112813,468631,0.5955995827190509
own,0.5,S1-only seed 44 [10m],SID93,131,397446,31183,619816,0.00030553223248437356
own,0.5,S1-only seed 44 [10m],SID97,77947,29776,129887,810966,0.32804595766171457
own,0.5,S1-only seed 44 [10m],SID98,15305,7424,55321,970526,0.19609224855861626
own,0.5,S1-only seed 44 [10m],SID99,0,87219,5661,955696,0.0
own,0.5,S1+AEF(t) seed 42 [10m],SID03,337575,14020,19329,677652,0.9100920943373845
own,0.5,S1+AEF(t) seed 42 [10m],SID04,143667,19879,19759,865271,0.7837593082567306
own,0.5,S1+AEF(t) seed 42 [10m],SID05,552685,29836,4058,461997,0.9422175018198742
own,0.5,S1+AEF(t) seed 42 [10m],SID06,733350,7658,17207,290361,0.9672058716854718
own,0.5,S1+AEF(t) seed 42 [10m],SID100,34080,883,7418,1006195,0.8041339279394069
own,0.5,S1+AEF(t) seed 42 [10m],SID14,116069,7888,11328,913291,0.8579591233322246
own,0.5,S1+AEF(t) seed 42 [10m],SID15,785723,49234,2562,211057,0.9381554328916717
own,0.5,S1+AEF(t) seed 42 [10m],SID17,36544,20122,744,991166,0.6365441560703711
own,0.5,S1+AEF(t) seed 42 [10m],SID18,54325,8359,0,985892,0.866648586561164
own,0.5,S1+AEF(t) seed 42 [10m],SID21,296278,20691,7349,724258,0.9135416473954575
own,0.5,S1+AEF(t) seed 42 [10m],SID22,268529,28323,5937,745787,0.8868519001681039
own,0.5,S1+AEF(t) seed 42 [10m],SID23,117902,6474,13054,911146,0.8579058429746053
own,0.5,S1+AEF(t) seed 42 [10m],SID25,30605,4214,3145,258005,0.8061584659150774
own,0.5,S1+AEF(t) seed 42 [10m],SID26,4191,647,16262,1027476,0.19862559241706162
own,0.5,S1+AEF(t) seed 42 [10m],SID27,8850,7187,980,1031559,0.5200681671269907
own,0.5,S1+AEF(t) seed 42 [10m],SID28,524644,130645,0,393287,0.8006299510597614
own,0.5,S1+AEF(t) seed 42 [10m],SID31,11995,7944,22116,1006521,0.28522173344429913
own,0.5,S1+AEF(t) seed 42 [10m],SID33,167787,575,114774,765440,0.5926021417269439
own,0.5,S1+AEF(t) seed 42 [10m],SID36,127461,2888,34309,883918,0.7740953977334839
own,0.5,S1+AEF(t) seed 42 [10m],SID37,875020,3579,27398,142579,0.9658089375571883
own,0.5,S1+AEF(t) seed 42 [10m],SID39,312640,7323,11526,717087,0.943138384682448
own,0.5,S1+AEF(t) seed 42 [10m],SID40,611830,8034,465,428247,0.9862992057440487
own,0.5,S1+AEF(t) seed 42 [10m],SID44,199319,22165,3022,824070,0.8878114616090439
own,0.5,S1+AEF(t) seed 42 [10m],SID46,565889,83685,63963,335039,0.7930759021606448
own,0.5,S1+AEF(t) seed 42 [10m],SID50,80,0,4613,597518,0.01704666524611123
own,0.5,S1+AEF(t) seed 42 [10m],SID51,27946,7886,4353,1008391,0.6954336195097673
own,0.5,S1+AEF(t) seed 42 [10m],SID52,147648,12535,5657,882736,0.8903039073806078
own,0.5,S1+AEF(t) seed 42 [10m],SID53,469522,85382,788,492884,0.8449320846800026
own,0.5,S1+AEF(t) seed 42 [10m],SID55,481877,365242,0,201457,0.5688421579494735
own,0.5,S1+AEF(t) seed 42 [10m],SID59,87122,18622,878,941954,0.8171109151957382
own,0.5,S1+AEF(t) seed 42 [10m],SID61,179890,5615,13281,849790,0.9049430040344894
own,0.5,S1+AEF(t) seed 42 [10m],SID63,487435,14367,22006,524768,0.9305604343576273
own,0.5,S1+AEF(t) seed 42 [10m],SID64,57423,3161,7145,980847,0.8478347532076363
own,0.5,S1+AEF(t) seed 42 [10m],SID65,67445,2838,1575,976718,0.9385872136714075
own,0.5,S1+AEF(t) seed 42 [10m],SID67,13517,4985,12533,1017541,0.43554051876913163
own,0.5,S1+AEF(t) seed 42 [10m],SID68,41514,11968,0,995094,0.7762237762237763
own,0.5,S1+AEF(t) seed 42 [10m],SID69,107448,22767,13101,905260,0.749727874068492
own,0.5,S1+AEF(t) seed 42 [10m],SID72,916533,1677,10130,120236,0.9872815994140078
own,0.5,S1+AEF(t) seed 42 [10m],SID78,263492,13285,5169,766630,0.9345477502784221
own,0.5,S1+AEF(t) seed 42 [10m],SID79,224412,4108,26844,793212,0.8787926254287997
own,0.5,S1+AEF(t) seed 42 [10m],SID80,90342,8487,1348,948399,0.901823771923695
own,0.5,S1+AEF(t) seed 42 [10m],SID81,295591,3254,865,748866,0.9862567148243302
own,0.5,S1+AEF(t) seed 42 [10m],SID83,152401,6395,2221,887559,0.946490122161014
own,0.5,S1+AEF(t) seed 42 [10m],SID85,374981,6300,2,667293,0.9834715945898453
own,0.5,S1+AEF(t) seed 42 [10m],SID87,17961,21350,4702,1004563,0.4080839751891487
own,0.5,S1+AEF(t) seed 42 [10m],SID89,73937,3347,1402,969890,0.9396461886485524
own,0.5,S1+AEF(t) seed 42 [10m],SID90,29974,1493,9936,1007173,0.7239572011689974
own,0.5,S1+AEF(t) seed 42 [10m],SID91,37310,29358,25,981883,0.5594290255349137
own,0.5,S1+AEF(t) seed 42 [10m],SID92,306658,9589,151570,580759,0.6555084573668764
own,0.5,S1+AEF(t) seed 42 [10m],SID93,0,0,31314,1017262,0.0
own,0.5,S1+AEF(t) seed 42 [10m],SID97,196802,77423,11032,763319,0.6899112028802098
own,0.5,S1+AEF(t) seed 42 [10m],SID98,44657,24715,25969,953235,0.4683924020096286
own,0.5,S1+AEF(t) seed 42 [10m],SID99,77,30395,5584,1012520,0.0021355668959396495
own,0.5,S1+AEF(t) seed 43 [10m],SID03,340193,20685,16711,670987,0.9009610979133397
own,0.5,S1+AEF(t) seed 43 [10m],SID04,142478,17838,20948,867312,0.7860248036013769
own,0.5,S1+AEF(t) seed 43 [10m],SID05,553979,33415,2764,458418,0.938696077999451
own,0.5,S1+AEF(t) seed 43 [10m],SID06,738642,10987,11915,287032,0.9699268853802275
own,0.5,S1+AEF(t) seed 43 [10m],SID100,34657,1488,6841,1005590,0.8062392406830131
own,0.5,S1+AEF(t) seed 43 [10m],SID14,115391,7090,12006,914089,0.8580085807550172
own,0.5,S1+AEF(t) seed 43 [10m],SID15,787962,69940,323,190351,0.9181298610504238
own,0.5,S1+AEF(t) seed 43 [10m],SID17,36469,18619,819,992669,0.6523154524478151
own,0.5,S1+AEF(t) seed 43 [10m],SID18,54325,8510,0,985741,0.8645659266332458
own,0.5,S1+AEF(t) seed 43 [10m],SID21,297570,23541,6057,721408,0.9095327171361502
own,0.5,S1+AEF(t) seed 43 [10m],SID22,268066,26718,6400,747392,0.8900406396090098
own,0.5,S1+AEF(t) seed 43 [10m],SID23,115679,5354,15277,912266,0.8486464676105935
own,0.5,S1+AEF(t) seed 43 [10m],SID25,30951,5414,2799,256805,0.7902921049943826
own,0.5,S1+AEF(t) seed 43 [10m],SID26,3462,446,16991,1027677,0.16565385903631752
own,0.5,S1+AEF(t) seed 43 [10m],SID27,7975,5276,1855,1033470,0.5279359195021845
own,0.5,S1+AEF(t) seed 43 [10m],SID28,524644,134079,0,389853,0.7964561735357654
own,0.5,S1+AEF(t) seed 43 [10m],SID31,11318,6179,22793,1008286,0.2809133780094316
own,0.5,S1+AEF(t) seed 43 [10m],SID33,149687,232,132874,765783,0.529316496518655
own,0.5,S1+AEF(t) seed 43 [10m],SID36,130367,4541,31403,882265,0.7838747887992977
own,0.5,S1+AEF(t) seed 43 [10m],SID37,877802,5082,24616,141076,0.9672749311294766
own,0.5,S1+AEF(t) seed 43 [10m],SID39,312077,7010,12089,717400,0.9423297581950383
own,0.5,S1+AEF(t) seed 43 [10m],SID40,611700,6802,595,429479,0.9880519530865115
own,0.5,S1+AEF(t) seed 43 [10m],SID44,198151,21421,4190,824814,0.8855435686130799
own,0.5,S1+AEF(t) seed 43 [10m],SID46,581888,89685,47964,329039,0.8086978154007368
own,0.5,S1+AEF(t) seed 43 [10m],SID50,41,0,4652,597518,0.008736415938632005
own,0.5,S1+AEF(t) seed 43 [10m],SID51,27891,7923,4408,1008354,0.6934264830192431
own,0.5,S1+AEF(t) seed 43 [10m],SID52,147830,14233,5475,881038,0.8823669854003271
own,0.5,S1+AEF(t) seed 43 [10m],SID53,469641,83974,669,494292,0.8472930844116012
own,0.5,S1+AEF(t) seed 43 [10m],SID55,481877,361819,0,204880,0.5711500350837269
own,0.5,S1+AEF(t) seed 43 [10m],SID59,87200,21878,800,938698,0.7936074555416007
own,0.5,S1+AEF(t) seed 43 [10m],SID61,183797,7378,9374,848027,0.9164692917940254
own,0.5,S1+AEF(t) seed 43 [10m],SID63,494582,21508,14859,517627,0.931505662502425
own,0.5,S1+AEF(t) seed 43 [10m],SID64,57373,3373,7195,980635,0.8444532756362138
own,0.5,S1+AEF(t) seed 43 [10m],SID65,67497,2904,1523,976652,0.9384489183026528
own,0.5,S1+AEF(t) seed 43 [10m],SID67,10789,3258,15261,1019268,0.3681247440971748
own,0.5,S1+AEF(t) seed 43 [10m],SID68,41513,10726,1,996336,0.7946592649310873
own,0.5,S1+AEF(t) seed 43 [10m],SID69,108793,24956,11756,903071,0.7476925191574173
own,0.5,S1+AEF(t) seed 43 [10m],SID72,917261,1993,9402,119920,0.9877295790906429
own,0.5,S1+AEF(t) seed 43 [10m],SID78,263051,11747,5610,768168,0.9381009101024221
own,0.5,S1+AEF(t) seed 43 [10m],SID79,221137,3680,30119,793640,0.8674216273888349
own,0.5,S1+AEF(t) seed 43 [10m],SID80,90290,7807,1400,949079,0.9074645466697489
own,0.5,S1+AEF(t) seed 43 [10m],SID81,295695,3369,761,748751,0.9862252980905528
own,0.5,S1+AEF(t) seed 43 [10m],SID83,150918,5549,3704,888405,0.94223049116257
own,0.5,S1+AEF(t) seed 43 [10m],SID85,374983,6117,0,667476,0.9839490947257937
own,0.5,S1+AEF(t) seed 43 [10m],SID87,17426,20555,5237,1005358,0.40321162478596884
own,0.5,S1+AEF(t) seed 43 [10m],SID89,73518,3040,1821,970197,0.9379808367037089
own,0.5,S1+AEF(t) seed 43 [10m],SID90,29238,1396,10672,1007270,0.7078390548588582
own,0.5,S1+AEF(t) seed 43 [10m],SID91,37267,27341,68,983900,0.576210650009277
own,0.5,S1+AEF(t) seed 43 [10m],SID92,303448,7640,154780,582708,0.6513604712064361
own,0.5,S1+AEF(t) seed 43 [10m],SID93,0,0,31314,1017262,0.0
own,0.5,S1+AEF(t) seed 43 [10m],SID97,193002,66652,14832,774090,0.7031396865413901
own,0.5,S1+AEF(t) seed 43 [10m],SID98,42360,19796,28266,958154,0.4684700625953861
own,0.5,S1+AEF(t) seed 43 [10m],SID99,134,26504,5527,1016411,0.004166018964713198
own,0.5,S1+AEF(t) seed 44 [10m],SID03,336846,12685,20058,678987,0.9114069953380647
own,0.5,S1+AEF(t) seed 44 [10m],SID04,142083,17667,21343,867483,0.7845858205452447
own,0.5,S1+AEF(t) seed 44 [10m],SID05,553533,31846,3210,459987,0.9404406130593674
own,0.5,S1+AEF(t) seed 44 [10m],SID06,737544,9937,13013,288082,0.9698222471183204
own,0.5,S1+AEF(t) seed 44 [10m],SID100,33695,877,7803,1006201,0.7951622418879056
own,0.5,S1+AEF(t) seed 44 [10m],SID14,115985,7808,11412,913371,0.8578454938796642
own,0.5,S1+AEF(t) seed 44 [10m],SID15,787952,71742,333,188549,0.916194491568288
own,0.5,S1+AEF(t) seed 44 [10m],SID17,36511,19036,777,992252,0.6482316596832611
own,0.5,S1+AEF(t) seed 44 [10m],SID18,54325,7914,0,986337,0.8728450007230193
own,0.5,S1+AEF(t) seed 44 [10m],SID21,296546,20698,7081,724251,0.9143482617744546
own,0.5,S1+AEF(t) seed 44 [10m],SID22,268672,28605,5794,745505,0.8864985432456421
own,0.5,S1+AEF(t) seed 44 [10m],SID23,113726,4920,17230,912700,0.8369837204509994
own,0.5,S1+AEF(t) seed 44 [10m],SID25,30746,4682,3004,257537,0.8000104079933389
own,0.5,S1+AEF(t) seed 44 [10m],SID26,4141,656,16312,1027467,0.19617224880382775
own,0.5,S1+AEF(t) seed 44 [10m],SID27,8817,6910,1013,1031836,0.5267025089605735
own,0.5,S1+AEF(t) seed 44 [10m],SID28,524644,133979,0,389953,0.7965771010122634
own,0.5,S1+AEF(t) seed 44 [10m],SID31,11443,6938,22668,1007527,0.27876440351774706
own,0.5,S1+AEF(t) seed 44 [10m],SID33,159052,339,123509,765676,0.5622198656769176
own,0.5,S1+AEF(t) seed 44 [10m],SID36,126260,2477,35510,884329,0.7687202810401408
own,0.5,S1+AEF(t) seed 44 [10m],SID37,874524,3394,27894,142764,0.9654586161366818
own,0.5,S1+AEF(t) seed 44 [10m],SID39,312136,5788,12030,718622,0.9459985331288604
own,0.5,S1+AEF(t) seed 44 [10m],SID40,611777,7496,518,428785,0.987069834831419
own,0.5,S1+AEF(t) seed 44 [10m],SID44,200355,25876,1986,820359,0.8779144410802
own,0.5,S1+AEF(t) seed 44 [10m],SID46,577320,90066,52532,328658,0.8019246636422481
own,0.5,S1+AEF(t) seed 44 [10m],SID50,126,0,4567,597518,0.026848497762625188
own,0.5,S1+AEF(t) seed 44 [10m],SID51,27678,6886,4621,1009391,0.7063417123899451
own,0.5,S1+AEF(t) seed 44 [10m],SID52,147414,11891,5891,883380,0.8923581684786557
own,0.5,S1+AEF(t) seed 44 [10m],SID53,469529,85314,781,492952,0.8450480900753027
own,0.5,S1+AEF(t) seed 44 [10m],SID55,481877,366014,0,200685,0.5683242303550811
own,0.5,S1+AEF(t) seed 44 [10m],SID59,87209,22273,791,938303,0.7908463540485885
own,0.5,S1+AEF(t) seed 44 [10m],SID61,181866,6582,11305,848823,0.9104544111978293
own,0.5,S1+AEF(t) seed 44 [10m],SID63,491719,18773,17722,520362,0.9309086847376253
own,0.5,S1+AEF(t) seed 44 [10m],SID64,57352,3013,7216,980995,0.8486408901910301
own,0.5,S1+AEF(t) seed 44 [10m],SID65,66605,1761,2415,977795,0.9410011161187324
own,0.5,S1+AEF(t) seed 44 [10m],SID67,11917,3535,14133,1018991,0.4028054757478452
own,0.5,S1+AEF(t) seed 44 [10m],SID68,41514,11325,0,995737,0.7856696758076421
own,0.5,S1+AEF(t) seed 44 [10m],SID69,108093,22802,12456,905225,0.7540442689621977
own,0.5,S1+AEF(t) seed 44 [10m],SID72,917740,2016,8923,119897,0.9882209030246188
own,0.5,S1+AEF(t) seed 44 [10m],SID78,262720,11220,5941,768695,0.9386846552642015
own,0.5,S1+AEF(t) seed 44 [10m],SID79,224343,4213,26913,793107,0.8781613424720808
own,0.5,S1+AEF(t) seed 44 [10m],SID80,90309,8122,1381,948764,0.9047910070933355
own,0.5,S1+AEF(t) seed 44 [10m],SID81,295761,3792,695,748328,0.9850556872984999
own,0.5,S1+AEF(t) seed 44 [10m],SID83,150645,5433,3977,888521,0.9412077098497391
own,0.5,S1+AEF(t) seed 44 [10m],SID85,374983,6756,0,666837,0.9823020440667577
own,0.5,S1+AEF(t) seed 44 [10m],SID87,16748,17386,5915,1008527,0.4181877200429474
own,0.5,S1+AEF(t) seed 44 [10m],SID89,73623,2748,1716,970489,0.9428329939682661
own,0.5,S1+AEF(t) seed 44 [10m],SID90,29323,1292,10587,1007374,0.7116887529731566
own,0.5,S1+AEF(t) seed 44 [10m],SID91,37310,28590,25,982651,0.5659461509290861
own,0.5,S1+AEF(t) seed 44 [10m],SID92,307349,8833,150879,581515,0.6580489486384006
own,0.5,S1+AEF(t) seed 44 [10m],SID93,0,0,31314,1017262,0.0
own,0.5,S1+AEF(t) seed 44 [10m],SID97,195850,72364,11984,768378,0.6989700140614851
own,0.5,S1+AEF(t) seed 44 [10m],SID98,42614,20128,28012,957822,0.4695550609339533
own,0.5,S1+AEF(t) seed 44 [10m],SID99,208,29175,5453,1013740,0.005970834768630153
own,0.5,OPERA DSWx-S1,SID03,310497,41513,46407,650159,0.7793266853573015
own,0.5,OPERA DSWx-S1,SID04,112169,41701,51257,843449,0.5468270876091397
own,0.5,OPERA DSWx-S1,SID05,532571,23168,24172,468665,0.9183667838685592
own,0.5,OPERA DSWx-S1,SID06,722076,8536,28481,289483,0.9512352241424964
own,0.5,OPERA DSWx-S1,SID100,33688,17512,7355,821181,0.5753223465118265
own,0.5,OPERA DSWx-S1,SID14,104766,15690,22631,905489,0.7321839160790289
own,0.5,OPERA DSWx-S1,SID15,734708,101677,53577,158614,0.8255498549376266
own,0.5,OPERA DSWx-S1,SID17,10752,1978,26536,1009310,0.2738246829317985
own,0.5,OPERA DSWx-S1,SID18,40559,20241,13766,974010,0.5439342327602392
own,0.5,OPERA DSWx-S1,SID21,278014,28275,25613,694573,0.837638821097794
own,0.5,OPERA DSWx-S1,SID22,206865,3915,59972,581816,0.764038677461293
own,0.5,OPERA DSWx-S1,SID23,123067,13773,7811,879561,0.8507856841639533
own,0.5,OPERA DSWx-S1,SID25,90567,32071,15362,910576,0.6562826086956521
own,0.5,OPERA DSWx-S1,SID26,11646,41806,8807,986317,0.18705729292150533
own,0.5,OPERA DSWx-S1,SID27,989,691,8841,773965,0.09400247124798022
own,0.5,OPERA DSWx-S1,SID28,512251,122997,12393,400195,0.7909489979788185
own,0.5,OPERA DSWx-S1,SID31,0,3400,34111,1011065,0.0
own,0.5,OPERA DSWx-S1,SID33,177637,7873,104724,758142,0.6120475202767423
own,0.5,OPERA DSWx-S1,SID36,114835,102983,46935,783823,0.4337439046960752
own,0.5,OPERA DSWx-S1,SID37,854622,32730,47796,113428,0.9138895661435409
own,0.5,OPERA DSWx-S1,SID39,298170,13140,25996,711270,0.8839747884710026
own,0.5,OPERA DSWx-S1,SID40,590293,26923,22002,409358,0.9234611666129552
own,0.5,OPERA DSWx-S1,SID44,134855,2641,53601,716179,0.7056887339937309
own,0.5,OPERA DSWx-S1,SID46,316745,36813,313107,381911,0.4751186877967195
own,0.5,OPERA DSWx-S1,SID50,0,0,4662,597118,0.0
own,0.5,OPERA DSWx-S1,SID51,11323,1237,20976,1014840,0.33763716603053434
own,0.5,OPERA DSWx-S1,SID52,137079,22845,16226,872426,0.7781947204087426
own,0.5,OPERA DSWx-S1,SID53,446645,110875,23665,467391,0.7685074459939606
own,0.5,OPERA DSWx-S1,SID55,444888,364408,36989,202291,0.5256952445098283
own,0.5,OPERA DSWx-S1,SID59,62543,2647,25457,957929,0.6899621609099033
own,0.5,OPERA DSWx-S1,SID61,153168,8732,40003,846673,0.758621714387602
own,0.5,OPERA DSWx-S1,SID63,396786,1326,112642,537722,0.7768632257407676
own,0.5,OPERA DSWx-S1,SID64,50509,14083,14059,969925,0.6421914533826651
own,0.5,OPERA DSWx-S1,SID65,63565,4735,5144,645303,0.8654893524317847
own,0.5,OPERA DSWx-S1,SID67,16358,97102,9585,882201,0.1329432321508391
own,0.5,OPERA DSWx-S1,SID68,26544,1516,14737,943239,0.6202303899806061
own,0.5,OPERA DSWx-S1,SID69,99289,171681,21260,756346,0.3397632002190056
own,0.5,OPERA DSWx-S1,SID72,917075,34451,9588,87462,0.9541792128717301
own,0.5,OPERA DSWx-S1,SID78,248007,13933,20654,765982,0.8776088664302851
own,0.5,OPERA DSWx-S1,SID79,210155,3685,26566,524490,0.8741670341006464
own,0.5,OPERA DSWx-S1,SID80,76579,3808,15111,953036,0.8018911390814467
own,0.5,OPERA DSWx-S1,SID81,278810,6272,17646,745848,0.9209917814011258
own,0.5,OPERA DSWx-S1,SID83,148679,7171,5943,886783,0.9189458134777153
own,0.5,OPERA DSWx-S1,SID85,368511,617,6472,655576,0.9811261980830671
own,0.5,OPERA DSWx-S1,SID87,1027,1973,19795,974268,0.04505373985523141
own,0.5,OPERA DSWx-S1,SID89,31145,275,33662,638689,0.47855013675056085
own,0.5,OPERA DSWx-S1,SID90,5238,2162,32841,616535,0.13016575134812752
own,0.5,OPERA DSWx-S1,SID91,22653,4987,14682,1006254,0.5352535324417561
own,0.5,OPERA DSWx-S1,SID92,240040,12300,163189,499707,0.5776732791213128
own,0.5,OPERA DSWx-S1,SID93,0,0,31314,1017262,0.0
own,0.5,OPERA DSWx-S1,SID97,155669,157297,52165,683445,0.42633739671515153
own,0.5,OPERA DSWx-S1,SID98,24388,23742,46238,954208,0.2584350627331299
own,0.5,OPERA DSWx-S1,SID99,46,1704,5615,1041211,0.0062457569585879155
worldcover_pairwise,0.3,S1-only [3m],SID03,295270,3075,61634,688597,0.8202422919114726
worldcover_pairwise,0.3,S1-only [3m],SID04,113118,114,50308,885036,0.6916839916839916
worldcover_pairwise,0.3,S1-only [3m],SID05,463449,6513,93294,485320,0.82280348544889
worldcover_pairwise,0.3,S1-only [3m],SID06,255003,5370,495554,292649,0.3373381292108894
worldcover_pairwise,0.3,S1-only [3m],SID100,11426,9828,30072,997250,0.22261621790125863
worldcover_pairwise,0.3,S1-only [3m],SID14,53812,174,73585,921005,0.42182000611424225
worldcover_pairwise,0.3,S1-only [3m],SID15,281438,0,506847,260291,0.35702569502147063
worldcover_pairwise,0.3,S1-only [3m],SID17,12094,753,25194,1010535,0.3179201387976131
worldcover_pairwise,0.3,S1-only [3m],SID18,49519,5681,4806,988570,0.8252341432523415
worldcover_pairwise,0.3,S1-only [3m],SID21,281474,16181,22153,728768,0.880134330598359
worldcover_pairwise,0.3,S1-only [3m],SID22,202393,10795,72073,763315,0.7095011235324843
worldcover_pairwise,0.3,S1-only [3m],SID23,773,1026,130183,916594,0.005856859268688154
worldcover_pairwise,0.3,S1-only [3m],SID25,6979,438,26771,261781,0.20413595413595415
worldcover_pairwise,0.3,S1-only [3m],SID26,169,61408,20284,966715,0.002064475146895347
worldcover_pairwise,0.3,S1-only [3m],SID27,81,38396,9749,1000350,0.0016795919213702152
worldcover_pairwise,0.3,S1-only [3m],SID28,433613,384,91031,523548,0.8258854765841059
worldcover_pairwise,0.3,S1-only [3m],SID31,0,76,34111,1014389,0.0
worldcover_pairwise,0.3,S1-only [3m],SID33,15475,16,267086,765999,0.054763834282337207
worldcover_pairwise,0.3,S1-only [3m],SID36,114891,8436,46879,878370,0.6750114567054041
worldcover_pairwise,0.3,S1-only [3m],SID37,531498,16818,370920,129340,0.578195370938475
worldcover_pairwise,0.3,S1-only [3m],SID39,233559,978,90607,723432,0.7183248037792486
worldcover_pairwise,0.3,S1-only [3m],SID40,552405,1441,59890,434840,0.9000694109519403
worldcover_pairwise,0.3,S1-only [3m],SID44,106910,8557,95431,837678,0.5069275194643856
worldcover_pairwise,0.3,S1-only [3m],SID46,69300,928,560552,417796,0.10986397793208409
worldcover_pairwise,0.3,S1-only [3m],SID50,36,1023,4654,596087,0.006301417819009277
worldcover_pairwise,0.3,S1-only [3m],SID51,6071,149,26228,1016128,0.18709935897435898
worldcover_pairwise,0.3,S1-only [3m],SID52,132116,11700,21189,883571,0.8006787673100815
worldcover_pairwise,0.3,S1-only [3m],SID53,35986,2899,434324,575367,0.07604673622014797
worldcover_pairwise,0.3,S1-only [3m],SID55,99427,42743,382450,523956,0.18952193968968015
worldcover_pairwise,0.3,S1-only [3m],SID59,66144,571,21856,960005,0.7467907102776303
worldcover_pairwise,0.3,S1-only [3m],SID61,148849,2155,44322,853250,0.7620542068132251
worldcover_pairwise,0.3,S1-only [3m],SID63,413706,5343,95735,533792,0.8036496860819295
worldcover_pairwise,0.3,S1-only [3m],SID64,54378,3687,10190,980321,0.7966888872610065
worldcover_pairwise,0.3,S1-only [3m],SID65,44772,10284,24248,969272,0.5645616866740644
worldcover_pairwise,0.3,S1-only [3m],SID67,255,5298,25795,1017228,0.008134490238611713
worldcover_pairwise,0.3,S1-only [3m],SID68,17296,2133,24218,1004929,0.39627007583568175
worldcover_pairwise,0.3,S1-only [3m],SID69,54486,2730,66063,925297,0.44197308544034264
worldcover_pairwise,0.3,S1-only [3m],SID72,910492,789,16171,121124,0.981713339342629
worldcover_pairwise,0.3,S1-only [3m],SID78,178510,1122,90151,778793,0.6616799427688179
worldcover_pairwise,0.3,S1-only [3m],SID79,148962,30828,102294,766492,0.5280767430978006
worldcover_pairwise,0.3,S1-only [3m],SID80,72401,141,19289,956745,0.7884156766233624
worldcover_pairwise,0.3,S1-only [3m],SID81,278072,80,18384,752040,0.9377343728923301
worldcover_pairwise,0.3,S1-only [3m],SID83,6779,58,147843,893896,0.04382596327902767
worldcover_pairwise,0.3,S1-only [3m],SID85,362752,862,12231,672731,0.9651638308345195
worldcover_pairwise,0.3,S1-only [3m],SID87,3189,8660,19474,1017253,0.10181017143951729
worldcover_pairwise,0.3,S1-only [3m],SID89,27922,3209,47417,970028,0.35547690584101443
worldcover_pairwise,0.3,S1-only [3m],SID90,1634,3208,38276,1005458,0.03789600630827033
worldcover_pairwise,0.3,S1-only [3m],SID91,24948,4657,12387,1006584,0.594113164412269
worldcover_pairwise,0.3,S1-only [3m],SID92,309049,101299,149179,489049,0.552339744105289
worldcover_pairwise,0.3,S1-only [3m],SID93,0,23450,31314,993812,0.0
worldcover_pairwise,0.3,S1-only [3m],SID97,43373,20564,164461,820178,0.189900962355187
worldcover_pairwise,0.3,S1-only [3m],SID98,2338,28266,68288,949684,0.02364195283743882
worldcover_pairwise,0.3,S1-only [3m],SID99,0,21938,5661,1020977,0.0
worldcover_pairwise,0.3,S1+AEF(t) [3m],SID03,336547,8238,20357,683434,0.9216880008325529
worldcover_pairwise,0.3,S1+AEF(t) [3m],SID04,147745,16108,15681,869042,0.8229360455401206
worldcover_pairwise,0.3,S1+AEF(t) [3m],SID05,549367,21812,7376,470021,0.9495501724123031
worldcover_pairwise,0.3,S1+AEF(t) [3m],SID06,735646,8227,14911,289792,0.9695064735155196
worldcover_pairwise,0.3,S1+AEF(t) [3m],SID100,36071,3225,5427,1003853,0.8065424949131319
worldcover_pairwise,0.3,S1+AEF(t) [3m],SID14,115662,5962,11735,915217,0.8672980451263131
worldcover_pairwise,0.3,S1+AEF(t) [3m],SID15,788214,107399,71,152892,0.8800134868993975
worldcover_pairwise,0.3,S1+AEF(t) [3m],SID17,36762,17793,526,993495,0.6674170766689058
worldcover_pairwise,0.3,S1+AEF(t) [3m],SID18,54311,25984,14,968267,0.6762753863203377
worldcover_pairwise,0.3,S1+AEF(t) [3m],SID21,296129,18838,7498,726111,0.9183291209898748
worldcover_pairwise,0.3,S1+AEF(t) [3m],SID22,268665,25203,5801,748907,0.8965391815636585
worldcover_pairwise,0.3,S1+AEF(t) [3m],SID23,126255,9062,4701,908558,0.9017054950077847
worldcover_pairwise,0.3,S1+AEF(t) [3m],SID25,31441,3863,2309,258356,0.8359077978358547
worldcover_pairwise,0.3,S1+AEF(t) [3m],SID26,12953,4232,7500,1023891,0.5247316183917359
worldcover_pairwise,0.3,S1+AEF(t) [3m],SID27,9298,8859,532,1029887,0.4975119053988977
worldcover_pairwise,0.3,S1+AEF(t) [3m],SID28,524644,224197,0,299735,0.7006080062389747
worldcover_pairwise,0.3,S1+AEF(t) [3m],SID31,13187,7786,20924,1006679,0.31474807265436666
worldcover_pairwise,0.3,S1+AEF(t) [3m],SID33,198699,352,83862,765663,0.7023325191843429
worldcover_pairwise,0.3,S1+AEF(t) [3m],SID36,122066,1240,39704,885566,0.7488252254462916
worldcover_pairwise,0.3,S1+AEF(t) [3m],SID37,881821,5882,20597,140276,0.9708477375316525
worldcover_pairwise,0.3,S1+AEF(t) [3m],SID39,310112,2939,14054,721471,0.9480503202335642
worldcover_pairwise,0.3,S1+AEF(t) [3m],SID40,611000,5389,1295,430892,0.9891789329171551
worldcover_pairwise,0.3,S1+AEF(t) [3m],SID44,200526,19786,1815,826449,0.9027538300161619
worldcover_pairwise,0.3,S1+AEF(t) [3m],SID46,604416,100588,25436,318136,0.8274683752258912
worldcover_pairwise,0.3,S1+AEF(t) [3m],SID50,251,2,4439,597108,0.05349531116794544
worldcover_pairwise,0.3,S1+AEF(t) [3m],SID51,29690,7461,2609,1008816,0.7467303822937625
worldcover_pairwise,0.3,S1+AEF(t) [3m],SID52,148085,10181,5220,885090,0.9057962149664192
worldcover_pairwise,0.3,S1+AEF(t) [3m],SID53,469585,100317,725,477949,0.8229281124096827
worldcover_pairwise,0.3,S1+AEF(t) [3m],SID55,481877,383390,0,183309,0.5569113348827587
worldcover_pairwise,0.3,S1+AEF(t) [3m],SID59,87044,14268,956,946308,0.851136230296867
worldcover_pairwise,0.3,S1+AEF(t) [3m],SID61,177105,2853,16066,852552,0.903486307799045
worldcover_pairwise,0.3,S1+AEF(t) [3m],SID63,481213,4214,28228,534921,0.9368408756850415
worldcover_pairwise,0.3,S1+AEF(t) [3m],SID64,55766,1133,8802,982875,0.8487846455913913
worldcover_pairwise,0.3,S1+AEF(t) [3m],SID65,67604,5490,1416,974066,0.9073144544356462
worldcover_pairwise,0.3,S1+AEF(t) [3m],SID67,20945,14762,5105,1007764,0.5132068999313927
worldcover_pairwise,0.3,S1+AEF(t) [3m],SID68,41514,10654,0,996408,0.7957751878546235
worldcover_pairwise,0.3,S1+AEF(t) [3m],SID69,106761,19391,13788,908636,0.7629055309418322
worldcover_pairwise,0.3,S1+AEF(t) [3m],SID72,915272,889,11391,121024,0.9867608500655489
worldcover_pairwise,0.3,S1+AEF(t) [3m],SID78,265019,12863,3642,767052,0.9413726716017107
worldcover_pairwise,0.3,S1+AEF(t) [3m],SID79,227027,5045,24229,792275,0.8857827320221147
worldcover_pairwise,0.3,S1+AEF(t) [3m],SID80,90306,7321,1384,949565,0.9120804759067175
worldcover_pairwise,0.3,S1+AEF(t) [3m],SID81,294621,1393,1835,750727,0.9891622936454378
worldcover_pairwise,0.3,S1+AEF(t) [3m],SID83,153529,6701,1093,887253,0.9516869882161874
worldcover_pairwise,0.3,S1+AEF(t) [3m],SID85,374971,4586,12,669007,0.987886260469111
worldcover_pairwise,0.3,S1+AEF(t) [3m],SID87,19736,24473,2927,1001440,0.41870332654446707
worldcover_pairwise,0.3,S1+AEF(t) [3m],SID89,74485,3731,854,969506,0.942013405842924
worldcover_pairwise,0.3,S1+AEF(t) [3m],SID90,29673,1591,10237,1007075,0.7149948194019421
worldcover_pairwise,0.3,S1+AEF(t) [3m],SID91,37134,24160,201,987081,0.6038539718676316
worldcover_pairwise,0.3,S1+AEF(t) [3m],SID92,310690,8657,147538,581691,0.6654529487989548
worldcover_pairwise,0.3,S1+AEF(t) [3m],SID93,0,0,31314,1017262,0.0
worldcover_pairwise,0.3,S1+AEF(t) [3m],SID97,203800,95211,4034,745531,0.6725073833919055
worldcover_pairwise,0.3,S1+AEF(t) [3m],SID98,50037,26493,20589,951457,0.5152132950298088
worldcover_pairwise,0.3,S1+AEF(t) [3m],SID99,723,28158,4938,1014757,0.02137851503592655
worldcover_pairwise,0.3,S1-only [10m],SID03,334361,29777,22543,661895,0.8646946708009962
worldcover_pairwise,0.3,S1-only [10m],SID04,139208,17064,24218,868086,0.7712781871571832
worldcover_pairwise,0.3,S1-only [10m],SID05,552231,48996,4512,442837,0.9116649249924472
worldcover_pairwise,0.3,S1-only [10m],SID06,738052,31173,12505,266846,0.9441264886853518
worldcover_pairwise,0.3,S1-only [10m],SID100,6572,3050,34926,1004028,0.14752626380533357
worldcover_pairwise,0.3,S1-only [10m],SID14,115202,10934,12195,910245,0.8327995893906645
worldcover_pairwise,0.3,S1-only [10m],SID15,715269,6885,73016,253406,0.8995170843970471
worldcover_pairwise,0.3,S1-only [10m],SID17,34968,17204,2320,994084,0.6417088746972033
worldcover_pairwise,0.3,S1-only [10m],SID18,54243,7542,82,986709,0.8767679053453376
worldcover_pairwise,0.3,S1-only [10m],SID21,295600,26210,8027,718739,0.8962002443631248
worldcover_pairwise,0.3,S1-only [10m],SID22,254404,23833,20062,750277,0.8528489870901343
worldcover_pairwise,0.3,S1-only [10m],SID23,3102,2524,127854,915096,0.02323943661971831
worldcover_pairwise,0.3,S1-only [10m],SID25,28977,8485,4773,253734,0.6860897360009471
worldcover_pairwise,0.3,S1-only [10m],SID26,0,2646,20453,1025477,0.0
worldcover_pairwise,0.3,S1-only [10m],SID27,1616,28921,8214,1009825,0.04170214962194524
worldcover_pairwise,0.3,S1-only [10m],SID28,519223,11538,5421,512394,0.9683708143876519
worldcover_pairwise,0.3,S1-only [10m],SID31,6369,3595,27742,1010870,0.16891210947859758
worldcover_pairwise,0.3,S1-only [10m],SID33,44692,2271,237869,763744,0.1569065273564768
worldcover_pairwise,0.3,S1-only [10m],SID36,140895,30216,20875,856590,0.7338816372027127
worldcover_pairwise,0.3,S1-only [10m],SID37,895264,31350,7154,114808,0.9587649180524499
worldcover_pairwise,0.3,S1-only [10m],SID39,314328,23509,9838,700901,0.9040857122312504
worldcover_pairwise,0.3,S1-only [10m],SID40,611647,17011,648,419270,0.9719389295509656
worldcover_pairwise,0.3,S1-only [10m],SID44,138056,18526,64285,827709,0.6250639525144092
worldcover_pairwise,0.3,S1-only [10m],SID46,243413,20367,386439,398357,0.3743554094851119
worldcover_pairwise,0.3,S1-only [10m],SID50,0,0,4693,597518,0.0
worldcover_pairwise,0.3,S1-only [10m],SID51,25728,12659,6571,1003618,0.572267449619645
worldcover_pairwise,0.3,S1-only [10m],SID52,143722,16444,9583,878827,0.846673618106734
worldcover_pairwise,0.3,S1-only [10m],SID53,396998,30088,73312,548178,0.7933644818724296
worldcover_pairwise,0.3,S1-only [10m],SID55,381457,164713,100420,401986,0.589951901514097
worldcover_pairwise,0.3,S1-only [10m],SID59,86583,21059,1417,939517,0.7939097185926883
worldcover_pairwise,0.3,S1-only [10m],SID61,182787,28458,10384,826947,0.8247431518438472
worldcover_pairwise,0.3,S1-only [10m],SID63,494518,61939,14923,477196,0.8654800658055934
worldcover_pairwise,0.3,S1-only [10m],SID64,58563,10446,6005,973562,0.7806942704028581
worldcover_pairwise,0.3,S1-only [10m],SID65,62790,1978,6230,977578,0.8843911096087214
worldcover_pairwise,0.3,S1-only [10m],SID67,498,15145,25552,1007381,0.012088845733705547
worldcover_pairwise,0.3,S1-only [10m],SID68,39389,13547,2125,993515,0.7153702257496232
worldcover_pairwise,0.3,S1-only [10m],SID69,111369,42870,9180,885157,0.6814935839773832
worldcover_pairwise,0.3,S1-only [10m],SID72,921065,6372,5598,115541,0.987170899269588
worldcover_pairwise,0.3,S1-only [10m],SID78,259661,11830,9000,768085,0.9257373676873768
worldcover_pairwise,0.3,S1-only [10m],SID79,201475,26899,49781,770421,0.7243263647966062
worldcover_pairwise,0.3,S1-only [10m],SID80,88439,10192,3251,946694,0.8680532380597161
worldcover_pairwise,0.3,S1-only [10m],SID81,296182,9131,274,742989,0.9692231672158829
worldcover_pairwise,0.3,S1-only [10m],SID83,83800,2560,70822,891394,0.5331399269636472
worldcover_pairwise,0.3,S1-only [10m],SID85,374885,6579,98,667014,0.9825008779700285
worldcover_pairwise,0.3,S1-only [10m],SID87,7924,16154,14739,1009759,0.20413736249581368
worldcover_pairwise,0.3,S1-only [10m],SID89,25668,341,49671,972896,0.3391649048625793
worldcover_pairwise,0.3,S1-only [10m],SID90,16394,909,23516,1007757,0.4016266934515789
worldcover_pairwise,0.3,S1-only [10m],SID91,36442,21983,893,989258,0.6143497757847534
worldcover_pairwise,0.3,S1-only [10m],SID92,368884,151486,89344,438862,0.6050115299960309
worldcover_pairwise,0.3,S1-only [10m],SID93,138,280967,31176,736295,0.00044190969031096994
worldcover_pairwise,0.3,S1-only [10m],SID97,104766,41646,103068,799096,0.41993746993746994
worldcover_pairwise,0.3,S1-only [10m],SID98,16423,8708,54203,969242,0.20701086545491215
worldcover_pairwise,0.3,S1-only [10m],SID99,0,95599,5661,947316,0.0
worldcover_pairwise,0.3,S1+AEF(t) [10m],SID03,341095,20577,15809,671095,0.9036083935350389
worldcover_pairwise,0.3,S1+AEF(t) [10m],SID04,145214,24872,18212,860278,0.7711924715079289
worldcover_pairwise,0.3,S1+AEF(t) [10m],SID05,553838,34143,2905,457690,0.9373009345288262
worldcover_pairwise,0.3,S1+AEF(t) [10m],SID06,738246,11003,12311,287016,0.9693865224013867
worldcover_pairwise,0.3,S1+AEF(t) [10m],SID100,35550,1812,5948,1005266,0.8208265989378897
worldcover_pairwise,0.3,S1+AEF(t) [10m],SID14,117048,10875,10349,910304,0.8465054385558899
worldcover_pairwise,0.3,S1+AEF(t) [10m],SID15,787077,62237,1208,198054,0.925404633860147
worldcover_pairwise,0.3,S1+AEF(t) [10m],SID17,36721,23334,567,987954,0.6057371911187358
worldcover_pairwise,0.3,S1+AEF(t) [10m],SID18,54325,11889,0,982362,0.8204458271664603
worldcover_pairwise,0.3,S1+AEF(t) [10m],SID21,297239,22519,6388,722430,0.9113679149828604
worldcover_pairwise,0.3,S1+AEF(t) [10m],SID22,269516,34817,4950,739293,0.8714219662897734
worldcover_pairwise,0.3,S1+AEF(t) [10m],SID23,121393,8717,9563,908903,0.8691228798694093
worldcover_pairwise,0.3,S1+AEF(t) [10m],SID25,31163,5752,2587,256467,0.7888967647207736
worldcover_pairwise,0.3,S1+AEF(t) [10m],SID26,5867,1413,14586,1026710,0.2683161071983902
worldcover_pairwise,0.3,S1+AEF(t) [10m],SID27,9175,9533,655,1029213,0.47384186334762174
worldcover_pairwise,0.3,S1+AEF(t) [10m],SID28,524644,155684,0,368248,0.7711633212215284
worldcover_pairwise,0.3,S1+AEF(t) [10m],SID31,12932,10174,21179,1004291,0.29201761318730945
worldcover_pairwise,0.3,S1+AEF(t) [10m],SID33,182376,1104,100185,764911,0.6429273967532124
worldcover_pairwise,0.3,S1+AEF(t) [10m],SID36,133212,6132,28558,880674,0.7933913830686948
worldcover_pairwise,0.3,S1+AEF(t) [10m],SID37,881747,5518,20671,140640,0.9711554558911641
worldcover_pairwise,0.3,S1+AEF(t) [10m],SID39,315212,11953,8954,712457,0.9377988153005334
worldcover_pairwise,0.3,S1+AEF(t) [10m],SID40,612113,11340,182,424941,0.9815244493974841
worldcover_pairwise,0.3,S1+AEF(t) [10m],SID44,200490,27277,1851,818958,0.8731458335147941
worldcover_pairwise,0.3,S1+AEF(t) [10m],SID46,578963,93144,50889,325580,0.8007831301971242
worldcover_pairwise,0.3,S1+AEF(t) [10m],SID50,155,0,4538,597518,0.033027913914340505
worldcover_pairwise,0.3,S1+AEF(t) [10m],SID51,28369,10131,3930,1006146,0.6686071176054679
worldcover_pairwise,0.3,S1+AEF(t) [10m],SID52,148299,16479,5006,878792,0.8734568628374876
worldcover_pairwise,0.3,S1+AEF(t) [10m],SID53,469662,91666,648,486600,0.8357331985707575
worldcover_pairwise,0.3,S1+AEF(t) [10m],SID55,481877,373199,0,193500,0.5635487371882734
worldcover_pairwise,0.3,S1+AEF(t) [10m],SID59,87299,23281,701,937295,0.784491512477422
worldcover_pairwise,0.3,S1+AEF(t) [10m],SID61,183594,7815,9577,847590,0.9134666096146
worldcover_pairwise,0.3,S1+AEF(t) [10m],SID63,493703,20630,15738,518505,0.9313903231831208
worldcover_pairwise,0.3,S1+AEF(t) [10m],SID64,57967,4645,6601,979363,0.837516073569994
worldcover_pairwise,0.3,S1+AEF(t) [10m],SID65,67950,4882,1070,974674,0.9194609076885605
worldcover_pairwise,0.3,S1+AEF(t) [10m],SID67,16739,8299,9311,1014227,0.48732131939794465
worldcover_pairwise,0.3,S1+AEF(t) [10m],SID68,41514,14446,0,992616,0.7418513223731237
worldcover_pairwise,0.3,S1+AEF(t) [10m],SID69,110561,29482,9988,898545,0.7369210363191607
worldcover_pairwise,0.3,S1+AEF(t) [10m],SID72,918047,2439,8616,119474,0.98810141405357
worldcover_pairwise,0.3,S1+AEF(t) [10m],SID78,264346,16369,4315,763546,0.9274322001192857
worldcover_pairwise,0.3,S1+AEF(t) [10m],SID79,229207,5118,22049,792202,0.8940337163674944
worldcover_pairwise,0.3,S1+AEF(t) [10m],SID80,90584,10947,1106,945939,0.8825667157068113
worldcover_pairwise,0.3,S1+AEF(t) [10m],SID81,296075,5426,381,746694,0.9807640071286131
worldcover_pairwise,0.3,S1+AEF(t) [10m],SID83,153802,8234,820,885720,0.9444048730166528
worldcover_pairwise,0.3,S1+AEF(t) [10m],SID85,374983,7382,0,666211,0.9806938396558262
worldcover_pairwise,0.3,S1+AEF(t) [10m],SID87,19129,26517,3534,999396,0.38895892639284263
worldcover_pairwise,0.3,S1+AEF(t) [10m],SID89,74621,4952,718,968285,0.9293818734353788
worldcover_pairwise,0.3,S1+AEF(t) [10m],SID90,31430,2498,8480,1006168,0.7411337483493681
worldcover_pairwise,0.3,S1+AEF(t) [10m],SID91,37322,32864,13,978377,0.5316599951566262
worldcover_pairwise,0.3,S1+AEF(t) [10m],SID92,313329,13074,144899,577274,0.6648157656873936
worldcover_pairwise,0.3,S1+AEF(t) [10m],SID93,0,0,31314,1017262,0.0
worldcover_pairwise,0.3,S1+AEF(t) [10m],SID97,200737,89826,7097,750916,0.6743835248269838
worldcover_pairwise,0.3,S1+AEF(t) [10m],SID98,46614,30297,24012,947653,0.46187687643054604
worldcover_pairwise,0.3,S1+AEF(t) [10m],SID99,222,38386,5439,1004529,0.005040070833427929
worldcover_pairwise,0.5,S1-only [3m],SID03,287674,2015,69230,689657,0.8015011743596745
worldcover_pairwise,0.5,S1-only [3m],SID04,107989,88,55437,885062,0.6604266301356458
worldcover_pairwise,0.5,S1-only [3m],SID05,406851,4584,149892,487249,0.7248021206890102
worldcover_pairwise,0.5,S1-only [3m],SID06,162799,4079,587758,293940,0.21573182302461055
worldcover_pairwise,0.5,S1-only [3m],SID100,7884,5165,33614,1001913,0.1689561322675353
worldcover_pairwise,0.5,S1-only [3m],SID14,41802,78,85595,921101,0.32792312218081976
worldcover_pairwise,0.5,S1-only [3m],SID15,147800,0,640485,260291,0.1874956392675238
worldcover_pairwise,0.5,S1-only [3m],SID17,8753,378,28535,1010910,0.2323846439759996
worldcover_pairwise,0.5,S1-only [3m],SID18,48846,2099,5479,992152,0.8656954487452148
worldcover_pairwise,0.5,S1-only [3m],SID21,276388,11248,27239,733701,0.8777705438666137
worldcover_pairwise,0.5,S1-only [3m],SID22,184792,8656,89674,765454,0.6526938916792054
worldcover_pairwise,0.5,S1-only [3m],SID23,315,742,130641,916878,0.002391835866907622
worldcover_pairwise,0.5,S1-only [3m],SID25,4153,221,29597,261998,0.12225133201848636
worldcover_pairwise,0.5,S1-only [3m],SID26,20,37949,20433,990174,0.00034245402554707033
worldcover_pairwise,0.5,S1-only [3m],SID27,11,34605,9819,1004141,0.0002475526049285473
worldcover_pairwise,0.5,S1-only [3m],SID28,360796,158,163848,523774,0.6874897580420807
worldcover_pairwise,0.5,S1-only [3m],SID31,0,13,34111,1014452,0.0
worldcover_pairwise,0.5,S1-only [3m],SID33,10830,5,271731,766010,0.03832732883644883
worldcover_pairwise,0.5,S1-only [3m],SID36,111047,7415,50723,879391,0.6563643348996661
worldcover_pairwise,0.5,S1-only [3m],SID37,356428,14063,545990,132095,0.38890931726898864
worldcover_pairwise,0.5,S1-only [3m],SID39,192236,588,131930,723822,0.5919434402655549
worldcover_pairwise,0.5,S1-only [3m],SID40,513416,1092,98879,435189,0.8370180652671152
worldcover_pairwise,0.5,S1-only [3m],SID44,91443,6461,110898,839774,0.43794120745969867
worldcover_pairwise,0.5,S1-only [3m],SID46,51364,715,578488,418009,0.08145684756734811
worldcover_pairwise,0.5,S1-only [3m],SID50,34,871,4656,596239,0.006114008271893544
worldcover_pairwise,0.5,S1-only [3m],SID51,4872,77,27427,1016200,0.15048183839881393
worldcover_pairwise,0.5,S1-only [3m],SID52,127907,5381,25398,889890,0.8060383398661508
worldcover_pairwise,0.5,S1-only [3m],SID53,12268,2085,458042,576181,0.025969792228960932
worldcover_pairwise,0.5,S1-only [3m],SID55,36257,21138,445620,545561,0.07207936145045377
worldcover_pairwise,0.5,S1-only [3m],SID59,62196,386,25804,960190,0.7036861041341389
worldcover_pairwise,0.5,S1-only [3m],SID61,141273,1555,51898,853850,0.7254963384447891
worldcover_pairwise,0.5,S1-only [3m],SID63,394128,3798,115313,535337,0.7679229364876792
worldcover_pairwise,0.5,S1-only [3m],SID64,53524,2210,11044,981798,0.8015214591631975
worldcover_pairwise,0.5,S1-only [3m],SID65,35814,7379,33206,972177,0.4687757693163523
worldcover_pairwise,0.5,S1-only [3m],SID67,162,3797,25888,1018729,0.005427681173987335
worldcover_pairwise,0.5,S1-only [3m],SID68,14362,1221,27152,1005841,0.3360711360711361
worldcover_pairwise,0.5,S1-only [3m],SID69,40356,2006,80193,926021,0.32928889070213374
worldcover_pairwise,0.5,S1-only [3m],SID72,908229,597,18434,121316,0.9794760908483058
worldcover_pairwise,0.5,S1-only [3m],SID78,136665,1023,131996,778892,0.5067597632785037
worldcover_pairwise,0.5,S1-only [3m],SID79,122621,26469,128635,770851,0.44151948870285357
worldcover_pairwise,0.5,S1-only [3m],SID80,68469,79,23221,956807,0.7461016247316632
worldcover_pairwise,0.5,S1-only [3m],SID81,263526,43,32930,752077,0.8887922050327319
worldcover_pairwise,0.5,S1-only [3m],SID83,3536,28,151086,893926,0.02286453281603621
worldcover_pairwise,0.5,S1-only [3m],SID85,351164,529,23819,673064,0.9351605274931294
worldcover_pairwise,0.5,S1-only [3m],SID87,2842,7166,19821,1018747,0.09527640886385733
worldcover_pairwise,0.5,S1-only [3m],SID89,18362,2141,56977,971096,0.23699019101703667
worldcover_pairwise,0.5,S1-only [3m],SID90,1019,2514,38891,1006152,0.024019422968131247
worldcover_pairwise,0.5,S1-only [3m],SID91,23560,3624,13775,1007617,0.5752093556971606
worldcover_pairwise,0.5,S1-only [3m],SID92,293161,85673,165067,504675,0.5389969865839556
worldcover_pairwise,0.5,S1-only [3m],SID93,0,11864,31314,1005398,0.0
worldcover_pairwise,0.5,S1-only [3m],SID97,34831,16088,173003,824654,0.1555497003420834
worldcover_pairwise,0.5,S1-only [3m],SID98,1532,13865,69094,964085,0.01813210874531015
worldcover_pairwise,0.5,S1-only [3m],SID99,0,14949,5661,1027966,0.0
worldcover_pairwise,0.5,S1+AEF(t) [3m],SID03,331500,4735,25404,686937,0.9166599841278181
worldcover_pairwise,0.5,S1+AEF(t) [3m],SID04,145729,12815,17697,872335,0.8268734289977928
worldcover_pairwise,0.5,S1+AEF(t) [3m],SID05,546999,19169,9744,472664,0.9497961494117156
worldcover_pairwise,0.5,S1+AEF(t) [3m],SID06,730756,5924,19801,292095,0.9659938584049037
worldcover_pairwise,0.5,S1+AEF(t) [3m],SID100,35060,1320,6438,1005758,0.8188145172590966
worldcover_pairwise,0.5,S1+AEF(t) [3m],SID14,114221,4349,13176,916830,0.8669788836093696
worldcover_pairwise,0.5,S1+AEF(t) [3m],SID15,788084,84435,201,175856,0.9030204418370154
worldcover_pairwise,0.5,S1+AEF(t) [3m],SID17,36573,15129,715,996159,0.6977316519449797
worldcover_pairwise,0.5,S1+AEF(t) [3m],SID18,54266,18754,59,975497,0.7425662639061837
worldcover_pairwise,0.5,S1+AEF(t) [3m],SID21,295021,16574,8606,728375,0.9213618945599795
worldcover_pairwise,0.5,S1+AEF(t) [3m],SID22,267393,20153,7073,753957,0.9075891235799456
worldcover_pairwise,0.5,S1+AEF(t) [3m],SID23,123458,7084,7498,910536,0.8943639524775427
worldcover_pairwise,0.5,S1+AEF(t) [3m],SID25,30766,2844,2984,259375,0.8407389189484615
worldcover_pairwise,0.5,S1+AEF(t) [3m],SID26,10779,2734,9674,1025389,0.4648725578988226
worldcover_pairwise,0.5,S1+AEF(t) [3m],SID27,8743,6674,1087,1032072,0.5297503635482307
worldcover_pairwise,0.5,S1+AEF(t) [3m],SID28,524644,210995,0,312937,0.7131813294292445
worldcover_pairwise,0.5,S1+AEF(t) [3m],SID31,11958,5785,22153,1008680,0.2997292961700421
worldcover_pairwise,0.5,S1+AEF(t) [3m],SID33,187429,196,95132,765819,0.6628624578701854
worldcover_pairwise,0.5,S1+AEF(t) [3m],SID36,114648,474,47122,886332,0.7066393826582185
worldcover_pairwise,0.5,S1+AEF(t) [3m],SID37,874576,4059,27842,142099,0.9648077116132014
worldcover_pairwise,0.5,S1+AEF(t) [3m],SID39,306195,1659,17971,722751,0.939752934857669
worldcover_pairwise,0.5,S1+AEF(t) [3m],SID40,610362,4188,1933,432093,0.990071096851008
worldcover_pairwise,0.5,S1+AEF(t) [3m],SID44,199527,15889,2814,830346,0.9142968427805527
worldcover_pairwise,0.5,S1+AEF(t) [3m],SID46,593809,87256,36043,331468,0.8280607663001947
worldcover_pairwise,0.5,S1+AEF(t) [3m],SID50,161,0,4529,597110,0.034328358208955224
worldcover_pairwise,0.5,S1+AEF(t) [3m],SID51,28904,5536,3395,1010741,0.763948724725783
worldcover_pairwise,0.5,S1+AEF(t) [3m],SID52,147276,7929,6029,887342,0.9134301698152995
worldcover_pairwise,0.5,S1+AEF(t) [3m],SID53,469471,91991,839,486275,0.8349104838867439
worldcover_pairwise,0.5,S1+AEF(t) [3m],SID55,481877,373544,0,193155,0.5633214522439828
worldcover_pairwise,0.5,S1+AEF(t) [3m],SID59,86578,11532,1422,949044,0.8698509022224008
worldcover_pairwise,0.5,S1+AEF(t) [3m],SID61,173627,2482,19544,852923,0.8874231419911782
worldcover_pairwise,0.5,S1+AEF(t) [3m],SID63,474366,2874,35075,536261,0.9259264319803246
worldcover_pairwise,0.5,S1+AEF(t) [3m],SID64,54884,883,9684,983125,0.8385509770668134
worldcover_pairwise,0.5,S1+AEF(t) [3m],SID65,66895,1666,2125,977890,0.9463684463684464
worldcover_pairwise,0.5,S1+AEF(t) [3m],SID67,18923,9433,7127,1013093,0.5332976354874165
worldcover_pairwise,0.5,S1+AEF(t) [3m],SID68,41501,8506,13,998556,0.8296881247501
worldcover_pairwise,0.5,S1+AEF(t) [3m],SID69,101758,12783,18791,915244,0.7631926319263193
worldcover_pairwise,0.5,S1+AEF(t) [3m],SID72,913509,578,13154,121335,0.9851904736740502
worldcover_pairwise,0.5,S1+AEF(t) [3m],SID78,264075,10426,4586,769489,0.9462103215126466
worldcover_pairwise,0.5,S1+AEF(t) [3m],SID79,223250,4139,28006,793181,0.8741361420544647
worldcover_pairwise,0.5,S1+AEF(t) [3m],SID80,89979,6039,1711,950847,0.9206990760163308
worldcover_pairwise,0.5,S1+AEF(t) [3m],SID81,293882,904,2574,751216,0.988303739574926
worldcover_pairwise,0.5,S1+AEF(t) [3m],SID83,152589,5307,2033,888647,0.9541046339313071
worldcover_pairwise,0.5,S1+AEF(t) [3m],SID85,374956,3922,27,669671,0.9895778625249073
worldcover_pairwise,0.5,S1+AEF(t) [3m],SID87,18717,19524,3946,1006389,0.44366748050347266
worldcover_pairwise,0.5,S1+AEF(t) [3m],SID89,74028,2801,1311,970436,0.9473765037112875
worldcover_pairwise,0.5,S1+AEF(t) [3m],SID90,28260,823,11650,1007843,0.6937863648638696
worldcover_pairwise,0.5,S1+AEF(t) [3m],SID91,37029,21596,306,989645,0.6283450136600431
worldcover_pairwise,0.5,S1+AEF(t) [3m],SID92,303480,6884,154748,583464,0.6524880028896266
worldcover_pairwise,0.5,S1+AEF(t) [3m],SID93,0,0,31314,1017262,0.0
worldcover_pairwise,0.5,S1+AEF(t) [3m],SID97,200136,79048,7698,761694,0.6976248074121068
worldcover_pairwise,0.5,S1+AEF(t) [3m],SID98,47310,21939,23316,956011,0.5111003078917518
worldcover_pairwise,0.5,S1+AEF(t) [3m],SID99,467,19707,5194,1023208,0.018409019236833805
worldcover_pairwise,0.5,S1-only [10m],SID03,331085,23465,25819,668207,0.8704310813972748
worldcover_pairwise,0.5,S1-only [10m],SID04,137998,13091,25428,872059,0.7817830577224857
worldcover_pairwise,0.5,S1-only [10m],SID05,550892,44607,5851,447226,0.9160921260497215
worldcover_pairwise,0.5,S1-only [10m],SID06,734734,28145,15823,269874,0.9435368086893318
worldcover_pairwise,0.5,S1-only [10m],SID100,5402,1367,36096,1005711,0.12602356234690307
worldcover_pairwise,0.5,S1-only [10m],SID14,113147,8465,14250,912714,0.8328082907656298
worldcover_pairwise,0.5,S1-only [10m],SID15,703640,4562,84645,255729,0.8874852272884932
worldcover_pairwise,0.5,S1-only [10m],SID17,34478,14065,2810,997223,0.6713921289895429
worldcover_pairwise,0.5,S1-only [10m],SID18,54024,5360,301,988891,0.90515204825333
worldcover_pairwise,0.5,S1-only [10m],SID21,294337,24010,9290,720939,0.8983631274856014
worldcover_pairwise,0.5,S1-only [10m],SID22,250086,18383,24380,755727,0.8539759398188145
worldcover_pairwise,0.5,S1-only [10m],SID23,2063,1754,128893,915866,0.015545173686986663
worldcover_pairwise,0.5,S1-only [10m],SID25,28593,6731,5157,255488,0.7063313653318841
worldcover_pairwise,0.5,S1-only [10m],SID26,0,1620,20453,1026503,0.0
worldcover_pairwise,0.5,S1-only [10m],SID27,1221,25073,8609,1013673,0.03498266624645446
worldcover_pairwise,0.5,S1-only [10m],SID28,517176,8480,7468,515452,0.9700857586602741
worldcover_pairwise,0.5,S1-only [10m],SID31,5629,2492,28482,1011973,0.15378520886266153
worldcover_pairwise,0.5,S1-only [10m],SID33,33598,1223,248963,764792,0.11839286217686691
worldcover_pairwise,0.5,S1-only [10m],SID36,138124,25432,23646,861374,0.7378339975000268
worldcover_pairwise,0.5,S1-only [10m],SID37,891664,27948,10754,118210,0.9584013173310288
worldcover_pairwise,0.5,S1-only [10m],SID39,312644,17788,11522,706622,0.9142867169268382
worldcover_pairwise,0.5,S1-only [10m],SID40,610995,13566,1300,422715,0.9762471219647814
worldcover_pairwise,0.5,S1-only [10m],SID44,129191,13875,73150,832360,0.5975089725089725
worldcover_pairwise,0.5,S1-only [10m],SID46,220782,15360,409070,403364,0.3421852042429465
worldcover_pairwise,0.5,S1-only [10m],SID50,0,0,4693,597518,0.0
worldcover_pairwise,0.5,S1-only [10m],SID51,24614,9620,7685,1006657,0.5871800376917389
worldcover_pairwise,0.5,S1-only [10m],SID52,141328,12486,11977,882785,0.8524467552520945
worldcover_pairwise,0.5,S1-only [10m],SID53,373773,25969,96537,552297,0.7531509493651757
worldcover_pairwise,0.5,S1-only [10m],SID55,340606,116003,141271,450696,0.5696895698133405
worldcover_pairwise,0.5,S1-only [10m],SID59,86193,16093,1807,944483,0.828038388748523
worldcover_pairwise,0.5,S1-only [10m],SID61,180403,24132,12768,831273,0.8301910235937838
worldcover_pairwise,0.5,S1-only [10m],SID63,489288,54856,20153,484279,0.8670753167215137
worldcover_pairwise,0.5,S1-only [10m],SID64,58394,8475,6174,975533,0.7994469011404242
worldcover_pairwise,0.5,S1-only [10m],SID65,59962,1159,9058,978397,0.8544151384317246
worldcover_pairwise,0.5,S1-only [10m],SID67,349,13203,25701,1009323,0.008891040175273228
worldcover_pairwise,0.5,S1-only [10m],SID68,38088,9782,3426,997280,0.7425140361821585
worldcover_pairwise,0.5,S1-only [10m],SID69,109445,36163,11104,891864,0.698383021083261
worldcover_pairwise,0.5,S1-only [10m],SID72,920071,4914,6592,116999,0.9876489007349902
worldcover_pairwise,0.5,S1-only [10m],SID78,258417,9087,10244,770828,0.9304009389806587
worldcover_pairwise,0.5,S1-only [10m],SID79,196503,19916,54753,777404,0.7246433997610373
worldcover_pairwise,0.5,S1-only [10m],SID80,87952,7788,3738,949098,0.8841351856691931
worldcover_pairwise,0.5,S1-only [10m],SID81,295819,6454,637,745666,0.9765904063913373
worldcover_pairwise,0.5,S1-only [10m],SID83,70926,1541,83696,892413,0.45417928702701665
worldcover_pairwise,0.5,S1-only [10m],SID85,374831,5320,152,668273,0.9856114729570895
worldcover_pairwise,0.5,S1-only [10m],SID87,7149,12995,15514,1012918,0.2004879690392058
worldcover_pairwise,0.5,S1-only [10m],SID89,14849,109,60490,973128,0.19681104866928215
worldcover_pairwise,0.5,S1-only [10m],SID90,12863,478,27047,1008188,0.31848568881846095
worldcover_pairwise,0.5,S1-only [10m],SID91,36207,17768,1128,993473,0.6570785619657732
worldcover_pairwise,0.5,S1-only [10m],SID92,352616,124378,105612,465970,0.6052392182710099
worldcover_pairwise,0.5,S1-only [10m],SID93,69,207713,31245,809549,0.0002886703175791856
worldcover_pairwise,0.5,S1-only [10m],SID97,86890,32035,120944,808707,0.36223938899982905
worldcover_pairwise,0.5,S1-only [10m],SID98,14249,6651,56377,971299,0.18438862792292662
worldcover_pairwise,0.5,S1-only [10m],SID99,0,71883,5661,971032,0.0
worldcover_pairwise,0.5,S1+AEF(t) [10m],SID03,337575,14020,19329,677652,0.9100920943373845
worldcover_pairwise,0.5,S1+AEF(t) [10m],SID04,143667,19879,19759,865271,0.7837593082567306
worldcover_pairwise,0.5,S1+AEF(t) [10m],SID05,552685,29836,4058,461997,0.9422175018198742
worldcover_pairwise,0.5,S1+AEF(t) [10m],SID06,733350,7658,17207,290361,0.9672058716854718
worldcover_pairwise,0.5,S1+AEF(t) [10m],SID100,34080,883,7418,1006195,0.8041339279394069
worldcover_pairwise,0.5,S1+AEF(t) [10m],SID14,116069,7888,11328,913291,0.8579591233322246
worldcover_pairwise,0.5,S1+AEF(t) [10m],SID15,785723,49234,2562,211057,0.9381554328916717
worldcover_pairwise,0.5,S1+AEF(t) [10m],SID17,36544,20122,744,991166,0.6365441560703711
worldcover_pairwise,0.5,S1+AEF(t) [10m],SID18,54325,8359,0,985892,0.866648586561164
worldcover_pairwise,0.5,S1+AEF(t) [10m],SID21,296278,20691,7349,724258,0.9135416473954575
worldcover_pairwise,0.5,S1+AEF(t) [10m],SID22,268529,28323,5937,745787,0.8868519001681039
worldcover_pairwise,0.5,S1+AEF(t) [10m],SID23,117902,6474,13054,911146,0.8579058429746053
worldcover_pairwise,0.5,S1+AEF(t) [10m],SID25,30605,4214,3145,258005,0.8061584659150774
worldcover_pairwise,0.5,S1+AEF(t) [10m],SID26,4191,647,16262,1027476,0.19862559241706162
worldcover_pairwise,0.5,S1+AEF(t) [10m],SID27,8850,7187,980,1031559,0.5200681671269907
worldcover_pairwise,0.5,S1+AEF(t) [10m],SID28,524644,130645,0,393287,0.8006299510597614
worldcover_pairwise,0.5,S1+AEF(t) [10m],SID31,11995,7944,22116,1006521,0.28522173344429913
worldcover_pairwise,0.5,S1+AEF(t) [10m],SID33,167787,575,114774,765440,0.5926021417269439
worldcover_pairwise,0.5,S1+AEF(t) [10m],SID36,127461,2888,34309,883918,0.7740953977334839
worldcover_pairwise,0.5,S1+AEF(t) [10m],SID37,875020,3579,27398,142579,0.9658089375571883
worldcover_pairwise,0.5,S1+AEF(t) [10m],SID39,312640,7323,11526,717087,0.943138384682448
worldcover_pairwise,0.5,S1+AEF(t) [10m],SID40,611830,8034,465,428247,0.9862992057440487
worldcover_pairwise,0.5,S1+AEF(t) [10m],SID44,199319,22165,3022,824070,0.8878114616090439
worldcover_pairwise,0.5,S1+AEF(t) [10m],SID46,565889,83685,63963,335039,0.7930759021606448
worldcover_pairwise,0.5,S1+AEF(t) [10m],SID50,80,0,4613,597518,0.01704666524611123
worldcover_pairwise,0.5,S1+AEF(t) [10m],SID51,27946,7886,4353,1008391,0.6954336195097673
worldcover_pairwise,0.5,S1+AEF(t) [10m],SID52,147648,12535,5657,882736,0.8903039073806078
worldcover_pairwise,0.5,S1+AEF(t) [10m],SID53,469522,85382,788,492884,0.8449320846800026
worldcover_pairwise,0.5,S1+AEF(t) [10m],SID55,481877,365242,0,201457,0.5688421579494735
worldcover_pairwise,0.5,S1+AEF(t) [10m],SID59,87122,18622,878,941954,0.8171109151957382
worldcover_pairwise,0.5,S1+AEF(t) [10m],SID61,179890,5615,13281,849790,0.9049430040344894
worldcover_pairwise,0.5,S1+AEF(t) [10m],SID63,487435,14367,22006,524768,0.9305604343576273
worldcover_pairwise,0.5,S1+AEF(t) [10m],SID64,57423,3161,7145,980847,0.8478347532076363
worldcover_pairwise,0.5,S1+AEF(t) [10m],SID65,67445,2838,1575,976718,0.9385872136714075
worldcover_pairwise,0.5,S1+AEF(t) [10m],SID67,13517,4985,12533,1017541,0.43554051876913163
worldcover_pairwise,0.5,S1+AEF(t) [10m],SID68,41514,11968,0,995094,0.7762237762237763
worldcover_pairwise,0.5,S1+AEF(t) [10m],SID69,107448,22767,13101,905260,0.749727874068492
worldcover_pairwise,0.5,S1+AEF(t) [10m],SID72,916533,1677,10130,120236,0.9872815994140078
worldcover_pairwise,0.5,S1+AEF(t) [10m],SID78,263492,13285,5169,766630,0.9345477502784221
worldcover_pairwise,0.5,S1+AEF(t) [10m],SID79,224412,4108,26844,793212,0.8787926254287997
worldcover_pairwise,0.5,S1+AEF(t) [10m],SID80,90342,8487,1348,948399,0.901823771923695
worldcover_pairwise,0.5,S1+AEF(t) [10m],SID81,295591,3254,865,748866,0.9862567148243302
worldcover_pairwise,0.5,S1+AEF(t) [10m],SID83,152401,6395,2221,887559,0.946490122161014
worldcover_pairwise,0.5,S1+AEF(t) [10m],SID85,374981,6300,2,667293,0.9834715945898453
worldcover_pairwise,0.5,S1+AEF(t) [10m],SID87,17961,21350,4702,1004563,0.4080839751891487
worldcover_pairwise,0.5,S1+AEF(t) [10m],SID89,73937,3347,1402,969890,0.9396461886485524
worldcover_pairwise,0.5,S1+AEF(t) [10m],SID90,29974,1493,9936,1007173,0.7239572011689974
worldcover_pairwise,0.5,S1+AEF(t) [10m],SID91,37310,29358,25,981883,0.5594290255349137
worldcover_pairwise,0.5,S1+AEF(t) [10m],SID92,306658,9589,151570,580759,0.6555084573668764
worldcover_pairwise,0.5,S1+AEF(t) [10m],SID93,0,0,31314,1017262,0.0
worldcover_pairwise,0.5,S1+AEF(t) [10m],SID97,196802,77423,11032,763319,0.6899112028802098
worldcover_pairwise,0.5,S1+AEF(t) [10m],SID98,44657,24715,25969,953235,0.4683924020096286
worldcover_pairwise,0.5,S1+AEF(t) [10m],SID99,77,30395,5584,1012520,0.0021355668959396495
ctrl_daymosaic,0.3,S1-only [3m],SID05,463449,6513,93294,485320,0.82280348544889
ctrl_daymosaic,0.3,S1-only [3m],SID21,281474,16026,22153,706822,0.8805611084519777
ctrl_daymosaic,0.3,S1-only [3m],SID61,148849,2155,44322,853250,0.7620542068132251
ctrl_daymosaic,0.3,S1-only [3m],SID63,413693,5312,95735,533736,0.803693126627035
ctrl_daymosaic,0.3,S1+AEF(t) [3m],SID05,549367,21812,7376,470021,0.9495501724123031
ctrl_daymosaic,0.3,S1+AEF(t) [3m],SID21,296129,18838,7498,704010,0.9183291209898748
ctrl_daymosaic,0.3,S1+AEF(t) [3m],SID61,177105,2853,16066,852552,0.903486307799045
ctrl_daymosaic,0.3,S1+AEF(t) [3m],SID63,481208,4214,28220,534834,0.9368548522122412
ctrl_daymosaic,0.3,S1+AEF(t-1) swap [3m],SID05,551759,26199,4984,465634,0.9465075427744098
ctrl_daymosaic,0.3,S1+AEF(t-1) swap [3m],SID21,296449,21286,7178,701562,0.9123950103566185
ctrl_daymosaic,0.3,S1+AEF(t-1) swap [3m],SID61,177998,3037,15173,852368,0.9071903286308407
ctrl_daymosaic,0.3,S1+AEF(t-1) swap [3m],SID63,478311,3198,31117,535850,0.93306035979447
ctrl_daymosaic,0.3,S1+AEF(t-1) trained [3m],SID05,548073,21925,8670,469908,0.947128578044751
ctrl_daymosaic,0.3,S1+AEF(t-1) trained [3m],SID21,295411,19829,8216,703019,0.9132957805698456
ctrl_daymosaic,0.3,S1+AEF(t-1) trained [3m],SID61,174360,2649,18811,852756,0.8904095597998162
ctrl_daymosaic,0.3,S1+AEF(t-1) trained [3m],SID63,470209,2347,39219,536701,0.9187807141810366
ctrl_daymosaic,0.3,S1-only [10m],SID05,552231,48996,4512,442837,0.9116649249924472
ctrl_daymosaic,0.3,S1-only [10m],SID21,295600,26210,8027,696638,0.8962002443631248
ctrl_daymosaic,0.3,S1-only [10m],SID61,182787,28458,10384,826947,0.8247431518438472
ctrl_daymosaic,0.3,S1-only [10m],SID63,494518,61939,14910,477109,0.8654997575988813
ctrl_daymosaic,0.3,S1+AEF(t) [10m],SID05,553838,34143,2905,457690,0.9373009345288262
ctrl_daymosaic,0.3,S1+AEF(t) [10m],SID21,297239,22519,6388,700329,0.9113679149828604
ctrl_daymosaic,0.3,S1+AEF(t) [10m],SID61,183594,7815,9577,847590,0.9134666096146
ctrl_daymosaic,0.3,S1+AEF(t) [10m],SID63,493703,20630,15725,518418,0.9314131661063506
ctrl_daymosaic,0.3,S1+AEF(t-1) swap [10m],SID05,554575,37369,2168,454464,0.9334519417214263
ctrl_daymosaic,0.3,S1+AEF(t-1) swap [10m],SID21,297572,23940,6055,698908,0.9084309469513108
ctrl_daymosaic,0.3,S1+AEF(t-1) swap [10m],SID61,183569,8708,9602,846697,0.9093021067074832
ctrl_daymosaic,0.3,S1+AEF(t-1) swap [10m],SID63,492017,18334,17411,520714,0.9322706068265619
ctrl_daymosaic,0.3,S1+AEF(t-1) trained [10m],SID05,554343,37296,2400,454537,0.933176104599193
ctrl_daymosaic,0.3,S1+AEF(t-1) trained [10m],SID21,297379,24209,6248,698639,0.9070968411034785
ctrl_daymosaic,0.3,S1+AEF(t-1) trained [10m],SID61,183069,9969,10102,845436,0.901196219356109
ctrl_daymosaic,0.3,S1+AEF(t-1) trained [10m],SID63,492579,22779,16849,516269,0.9255402503161364
ctrl_daymosaic,0.3,S1-only [10m daymosaic],SID05,548292,31740,8451,460093,0.931704059420578
ctrl_daymosaic,0.3,S1-only [10m daymosaic],SID21,296462,21204,7165,701644,0.9126653552154813
ctrl_daymosaic,0.3,S1-only [10m daymosaic],SID61,183783,23780,9388,831625,0.8471175518895971
ctrl_daymosaic,0.3,S1-only [10m daymosaic],SID63,493747,45679,15681,493369,0.8894627522261473
ctrl_daymosaic,0.3,S1+AEF(t) [10m daymosaic],SID05,551797,25361,4946,466472,0.9479354204746918
ctrl_daymosaic,0.3,S1+AEF(t) [10m daymosaic],SID21,297231,18587,6396,704261,0.9224645732339377
ctrl_daymosaic,0.3,S1+AEF(t) [10m daymosaic],SID61,183608,6462,9563,848943,0.9197277003301058
ctrl_daymosaic,0.3,S1+AEF(t) [10m daymosaic],SID63,492224,11682,17204,527366,0.9445683253055976
ctrl_daymosaic,0.3,S1+AEF(t-1) swap [10m daymosaic],SID05,553075,28719,3668,463114,0.9446812944307231
ctrl_daymosaic,0.3,S1+AEF(t-1) swap [10m daymosaic],SID21,297644,20020,5983,702828,0.9196562921948913
ctrl_daymosaic,0.3,S1+AEF(t-1) swap [10m daymosaic],SID61,184050,6664,9121,848741,0.9210098331123177
ctrl_daymosaic,0.3,S1+AEF(t-1) swap [10m daymosaic],SID63,490060,9634,19368,529414,0.9441261352208407
ctrl_daymosaic,0.3,S1+AEF(t-1) trained [10m daymosaic],SID05,552572,28119,4171,463714,0.9447903949991622
ctrl_daymosaic,0.3,S1+AEF(t-1) trained [10m daymosaic],SID21,297647,20051,5980,702797,0.9195774813240319
ctrl_daymosaic,0.3,S1+AEF(t-1) trained [10m daymosaic],SID61,183834,7535,9337,847870,0.9159367432961646
ctrl_daymosaic,0.3,S1+AEF(t-1) trained [10m daymosaic],SID63,490762,12771,18666,526277,0.9397988123301653
ctrl_daymosaic,0.3,OPERA DSWx-S1,SID05,532571,23168,24172,468665,0.9183667838685592
ctrl_daymosaic,0.3,OPERA DSWx-S1,SID21,278014,28275,25613,694573,0.837638821097794
ctrl_daymosaic,0.3,OPERA DSWx-S1,SID61,153168,8732,40003,846673,0.758621714387602
ctrl_daymosaic,0.3,OPERA DSWx-S1,SID63,396786,1326,112642,537722,0.7768632257407676
ctrl_daymosaic,0.5,S1-only [3m],SID05,406851,4584,149892,487249,0.7248021206890102
ctrl_daymosaic,0.5,S1-only [3m],SID21,276388,11174,27239,711674,0.8779768806325265
ctrl_daymosaic,0.5,S1-only [3m],SID61,141273,1555,51898,853850,0.7254963384447891
ctrl_daymosaic,0.5,S1-only [3m],SID63,394115,3789,115313,535259,0.7679305245149712
ctrl_daymosaic,0.5,S1+AEF(t) [3m],SID05,546999,19169,9744,472664,0.9497961494117156
ctrl_daymosaic,0.5,S1+AEF(t) [3m],SID21,295021,16574,8606,706274,0.9213618945599795
ctrl_daymosaic,0.5,S1+AEF(t) [3m],SID61,173627,2482,19544,852923,0.8874231419911782
ctrl_daymosaic,0.5,S1+AEF(t) [3m],SID63,474364,2874,35064,536174,0.9259460240248916
ctrl_daymosaic,0.5,S1+AEF(t-1) swap [3m],SID05,549724,23110,7019,468723,0.9480402791742045
ctrl_daymosaic,0.5,S1+AEF(t-1) swap [3m],SID21,295411,18698,8216,704150,0.9165004265880711
ctrl_daymosaic,0.5,S1+AEF(t-1) swap [3m],SID61,174328,2589,18843,852816,0.8905190028606457
ctrl_daymosaic,0.5,S1+AEF(t-1) swap [3m],SID63,471193,2137,38235,536911,0.9210813875069639
ctrl_daymosaic,0.5,S1+AEF(t-1) trained [3m],SID05,545271,18954,11472,472879,0.9471492816533698
ctrl_daymosaic,0.5,S1+AEF(t-1) trained [3m],SID21,294189,17116,9438,705732,0.9172109757656441
ctrl_daymosaic,0.5,S1+AEF(t-1) trained [3m],SID61,170345,2291,22826,853114,0.8714993195608354
ctrl_daymosaic,0.5,S1+AEF(t-1) trained [3m],SID63,462197,1518,47231,537530,0.9045907003871251
ctrl_daymosaic,0.5,S1-only [10m],SID05,550892,44607,5851,447226,0.9160921260497215
ctrl_daymosaic,0.5,S1-only [10m],SID21,294337,24010,9290,698838,0.8983631274856014
ctrl_daymosaic,0.5,S1-only [10m],SID61,180403,24132,12768,831273,0.8301910235937838
ctrl_daymosaic,0.5,S1-only [10m],SID63,489288,54856,20140,484192,0.8670952924413947
ctrl_daymosaic,0.5,S1+AEF(t) [10m],SID05,552685,29836,4058,461997,0.9422175018198742
ctrl_daymosaic,0.5,S1+AEF(t) [10m],SID21,296278,20691,7349,702157,0.9135416473954575
ctrl_daymosaic,0.5,S1+AEF(t) [10m],SID61,179890,5615,13281,849790,0.9049430040344894
ctrl_daymosaic,0.5,S1+AEF(t) [10m],SID63,487435,14367,21993,524681,0.930583529816054
ctrl_daymosaic,0.5,S1+AEF(t-1) swap [10m],SID05,553639,33151,3104,458682,0.9385398054565736
ctrl_daymosaic,0.5,S1+AEF(t-1) swap [10m],SID21,296657,21995,6970,700853,0.911047165117836
ctrl_daymosaic,0.5,S1+AEF(t-1) swap [10m],SID61,180247,6216,12924,849189,0.9040057777086771
ctrl_daymosaic,0.5,S1+AEF(t-1) swap [10m],SID63,485304,12361,24124,526687,0.9300771001305125
ctrl_daymosaic,0.5,S1+AEF(t-1) trained [10m],SID05,553373,32928,3370,458905,0.938443640606372
ctrl_daymosaic,0.5,S1+AEF(t-1) trained [10m],SID21,296421,22248,7206,700600,0.9096156501726121
ctrl_daymosaic,0.5,S1+AEF(t-1) trained [10m],SID61,179854,7273,13317,848132,0.8972780427451059
ctrl_daymosaic,0.5,S1+AEF(t-1) trained [10m],SID63,486320,16390,23108,522658,0.9248827541088361
ctrl_daymosaic,0.5,S1-only [10m daymosaic],SID05,546109,28610,10634,463223,0.9329566945074169
ctrl_daymosaic,0.5,S1-only [10m daymosaic],SID21,295560,18506,8067,704342,0.9175092275550781
ctrl_daymosaic,0.5,S1-only [10m daymosaic],SID61,181251,20194,11920,835211,0.8494879666299534
ctrl_daymosaic,0.5,S1-only [10m daymosaic],SID63,488105,38786,21323,500262,0.8903548614227291
ctrl_daymosaic,0.5,S1+AEF(t) [10m daymosaic],SID05,549726,22113,7017,469720,0.9496766035076081
ctrl_daymosaic,0.5,S1+AEF(t) [10m daymosaic],SID21,296253,16730,7374,706118,0.9247589408066625
ctrl_daymosaic,0.5,S1+AEF(t) [10m daymosaic],SID61,179502,4624,13669,850781,0.9075153568088172
ctrl_daymosaic,0.5,S1+AEF(t) [10m daymosaic],SID63,484305,7011,25123,532037,0.937777743354007
ctrl_daymosaic,0.5,S1+AEF(t-1) swap [10m daymosaic],SID05,551407,25259,5336,466574,0.9474314521255941
ctrl_daymosaic,0.5,S1+AEF(t-1) swap [10m daymosaic],SID21,296721,17999,6906,704849,0.9225653398668018
ctrl_daymosaic,0.5,S1+AEF(t-1) swap [10m daymosaic],SID61,179997,4833,13174,850572,0.9090573927799438
ctrl_daymosaic,0.5,S1+AEF(t-1) swap [10m daymosaic],SID63,481448,5559,27980,533489,0.9348740842001837
ctrl_daymosaic,0.5,S1+AEF(t-1) trained [10m daymosaic],SID05,550703,24736,6040,467097,0.9470728951518456
ctrl_daymosaic,0.5,S1+AEF(t-1) trained [10m daymosaic],SID21,296720,18010,6907,704838,0.9225306789952649
ctrl_daymosaic,0.5,S1+AEF(t-1) trained [10m daymosaic],SID61,179998,5324,13173,850081,0.9068137736466914
ctrl_daymosaic,0.5,S1+AEF(t-1) trained [10m daymosaic],SID63,483007,7723,26421,531325,0.9339767302006571
ctrl_daymosaic,0.5,OPERA DSWx-S1,SID05,532571,23168,24172,468665,0.9183667838685592
ctrl_daymosaic,0.5,OPERA DSWx-S1,SID21,278014,28275,25613,694573,0.837638821097794
ctrl_daymosaic,0.5,OPERA DSWx-S1,SID61,153168,8732,40003,846673,0.758621714387602
ctrl_daymosaic,0.5,OPERA DSWx-S1,SID63,396786,1326,112642,537722,0.7768632257407676
ctrl_nomargin,0.3,S1-only [3m],SID03,295270,3075,61634,688597,0.8202422919114726
ctrl_nomargin,0.3,S1-only [3m],SID04,113118,114,50308,885036,0.6916839916839916
ctrl_nomargin,0.3,S1-only [3m],SID05,463449,6513,93294,485320,0.82280348544889
ctrl_nomargin,0.3,S1-only [3m],SID06,255003,5370,495554,292649,0.3373381292108894
ctrl_nomargin,0.3,S1-only [3m],SID100,11159,8187,29884,830506,0.22667072923014422
ctrl_nomargin,0.3,S1-only [3m],SID14,53812,174,73585,921005,0.42182000611424225
ctrl_nomargin,0.3,S1-only [3m],SID15,281438,0,506847,260291,0.35702569502147063
ctrl_nomargin,0.3,S1-only [3m],SID17,12094,753,25194,1010535,0.3179201387976131
ctrl_nomargin,0.3,S1-only [3m],SID18,49519,5681,4806,988570,0.8252341432523415
ctrl_nomargin,0.3,S1-only [3m],SID21,281474,16026,22153,706822,0.8805611084519777
ctrl_nomargin,0.3,S1-only [3m],SID22,201209,6834,65628,578897,0.7352222193802047
ctrl_nomargin,0.3,S1-only [3m],SID23,773,1026,130105,892308,0.005860322658903445
ctrl_nomargin,0.3,S1-only [3m],SID25,6979,438,26771,261781,0.20413595413595415
ctrl_nomargin,0.3,S1-only [3m],SID26,169,61408,20284,966715,0.002064475146895347
ctrl_nomargin,0.3,S1-only [3m],SID27,81,4792,9749,769864,0.00553959786622897
ctrl_nomargin,0.3,S1-only [3m],SID28,433613,384,91031,522808,0.8258854765841059
ctrl_nomargin,0.3,S1-only [3m],SID31,0,76,34111,1014389,0.0
ctrl_nomargin,0.3,S1-only [3m],SID33,15475,16,266886,765999,0.05480262202658148
ctrl_nomargin,0.3,S1-only [3m],SID36,114891,8436,46879,878370,0.6750114567054041
ctrl_nomargin,0.3,S1-only [3m],SID37,531498,16818,370920,129340,0.578195370938475
ctrl_nomargin,0.3,S1-only [3m],SID39,233559,978,90607,723432,0.7183248037792486
ctrl_nomargin,0.3,S1-only [3m],SID40,552405,1441,59890,434840,0.9000694109519403
ctrl_nomargin,0.3,S1-only [3m],SID44,106077,4310,82379,714510,0.5502889513710925
ctrl_nomargin,0.3,S1-only [3m],SID46,69300,928,560552,417796,0.10986397793208409
ctrl_nomargin,0.3,S1-only [3m],SID50,8,733,4654,594970,0.0014828544949026877
ctrl_nomargin,0.3,S1-only [3m],SID51,6071,149,26228,1015928,0.18709935897435898
ctrl_nomargin,0.3,S1-only [3m],SID52,132116,11700,21189,883571,0.8006787673100815
ctrl_nomargin,0.3,S1-only [3m],SID53,35986,2899,434324,575367,0.07604673622014797
ctrl_nomargin,0.3,S1-only [3m],SID55,99427,42743,382450,523956,0.18952193968968015
ctrl_nomargin,0.3,S1-only [3m],SID59,66144,571,21856,960005,0.7467907102776303
ctrl_nomargin,0.3,S1-only [3m],SID61,148849,2155,44322,853250,0.7620542068132251
ctrl_nomargin,0.3,S1-only [3m],SID63,413693,5312,95735,533736,0.803693126627035
ctrl_nomargin,0.3,S1-only [3m],SID64,54378,3687,10190,980321,0.7966888872610065
ctrl_nomargin,0.3,S1-only [3m],SID65,44772,2178,23937,647860,0.6315967666850058
ctrl_nomargin,0.3,S1-only [3m],SID67,255,5270,25688,974033,0.008169672892704963
ctrl_nomargin,0.3,S1-only [3m],SID68,17182,2006,24099,942749,0.3969321043269342
ctrl_nomargin,0.3,S1-only [3m],SID69,54486,2730,66063,925297,0.44197308544034264
ctrl_nomargin,0.3,S1-only [3m],SID72,910492,789,16171,121124,0.981713339342629
ctrl_nomargin,0.3,S1-only [3m],SID78,178510,1122,90151,778793,0.6616799427688179
ctrl_nomargin,0.3,S1-only [3m],SID79,145258,11035,91463,517140,0.5862945801514393
ctrl_nomargin,0.3,S1-only [3m],SID80,72401,141,19289,956703,0.7884156766233624
ctrl_nomargin,0.3,S1-only [3m],SID81,278072,80,18384,752040,0.9377343728923301
ctrl_nomargin,0.3,S1-only [3m],SID83,6779,58,147843,893896,0.04382596327902767
ctrl_nomargin,0.3,S1-only [3m],SID85,362752,815,12231,655378,0.9652845411630716
ctrl_nomargin,0.3,S1-only [3m],SID87,2957,6388,17865,969853,0.10867328188166116
ctrl_nomargin,0.3,S1-only [3m],SID89,25209,1586,39598,637378,0.37969364240206044
ctrl_nomargin,0.3,S1-only [3m],SID90,1595,2897,36484,615800,0.03892522452167122
ctrl_nomargin,0.3,S1-only [3m],SID91,24948,4657,12387,1006584,0.594113164412269
ctrl_nomargin,0.3,S1-only [3m],SID92,280817,72755,122412,439252,0.5899715116474503
ctrl_nomargin,0.3,S1-only [3m],SID93,0,23450,31314,993812,0.0
ctrl_nomargin,0.3,S1-only [3m],SID97,43373,20564,164461,820178,0.189900962355187
ctrl_nomargin,0.3,S1-only [3m],SID98,2338,28266,68288,949684,0.02364195283743882
ctrl_nomargin,0.3,S1-only [3m],SID99,0,21938,5661,1020977,0.0
ctrl_nomargin,0.3,S1+AEF(t) [3m],SID03,336547,8238,20357,683434,0.9216880008325529
ctrl_nomargin,0.3,S1+AEF(t) [3m],SID04,147745,16108,15681,869042,0.8229360455401206
ctrl_nomargin,0.3,S1+AEF(t) [3m],SID05,549367,21812,7376,470021,0.9495501724123031
ctrl_nomargin,0.3,S1+AEF(t) [3m],SID06,735646,8227,14911,289792,0.9695064735155196
ctrl_nomargin,0.3,S1+AEF(t) [3m],SID100,35684,3158,5359,835535,0.8073120517635347
ctrl_nomargin,0.3,S1+AEF(t) [3m],SID14,115662,5962,11735,915217,0.8672980451263131
ctrl_nomargin,0.3,S1+AEF(t) [3m],SID15,788214,107399,71,152892,0.8800134868993975
ctrl_nomargin,0.3,S1+AEF(t) [3m],SID17,36762,17793,526,993495,0.6674170766689058
ctrl_nomargin,0.3,S1+AEF(t) [3m],SID18,54311,25984,14,968267,0.6762753863203377
ctrl_nomargin,0.3,S1+AEF(t) [3m],SID21,296129,18838,7498,704010,0.9183291209898748
ctrl_nomargin,0.3,S1+AEF(t) [3m],SID22,261648,19938,5189,565793,0.9123807863307472
ctrl_nomargin,0.3,S1+AEF(t) [3m],SID23,126199,9051,4679,884283,0.9018788099679123
ctrl_nomargin,0.3,S1+AEF(t) [3m],SID25,31441,3863,2309,258356,0.8359077978358547
ctrl_nomargin,0.3,S1+AEF(t) [3m],SID26,12953,4232,7500,1023891,0.5247316183917359
ctrl_nomargin,0.3,S1+AEF(t) [3m],SID27,9298,8811,532,765845,0.4987929832090553
ctrl_nomargin,0.3,S1+AEF(t) [3m],SID28,524644,224197,0,298995,0.7006080062389747
ctrl_nomargin,0.3,S1+AEF(t) [3m],SID31,13187,7786,20924,1006679,0.31474807265436666
ctrl_nomargin,0.3,S1+AEF(t) [3m],SID33,198544,352,83817,765663,0.7022811119403777
ctrl_nomargin,0.3,S1+AEF(t) [3m],SID36,122066,1240,39704,885566,0.7488252254462916
ctrl_nomargin,0.3,S1+AEF(t) [3m],SID37,881821,5882,20597,140276,0.9708477375316525
ctrl_nomargin,0.3,S1+AEF(t) [3m],SID39,310112,2939,14054,721471,0.9480503202335642
ctrl_nomargin,0.3,S1+AEF(t) [3m],SID40,611000,5389,1295,430892,0.9891789329171551
ctrl_nomargin,0.3,S1+AEF(t) [3m],SID44,187636,15711,820,703109,0.9190319689273977
ctrl_nomargin,0.3,S1+AEF(t) [3m],SID46,604416,100588,25436,318136,0.8274683752258912
ctrl_nomargin,0.3,S1+AEF(t) [3m],SID50,251,2,4411,595701,0.05381646655231561
ctrl_nomargin,0.3,S1+AEF(t) [3m],SID51,29690,7445,2609,1008632,0.747030998389694
ctrl_nomargin,0.3,S1+AEF(t) [3m],SID52,148085,10181,5220,885090,0.9057962149664192
ctrl_nomargin,0.3,S1+AEF(t) [3m],SID53,469585,100317,725,477949,0.8229281124096827
ctrl_nomargin,0.3,S1+AEF(t) [3m],SID55,481877,383390,0,183309,0.5569113348827587
ctrl_nomargin,0.3,S1+AEF(t) [3m],SID59,87044,14268,956,946308,0.851136230296867
ctrl_nomargin,0.3,S1+AEF(t) [3m],SID61,177105,2853,16066,852552,0.903486307799045
ctrl_nomargin,0.3,S1+AEF(t) [3m],SID63,481208,4214,28220,534834,0.9368548522122412
ctrl_nomargin,0.3,S1+AEF(t) [3m],SID64,55766,1133,8802,982875,0.8487846455913913
ctrl_nomargin,0.3,S1+AEF(t) [3m],SID65,67316,4566,1393,645472,0.9186762197202321
ctrl_nomargin,0.3,S1+AEF(t) [3m],SID67,20844,14755,5099,964548,0.5121627598407784
ctrl_nomargin,0.3,S1+AEF(t) [3m],SID68,41281,10183,0,934572,0.8021335302347272
ctrl_nomargin,0.3,S1+AEF(t) [3m],SID69,106761,19391,13788,908636,0.7629055309418322
ctrl_nomargin,0.3,S1+AEF(t) [3m],SID72,915272,889,11391,121024,0.9867608500655489
ctrl_nomargin,0.3,S1+AEF(t) [3m],SID78,265019,12863,3642,767052,0.9413726716017107
ctrl_nomargin,0.3,S1+AEF(t) [3m],SID79,219221,4227,17500,523948,0.9098270166176935
ctrl_nomargin,0.3,S1+AEF(t) [3m],SID80,90306,7321,1384,949523,0.9120804759067175
ctrl_nomargin,0.3,S1+AEF(t) [3m],SID81,294621,1393,1835,750727,0.9891622936454378
ctrl_nomargin,0.3,S1+AEF(t) [3m],SID83,153529,6701,1093,887253,0.9516869882161874
ctrl_nomargin,0.3,S1+AEF(t) [3m],SID85,374971,4586,12,651607,0.987886260469111
ctrl_nomargin,0.3,S1+AEF(t) [3m],SID87,18149,23547,2673,952694,0.40904685703982513
ctrl_nomargin,0.3,S1+AEF(t) [3m],SID89,64071,3216,736,635748,0.9419020037340311
ctrl_nomargin,0.3,S1+AEF(t) [3m],SID90,29432,1538,8647,617159,0.7429133957644446
ctrl_nomargin,0.3,S1+AEF(t) [3m],SID91,37134,24160,201,987081,0.6038539718676316
ctrl_nomargin,0.3,S1+AEF(t) [3m],SID92,277524,6813,125705,505194,0.6768184722540618
ctrl_nomargin,0.3,S1+AEF(t) [3m],SID93,0,0,31314,1017262,0.0
ctrl_nomargin,0.3,S1+AEF(t) [3m],SID97,203800,95211,4034,745531,0.6725073833919055
ctrl_nomargin,0.3,S1+AEF(t) [3m],SID98,50037,26493,20589,951457,0.5152132950298088
ctrl_nomargin,0.3,S1+AEF(t) [3m],SID99,723,28158,4938,1014757,0.02137851503592655
ctrl_nomargin,0.3,S1+AEF(t-1) swap [3m],SID03,312946,1575,43958,690097,0.8729827967607586
ctrl_nomargin,0.3,S1+AEF(t-1) swap [3m],SID04,148011,18063,15415,867087,0.8155370297924392
ctrl_nomargin,0.3,S1+AEF(t-1) swap [3m],SID05,551759,26199,4984,465634,0.9465075427744098
ctrl_nomargin,0.3,S1+AEF(t-1) swap [3m],SID06,735309,7408,15248,290611,0.9701094377708733
ctrl_nomargin,0.3,S1+AEF(t-1) swap [3m],SID100,36154,8880,4889,829813,0.7241952607014803
ctrl_nomargin,0.3,S1+AEF(t-1) swap [3m],SID14,125502,127880,1895,793299,0.49163066002812633
ctrl_nomargin,0.3,S1+AEF(t-1) swap [3m],SID15,788227,94330,58,165961,0.8930586949009478
ctrl_nomargin,0.3,S1+AEF(t-1) swap [3m],SID17,36805,18443,483,992845,0.6604044427697332
ctrl_nomargin,0.3,S1+AEF(t-1) swap [3m],SID18,54241,3240,84,991011,0.9422565795188048
ctrl_nomargin,0.3,S1+AEF(t-1) swap [3m],SID21,296449,21286,7178,701562,0.9123950103566185
ctrl_nomargin,0.3,S1+AEF(t-1) swap [3m],SID22,260357,18200,6480,567531,0.9134147496640787
ctrl_nomargin,0.3,S1+AEF(t-1) swap [3m],SID23,130703,26189,175,867145,0.8321480642019011
ctrl_nomargin,0.3,S1+AEF(t-1) swap [3m],SID25,31480,4455,2270,257764,0.8239759193822798
ctrl_nomargin,0.3,S1+AEF(t-1) swap [3m],SID26,12917,3965,7536,1024158,0.5289950036858055
ctrl_nomargin,0.3,S1+AEF(t-1) swap [3m],SID27,9529,10701,301,763955,0.46412741707661587
ctrl_nomargin,0.3,S1+AEF(t-1) swap [3m],SID28,524644,195336,0,327856,0.7286924636795467
ctrl_nomargin,0.3,S1+AEF(t-1) swap [3m],SID31,10788,4961,23323,1009504,0.2761056511056511
ctrl_nomargin,0.3,S1+AEF(t-1) swap [3m],SID33,225307,3037,57054,762978,0.7894484194002761
ctrl_nomargin,0.3,S1+AEF(t-1) swap [3m],SID36,115379,939,46391,885867,0.7091125875028425
ctrl_nomargin,0.3,S1+AEF(t-1) swap [3m],SID37,889711,10463,12707,135695,0.9746188166913322
ctrl_nomargin,0.3,S1+AEF(t-1) swap [3m],SID39,312403,6610,11763,717800,0.9444548576680292
ctrl_nomargin,0.3,S1+AEF(t-1) swap [3m],SID40,611694,7621,601,428660,0.9867369127430168
ctrl_nomargin,0.3,S1+AEF(t-1) swap [3m],SID44,187926,16096,530,702724,0.9187199342954359
ctrl_nomargin,0.3,S1+AEF(t-1) swap [3m],SID46,600800,96971,29052,321753,0.8266111556733895
ctrl_nomargin,0.3,S1+AEF(t-1) swap [3m],SID50,632,59,4030,595644,0.13386994280872697
ctrl_nomargin,0.3,S1+AEF(t-1) swap [3m],SID51,29878,7696,2421,1008381,0.7470433804225528
ctrl_nomargin,0.3,S1+AEF(t-1) swap [3m],SID52,150042,36825,3263,858446,0.7891547888286962
ctrl_nomargin,0.3,S1+AEF(t-1) swap [3m],SID53,469853,91825,457,486441,0.8358365872966458
ctrl_nomargin,0.3,S1+AEF(t-1) swap [3m],SID55,481877,382581,0,184118,0.5574325184103797
ctrl_nomargin,0.3,S1+AEF(t-1) swap [3m],SID59,87464,17177,536,943399,0.8315886553143749
ctrl_nomargin,0.3,S1+AEF(t-1) swap [3m],SID61,177998,3037,15173,852368,0.9071903286308407
ctrl_nomargin,0.3,S1+AEF(t-1) swap [3m],SID63,478311,3198,31117,535850,0.93306035979447
ctrl_nomargin,0.3,S1+AEF(t-1) swap [3m],SID64,55481,1431,9087,982577,0.8406339489992273
ctrl_nomargin,0.3,S1+AEF(t-1) swap [3m],SID65,66810,2103,1899,647935,0.9434841552279275
ctrl_nomargin,0.3,S1+AEF(t-1) swap [3m],SID67,23466,66129,2477,913174,0.25486575723346944
ctrl_nomargin,0.3,S1+AEF(t-1) swap [3m],SID68,41281,10762,0,933993,0.7932094614069135
ctrl_nomargin,0.3,S1+AEF(t-1) swap [3m],SID69,104625,19061,15924,908966,0.7494090681183296
ctrl_nomargin,0.3,S1+AEF(t-1) swap [3m],SID72,912934,269,13729,121644,0.9848985686112898
ctrl_nomargin,0.3,S1+AEF(t-1) swap [3m],SID78,265987,15880,2674,764035,0.9347932283923933
ctrl_nomargin,0.3,S1+AEF(t-1) swap [3m],SID79,202190,2562,34531,525613,0.8449827192069641
ctrl_nomargin,0.3,S1+AEF(t-1) swap [3m],SID80,90117,9148,1573,947696,0.8936809536087587
ctrl_nomargin,0.3,S1+AEF(t-1) swap [3m],SID81,295504,2779,952,749341,0.9875315387571642
ctrl_nomargin,0.3,S1+AEF(t-1) swap [3m],SID83,153116,6733,1506,887221,0.948938675591088
ctrl_nomargin,0.3,S1+AEF(t-1) swap [3m],SID85,374975,5305,8,650888,0.9860290095927298
ctrl_nomargin,0.3,S1+AEF(t-1) swap [3m],SID87,18019,21309,2803,954932,0.4276898245947165
ctrl_nomargin,0.3,S1+AEF(t-1) swap [3m],SID89,63867,2935,940,636029,0.9427976735260252
ctrl_nomargin,0.3,S1+AEF(t-1) swap [3m],SID90,29608,2521,8471,616176,0.7292610837438424
ctrl_nomargin,0.3,S1+AEF(t-1) swap [3m],SID91,37033,22213,302,989028,0.621901659165715
ctrl_nomargin,0.3,S1+AEF(t-1) swap [3m],SID92,257340,1520,145889,510487,0.635801447316732
ctrl_nomargin,0.3,S1+AEF(t-1) swap [3m],SID93,0,0,31314,1017262,0.0
ctrl_nomargin,0.3,S1+AEF(t-1) swap [3m],SID97,198388,107454,9446,733288,0.6292278805409657
ctrl_nomargin,0.3,S1+AEF(t-1) swap [3m],SID98,47640,21970,22986,955980,0.514493066655147
ctrl_nomargin,0.3,S1+AEF(t-1) swap [3m],SID99,514,19741,5147,1023174,0.020234627194709077
ctrl_nomargin,0.3,S1+AEF(t-1) trained [3m],SID03,310400,1485,46504,690187,0.8660980108206446
ctrl_nomargin,0.3,S1+AEF(t-1) trained [3m],SID04,147455,16857,15971,868293,0.8179085105084783
ctrl_nomargin,0.3,S1+AEF(t-1) trained [3m],SID05,548073,21925,8670,469908,0.947128578044751
ctrl_nomargin,0.3,S1+AEF(t-1) trained [3m],SID06,732278,6911,18279,291108,0.9667444697333749
ctrl_nomargin,0.3,S1+AEF(t-1) trained [3m],SID100,36046,8060,4997,830633,0.7340895668289107
ctrl_nomargin,0.3,S1+AEF(t-1) trained [3m],SID14,124530,104933,2867,816246,0.5360048207291352
ctrl_nomargin,0.3,S1+AEF(t-1) trained [3m],SID15,788101,96246,184,164045,0.8909817745223175
ctrl_nomargin,0.3,S1+AEF(t-1) trained [3m],SID17,36526,15352,762,995936,0.6938829787234042
ctrl_nomargin,0.3,S1+AEF(t-1) trained [3m],SID18,54234,3237,91,991014,0.9421840797748514
ctrl_nomargin,0.3,S1+AEF(t-1) trained [3m],SID21,295411,19829,8216,703019,0.9132957805698456
ctrl_nomargin,0.3,S1+AEF(t-1) trained [3m],SID22,259975,17321,6862,568410,0.9148959381752405
ctrl_nomargin,0.3,S1+AEF(t-1) trained [3m],SID23,130665,26089,213,867245,0.832436117145642
ctrl_nomargin,0.3,S1+AEF(t-1) trained [3m],SID25,31072,3982,2678,258237,0.8234919961836107
ctrl_nomargin,0.3,S1+AEF(t-1) trained [3m],SID26,13858,5094,6595,1023029,0.5424511684346499
ctrl_nomargin,0.3,S1+AEF(t-1) trained [3m],SID27,9329,10081,501,764575,0.4685349806639546
ctrl_nomargin,0.3,S1+AEF(t-1) trained [3m],SID28,524644,186648,0,336544,0.7375929997806808
ctrl_nomargin,0.3,S1+AEF(t-1) trained [3m],SID31,10632,4857,23479,1009608,0.27283925272018067
ctrl_nomargin,0.3,S1+AEF(t-1) trained [3m],SID33,219241,2661,63120,763354,0.7692072892618815
ctrl_nomargin,0.3,S1+AEF(t-1) trained [3m],SID36,116395,1576,45375,885230,0.7125671886670013
ctrl_nomargin,0.3,S1+AEF(t-1) trained [3m],SID37,894434,12589,7984,133569,0.9775160190031333
ctrl_nomargin,0.3,S1+AEF(t-1) trained [3m],SID39,312564,6684,11602,717726,0.9447302402901617
ctrl_nomargin,0.3,S1+AEF(t-1) trained [3m],SID40,611530,6844,765,429437,0.9877103526025658
ctrl_nomargin,0.3,S1+AEF(t-1) trained [3m],SID44,187831,15591,625,703229,0.9205281136208815
ctrl_nomargin,0.3,S1+AEF(t-1) trained [3m],SID46,601185,98463,28667,320261,0.8254464071177993
ctrl_nomargin,0.3,S1+AEF(t-1) trained [3m],SID50,427,18,4235,595685,0.09123931623931623
ctrl_nomargin,0.3,S1+AEF(t-1) trained [3m],SID51,29079,5751,3220,1010326,0.7642312746386334
ctrl_nomargin,0.3,S1+AEF(t-1) trained [3m],SID52,149552,30842,3753,864429,0.812133784422228
ctrl_nomargin,0.3,S1+AEF(t-1) trained [3m],SID53,469992,98198,318,480068,0.8267113215645162
ctrl_nomargin,0.3,S1+AEF(t-1) trained [3m],SID55,481877,390423,0,176276,0.552421185372005
ctrl_nomargin,0.3,S1+AEF(t-1) trained [3m],SID59,87468,17735,532,942841,0.8272379060859696
ctrl_nomargin,0.3,S1+AEF(t-1) trained [3m],SID61,174360,2649,18811,852756,0.8904095597998162
ctrl_nomargin,0.3,S1+AEF(t-1) trained [3m],SID63,470209,2347,39219,536701,0.9187807141810366
ctrl_nomargin,0.3,S1+AEF(t-1) trained [3m],SID64,56020,1565,8548,982443,0.8470808824641253
ctrl_nomargin,0.3,S1+AEF(t-1) trained [3m],SID65,66343,1619,2366,648419,0.9433369355022182
ctrl_nomargin,0.3,S1+AEF(t-1) trained [3m],SID67,23305,67436,2638,911867,0.24957431542423886
ctrl_nomargin,0.3,S1+AEF(t-1) trained [3m],SID68,41281,9524,0,935231,0.8125381360102352
ctrl_nomargin,0.3,S1+AEF(t-1) trained [3m],SID69,106855,23459,13694,904568,0.7420073884784179
ctrl_nomargin,0.3,S1+AEF(t-1) trained [3m],SID72,912270,275,14393,121638,0.9841758564218966
ctrl_nomargin,0.3,S1+AEF(t-1) trained [3m],SID78,265862,14943,2799,764972,0.9374409387737832
ctrl_nomargin,0.3,S1+AEF(t-1) trained [3m],SID79,204026,2627,32695,525548,0.8524240854320905
ctrl_nomargin,0.3,S1+AEF(t-1) trained [3m],SID80,90129,9255,1561,947589,0.8928525434642627
ctrl_nomargin,0.3,S1+AEF(t-1) trained [3m],SID81,295366,2577,1090,749543,0.9877371393792659
ctrl_nomargin,0.3,S1+AEF(t-1) trained [3m],SID83,153017,7115,1605,886839,0.9460853113387784
ctrl_nomargin,0.3,S1+AEF(t-1) trained [3m],SID85,374943,4640,40,651553,0.9876719798326234
ctrl_nomargin,0.3,S1+AEF(t-1) trained [3m],SID87,17928,20879,2894,955362,0.4299177477758327
ctrl_nomargin,0.3,S1+AEF(t-1) trained [3m],SID89,63870,3019,937,635945,0.9416742841978003
ctrl_nomargin,0.3,S1+AEF(t-1) trained [3m],SID90,30024,2681,8055,616016,0.7366045142296369
ctrl_nomargin,0.3,S1+AEF(t-1) trained [3m],SID91,36959,20685,376,990556,0.6370044812133747
ctrl_nomargin,0.3,S1+AEF(t-1) trained [3m],SID92,257657,1701,145572,510306,0.6363001012520683
ctrl_nomargin,0.3,S1+AEF(t-1) trained [3m],SID93,0,0,31314,1017262,0.0
ctrl_nomargin,0.3,S1+AEF(t-1) trained [3m],SID97,199748,116816,8086,723926,0.6152718312028338
ctrl_nomargin,0.3,S1+AEF(t-1) trained [3m],SID98,47723,23208,22903,954742,0.5085896370185647
ctrl_nomargin,0.3,S1+AEF(t-1) trained [3m],SID99,468,23361,5193,1019554,0.01612569774653711
ctrl_nomargin,0.3,S1-only [10m],SID03,334361,29777,22543,661895,0.8646946708009962
ctrl_nomargin,0.3,S1-only [10m],SID04,139208,17064,24218,868086,0.7712781871571832
ctrl_nomargin,0.3,S1-only [10m],SID05,552231,48996,4512,442837,0.9116649249924472
ctrl_nomargin,0.3,S1-only [10m],SID06,738052,31173,12505,266846,0.9441264886853518
ctrl_nomargin,0.3,S1-only [10m],SID100,6242,2561,34801,836132,0.14315200440326575
ctrl_nomargin,0.3,S1-only [10m],SID14,115202,10934,12195,910245,0.8327995893906645
ctrl_nomargin,0.3,S1-only [10m],SID15,715269,6885,73016,253406,0.8995170843970471
ctrl_nomargin,0.3,S1-only [10m],SID17,34968,17204,2320,994084,0.6417088746972033
ctrl_nomargin,0.3,S1-only [10m],SID18,54243,7542,82,986709,0.8767679053453376
ctrl_nomargin,0.3,S1-only [10m],SID21,295600,26210,8027,696638,0.8962002443631248
ctrl_nomargin,0.3,S1-only [10m],SID22,251436,19520,15401,566211,0.878050824669905
ctrl_nomargin,0.3,S1-only [10m],SID23,3102,2524,127776,890810,0.023253024692283474
ctrl_nomargin,0.3,S1-only [10m],SID25,28977,8485,4773,253734,0.6860897360009471
ctrl_nomargin,0.3,S1-only [10m],SID26,0,2646,20453,1025477,0.0
ctrl_nomargin,0.3,S1-only [10m],SID27,1616,4144,8214,770512,0.11564333762702161
ctrl_nomargin,0.3,S1-only [10m],SID28,519223,11538,5421,511654,0.9683708143876519
ctrl_nomargin,0.3,S1-only [10m],SID31,6369,3595,27742,1010870,0.16891210947859758
ctrl_nomargin,0.3,S1-only [10m],SID33,44692,2271,237669,763744,0.15701677956097698
ctrl_nomargin,0.3,S1-only [10m],SID36,140895,30216,20875,856590,0.7338816372027127
ctrl_nomargin,0.3,S1-only [10m],SID37,895264,31350,7154,114808,0.9587649180524499
ctrl_nomargin,0.3,S1-only [10m],SID39,314328,23509,9838,700901,0.9040857122312504
ctrl_nomargin,0.3,S1-only [10m],SID40,611647,17011,648,419270,0.9719389295509656
ctrl_nomargin,0.3,S1-only [10m],SID44,136837,11419,51619,707401,0.6846128830519075
ctrl_nomargin,0.3,S1-only [10m],SID46,243413,20367,386439,398357,0.3743554094851119
ctrl_nomargin,0.3,S1-only [10m],SID50,0,0,4662,595703,0.0
ctrl_nomargin,0.3,S1-only [10m],SID51,25728,12637,6571,1003440,0.5725476232864518
ctrl_nomargin,0.3,S1-only [10m],SID52,143722,16444,9583,878827,0.846673618106734
ctrl_nomargin,0.3,S1-only [10m],SID53,396998,30088,73312,548178,0.7933644818724296
ctrl_nomargin,0.3,S1-only [10m],SID55,381457,164713,100420,401986,0.589951901514097
ctrl_nomargin,0.3,S1-only [10m],SID59,86583,21059,1417,939517,0.7939097185926883
ctrl_nomargin,0.3,S1-only [10m],SID61,182787,28458,10384,826947,0.8247431518438472
ctrl_nomargin,0.3,S1-only [10m],SID63,494518,61939,14910,477109,0.8654997575988813
ctrl_nomargin,0.3,S1-only [10m],SID64,58563,10446,6005,973562,0.7806942704028581
ctrl_nomargin,0.3,S1-only [10m],SID65,62786,1814,5923,648224,0.8902911107014733
ctrl_nomargin,0.3,S1-only [10m],SID67,498,15046,25445,964257,0.012149601112493595
ctrl_nomargin,0.3,S1-only [10m],SID68,39165,12975,2116,931780,0.721855647301681
ctrl_nomargin,0.3,S1-only [10m],SID69,111369,42870,9180,885157,0.6814935839773832
ctrl_nomargin,0.3,S1-only [10m],SID72,921065,6372,5598,115541,0.987170899269588
ctrl_nomargin,0.3,S1-only [10m],SID78,259661,11830,9000,768085,0.9257373676873768
ctrl_nomargin,0.3,S1-only [10m],SID79,197707,13502,39014,514673,0.7901232100965938
ctrl_nomargin,0.3,S1-only [10m],SID80,88439,10192,3251,946652,0.8680532380597161
ctrl_nomargin,0.3,S1-only [10m],SID81,296182,9131,274,742989,0.9692231672158829
ctrl_nomargin,0.3,S1-only [10m],SID83,83800,2560,70822,891394,0.5331399269636472
ctrl_nomargin,0.3,S1-only [10m],SID85,374885,6579,98,649614,0.9825008779700285
ctrl_nomargin,0.3,S1-only [10m],SID87,7702,15555,13120,960686,0.21172719025758033
ctrl_nomargin,0.3,S1-only [10m],SID89,24431,341,40376,638623,0.37500767483268865
ctrl_nomargin,0.3,S1-only [10m],SID90,16369,907,21710,617790,0.4198686708049043
ctrl_nomargin,0.3,S1-only [10m],SID91,36442,21983,893,989258,0.6143497757847534
ctrl_nomargin,0.3,S1-only [10m],SID92,326787,110193,76442,401814,0.6364881130921543
ctrl_nomargin,0.3,S1-only [10m],SID93,138,280967,31176,736295,0.00044190969031096994
ctrl_nomargin,0.3,S1-only [10m],SID97,104766,41646,103068,799096,0.41993746993746994
ctrl_nomargin,0.3,S1-only [10m],SID98,16423,8708,54203,969242,0.20701086545491215
ctrl_nomargin,0.3,S1-only [10m],SID99,0,95599,5661,947316,0.0
ctrl_nomargin,0.3,S1+AEF(t) [10m],SID03,341095,20577,15809,671095,0.9036083935350389
ctrl_nomargin,0.3,S1+AEF(t) [10m],SID04,145214,24872,18212,860278,0.7711924715079289
ctrl_nomargin,0.3,S1+AEF(t) [10m],SID05,553838,34143,2905,457690,0.9373009345288262
ctrl_nomargin,0.3,S1+AEF(t) [10m],SID06,738246,11003,12311,287016,0.9693865224013867
ctrl_nomargin,0.3,S1+AEF(t) [10m],SID100,35136,1662,5907,837031,0.8227608008429926
ctrl_nomargin,0.3,S1+AEF(t) [10m],SID14,117048,10875,10349,910304,0.8465054385558899
ctrl_nomargin,0.3,S1+AEF(t) [10m],SID15,787077,62237,1208,198054,0.925404633860147
ctrl_nomargin,0.3,S1+AEF(t) [10m],SID17,36721,23334,567,987954,0.6057371911187358
ctrl_nomargin,0.3,S1+AEF(t) [10m],SID18,54325,11889,0,982362,0.8204458271664603
ctrl_nomargin,0.3,S1+AEF(t) [10m],SID21,297239,22519,6388,700329,0.9113679149828604
ctrl_nomargin,0.3,S1+AEF(t) [10m],SID22,262695,28791,4142,556940,0.8885998619887155
ctrl_nomargin,0.3,S1+AEF(t) [10m],SID23,121366,8709,9512,884625,0.8694649215184795
ctrl_nomargin,0.3,S1+AEF(t) [10m],SID25,31163,5752,2587,256467,0.7888967647207736
ctrl_nomargin,0.3,S1+AEF(t) [10m],SID26,5867,1413,14586,1026710,0.2683161071983902
ctrl_nomargin,0.3,S1+AEF(t) [10m],SID27,9175,9522,655,765134,0.47411120297643655
ctrl_nomargin,0.3,S1+AEF(t) [10m],SID28,524644,155684,0,367508,0.7711633212215284
ctrl_nomargin,0.3,S1+AEF(t) [10m],SID31,12932,10174,21179,1004291,0.29201761318730945
ctrl_nomargin,0.3,S1+AEF(t) [10m],SID33,182282,1104,100079,764911,0.6430494064522957
ctrl_nomargin,0.3,S1+AEF(t) [10m],SID36,133212,6132,28558,880674,0.7933913830686948
ctrl_nomargin,0.3,S1+AEF(t) [10m],SID37,881747,5518,20671,140640,0.9711554558911641
ctrl_nomargin,0.3,S1+AEF(t) [10m],SID39,315212,11953,8954,712457,0.9377988153005334
ctrl_nomargin,0.3,S1+AEF(t) [10m],SID40,612113,11340,182,424941,0.9815244493974841
ctrl_nomargin,0.3,S1+AEF(t) [10m],SID44,187950,21997,506,696823,0.8930735128508503
ctrl_nomargin,0.3,S1+AEF(t) [10m],SID46,578963,93144,50889,325580,0.8007831301971242
ctrl_nomargin,0.3,S1+AEF(t) [10m],SID50,155,0,4507,595703,0.03324753324753325
ctrl_nomargin,0.3,S1+AEF(t) [10m],SID51,28369,10094,3930,1005983,0.6691906682707051
ctrl_nomargin,0.3,S1+AEF(t) [10m],SID52,148299,16479,5006,878792,0.8734568628374876
ctrl_nomargin,0.3,S1+AEF(t) [10m],SID53,469662,91666,648,486600,0.8357331985707575
ctrl_nomargin,0.3,S1+AEF(t) [10m],SID55,481877,373199,0,193500,0.5635487371882734
ctrl_nomargin,0.3,S1+AEF(t) [10m],SID59,87299,23281,701,937295,0.784491512477422
ctrl_nomargin,0.3,S1+AEF(t) [10m],SID61,183594,7815,9577,847590,0.9134666096146
ctrl_nomargin,0.3,S1+AEF(t) [10m],SID63,493703,20630,15725,518418,0.9314131661063506
ctrl_nomargin,0.3,S1+AEF(t) [10m],SID64,57967,4645,6601,979363,0.837516073569994
ctrl_nomargin,0.3,S1+AEF(t) [10m],SID65,67676,4805,1033,645233,0.9205865549419159
ctrl_nomargin,0.3,S1+AEF(t) [10m],SID67,16651,8297,9292,971006,0.48630257009345795
ctrl_nomargin,0.3,S1+AEF(t) [10m],SID68,41281,13683,0,931072,0.7510552361545739
ctrl_nomargin,0.3,S1+AEF(t) [10m],SID69,110561,29482,9988,898545,0.7369210363191607
ctrl_nomargin,0.3,S1+AEF(t) [10m],SID72,918047,2439,8616,119474,0.98810141405357
ctrl_nomargin,0.3,S1+AEF(t) [10m],SID78,264346,16369,4315,763546,0.9274322001192857
ctrl_nomargin,0.3,S1+AEF(t) [10m],SID79,221985,4438,14736,523737,0.9204922893194946
ctrl_nomargin,0.3,S1+AEF(t) [10m],SID80,90584,10947,1106,945897,0.8825667157068113
ctrl_nomargin,0.3,S1+AEF(t) [10m],SID81,296075,5426,381,746694,0.9807640071286131
ctrl_nomargin,0.3,S1+AEF(t) [10m],SID83,153802,8234,820,885720,0.9444048730166528
ctrl_nomargin,0.3,S1+AEF(t) [10m],SID85,374983,7382,0,648811,0.9806938396558262
ctrl_nomargin,0.3,S1+AEF(t) [10m],SID87,17727,25808,3095,950433,0.38016298520265923
ctrl_nomargin,0.3,S1+AEF(t) [10m],SID89,64247,4535,560,634429,0.9265236076259699
ctrl_nomargin,0.3,S1+AEF(t) [10m],SID90,31276,2484,6803,616213,0.7710475063481498
ctrl_nomargin,0.3,S1+AEF(t) [10m],SID91,37322,32864,13,978377,0.5316599951566262
ctrl_nomargin,0.3,S1+AEF(t) [10m],SID92,280130,10721,123099,501286,0.6767242420582196
ctrl_nomargin,0.3,S1+AEF(t) [10m],SID93,0,0,31314,1017262,0.0
ctrl_nomargin,0.3,S1+AEF(t) [10m],SID97,200737,89826,7097,750916,0.6743835248269838
ctrl_nomargin,0.3,S1+AEF(t) [10m],SID98,46614,30297,24012,947653,0.46187687643054604
ctrl_nomargin,0.3,S1+AEF(t) [10m],SID99,222,38386,5439,1004529,0.005040070833427929
ctrl_nomargin,0.3,S1+AEF(t-1) swap [10m],SID03,325302,7974,31602,683698,0.8915363491358755
ctrl_nomargin,0.3,S1+AEF(t-1) swap [10m],SID04,145307,26664,18119,858486,0.7644115945078647
ctrl_nomargin,0.3,S1+AEF(t-1) swap [10m],SID05,554575,37369,2168,454464,0.9334519417214263
ctrl_nomargin,0.3,S1+AEF(t-1) swap [10m],SID06,737979,10151,12578,287868,0.970121255462017
ctrl_nomargin,0.3,S1+AEF(t-1) swap [10m],SID100,35593,5270,5450,833423,0.7685315138298102
ctrl_nomargin,0.3,S1+AEF(t-1) swap [10m],SID14,122326,35688,5071,885491,0.7500751142042493
ctrl_nomargin,0.3,S1+AEF(t-1) swap [10m],SID15,787008,59774,1277,200517,0.9280109049016637
ctrl_nomargin,0.3,S1+AEF(t-1) swap [10m],SID17,36757,24063,531,987225,0.5991263386089877
ctrl_nomargin,0.3,S1+AEF(t-1) swap [10m],SID18,54325,7636,0,986615,0.8767611884895338
ctrl_nomargin,0.3,S1+AEF(t-1) swap [10m],SID21,297572,23940,6055,698908,0.9084309469513108
ctrl_nomargin,0.3,S1+AEF(t-1) swap [10m],SID22,261934,27217,4903,558514,0.890768362273596
ctrl_nomargin,0.3,S1+AEF(t-1) swap [10m],SID23,130698,26038,180,867296,0.8329169746870937
ctrl_nomargin,0.3,S1+AEF(t-1) swap [10m],SID25,31269,6257,2481,255962,0.7815882220611393
ctrl_nomargin,0.3,S1+AEF(t-1) swap [10m],SID26,5895,1352,14558,1026771,0.2703508369639991
ctrl_nomargin,0.3,S1+AEF(t-1) swap [10m],SID27,9367,11761,463,762895,0.4338381733129545
ctrl_nomargin,0.3,S1+AEF(t-1) swap [10m],SID28,524644,158959,0,364233,0.767468837907382
ctrl_nomargin,0.3,S1+AEF(t-1) swap [10m],SID31,10558,6946,23553,1007519,0.2571546873858295
ctrl_nomargin,0.3,S1+AEF(t-1) swap [10m],SID33,206871,3581,75490,762434,0.7234718929013576
ctrl_nomargin,0.3,S1+AEF(t-1) swap [10m],SID36,130923,5481,30847,881325,0.782793525898201
ctrl_nomargin,0.3,S1+AEF(t-1) swap [10m],SID37,891056,11627,11362,134531,0.974849159505276
ctrl_nomargin,0.3,S1+AEF(t-1) swap [10m],SID39,316584,17010,7582,707400,0.9279199005791732
ctrl_nomargin,0.3,S1+AEF(t-1) swap [10m],SID40,612201,14150,94,422131,0.9772621698632761
ctrl_nomargin,0.3,S1+AEF(t-1) swap [10m],SID44,188204,22109,252,696711,0.8938047633747299
ctrl_nomargin,0.3,S1+AEF(t-1) swap [10m],SID46,573591,90224,56261,328500,0.7965700842688828
ctrl_nomargin,0.3,S1+AEF(t-1) swap [10m],SID50,610,78,4052,595625,0.12869198312236288
ctrl_nomargin,0.3,S1+AEF(t-1) swap [10m],SID51,28556,10315,3743,1005762,0.6701084150748581
ctrl_nomargin,0.3,S1+AEF(t-1) swap [10m],SID52,149535,37893,3770,857378,0.7820950009937342
ctrl_nomargin,0.3,S1+AEF(t-1) swap [10m],SID53,469709,85827,601,492439,0.8445922497514102
ctrl_nomargin,0.3,S1+AEF(t-1) swap [10m],SID55,481877,374096,0,192603,0.5629581774191476
ctrl_nomargin,0.3,S1+AEF(t-1) swap [10m],SID59,87386,26390,614,934186,0.7639304134976833
ctrl_nomargin,0.3,S1+AEF(t-1) swap [10m],SID61,183569,8708,9602,846697,0.9093021067074832
ctrl_nomargin,0.3,S1+AEF(t-1) swap [10m],SID63,492017,18334,17411,520714,0.9322706068265619
ctrl_nomargin,0.3,S1+AEF(t-1) swap [10m],SID64,57804,4852,6764,979156,0.8326707000864304
ctrl_nomargin,0.3,S1+AEF(t-1) swap [10m],SID65,67417,3840,1292,646198,0.9292616025031358
ctrl_nomargin,0.3,S1+AEF(t-1) swap [10m],SID67,19466,29494,6477,949809,0.35113732705593736
ctrl_nomargin,0.3,S1+AEF(t-1) swap [10m],SID68,41281,13944,0,930811,0.747505658669081
ctrl_nomargin,0.3,S1+AEF(t-1) swap [10m],SID69,109999,29860,10550,898167,0.7313325665352473
ctrl_nomargin,0.3,S1+AEF(t-1) swap [10m],SID72,916717,1386,9946,120527,0.9877894378421829
ctrl_nomargin,0.3,S1+AEF(t-1) swap [10m],SID78,265433,18915,3228,761000,0.9230012240242579
ctrl_nomargin,0.3,S1+AEF(t-1) swap [10m],SID79,203858,2671,32863,525504,0.8515656329367731
ctrl_nomargin,0.3,S1+AEF(t-1) swap [10m],SID80,90412,11064,1278,945780,0.8798878875761528
ctrl_nomargin,0.3,S1+AEF(t-1) swap [10m],SID81,296319,7528,137,744592,0.974784857097742
ctrl_nomargin,0.3,S1+AEF(t-1) swap [10m],SID83,153205,8082,1417,885872,0.9416179073655226
ctrl_nomargin,0.3,S1+AEF(t-1) swap [10m],SID85,374983,7868,0,648325,0.9794489239939298
ctrl_nomargin,0.3,S1+AEF(t-1) swap [10m],SID87,17470,24141,3352,952100,0.3885416898338634
ctrl_nomargin,0.3,S1+AEF(t-1) swap [10m],SID89,64101,4501,706,634463,0.9248715876955041
ctrl_nomargin,0.3,S1+AEF(t-1) swap [10m],SID90,31128,3668,6951,615029,0.7456344168443242
ctrl_nomargin,0.3,S1+AEF(t-1) swap [10m],SID91,37313,30970,22,980271,0.5462704048019911
ctrl_nomargin,0.3,S1+AEF(t-1) swap [10m],SID92,263263,3462,139966,508545,0.6473292991484936
ctrl_nomargin,0.3,S1+AEF(t-1) swap [10m],SID93,0,0,31314,1017262,0.0
ctrl_nomargin,0.3,S1+AEF(t-1) swap [10m],SID97,194426,92995,13408,747747,0.6463007223372746
ctrl_nomargin,0.3,S1+AEF(t-1) swap [10m],SID98,45147,24853,25479,953097,0.4728474324196944
ctrl_nomargin,0.3,S1+AEF(t-1) swap [10m],SID99,69,29237,5592,1013678,0.0019771906699524327
ctrl_nomargin,0.3,S1+AEF(t-1) trained [10m],SID03,328446,10656,28458,681016,0.8935847208619001
ctrl_nomargin,0.3,S1+AEF(t-1) trained [10m],SID04,144613,25807,18813,859343,0.7642060317175122
ctrl_nomargin,0.3,S1+AEF(t-1) trained [10m],SID05,554343,37296,2400,454537,0.933176104599193
ctrl_nomargin,0.3,S1+AEF(t-1) trained [10m],SID06,739432,13075,11125,284944,0.9683093427200536
ctrl_nomargin,0.3,S1+AEF(t-1) trained [10m],SID100,34167,2582,6876,836111,0.7831977077363896
ctrl_nomargin,0.3,S1+AEF(t-1) trained [10m],SID14,121746,26321,5651,894858,0.7920087432831548
ctrl_nomargin,0.3,S1+AEF(t-1) trained [10m],SID15,786090,51848,2195,208443,0.9356732803020474
ctrl_nomargin,0.3,S1+AEF(t-1) trained [10m],SID17,36575,21311,713,989977,0.6241574088295022
ctrl_nomargin,0.3,S1+AEF(t-1) trained [10m],SID18,54325,7669,0,986582,0.8762944801109784
ctrl_nomargin,0.3,S1+AEF(t-1) trained [10m],SID21,297379,24209,6248,698639,0.9070968411034785
ctrl_nomargin,0.3,S1+AEF(t-1) trained [10m],SID22,261970,28107,4867,557624,0.8882025062384724
ctrl_nomargin,0.3,S1+AEF(t-1) trained [10m],SID23,130360,22011,518,871323,0.8526447291826096
ctrl_nomargin,0.3,S1+AEF(t-1) trained [10m],SID25,30791,5288,2959,256931,0.7887443004252267
ctrl_nomargin,0.3,S1+AEF(t-1) trained [10m],SID26,5474,1354,14979,1026769,0.2510203145778878
ctrl_nomargin,0.3,S1+AEF(t-1) trained [10m],SID27,9180,10714,650,763942,0.44684579439252337
ctrl_nomargin,0.3,S1+AEF(t-1) trained [10m],SID28,524644,142953,0,380239,0.7858693193648264
ctrl_nomargin,0.3,S1+AEF(t-1) trained [10m],SID31,10504,6655,23607,1007810,0.25766570181033216
ctrl_nomargin,0.3,S1+AEF(t-1) trained [10m],SID33,203044,3876,79317,762139,0.7093562327721433
ctrl_nomargin,0.3,S1+AEF(t-1) trained [10m],SID36,135369,10424,26401,876382,0.7861423742987561
ctrl_nomargin,0.3,S1+AEF(t-1) trained [10m],SID37,893426,14802,8992,131356,0.9740585682824187
ctrl_nomargin,0.3,S1+AEF(t-1) trained [10m],SID39,316912,19986,7254,704424,0.9208489272182059
ctrl_nomargin,0.3,S1+AEF(t-1) trained [10m],SID40,612195,14583,100,421698,0.9765775796885519
ctrl_nomargin,0.3,S1+AEF(t-1) trained [10m],SID44,188196,21499,260,697321,0.8963635064656712
ctrl_nomargin,0.3,S1+AEF(t-1) trained [10m],SID46,554547,82248,75305,336476,0.7787487712399944
ctrl_nomargin,0.3,S1+AEF(t-1) trained [10m],SID50,306,26,4356,595677,0.06527303754266212
ctrl_nomargin,0.3,S1+AEF(t-1) trained [10m],SID51,28382,8302,3917,1007775,0.6990468215068595
ctrl_nomargin,0.3,S1+AEF(t-1) trained [10m],SID52,149313,33846,3992,861425,0.797821010841513
ctrl_nomargin,0.3,S1+AEF(t-1) trained [10m],SID53,469692,78841,618,499425,0.855305735580924
ctrl_nomargin,0.3,S1+AEF(t-1) trained [10m],SID55,481877,368406,0,198293,0.5667254314151876
ctrl_nomargin,0.3,S1+AEF(t-1) trained [10m],SID59,87213,26247,787,934329,0.7633723423809815
ctrl_nomargin,0.3,S1+AEF(t-1) trained [10m],SID61,183069,9969,10102,845436,0.901196219356109
ctrl_nomargin,0.3,S1+AEF(t-1) trained [10m],SID63,492579,22779,16849,516269,0.9255402503161364
ctrl_nomargin,0.3,S1+AEF(t-1) trained [10m],SID64,58208,5705,6360,978303,0.8283124386321916
ctrl_nomargin,0.3,S1+AEF(t-1) trained [10m],SID65,67081,2620,1628,647418,0.9404449803025418
ctrl_nomargin,0.3,S1+AEF(t-1) trained [10m],SID67,19866,32774,6077,946529,0.3383347241854999
ctrl_nomargin,0.3,S1+AEF(t-1) trained [10m],SID68,41281,12848,0,931907,0.7626410981174602
ctrl_nomargin,0.3,S1+AEF(t-1) trained [10m],SID69,111158,33633,9391,894394,0.7209531592533499
ctrl_nomargin,0.3,S1+AEF(t-1) trained [10m],SID72,918295,1971,8368,119942,0.9888664425381797
ctrl_nomargin,0.3,S1+AEF(t-1) trained [10m],SID78,265257,18501,3404,761414,0.9237190157472089
ctrl_nomargin,0.3,S1+AEF(t-1) trained [10m],SID79,206498,2650,30223,525525,0.8626692456479691
ctrl_nomargin,0.3,S1+AEF(t-1) trained [10m],SID80,90449,11326,1241,945518,0.8780092412829075
ctrl_nomargin,0.3,S1+AEF(t-1) trained [10m],SID81,296308,7496,148,744624,0.974851292309312
ctrl_nomargin,0.3,S1+AEF(t-1) trained [10m],SID83,152536,7243,2086,886711,0.9423655515398635
ctrl_nomargin,0.3,S1+AEF(t-1) trained [10m],SID85,374983,7688,0,648505,0.9799096351696366
ctrl_nomargin,0.3,S1+AEF(t-1) trained [10m],SID87,17034,22448,3788,953793,0.3936676681303444
ctrl_nomargin,0.3,S1+AEF(t-1) trained [10m],SID89,64177,4262,630,634702,0.9291722769983639
ctrl_nomargin,0.3,S1+AEF(t-1) trained [10m],SID90,31123,3456,6956,615241,0.7493198507283014
ctrl_nomargin,0.3,S1+AEF(t-1) trained [10m],SID91,37307,29918,28,981323,0.5547261832185925
ctrl_nomargin,0.3,S1+AEF(t-1) trained [10m],SID92,264808,4718,138421,507289,0.6491235381066658
ctrl_nomargin,0.3,S1+AEF(t-1) trained [10m],SID93,0,0,31314,1017262,0.0
ctrl_nomargin,0.3,S1+AEF(t-1) trained [10m],SID97,188760,82969,19074,757773,0.6490992183711998
ctrl_nomargin,0.3,S1+AEF(t-1) trained [10m],SID98,44674,24477,25952,953473,0.4697433309149028
ctrl_nomargin,0.3,S1+AEF(t-1) trained [10m],SID99,82,37682,5579,1005233,0.0018918856562766767
ctrl_nomargin,0.3,S1-only [10m nomargin],SID03,332589,28392,24315,663280,0.8632038744238196
ctrl_nomargin,0.3,S1-only [10m nomargin],SID04,139000,17121,24426,868029,0.769882634438678
ctrl_nomargin,0.3,S1-only [10m nomargin],SID05,552123,47134,4620,444699,0.9142971167969636
ctrl_nomargin,0.3,S1-only [10m nomargin],SID06,731271,27894,19286,270125,0.939392460154846
ctrl_nomargin,0.3,S1-only [10m nomargin],SID100,5914,2350,35129,836343,0.1362892632452239
ctrl_nomargin,0.3,S1-only [10m nomargin],SID14,114912,10919,12485,910260,0.8307932560224414
ctrl_nomargin,0.3,S1-only [10m nomargin],SID15,718255,5038,70030,255253,0.9053752380808321
ctrl_nomargin,0.3,S1-only [10m nomargin],SID17,34931,18097,2357,993191,0.6306942312900605
ctrl_nomargin,0.3,S1-only [10m nomargin],SID18,54110,8629,215,985622,0.8595164723448867
ctrl_nomargin,0.3,S1-only [10m nomargin],SID21,294606,23759,9021,699089,0.899873543767907
ctrl_nomargin,0.3,S1-only [10m nomargin],SID22,250506,17974,16331,567757,0.8795517027081117
ctrl_nomargin,0.3,S1-only [10m nomargin],SID23,2271,2461,128607,890873,0.017031776149513646
ctrl_nomargin,0.3,S1-only [10m nomargin],SID25,23909,6525,9841,255694,0.5936436995654872
ctrl_nomargin,0.3,S1-only [10m nomargin],SID26,0,6065,20453,1022058,0.0
ctrl_nomargin,0.3,S1-only [10m nomargin],SID27,1418,3036,8412,771620,0.11021296440230063
ctrl_nomargin,0.3,S1-only [10m nomargin],SID28,519400,11371,5244,511821,0.9690027331324683
ctrl_nomargin,0.3,S1-only [10m nomargin],SID31,6846,5147,27265,1009318,0.17438483875897906
ctrl_nomargin,0.3,S1-only [10m nomargin],SID33,36838,2386,245523,763629,0.12937098547131312
ctrl_nomargin,0.3,S1-only [10m nomargin],SID36,140043,29840,21727,856966,0.7308752152810396
ctrl_nomargin,0.3,S1-only [10m nomargin],SID37,898418,33751,4000,112407,0.9596750159426343
ctrl_nomargin,0.3,S1-only [10m nomargin],SID39,315814,24225,8352,700185,0.9064929920692555
ctrl_nomargin,0.3,S1-only [10m nomargin],SID40,609151,14406,3144,421875,0.9719962151009812
ctrl_nomargin,0.3,S1-only [10m nomargin],SID44,137821,12124,50635,706696,0.6871123741150663
ctrl_nomargin,0.3,S1-only [10m nomargin],SID46,238729,20312,391123,398412,0.36718274158520003
ctrl_nomargin,0.3,S1-only [10m nomargin],SID50,0,0,4662,595703,0.0
ctrl_nomargin,0.3,S1-only [10m nomargin],SID51,25823,12093,6476,1003984,0.5817039106145251
ctrl_nomargin,0.3,S1-only [10m nomargin],SID52,142147,14369,11158,880902,0.8477581497429536
ctrl_nomargin,0.3,S1-only [10m nomargin],SID53,439070,26844,31240,551422,0.8831669864870845
ctrl_nomargin,0.3,S1-only [10m nomargin],SID55,303528,180610,178349,386089,0.45816446209510525
ctrl_nomargin,0.3,S1-only [10m nomargin],SID59,86252,19763,1748,940813,0.8003860323116468
ctrl_nomargin,0.3,S1-only [10m nomargin],SID61,182402,27227,10769,828178,0.8276027913138958
ctrl_nomargin,0.3,S1-only [10m nomargin],SID63,493662,61355,15766,477693,0.864885604511697
ctrl_nomargin,0.3,S1-only [10m nomargin],SID64,58460,9817,6108,974191,0.7859111379982523
ctrl_nomargin,0.3,S1-only [10m nomargin],SID65,52237,811,16472,649227,0.7513952819332567
ctrl_nomargin,0.3,S1-only [10m nomargin],SID67,1436,15409,24507,963894,0.03472625266008899
ctrl_nomargin,0.3,S1-only [10m nomargin],SID68,38675,15344,2606,929411,0.6830022075055188
ctrl_nomargin,0.3,S1-only [10m nomargin],SID69,110009,41903,10540,886124,0.6771784896461724
ctrl_nomargin,0.3,S1-only [10m nomargin],SID72,921340,6489,5323,115424,0.9873418264119886
ctrl_nomargin,0.3,S1-only [10m nomargin],SID78,252473,10385,16188,769530,0.9047719730797072
ctrl_nomargin,0.3,S1-only [10m nomargin],SID79,171380,14161,65341,514014,0.6831099879624684
ctrl_nomargin,0.3,S1-only [10m nomargin],SID80,87683,9351,4007,947493,0.8677962411298383
ctrl_nomargin,0.3,S1-only [10m nomargin],SID81,296002,8750,454,743370,0.969843318938684
ctrl_nomargin,0.3,S1-only [10m nomargin],SID83,36100,1365,118522,892589,0.2314295422054402
ctrl_nomargin,0.3,S1-only [10m nomargin],SID85,374865,6146,118,650047,0.9835646198531206
ctrl_nomargin,0.3,S1-only [10m nomargin],SID87,8560,16379,12262,959862,0.23010134136179136
ctrl_nomargin,0.3,S1-only [10m nomargin],SID89,15951,248,48856,638716,0.24519252939820152
ctrl_nomargin,0.3,S1-only [10m nomargin],SID90,14621,1640,23458,617057,0.3681109796319142
ctrl_nomargin,0.3,S1-only [10m nomargin],SID91,36514,21653,821,989588,0.6190072557130264
ctrl_nomargin,0.3,S1-only [10m nomargin],SID92,335203,121417,68026,390590,0.6389127144779527
ctrl_nomargin,0.3,S1-only [10m nomargin],SID93,211,127821,31103,889441,0.0013259182455148146
ctrl_nomargin,0.3,S1-only [10m nomargin],SID97,105445,44990,102389,795752,0.4170687909375692
ctrl_nomargin,0.3,S1-only [10m nomargin],SID98,14372,7315,56254,970635,0.18439588919823968
ctrl_nomargin,0.3,S1-only [10m nomargin],SID99,0,78094,5661,964821,0.0
ctrl_nomargin,0.3,S1+AEF(t) [10m nomargin],SID03,340665,19970,16239,671702,0.9039227964783986
ctrl_nomargin,0.3,S1+AEF(t) [10m nomargin],SID04,144915,24630,18511,860520,0.7705949291700345
ctrl_nomargin,0.3,S1+AEF(t) [10m nomargin],SID05,553754,33448,2989,458385,0.9382623591345852
ctrl_nomargin,0.3,S1+AEF(t) [10m nomargin],SID06,737680,10604,12877,287415,0.9691510731632336
ctrl_nomargin,0.3,S1+AEF(t) [10m nomargin],SID100,34979,1473,6064,837220,0.8227255621413115
ctrl_nomargin,0.3,S1+AEF(t) [10m nomargin],SID14,117066,10701,10331,910478,0.8477023562977016
ctrl_nomargin,0.3,S1+AEF(t) [10m nomargin],SID15,787036,63990,1249,196301,0.9234531107917046
ctrl_nomargin,0.3,S1+AEF(t) [10m nomargin],SID17,36723,23625,565,987663,0.6028762333163693
ctrl_nomargin,0.3,S1+AEF(t) [10m nomargin],SID18,54299,15412,26,978839,0.7786254068858712
ctrl_nomargin,0.3,S1+AEF(t) [10m nomargin],SID21,297304,22603,6323,700245,0.91133249547865
ctrl_nomargin,0.3,S1+AEF(t) [10m nomargin],SID22,262593,27791,4244,557940,0.8912696688705758
ctrl_nomargin,0.3,S1+AEF(t) [10m nomargin],SID23,120703,8639,10175,884695,0.8651490499365668
ctrl_nomargin,0.3,S1+AEF(t) [10m nomargin],SID25,31072,5528,2678,256691,0.791078975507918
ctrl_nomargin,0.3,S1+AEF(t) [10m nomargin],SID26,6085,1654,14368,1026469,0.2752521825666079
ctrl_nomargin,0.3,S1+AEF(t) [10m nomargin],SID27,9199,9867,631,764789,0.4670254353454841
ctrl_nomargin,0.3,S1+AEF(t) [10m nomargin],SID28,524644,161831,0,361361,0.7642579846316326
ctrl_nomargin,0.3,S1+AEF(t) [10m nomargin],SID31,12771,10118,21340,1004347,0.2887472020619955
ctrl_nomargin,0.3,S1+AEF(t) [10m nomargin],SID33,184387,1101,97974,764914,0.6504822515892783
ctrl_nomargin,0.3,S1+AEF(t) [10m nomargin],SID36,132573,6072,29197,880734,0.7898678519083424
ctrl_nomargin,0.3,S1+AEF(t) [10m nomargin],SID37,882894,5865,19524,140293,0.9720472583985388
ctrl_nomargin,0.3,S1+AEF(t) [10m nomargin],SID39,315159,11831,9007,712579,0.9379815891213314
ctrl_nomargin,0.3,S1+AEF(t) [10m nomargin],SID40,612104,10837,191,425444,0.9823023051295713
ctrl_nomargin,0.3,S1+AEF(t) [10m nomargin],SID44,187925,22057,531,696763,0.8927002132884905
ctrl_nomargin,0.3,S1+AEF(t) [10m nomargin],SID46,575704,92700,54148,326024,0.7967648003188698
ctrl_nomargin,0.3,S1+AEF(t) [10m nomargin],SID50,193,1,4469,595702,0.041389663306883984
ctrl_nomargin,0.3,S1+AEF(t) [10m nomargin],SID51,28252,10116,4047,1005961,0.6660851113992692
ctrl_nomargin,0.3,S1+AEF(t) [10m nomargin],SID52,148237,16276,5068,878995,0.8741368431604956
ctrl_nomargin,0.3,S1+AEF(t) [10m nomargin],SID53,469560,94988,750,483278,0.8306415377376181
ctrl_nomargin,0.3,S1+AEF(t) [10m nomargin],SID55,481877,370051,0,196648,0.5656311331474021
ctrl_nomargin,0.3,S1+AEF(t) [10m nomargin],SID59,87244,22990,756,937586,0.7860527975493288
ctrl_nomargin,0.3,S1+AEF(t) [10m nomargin],SID61,183376,7874,9795,847531,0.9121142032878211
ctrl_nomargin,0.3,S1+AEF(t) [10m nomargin],SID63,493268,20484,16160,518564,0.9308488956656954
ctrl_nomargin,0.3,S1+AEF(t) [10m nomargin],SID64,57881,4130,6687,979878,0.8425427232233835
ctrl_nomargin,0.3,S1+AEF(t) [10m nomargin],SID65,67445,4770,1264,645268,0.9178812994188816
ctrl_nomargin,0.3,S1+AEF(t) [10m nomargin],SID67,15591,7901,10352,971402,0.46067249734073984
ctrl_nomargin,0.3,S1+AEF(t) [10m nomargin],SID68,41281,13454,0,931301,0.7541974970311501
ctrl_nomargin,0.3,S1+AEF(t) [10m nomargin],SID69,110202,29566,10347,898461,0.7341171768310961
ctrl_nomargin,0.3,S1+AEF(t) [10m nomargin],SID72,918177,2605,8486,119308,0.988064799390488
ctrl_nomargin,0.3,S1+AEF(t) [10m nomargin],SID78,264128,15915,4533,764000,0.9281457325986732
ctrl_nomargin,0.3,S1+AEF(t) [10m nomargin],SID79,221372,4628,15349,523547,0.9172277490273422
ctrl_nomargin,0.3,S1+AEF(t) [10m nomargin],SID80,90557,10768,1133,946076,0.8838450877432704
ctrl_nomargin,0.3,S1+AEF(t) [10m nomargin],SID81,296015,5166,441,746954,0.98141050719112
ctrl_nomargin,0.3,S1+AEF(t) [10m nomargin],SID83,153822,8065,800,885889,0.9455088605727563
ctrl_nomargin,0.3,S1+AEF(t) [10m nomargin],SID85,374983,7129,0,649064,0.9813431664014739
ctrl_nomargin,0.3,S1+AEF(t) [10m nomargin],SID87,17649,26627,3173,949614,0.37195725937322177
ctrl_nomargin,0.3,S1+AEF(t) [10m nomargin],SID89,64182,4293,625,634671,0.9288277858176556
ctrl_nomargin,0.3,S1+AEF(t) [10m nomargin],SID90,31347,2505,6732,616192,0.772397989355411
ctrl_nomargin,0.3,S1+AEF(t) [10m nomargin],SID91,37321,32781,14,978460,0.5322750869986879
ctrl_nomargin,0.3,S1+AEF(t) [10m nomargin],SID92,279823,10744,123406,501263,0.675945049556372
ctrl_nomargin,0.3,S1+AEF(t) [10m nomargin],SID93,0,0,31314,1017262,0.0
ctrl_nomargin,0.3,S1+AEF(t) [10m nomargin],SID97,200126,87837,7708,752905,0.6768536650533871
ctrl_nomargin,0.3,S1+AEF(t) [10m nomargin],SID98,47082,29410,23544,948540,0.4706505657963133
ctrl_nomargin,0.3,S1+AEF(t) [10m nomargin],SID99,283,39168,5378,1003747,0.006312877824622454
ctrl_nomargin,0.3,S1+AEF(t-1) swap [10m nomargin],SID03,324416,7784,32488,683888,0.889571359627956
ctrl_nomargin,0.3,S1+AEF(t-1) swap [10m nomargin],SID04,144981,26465,18445,858685,0.7634959002796341
ctrl_nomargin,0.3,S1+AEF(t-1) swap [10m nomargin],SID05,554479,36777,2264,455056,0.9342212562339938
ctrl_nomargin,0.3,S1+AEF(t-1) swap [10m nomargin],SID06,737472,9888,13085,288131,0.969790057137597
ctrl_nomargin,0.3,S1+AEF(t-1) swap [10m nomargin],SID100,35425,3889,5618,834804,0.7884136027775305
ctrl_nomargin,0.3,S1+AEF(t-1) swap [10m nomargin],SID14,122015,34243,5382,886936,0.7548564711705024
ctrl_nomargin,0.3,S1+AEF(t-1) swap [10m nomargin],SID15,786990,60177,1295,200114,0.927548906138401
ctrl_nomargin,0.3,S1+AEF(t-1) swap [10m nomargin],SID17,36758,24295,530,986993,0.5968855041163957
ctrl_nomargin,0.3,S1+AEF(t-1) swap [10m nomargin],SID18,54286,7634,39,986617,0.8761600413176456
ctrl_nomargin,0.3,S1+AEF(t-1) swap [10m nomargin],SID21,297591,24580,6036,698268,0.9067174070022882
ctrl_nomargin,0.3,S1+AEF(t-1) swap [10m nomargin],SID22,261818,26304,5019,559427,0.8931469838746542
ctrl_nomargin,0.3,S1+AEF(t-1) swap [10m nomargin],SID23,130745,26603,133,866731,0.8302271385119475
ctrl_nomargin,0.3,S1+AEF(t-1) swap [10m nomargin],SID25,31165,6222,2585,255997,0.7796707695386771
ctrl_nomargin,0.3,S1+AEF(t-1) swap [10m nomargin],SID26,6230,1439,14223,1026684,0.28457884158596747
ctrl_nomargin,0.3,S1+AEF(t-1) swap [10m nomargin],SID27,9458,12079,372,762577,0.43169473732256153
ctrl_nomargin,0.3,S1+AEF(t-1) swap [10m nomargin],SID28,524644,160095,0,363097,0.766195586931663
ctrl_nomargin,0.3,S1+AEF(t-1) swap [10m nomargin],SID31,10428,7186,23683,1007279,0.25251228902825873
ctrl_nomargin,0.3,S1+AEF(t-1) swap [10m nomargin],SID33,207317,3565,75044,762450,0.7250722214838804
ctrl_nomargin,0.3,S1+AEF(t-1) swap [10m nomargin],SID36,129861,5413,31909,881393,0.7767595987630321
ctrl_nomargin,0.3,S1+AEF(t-1) swap [10m nomargin],SID37,891247,11854,11171,134304,0.9748160284904274
ctrl_nomargin,0.3,S1+AEF(t-1) swap [10m nomargin],SID39,316706,16885,7460,707525,0.9286177140662247
ctrl_nomargin,0.3,S1+AEF(t-1) swap [10m nomargin],SID40,612195,13662,100,422619,0.9780144642523368
ctrl_nomargin,0.3,S1+AEF(t-1) swap [10m nomargin],SID44,188195,22122,261,696698,0.89370684496956
ctrl_nomargin,0.3,S1+AEF(t-1) swap [10m nomargin],SID46,571114,89738,58738,328986,0.7936658374907933
ctrl_nomargin,0.3,S1+AEF(t-1) swap [10m nomargin],SID50,713,110,3949,595593,0.1494132439228835
ctrl_nomargin,0.3,S1+AEF(t-1) swap [10m nomargin],SID51,28297,10353,4002,1005724,0.6634389946544125
ctrl_nomargin,0.3,S1+AEF(t-1) swap [10m nomargin],SID52,149519,36820,3786,858451,0.7864247205785667
ctrl_nomargin,0.3,S1+AEF(t-1) swap [10m nomargin],SID53,469539,88556,771,489710,0.8401638317593126
ctrl_nomargin,0.3,S1+AEF(t-1) swap [10m nomargin],SID55,481877,370233,0,196466,0.5655103214373731
ctrl_nomargin,0.3,S1+AEF(t-1) swap [10m nomargin],SID59,87345,26195,655,934381,0.7648758702219887
ctrl_nomargin,0.3,S1+AEF(t-1) swap [10m nomargin],SID61,183391,8743,9780,846662,0.9082629238190517
ctrl_nomargin,0.3,S1+AEF(t-1) swap [10m nomargin],SID63,491581,18184,17847,520864,0.9317092863695291
ctrl_nomargin,0.3,S1+AEF(t-1) swap [10m nomargin],SID64,57719,4298,6849,979710,0.8381349287021171
ctrl_nomargin,0.3,S1+AEF(t-1) swap [10m nomargin],SID65,67127,3554,1582,646484,0.9289262831601235
ctrl_nomargin,0.3,S1+AEF(t-1) swap [10m nomargin],SID67,18936,28030,7007,951273,0.35084208771052194
ctrl_nomargin,0.3,S1+AEF(t-1) swap [10m nomargin],SID68,41281,13758,0,930997,0.7500317956358219
ctrl_nomargin,0.3,S1+AEF(t-1) swap [10m nomargin],SID69,109476,29656,11073,898371,0.7288439133184648
ctrl_nomargin,0.3,S1+AEF(t-1) swap [10m nomargin],SID72,916829,1450,9834,120463,0.9878419976877816
ctrl_nomargin,0.3,S1+AEF(t-1) swap [10m nomargin],SID78,265428,18519,3233,761396,0.9242565638275646
ctrl_nomargin,0.3,S1+AEF(t-1) swap [10m nomargin],SID79,203236,2690,33485,525485,0.8489000087715268
ctrl_nomargin,0.3,S1+AEF(t-1) swap [10m nomargin],SID80,90371,10780,1319,946064,0.8819264174880452
ctrl_nomargin,0.3,S1+AEF(t-1) swap [10m nomargin],SID81,296276,7297,180,744823,0.9753846052549275
ctrl_nomargin,0.3,S1+AEF(t-1) swap [10m nomargin],SID83,153303,7857,1319,886097,0.9435250093858283
ctrl_nomargin,0.3,S1+AEF(t-1) swap [10m nomargin],SID85,374983,7608,0,648585,0.9801145348426911
ctrl_nomargin,0.3,S1+AEF(t-1) swap [10m nomargin],SID87,17461,24642,3361,951599,0.3840621150800633
ctrl_nomargin,0.3,S1+AEF(t-1) swap [10m nomargin],SID89,64040,4232,767,634732,0.9275916510957575
ctrl_nomargin,0.3,S1+AEF(t-1) swap [10m nomargin],SID90,31201,3669,6878,615028,0.7473651432403947
ctrl_nomargin,0.3,S1+AEF(t-1) swap [10m nomargin],SID91,37309,30923,26,980318,0.5465879457352985
ctrl_nomargin,0.3,S1+AEF(t-1) swap [10m nomargin],SID92,262918,3423,140311,508584,0.6465429900750519
ctrl_nomargin,0.3,S1+AEF(t-1) swap [10m nomargin],SID93,0,0,31314,1017262,0.0
ctrl_nomargin,0.3,S1+AEF(t-1) swap [10m nomargin],SID97,193892,91685,13942,749057,0.6473445758032045
ctrl_nomargin,0.3,S1+AEF(t-1) swap [10m nomargin],SID98,45530,24248,25096,953702,0.47989965638636506
ctrl_nomargin,0.3,S1+AEF(t-1) swap [10m nomargin],SID99,113,29418,5548,1013497,0.0032213004931725534
ctrl_nomargin,0.3,S1+AEF(t-1) trained [10m nomargin],SID03,327766,10034,29138,681638,0.8932462704871122
ctrl_nomargin,0.3,S1+AEF(t-1) trained [10m nomargin],SID04,144123,25305,19303,859845,0.7636424328806608
ctrl_nomargin,0.3,S1+AEF(t-1) trained [10m nomargin],SID05,554194,36645,2549,455188,0.9339487822470289
ctrl_nomargin,0.3,S1+AEF(t-1) trained [10m nomargin],SID06,737107,12033,13450,285986,0.9665836163600362
ctrl_nomargin,0.3,S1+AEF(t-1) trained [10m nomargin],SID100,33315,1754,7728,836939,0.7784424141879104
ctrl_nomargin,0.3,S1+AEF(t-1) trained [10m nomargin],SID14,121418,26372,5979,894807,0.7896129909149439
ctrl_nomargin,0.3,S1+AEF(t-1) trained [10m nomargin],SID15,786045,52104,2240,208187,0.9353347080935138
ctrl_nomargin,0.3,S1+AEF(t-1) trained [10m nomargin],SID17,36579,21435,709,989853,0.6229075490012431
ctrl_nomargin,0.3,S1+AEF(t-1) trained [10m nomargin],SID18,54272,7641,53,986610,0.8758351353968306
ctrl_nomargin,0.3,S1+AEF(t-1) trained [10m nomargin],SID21,297555,24517,6072,698331,0.9067817787312887
ctrl_nomargin,0.3,S1+AEF(t-1) trained [10m nomargin],SID22,261898,27861,4939,557870,0.8886996179139323
ctrl_nomargin,0.3,S1+AEF(t-1) trained [10m nomargin],SID23,130193,21002,685,872332,0.8572096391888333
ctrl_nomargin,0.3,S1+AEF(t-1) trained [10m nomargin],SID25,30800,5395,2950,256824,0.786818239877379
ctrl_nomargin,0.3,S1+AEF(t-1) trained [10m nomargin],SID26,6175,1689,14278,1026434,0.2788817631650257
ctrl_nomargin,0.3,S1+AEF(t-1) trained [10m nomargin],SID27,9312,11163,518,763493,0.44357643023865095
ctrl_nomargin,0.3,S1+AEF(t-1) trained [10m nomargin],SID28,524644,143185,0,380007,0.7855963128285833
ctrl_nomargin,0.3,S1+AEF(t-1) trained [10m nomargin],SID31,10338,6912,23773,1007553,0.2520049728201253
ctrl_nomargin,0.3,S1+AEF(t-1) trained [10m nomargin],SID33,203244,3750,79117,762265,0.7103676545117105
ctrl_nomargin,0.3,S1+AEF(t-1) trained [10m nomargin],SID36,134552,10331,27218,876475,0.7818199778037316
ctrl_nomargin,0.3,S1+AEF(t-1) trained [10m nomargin],SID37,894062,15273,8356,130885,0.974251681666269
ctrl_nomargin,0.3,S1+AEF(t-1) trained [10m nomargin],SID39,317156,19963,7010,704447,0.9216195089632085
ctrl_nomargin,0.3,S1+AEF(t-1) trained [10m nomargin],SID40,612188,14106,107,422175,0.9773100617655464
ctrl_nomargin,0.3,S1+AEF(t-1) trained [10m nomargin],SID44,188202,21454,254,697366,0.8965842503930256
ctrl_nomargin,0.3,S1+AEF(t-1) trained [10m nomargin],SID46,554854,83064,74998,335660,0.77828804515539
ctrl_nomargin,0.3,S1+AEF(t-1) trained [10m nomargin],SID50,386,33,4276,595670,0.08221512247071353
ctrl_nomargin,0.3,S1+AEF(t-1) trained [10m nomargin],SID51,28124,8159,4175,1007918,0.695140639675713
ctrl_nomargin,0.3,S1+AEF(t-1) trained [10m nomargin],SID52,149307,34137,3998,861134,0.7965503995902733
ctrl_nomargin,0.3,S1+AEF(t-1) trained [10m nomargin],SID53,469532,82339,778,495927,0.8496025506243565
ctrl_nomargin,0.3,S1+AEF(t-1) trained [10m nomargin],SID55,481877,364653,0,202046,0.5692379478577251
ctrl_nomargin,0.3,S1+AEF(t-1) trained [10m nomargin],SID59,87203,25807,797,934769,0.7662358202922491
ctrl_nomargin,0.3,S1+AEF(t-1) trained [10m nomargin],SID61,182923,10128,10248,845277,0.8997732403996085
ctrl_nomargin,0.3,S1+AEF(t-1) trained [10m nomargin],SID63,492110,22463,17318,516585,0.9252083603595473
ctrl_nomargin,0.3,S1+AEF(t-1) trained [10m nomargin],SID64,58129,5017,6439,978991,0.835366817561256
ctrl_nomargin,0.3,S1+AEF(t-1) trained [10m nomargin],SID65,66911,2684,1798,647354,0.9372207359264914
ctrl_nomargin,0.3,S1+AEF(t-1) trained [10m nomargin],SID67,19650,32037,6293,947266,0.338909968954812
ctrl_nomargin,0.3,S1+AEF(t-1) trained [10m nomargin],SID68,41281,12959,0,931796,0.761080383480826
ctrl_nomargin,0.3,S1+AEF(t-1) trained [10m nomargin],SID69,110383,33607,10166,894420,0.7160473805755209
ctrl_nomargin,0.3,S1+AEF(t-1) trained [10m nomargin],SID72,918432,2074,8231,119839,0.98890428614344
ctrl_nomargin,0.3,S1+AEF(t-1) trained [10m nomargin],SID78,265118,17606,3543,762309,0.9261214181166534
ctrl_nomargin,0.3,S1+AEF(t-1) trained [10m nomargin],SID79,204194,2681,32527,525494,0.852933559452302
ctrl_nomargin,0.3,S1+AEF(t-1) trained [10m nomargin],SID80,90391,11117,1299,945727,0.8792300135204801
ctrl_nomargin,0.3,S1+AEF(t-1) trained [10m nomargin],SID81,296285,7355,171,744765,0.9752280200519402
ctrl_nomargin,0.3,S1+AEF(t-1) trained [10m nomargin],SID83,151819,6538,2803,887416,0.9420389674857285
ctrl_nomargin,0.3,S1+AEF(t-1) trained [10m nomargin],SID85,374983,7466,0,648727,0.980478442877351
ctrl_nomargin,0.3,S1+AEF(t-1) trained [10m nomargin],SID87,17368,24119,3454,952122,0.38646225050621924
ctrl_nomargin,0.3,S1+AEF(t-1) trained [10m nomargin],SID89,64117,4203,690,634761,0.929097232285176
ctrl_nomargin,0.3,S1+AEF(t-1) trained [10m nomargin],SID90,31061,3362,7018,615335,0.749523418836418
ctrl_nomargin,0.3,S1+AEF(t-1) trained [10m nomargin],SID91,37301,29784,34,981457,0.5557442750934907
ctrl_nomargin,0.3,S1+AEF(t-1) trained [10m nomargin],SID92,264391,4619,138838,507388,0.6482586649928405
ctrl_nomargin,0.3,S1+AEF(t-1) trained [10m nomargin],SID93,0,0,31314,1017262,0.0
ctrl_nomargin,0.3,S1+AEF(t-1) trained [10m nomargin],SID97,189826,85598,18008,755144,0.6469164917255105
ctrl_nomargin,0.3,S1+AEF(t-1) trained [10m nomargin],SID98,44419,22998,26207,954952,0.4744403144492865
ctrl_nomargin,0.3,S1+AEF(t-1) trained [10m nomargin],SID99,95,36683,5566,1006232,0.00224352918949556
ctrl_nomargin,0.3,OPERA DSWx-S1,SID03,310497,41513,46407,650159,0.7793266853573015
ctrl_nomargin,0.3,OPERA DSWx-S1,SID04,112169,41701,51257,843449,0.5468270876091397
ctrl_nomargin,0.3,OPERA DSWx-S1,SID05,532571,23168,24172,468665,0.9183667838685592
ctrl_nomargin,0.3,OPERA DSWx-S1,SID06,722076,8536,28481,289483,0.9512352241424964
ctrl_nomargin,0.3,OPERA DSWx-S1,SID100,33688,17512,7355,821181,0.5753223465118265
ctrl_nomargin,0.3,OPERA DSWx-S1,SID14,104766,15690,22631,905489,0.7321839160790289
ctrl_nomargin,0.3,OPERA DSWx-S1,SID15,734708,101677,53577,158614,0.8255498549376266
ctrl_nomargin,0.3,OPERA DSWx-S1,SID17,10752,1978,26536,1009310,0.2738246829317985
ctrl_nomargin,0.3,OPERA DSWx-S1,SID18,40559,20241,13766,974010,0.5439342327602392
ctrl_nomargin,0.3,OPERA DSWx-S1,SID21,278014,28275,25613,694573,0.837638821097794
ctrl_nomargin,0.3,OPERA DSWx-S1,SID22,206865,3915,59972,581816,0.764038677461293
ctrl_nomargin,0.3,OPERA DSWx-S1,SID23,123067,13773,7811,879561,0.8507856841639533
ctrl_nomargin,0.3,OPERA DSWx-S1,SID25,25761,3454,7989,258765,0.6924255456402537
ctrl_nomargin,0.3,OPERA DSWx-S1,SID26,11646,41806,8807,986317,0.18705729292150533
ctrl_nomargin,0.3,OPERA DSWx-S1,SID27,989,691,8841,773965,0.09400247124798022
ctrl_nomargin,0.3,OPERA DSWx-S1,SID28,512251,122997,12393,400195,0.7909489979788185
ctrl_nomargin,0.3,OPERA DSWx-S1,SID31,0,3400,34111,1011065,0.0
ctrl_nomargin,0.3,OPERA DSWx-S1,SID33,177637,7873,104724,758142,0.6120475202767423
ctrl_nomargin,0.3,OPERA DSWx-S1,SID36,114835,102983,46935,783823,0.4337439046960752
ctrl_nomargin,0.3,OPERA DSWx-S1,SID37,854622,32730,47796,113428,0.9138895661435409
ctrl_nomargin,0.3,OPERA DSWx-S1,SID39,298170,13140,25996,711270,0.8839747884710026
ctrl_nomargin,0.3,OPERA DSWx-S1,SID40,590293,26923,22002,409358,0.9234611666129552
ctrl_nomargin,0.3,OPERA DSWx-S1,SID44,134855,2641,53601,716179,0.7056887339937309
ctrl_nomargin,0.3,OPERA DSWx-S1,SID46,316745,36813,313107,381911,0.4751186877967195
ctrl_nomargin,0.3,OPERA DSWx-S1,SID50,0,0,4662,595703,0.0
ctrl_nomargin,0.3,OPERA DSWx-S1,SID51,11323,1237,20976,1014840,0.33763716603053434
ctrl_nomargin,0.3,OPERA DSWx-S1,SID52,137079,22845,16226,872426,0.7781947204087426
ctrl_nomargin,0.3,OPERA DSWx-S1,SID53,446645,110875,23665,467391,0.7685074459939606
ctrl_nomargin,0.3,OPERA DSWx-S1,SID55,444888,364408,36989,202291,0.5256952445098283
ctrl_nomargin,0.3,OPERA DSWx-S1,SID59,62543,2647,25457,957929,0.6899621609099033
ctrl_nomargin,0.3,OPERA DSWx-S1,SID61,153168,8732,40003,846673,0.758621714387602
ctrl_nomargin,0.3,OPERA DSWx-S1,SID63,396786,1326,112642,537722,0.7768632257407676
ctrl_nomargin,0.3,OPERA DSWx-S1,SID64,50509,14083,14059,969925,0.6421914533826651
ctrl_nomargin,0.3,OPERA DSWx-S1,SID65,63565,4735,5144,645303,0.8654893524317847
ctrl_nomargin,0.3,OPERA DSWx-S1,SID67,16358,97102,9585,882201,0.1329432321508391
ctrl_nomargin,0.3,OPERA DSWx-S1,SID68,26544,1516,14737,943239,0.6202303899806061
ctrl_nomargin,0.3,OPERA DSWx-S1,SID69,99289,171681,21260,756346,0.3397632002190056
ctrl_nomargin,0.3,OPERA DSWx-S1,SID72,917075,34451,9588,87462,0.9541792128717301
ctrl_nomargin,0.3,OPERA DSWx-S1,SID78,248007,13933,20654,765982,0.8776088664302851
ctrl_nomargin,0.3,OPERA DSWx-S1,SID79,210155,3685,26566,524490,0.8741670341006464
ctrl_nomargin,0.3,OPERA DSWx-S1,SID80,76579,3808,15111,953036,0.8018911390814467
ctrl_nomargin,0.3,OPERA DSWx-S1,SID81,278810,6272,17646,745848,0.9209917814011258
ctrl_nomargin,0.3,OPERA DSWx-S1,SID83,148679,7171,5943,886783,0.9189458134777153
ctrl_nomargin,0.3,OPERA DSWx-S1,SID85,368511,617,6472,655576,0.9811261980830671
ctrl_nomargin,0.3,OPERA DSWx-S1,SID87,1027,1973,19795,974268,0.04505373985523141
ctrl_nomargin,0.3,OPERA DSWx-S1,SID89,31145,275,33662,638689,0.47855013675056085
ctrl_nomargin,0.3,OPERA DSWx-S1,SID90,5238,2162,32841,616535,0.13016575134812752
ctrl_nomargin,0.3,OPERA DSWx-S1,SID91,22653,4987,14682,1006254,0.5352535324417561
ctrl_nomargin,0.3,OPERA DSWx-S1,SID92,240040,12300,163189,499707,0.5776732791213128
ctrl_nomargin,0.3,OPERA DSWx-S1,SID93,0,0,31314,1017262,0.0
ctrl_nomargin,0.3,OPERA DSWx-S1,SID97,155669,157297,52165,683445,0.42633739671515153
ctrl_nomargin,0.3,OPERA DSWx-S1,SID98,24388,23742,46238,954208,0.2584350627331299
ctrl_nomargin,0.3,OPERA DSWx-S1,SID99,46,1704,5615,1041211,0.0062457569585879155
ctrl_nomargin,0.5,S1-only [3m],SID03,287674,2015,69230,689657,0.8015011743596745
ctrl_nomargin,0.5,S1-only [3m],SID04,107989,88,55437,885062,0.6604266301356458
ctrl_nomargin,0.5,S1-only [3m],SID05,406851,4584,149892,487249,0.7248021206890102
ctrl_nomargin,0.5,S1-only [3m],SID06,162799,4079,587758,293940,0.21573182302461055
ctrl_nomargin,0.5,S1-only [3m],SID100,7629,4032,33414,834661,0.1692512479201331
ctrl_nomargin,0.5,S1-only [3m],SID14,41802,78,85595,921101,0.32792312218081976
ctrl_nomargin,0.5,S1-only [3m],SID15,147800,0,640485,260291,0.1874956392675238
ctrl_nomargin,0.5,S1-only [3m],SID17,8753,378,28535,1010910,0.2323846439759996
ctrl_nomargin,0.5,S1-only [3m],SID18,48846,2099,5479,992152,0.8656954487452148
ctrl_nomargin,0.5,S1-only [3m],SID21,276388,11174,27239,711674,0.8779768806325265
ctrl_nomargin,0.5,S1-only [3m],SID22,183775,5409,83062,580322,0.6750328746795178
ctrl_nomargin,0.5,S1-only [3m],SID23,315,742,130563,892592,0.00239325330496885
ctrl_nomargin,0.5,S1-only [3m],SID25,4153,221,29597,261998,0.12225133201848636
ctrl_nomargin,0.5,S1-only [3m],SID26,20,37949,20433,990174,0.00034245402554707033
ctrl_nomargin,0.5,S1-only [3m],SID27,11,3596,9819,771060,0.0008193058245195889
ctrl_nomargin,0.5,S1-only [3m],SID28,360796,158,163848,523034,0.6874897580420807
ctrl_nomargin,0.5,S1-only [3m],SID31,0,13,34111,1014452,0.0
ctrl_nomargin,0.5,S1-only [3m],SID33,10830,5,271531,766010,0.03835447610548012
ctrl_nomargin,0.5,S1-only [3m],SID36,111047,7415,50723,879391,0.6563643348996661
ctrl_nomargin,0.5,S1-only [3m],SID37,356428,14063,545990,132095,0.38890931726898864
ctrl_nomargin,0.5,S1-only [3m],SID39,192236,588,131930,723822,0.5919434402655549
ctrl_nomargin,0.5,S1-only [3m],SID40,513416,1092,98879,435189,0.8370180652671152
ctrl_nomargin,0.5,S1-only [3m],SID44,90686,2976,97770,715844,0.47372435120565004
ctrl_nomargin,0.5,S1-only [3m],SID46,51364,715,578488,418009,0.08145684756734811
ctrl_nomargin,0.5,S1-only [3m],SID50,6,633,4656,595070,0.0011331444759206798
ctrl_nomargin,0.5,S1-only [3m],SID51,4872,77,27427,1016000,0.15048183839881393
ctrl_nomargin,0.5,S1-only [3m],SID52,127907,5381,25398,889890,0.8060383398661508
ctrl_nomargin,0.5,S1-only [3m],SID53,12268,2085,458042,576181,0.025969792228960932
ctrl_nomargin,0.5,S1-only [3m],SID55,36257,21138,445620,545561,0.07207936145045377
ctrl_nomargin,0.5,S1-only [3m],SID59,62196,386,25804,960190,0.7036861041341389
ctrl_nomargin,0.5,S1-only [3m],SID61,141273,1555,51898,853850,0.7254963384447891
ctrl_nomargin,0.5,S1-only [3m],SID63,394115,3789,115313,535259,0.7679305245149712
ctrl_nomargin,0.5,S1-only [3m],SID64,53524,2210,11044,981798,0.8015214591631975
ctrl_nomargin,0.5,S1-only [3m],SID65,35814,1488,32895,648550,0.5101927432796274
ctrl_nomargin,0.5,S1-only [3m],SID67,162,3773,25781,975530,0.005451608561044555
ctrl_nomargin,0.5,S1-only [3m],SID68,14248,1123,27033,943632,0.33600603716630506
ctrl_nomargin,0.5,S1-only [3m],SID69,40356,2006,80193,926021,0.32928889070213374
ctrl_nomargin,0.5,S1-only [3m],SID72,908229,597,18434,121316,0.9794760908483058
ctrl_nomargin,0.5,S1-only [3m],SID78,136665,1023,131996,778892,0.5067597632785037
ctrl_nomargin,0.5,S1-only [3m],SID79,119325,9077,117396,519098,0.4854596050415382
ctrl_nomargin,0.5,S1-only [3m],SID80,68469,79,23221,956765,0.7461016247316632
ctrl_nomargin,0.5,S1-only [3m],SID81,263526,43,32930,752077,0.8887922050327319
ctrl_nomargin,0.5,S1-only [3m],SID83,3536,28,151086,893926,0.02286453281603621
ctrl_nomargin,0.5,S1-only [3m],SID85,351164,529,23819,655664,0.9351605274931294
ctrl_nomargin,0.5,S1-only [3m],SID87,2617,5040,18205,971201,0.10119093650916403
ctrl_nomargin,0.5,S1-only [3m],SID89,16318,931,48489,638033,0.24822781344123643
ctrl_nomargin,0.5,S1-only [3m],SID90,986,2307,37093,616390,0.024414401030059922
ctrl_nomargin,0.5,S1-only [3m],SID91,23560,3624,13775,1007617,0.5752093556971606
ctrl_nomargin,0.5,S1-only [3m],SID92,267057,58916,136172,453091,0.5778640902746973
ctrl_nomargin,0.5,S1-only [3m],SID93,0,11864,31314,1005398,0.0
ctrl_nomargin,0.5,S1-only [3m],SID97,34831,16088,173003,824654,0.1555497003420834
ctrl_nomargin,0.5,S1-only [3m],SID98,1532,13865,69094,964085,0.01813210874531015
ctrl_nomargin,0.5,S1-only [3m],SID99,0,14949,5661,1027966,0.0
ctrl_nomargin,0.5,S1+AEF(t) [3m],SID03,331500,4735,25404,686937,0.9166599841278181
ctrl_nomargin,0.5,S1+AEF(t) [3m],SID04,145729,12815,17697,872335,0.8268734289977928
ctrl_nomargin,0.5,S1+AEF(t) [3m],SID05,546999,19169,9744,472664,0.9497961494117156
ctrl_nomargin,0.5,S1+AEF(t) [3m],SID06,730756,5924,19801,292095,0.9659938584049037
ctrl_nomargin,0.5,S1+AEF(t) [3m],SID100,34714,1280,6329,837413,0.8202159582260237
ctrl_nomargin,0.5,S1+AEF(t) [3m],SID14,114221,4349,13176,916830,0.8669788836093696
ctrl_nomargin,0.5,S1+AEF(t) [3m],SID15,788084,84435,201,175856,0.9030204418370154
ctrl_nomargin,0.5,S1+AEF(t) [3m],SID17,36573,15129,715,996159,0.6977316519449797
ctrl_nomargin,0.5,S1+AEF(t) [3m],SID18,54266,18754,59,975497,0.7425662639061837
ctrl_nomargin,0.5,S1+AEF(t) [3m],SID21,295021,16574,8606,706274,0.9213618945599795
ctrl_nomargin,0.5,S1+AEF(t) [3m],SID22,260633,16023,6204,569708,0.9214204907021141
ctrl_nomargin,0.5,S1+AEF(t) [3m],SID23,123417,7082,7461,886252,0.8945853870687156
ctrl_nomargin,0.5,S1+AEF(t) [3m],SID25,30766,2844,2984,259375,0.8407389189484615
ctrl_nomargin,0.5,S1+AEF(t) [3m],SID26,10779,2734,9674,1025389,0.4648725578988226
ctrl_nomargin,0.5,S1+AEF(t) [3m],SID27,8743,6667,1087,767989,0.5299751469964236
ctrl_nomargin,0.5,S1+AEF(t) [3m],SID28,524644,210995,0,312197,0.7131813294292445
ctrl_nomargin,0.5,S1+AEF(t) [3m],SID31,11958,5785,22153,1008680,0.2997292961700421
ctrl_nomargin,0.5,S1+AEF(t) [3m],SID33,187325,196,95036,765819,0.6629635790300719
ctrl_nomargin,0.5,S1+AEF(t) [3m],SID36,114648,474,47122,886332,0.7066393826582185
ctrl_nomargin,0.5,S1+AEF(t) [3m],SID37,874576,4059,27842,142099,0.9648077116132014
ctrl_nomargin,0.5,S1+AEF(t) [3m],SID39,306195,1659,17971,722751,0.939752934857669
ctrl_nomargin,0.5,S1+AEF(t) [3m],SID40,610362,4188,1933,432093,0.990071096851008
ctrl_nomargin,0.5,S1+AEF(t) [3m],SID44,187223,13087,1233,705733,0.9289481649077368
ctrl_nomargin,0.5,S1+AEF(t) [3m],SID46,593809,87256,36043,331468,0.8280607663001947
ctrl_nomargin,0.5,S1+AEF(t) [3m],SID50,161,0,4501,595703,0.03453453453453453
ctrl_nomargin,0.5,S1+AEF(t) [3m],SID51,28904,5525,3395,1010552,0.76417089678511
ctrl_nomargin,0.5,S1+AEF(t) [3m],SID52,147276,7929,6029,887342,0.9134301698152995
ctrl_nomargin,0.5,S1+AEF(t) [3m],SID53,469471,91991,839,486275,0.8349104838867439
ctrl_nomargin,0.5,S1+AEF(t) [3m],SID55,481877,373544,0,193155,0.5633214522439828
ctrl_nomargin,0.5,S1+AEF(t) [3m],SID59,86578,11532,1422,949044,0.8698509022224008
ctrl_nomargin,0.5,S1+AEF(t) [3m],SID61,173627,2482,19544,852923,0.8874231419911782
ctrl_nomargin,0.5,S1+AEF(t) [3m],SID63,474364,2874,35064,536174,0.9259460240248916
ctrl_nomargin,0.5,S1+AEF(t) [3m],SID64,54884,883,9684,983125,0.8385509770668134
ctrl_nomargin,0.5,S1+AEF(t) [3m],SID65,66664,1584,2045,648454,0.948373237733487
ctrl_nomargin,0.5,S1+AEF(t) [3m],SID67,18829,9430,7114,969873,0.5322986458598366
ctrl_nomargin,0.5,S1+AEF(t) [3m],SID68,41268,8125,13,936630,0.8352831639881796
ctrl_nomargin,0.5,S1+AEF(t) [3m],SID69,101758,12783,18791,915244,0.7631926319263193
ctrl_nomargin,0.5,S1+AEF(t) [3m],SID72,913509,578,13154,121335,0.9851904736740502
ctrl_nomargin,0.5,S1+AEF(t) [3m],SID78,264075,10426,4586,769489,0.9462103215126466
ctrl_nomargin,0.5,S1+AEF(t) [3m],SID79,216149,3605,20572,524570,0.8993991494886113
ctrl_nomargin,0.5,S1+AEF(t) [3m],SID80,89979,6039,1711,950805,0.9206990760163308
ctrl_nomargin,0.5,S1+AEF(t) [3m],SID81,293882,904,2574,751216,0.988303739574926
ctrl_nomargin,0.5,S1+AEF(t) [3m],SID83,152589,5307,2033,888647,0.9541046339313071
ctrl_nomargin,0.5,S1+AEF(t) [3m],SID85,374956,3922,27,652271,0.9895778625249073
ctrl_nomargin,0.5,S1+AEF(t) [3m],SID87,17166,18803,3656,957438,0.433211356466877
ctrl_nomargin,0.5,S1+AEF(t) [3m],SID89,63683,2427,1124,636537,0.9471844602433293
ctrl_nomargin,0.5,S1+AEF(t) [3m],SID90,28101,818,9978,617879,0.722446461166671
ctrl_nomargin,0.5,S1+AEF(t) [3m],SID91,37029,21596,306,989645,0.6283450136600431
ctrl_nomargin,0.5,S1+AEF(t) [3m],SID92,271990,5382,131239,506625,0.6656453203658247
ctrl_nomargin,0.5,S1+AEF(t) [3m],SID93,0,0,31314,1017262,0.0
ctrl_nomargin,0.5,S1+AEF(t) [3m],SID97,200136,79048,7698,761694,0.6976248074121068
ctrl_nomargin,0.5,S1+AEF(t) [3m],SID98,47310,21939,23316,956011,0.5111003078917518
ctrl_nomargin,0.5,S1+AEF(t) [3m],SID99,467,19707,5194,1023208,0.018409019236833805
ctrl_nomargin,0.5,S1+AEF(t-1) swap [3m],SID03,304676,700,52228,690972,0.8519927070167
ctrl_nomargin,0.5,S1+AEF(t-1) swap [3m],SID04,145820,14254,17606,870896,0.8206888788833858
ctrl_nomargin,0.5,S1+AEF(t-1) swap [3m],SID05,549724,23110,7019,468723,0.9480402791742045
ctrl_nomargin,0.5,S1+AEF(t-1) swap [3m],SID06,730249,5176,20308,292843,0.9662790959240896
ctrl_nomargin,0.5,S1+AEF(t-1) swap [3m],SID100,35165,5495,5878,833198,0.7556190639907172
ctrl_nomargin,0.5,S1+AEF(t-1) swap [3m],SID14,124078,94631,3319,826548,0.5588394256580251
ctrl_nomargin,0.5,S1+AEF(t-1) swap [3m],SID15,788083,73068,202,187223,0.9149361527736015
ctrl_nomargin,0.5,S1+AEF(t-1) swap [3m],SID17,36628,15833,660,995455,0.6895201521055703
ctrl_nomargin,0.5,S1+AEF(t-1) swap [3m],SID18,54121,2459,204,991792,0.9531029867568329
ctrl_nomargin,0.5,S1+AEF(t-1) swap [3m],SID21,295411,18698,8216,704150,0.9165004265880711
ctrl_nomargin,0.5,S1+AEF(t-1) swap [3m],SID22,259223,14711,7614,571020,0.9207062383678805
ctrl_nomargin,0.5,S1+AEF(t-1) swap [3m],SID23,130552,23565,326,869769,0.8453086251885809
ctrl_nomargin,0.5,S1+AEF(t-1) swap [3m],SID25,30945,3475,2805,258744,0.8312961719274681
ctrl_nomargin,0.5,S1+AEF(t-1) swap [3m],SID26,10855,2487,9598,1025636,0.47319093286835223
ctrl_nomargin,0.5,S1+AEF(t-1) swap [3m],SID27,9153,8466,677,766190,0.5002732837778749
ctrl_nomargin,0.5,S1+AEF(t-1) swap [3m],SID28,524644,184738,0,338454,0.7395789574587458
ctrl_nomargin,0.5,S1+AEF(t-1) swap [3m],SID31,9621,3574,24490,1010891,0.2553005174472602
ctrl_nomargin,0.5,S1+AEF(t-1) swap [3m],SID33,214262,2084,68099,763931,0.7532633725324756
ctrl_nomargin,0.5,S1+AEF(t-1) swap [3m],SID36,100833,289,60937,886517,0.6221993224689774
ctrl_nomargin,0.5,S1+AEF(t-1) swap [3m],SID37,886740,9284,15678,136874,0.9726204395734571
ctrl_nomargin,0.5,S1+AEF(t-1) swap [3m],SID39,309516,4387,14650,720023,0.9420580545604514
ctrl_nomargin,0.5,S1+AEF(t-1) swap [3m],SID40,611289,6028,1006,430253,0.9886240686502039
ctrl_nomargin,0.5,S1+AEF(t-1) swap [3m],SID44,187663,13438,793,705382,0.9295125164690382
ctrl_nomargin,0.5,S1+AEF(t-1) swap [3m],SID46,588829,84724,41023,334000,0.8240257159490383
ctrl_nomargin,0.5,S1+AEF(t-1) swap [3m],SID50,438,27,4224,595676,0.09341010876519514
ctrl_nomargin,0.5,S1+AEF(t-1) swap [3m],SID51,29079,5882,3220,1010195,0.7616091773395144
ctrl_nomargin,0.5,S1+AEF(t-1) swap [3m],SID52,149610,32133,3695,863138,0.8067925667878213
ctrl_nomargin,0.5,S1+AEF(t-1) swap [3m],SID53,469642,82932,668,495334,0.848890720516519
ctrl_nomargin,0.5,S1+AEF(t-1) swap [3m],SID55,481877,369834,0,196865,0.5657752453590479
ctrl_nomargin,0.5,S1+AEF(t-1) swap [3m],SID59,87176,13905,824,946671,0.855463421814435
ctrl_nomargin,0.5,S1+AEF(t-1) swap [3m],SID61,174328,2589,18843,852816,0.8905190028606457
ctrl_nomargin,0.5,S1+AEF(t-1) swap [3m],SID63,471193,2137,38235,536911,0.9210813875069639
ctrl_nomargin,0.5,S1+AEF(t-1) swap [3m],SID64,54607,991,9961,983017,0.8329443707195046
ctrl_nomargin,0.5,S1+AEF(t-1) swap [3m],SID65,65914,882,2795,649156,0.9471627078214137
ctrl_nomargin,0.5,S1+AEF(t-1) swap [3m],SID67,21579,47513,4364,931790,0.29376769766935307
ctrl_nomargin,0.5,S1+AEF(t-1) swap [3m],SID68,41277,8493,4,936262,0.8292883834933901
ctrl_nomargin,0.5,S1+AEF(t-1) swap [3m],SID69,96081,12403,24468,915624,0.7226743486371021
ctrl_nomargin,0.5,S1+AEF(t-1) swap [3m],SID72,909335,140,17328,121773,0.9811524131881316
ctrl_nomargin,0.5,S1+AEF(t-1) swap [3m],SID78,265459,13041,3202,766874,0.9423397774953675
ctrl_nomargin,0.5,S1+AEF(t-1) swap [3m],SID79,199364,2313,37357,525862,0.834040345724876
ctrl_nomargin,0.5,S1+AEF(t-1) swap [3m],SID80,89736,7066,1954,949778,0.9086637773907408
ctrl_nomargin,0.5,S1+AEF(t-1) swap [3m],SID81,295027,2020,1429,750100,0.9884446320642196
ctrl_nomargin,0.5,S1+AEF(t-1) swap [3m],SID83,151862,5247,2760,888707,0.9499152431052924
ctrl_nomargin,0.5,S1+AEF(t-1) swap [3m],SID85,374946,4480,37,651713,0.9880963361381742
ctrl_nomargin,0.5,S1+AEF(t-1) swap [3m],SID87,16881,16757,3941,959484,0.4492136565635062
ctrl_nomargin,0.5,S1+AEF(t-1) swap [3m],SID89,63454,2157,1353,636807,0.9475837763574458
ctrl_nomargin,0.5,S1+AEF(t-1) swap [3m],SID90,28457,1355,9622,617342,0.7216361515443526
ctrl_nomargin,0.5,S1+AEF(t-1) swap [3m],SID91,36847,19862,488,991379,0.6442121090266972
ctrl_nomargin,0.5,S1+AEF(t-1) swap [3m],SID92,250909,977,152320,511030,0.620745362513174
ctrl_nomargin,0.5,S1+AEF(t-1) swap [3m],SID93,0,0,31314,1017262,0.0
ctrl_nomargin,0.5,S1+AEF(t-1) swap [3m],SID97,191902,87216,15932,753526,0.6504050160989663
ctrl_nomargin,0.5,S1+AEF(t-1) swap [3m],SID98,44577,18329,26049,959621,0.5011185430835816
ctrl_nomargin,0.5,S1+AEF(t-1) swap [3m],SID99,306,13052,5355,1029863,0.016352268476460215
ctrl_nomargin,0.5,S1+AEF(t-1) trained [3m],SID03,301607,676,55297,690996,0.84346719615191
ctrl_nomargin,0.5,S1+AEF(t-1) trained [3m],SID04,145153,12844,18273,872306,0.8234696771997504
ctrl_nomargin,0.5,S1+AEF(t-1) trained [3m],SID05,545271,18954,11472,472879,0.9471492816533698
ctrl_nomargin,0.5,S1+AEF(t-1) trained [3m],SID06,726268,4726,24289,293293,0.9615839360875328
ctrl_nomargin,0.5,S1+AEF(t-1) trained [3m],SID100,34997,5170,6046,833523,0.7572977300759527
ctrl_nomargin,0.5,S1+AEF(t-1) trained [3m],SID14,122705,69187,4692,851992,0.624186098563464
ctrl_nomargin,0.5,S1+AEF(t-1) trained [3m],SID15,787521,70836,764,189455,0.9166590037957401
ctrl_nomargin,0.5,S1+AEF(t-1) trained [3m],SID17,36233,12826,1055,998462,0.7230115337031569
ctrl_nomargin,0.5,S1+AEF(t-1) trained [3m],SID18,54087,2352,238,991899,0.9543024507295729
ctrl_nomargin,0.5,S1+AEF(t-1) trained [3m],SID21,294189,17116,9438,705732,0.9172109757656441
ctrl_nomargin,0.5,S1+AEF(t-1) trained [3m],SID22,258667,13752,8170,571979,0.9218714917548443
ctrl_nomargin,0.5,S1+AEF(t-1) trained [3m],SID23,130493,23108,385,870226,0.8474341823282636
ctrl_nomargin,0.5,S1+AEF(t-1) trained [3m],SID25,30439,3114,3311,259105,0.8257107204861112
ctrl_nomargin,0.5,S1+AEF(t-1) trained [3m],SID26,11580,3157,8873,1024966,0.49047013977128334
ctrl_nomargin,0.5,S1+AEF(t-1) trained [3m],SID27,8788,7616,1042,767040,0.503725782414307
ctrl_nomargin,0.5,S1+AEF(t-1) trained [3m],SID28,524644,172810,0,350382,0.7522273870391453
ctrl_nomargin,0.5,S1+AEF(t-1) trained [3m],SID31,9432,3382,24679,1011083,0.2515669591657109
ctrl_nomargin,0.5,S1+AEF(t-1) trained [3m],SID33,206960,1681,75401,764334,0.7286246400180255
ctrl_nomargin,0.5,S1+AEF(t-1) trained [3m],SID36,103895,573,57875,886233,0.6399721577154543
ctrl_nomargin,0.5,S1+AEF(t-1) trained [3m],SID37,891815,11281,10603,134877,0.9760490051975541
ctrl_nomargin,0.5,S1+AEF(t-1) trained [3m],SID39,309402,4289,14764,720121,0.9419920537059872
ctrl_nomargin,0.5,S1+AEF(t-1) trained [3m],SID40,610995,5154,1300,431127,0.9895473148389584
ctrl_nomargin,0.5,S1+AEF(t-1) trained [3m],SID44,187486,12718,970,706102,0.9319593983317924
ctrl_nomargin,0.5,S1+AEF(t-1) trained [3m],SID46,588801,85144,41051,333580,0.823502509104946
ctrl_nomargin,0.5,S1+AEF(t-1) trained [3m],SID50,303,8,4359,595695,0.06488222698072806
ctrl_nomargin,0.5,S1+AEF(t-1) trained [3m],SID51,28157,4248,4142,1011829,0.7704325936465374
ctrl_nomargin,0.5,S1+AEF(t-1) trained [3m],SID52,149010,25556,4295,869715,0.833105036872208
ctrl_nomargin,0.5,S1+AEF(t-1) trained [3m],SID53,469792,85763,518,492503,0.8448387172187825
ctrl_nomargin,0.5,S1+AEF(t-1) trained [3m],SID55,481877,372338,0,194361,0.5641167621734575
ctrl_nomargin,0.5,S1+AEF(t-1) trained [3m],SID59,87132,13894,868,946682,0.8551239523426306
ctrl_nomargin,0.5,S1+AEF(t-1) trained [3m],SID61,170345,2291,22826,853114,0.8714993195608354
ctrl_nomargin,0.5,S1+AEF(t-1) trained [3m],SID63,462197,1518,47231,537530,0.9045907003871251
ctrl_nomargin,0.5,S1+AEF(t-1) trained [3m],SID64,55058,1050,9510,982958,0.8390685482641957
ctrl_nomargin,0.5,S1+AEF(t-1) trained [3m],SID65,65209,653,3500,649385,0.940125717251521
ctrl_nomargin,0.5,S1+AEF(t-1) trained [3m],SID67,21337,48467,4606,930836,0.2867490928638624
ctrl_nomargin,0.5,S1+AEF(t-1) trained [3m],SID68,41247,7259,34,937496,0.8497527812113721
ctrl_nomargin,0.5,S1+AEF(t-1) trained [3m],SID69,100474,15363,20075,912664,0.7392577550179528
ctrl_nomargin,0.5,S1+AEF(t-1) trained [3m],SID72,905773,132,20890,121781,0.977317529766561
ctrl_nomargin,0.5,S1+AEF(t-1) trained [3m],SID78,265263,11962,3398,767953,0.9452646433114891
ctrl_nomargin,0.5,S1+AEF(t-1) trained [3m],SID79,200942,2363,35779,525812,0.8404661123287213
ctrl_nomargin,0.5,S1+AEF(t-1) trained [3m],SID80,89702,6940,1988,949904,0.9094798742776031
ctrl_nomargin,0.5,S1+AEF(t-1) trained [3m],SID81,294772,1772,1684,750348,0.9884115508939469
ctrl_nomargin,0.5,S1+AEF(t-1) trained [3m],SID83,152020,5502,2602,888452,0.9493892233519022
ctrl_nomargin,0.5,S1+AEF(t-1) trained [3m],SID85,374880,3762,103,652431,0.9897952448217138
ctrl_nomargin,0.5,S1+AEF(t-1) trained [3m],SID87,16647,16047,4175,960194,0.45151753505655157
ctrl_nomargin,0.5,S1+AEF(t-1) trained [3m],SID89,63387,2141,1420,636823,0.9468094640616598
ctrl_nomargin,0.5,S1+AEF(t-1) trained [3m],SID90,28947,1525,9132,617172,0.7309110190889809
ctrl_nomargin,0.5,S1+AEF(t-1) trained [3m],SID91,36670,18102,665,993139,0.6614715803524722
ctrl_nomargin,0.5,S1+AEF(t-1) trained [3m],SID92,250659,1081,152570,510926,0.6199673517845218
ctrl_nomargin,0.5,S1+AEF(t-1) trained [3m],SID93,0,0,31314,1017262,0.0
ctrl_nomargin,0.5,S1+AEF(t-1) trained [3m],SID97,192160,91697,15674,749045,0.6415362683662125
ctrl_nomargin,0.5,S1+AEF(t-1) trained [3m],SID98,44324,19055,26302,958895,0.49424069758365763
ctrl_nomargin,0.5,S1+AEF(t-1) trained [3m],SID99,250,14477,5411,1028438,0.012414341046777237
ctrl_nomargin,0.5,S1-only [10m],SID03,331085,23465,25819,668207,0.8704310813972748
ctrl_nomargin,0.5,S1-only [10m],SID04,137998,13091,25428,872059,0.7817830577224857
ctrl_nomargin,0.5,S1-only [10m],SID05,550892,44607,5851,447226,0.9160921260497215
ctrl_nomargin,0.5,S1-only [10m],SID06,734734,28145,15823,269874,0.9435368086893318
ctrl_nomargin,0.5,S1-only [10m],SID100,5108,1048,35935,837645,0.12135610938205317
ctrl_nomargin,0.5,S1-only [10m],SID14,113147,8465,14250,912714,0.8328082907656298
ctrl_nomargin,0.5,S1-only [10m],SID15,703640,4562,84645,255729,0.8874852272884932
ctrl_nomargin,0.5,S1-only [10m],SID17,34478,14065,2810,997223,0.6713921289895429
ctrl_nomargin,0.5,S1-only [10m],SID18,54024,5360,301,988891,0.90515204825333
ctrl_nomargin,0.5,S1-only [10m],SID21,294337,24010,9290,698838,0.8983631274856014
ctrl_nomargin,0.5,S1-only [10m],SID22,247559,15159,19278,570572,0.8778812465425041
ctrl_nomargin,0.5,S1-only [10m],SID23,2063,1754,128815,891580,0.015554315700585077
ctrl_nomargin,0.5,S1-only [10m],SID25,28593,6731,5157,255488,0.7063313653318841
ctrl_nomargin,0.5,S1-only [10m],SID26,0,1620,20453,1026503,0.0
ctrl_nomargin,0.5,S1-only [10m],SID27,1221,2987,8609,771669,0.09526410236404775
ctrl_nomargin,0.5,S1-only [10m],SID28,517176,8480,7468,514712,0.9700857586602741
ctrl_nomargin,0.5,S1-only [10m],SID31,5629,2492,28482,1011973,0.15378520886266153
ctrl_nomargin,0.5,S1-only [10m],SID33,33598,1223,248763,764792,0.11847635973820808
ctrl_nomargin,0.5,S1-only [10m],SID36,138124,25432,23646,861374,0.7378339975000268
ctrl_nomargin,0.5,S1-only [10m],SID37,891664,27948,10754,118210,0.9584013173310288
ctrl_nomargin,0.5,S1-only [10m],SID39,312644,17788,11522,706622,0.9142867169268382
ctrl_nomargin,0.5,S1-only [10m],SID40,610995,13566,1300,422715,0.9762471219647814
ctrl_nomargin,0.5,S1-only [10m],SID44,128228,8422,60228,710398,0.651306900720243
ctrl_nomargin,0.5,S1-only [10m],SID46,220782,15360,409070,403364,0.3421852042429465
ctrl_nomargin,0.5,S1-only [10m],SID50,0,0,4662,595703,0.0
ctrl_nomargin,0.5,S1-only [10m],SID51,24614,9610,7685,1006467,0.5873201460306855
ctrl_nomargin,0.5,S1-only [10m],SID52,141328,12486,11977,882785,0.8524467552520945
ctrl_nomargin,0.5,S1-only [10m],SID53,373773,25969,96537,552297,0.7531509493651757
ctrl_nomargin,0.5,S1-only [10m],SID55,340606,116003,141271,450696,0.5696895698133405
ctrl_nomargin,0.5,S1-only [10m],SID59,86193,16093,1807,944483,0.828038388748523
ctrl_nomargin,0.5,S1-only [10m],SID61,180403,24132,12768,831273,0.8301910235937838
ctrl_nomargin,0.5,S1-only [10m],SID63,489288,54856,20140,484192,0.8670952924413947
ctrl_nomargin,0.5,S1-only [10m],SID64,58394,8475,6174,975533,0.7994469011404242
ctrl_nomargin,0.5,S1-only [10m],SID65,59962,1144,8747,648894,0.8584026455556669
ctrl_nomargin,0.5,S1-only [10m],SID67,349,13108,25594,966195,0.008937031061944637
ctrl_nomargin,0.5,S1-only [10m],SID68,37879,9324,3402,935431,0.7485228732338701
ctrl_nomargin,0.5,S1-only [10m],SID69,109445,36163,11104,891864,0.698383021083261
ctrl_nomargin,0.5,S1-only [10m],SID72,920071,4914,6592,116999,0.9876489007349902
ctrl_nomargin,0.5,S1-only [10m],SID78,258417,9087,10244,770828,0.9304009389806587
ctrl_nomargin,0.5,S1-only [10m],SID79,193004,9556,43717,518619,0.7836866617670347
ctrl_nomargin,0.5,S1-only [10m],SID80,87952,7788,3738,949056,0.8841351856691931
ctrl_nomargin,0.5,S1-only [10m],SID81,295819,6454,637,745666,0.9765904063913373
ctrl_nomargin,0.5,S1-only [10m],SID83,70926,1541,83696,892413,0.45417928702701665
ctrl_nomargin,0.5,S1-only [10m],SID85,374831,5320,152,650873,0.9856114729570895
ctrl_nomargin,0.5,S1-only [10m],SID87,6930,12429,13892,963812,0.20841478451775886
ctrl_nomargin,0.5,S1-only [10m],SID89,14128,109,50679,638855,0.21763509766467434
ctrl_nomargin,0.5,S1-only [10m],SID90,12852,477,25227,618220,0.3333333333333333
ctrl_nomargin,0.5,S1-only [10m],SID91,36207,17768,1128,993473,0.6570785619657732
ctrl_nomargin,0.5,S1-only [10m],SID92,313192,86554,90037,425453,0.6394505321744528
ctrl_nomargin,0.5,S1-only [10m],SID93,69,207713,31245,809549,0.0002886703175791856
ctrl_nomargin,0.5,S1-only [10m],SID97,86890,32035,120944,808707,0.36223938899982905
ctrl_nomargin,0.5,S1-only [10m],SID98,14249,6651,56377,971299,0.18438862792292662
ctrl_nomargin,0.5,S1-only [10m],SID99,0,71883,5661,971032,0.0
ctrl_nomargin,0.5,S1+AEF(t) [10m],SID03,337575,14020,19329,677652,0.9100920943373845
ctrl_nomargin,0.5,S1+AEF(t) [10m],SID04,143667,19879,19759,865271,0.7837593082567306
ctrl_nomargin,0.5,S1+AEF(t) [10m],SID05,552685,29836,4058,461997,0.9422175018198742
ctrl_nomargin,0.5,S1+AEF(t) [10m],SID06,733350,7658,17207,290361,0.9672058716854718
ctrl_nomargin,0.5,S1+AEF(t) [10m],SID100,33700,799,7343,837894,0.8054108312222169
ctrl_nomargin,0.5,S1+AEF(t) [10m],SID14,116069,7888,11328,913291,0.8579591233322246
ctrl_nomargin,0.5,S1+AEF(t) [10m],SID15,785723,49234,2562,211057,0.9381554328916717
ctrl_nomargin,0.5,S1+AEF(t) [10m],SID17,36544,20122,744,991166,0.6365441560703711
ctrl_nomargin,0.5,S1+AEF(t) [10m],SID18,54325,8359,0,985892,0.866648586561164
ctrl_nomargin,0.5,S1+AEF(t) [10m],SID21,296278,20691,7349,702157,0.9135416473954575
ctrl_nomargin,0.5,S1+AEF(t) [10m],SID22,262040,23829,4797,561902,0.9015158291647458
ctrl_nomargin,0.5,S1+AEF(t) [10m],SID23,117885,6474,12993,886860,0.8582692643718329
ctrl_nomargin,0.5,S1+AEF(t) [10m],SID25,30605,4214,3145,258005,0.8061584659150774
ctrl_nomargin,0.5,S1+AEF(t) [10m],SID26,4191,647,16262,1027476,0.19862559241706162
ctrl_nomargin,0.5,S1+AEF(t) [10m],SID27,8850,7187,980,767469,0.5200681671269907
ctrl_nomargin,0.5,S1+AEF(t) [10m],SID28,524644,130645,0,392547,0.8006299510597614
ctrl_nomargin,0.5,S1+AEF(t) [10m],SID31,11995,7944,22116,1006521,0.28522173344429913
ctrl_nomargin,0.5,S1+AEF(t) [10m],SID33,167758,575,114603,765440,0.5929185398818108
ctrl_nomargin,0.5,S1+AEF(t) [10m],SID36,127461,2888,34309,883918,0.7740953977334839
ctrl_nomargin,0.5,S1+AEF(t) [10m],SID37,875020,3579,27398,142579,0.9658089375571883
ctrl_nomargin,0.5,S1+AEF(t) [10m],SID39,312640,7323,11526,717087,0.943138384682448
ctrl_nomargin,0.5,S1+AEF(t) [10m],SID40,611830,8034,465,428247,0.9862992057440487
ctrl_nomargin,0.5,S1+AEF(t) [10m],SID44,187527,18520,929,700300,0.9060325834879406
ctrl_nomargin,0.5,S1+AEF(t) [10m],SID46,565889,83685,63963,335039,0.7930759021606448
ctrl_nomargin,0.5,S1+AEF(t) [10m],SID50,80,0,4582,595703,0.01716001716001716
ctrl_nomargin,0.5,S1+AEF(t) [10m],SID51,27946,7861,4353,1008216,0.6958665338645418
ctrl_nomargin,0.5,S1+AEF(t) [10m],SID52,147648,12535,5657,882736,0.8903039073806078
ctrl_nomargin,0.5,S1+AEF(t) [10m],SID53,469522,85382,788,492884,0.8449320846800026
ctrl_nomargin,0.5,S1+AEF(t) [10m],SID55,481877,365242,0,201457,0.5688421579494735
ctrl_nomargin,0.5,S1+AEF(t) [10m],SID59,87122,18622,878,941954,0.8171109151957382
ctrl_nomargin,0.5,S1+AEF(t) [10m],SID61,179890,5615,13281,849790,0.9049430040344894
ctrl_nomargin,0.5,S1+AEF(t) [10m],SID63,487435,14367,21993,524681,0.930583529816054
ctrl_nomargin,0.5,S1+AEF(t) [10m],SID64,57423,3161,7145,980847,0.8478347532076363
ctrl_nomargin,0.5,S1+AEF(t) [10m],SID65,67239,2837,1470,647201,0.9398009672099069
ctrl_nomargin,0.5,S1+AEF(t) [10m],SID67,13464,4985,12479,974318,0.4353336782203828
ctrl_nomargin,0.5,S1+AEF(t) [10m],SID68,41281,11356,0,933399,0.7842582214031955
ctrl_nomargin,0.5,S1+AEF(t) [10m],SID69,107448,22767,13101,905260,0.749727874068492
ctrl_nomargin,0.5,S1+AEF(t) [10m],SID72,916533,1677,10130,120236,0.9872815994140078
ctrl_nomargin,0.5,S1+AEF(t) [10m],SID78,263492,13285,5169,766630,0.9345477502784221
ctrl_nomargin,0.5,S1+AEF(t) [10m],SID79,218014,3686,18707,524489,0.9068537937747237
ctrl_nomargin,0.5,S1+AEF(t) [10m],SID80,90342,8487,1348,948357,0.901823771923695
ctrl_nomargin,0.5,S1+AEF(t) [10m],SID81,295591,3254,865,748866,0.9862567148243302
ctrl_nomargin,0.5,S1+AEF(t) [10m],SID83,152401,6395,2221,887559,0.946490122161014
ctrl_nomargin,0.5,S1+AEF(t) [10m],SID85,374981,6300,2,649893,0.9834715945898453
ctrl_nomargin,0.5,S1+AEF(t) [10m],SID87,16759,20824,4063,955417,0.40241559813667577
ctrl_nomargin,0.5,S1+AEF(t) [10m],SID89,63732,3081,1075,635883,0.9387815225076597
ctrl_nomargin,0.5,S1+AEF(t) [10m],SID90,29825,1487,8254,617210,0.7538037709144215
ctrl_nomargin,0.5,S1+AEF(t) [10m],SID91,37310,29358,25,981883,0.5594290255349137
ctrl_nomargin,0.5,S1+AEF(t) [10m],SID92,275141,7889,128088,504118,0.669250677421081
ctrl_nomargin,0.5,S1+AEF(t) [10m],SID93,0,0,31314,1017262,0.0
ctrl_nomargin,0.5,S1+AEF(t) [10m],SID97,196802,77423,11032,763319,0.6899112028802098
ctrl_nomargin,0.5,S1+AEF(t) [10m],SID98,44657,24715,25969,953235,0.4683924020096286
ctrl_nomargin,0.5,S1+AEF(t) [10m],SID99,77,30395,5584,1012520,0.0021355668959396495
ctrl_nomargin,0.5,S1+AEF(t-1) swap [10m],SID03,318339,4460,38565,687212,0.8809372267298348
ctrl_nomargin,0.5,S1+AEF(t-1) swap [10m],SID04,143709,21475,19717,863675,0.7772213238435703
ctrl_nomargin,0.5,S1+AEF(t-1) swap [10m],SID05,553639,33151,3104,458682,0.9385398054565736
ctrl_nomargin,0.5,S1+AEF(t-1) swap [10m],SID06,733084,6971,17473,291048,0.967731885818082
ctrl_nomargin,0.5,S1+AEF(t-1) swap [10m],SID100,34113,2578,6930,836115,0.782031590289081
ctrl_nomargin,0.5,S1+AEF(t-1) swap [10m],SID14,121370,25400,6027,895779,0.7943218780473439
ctrl_nomargin,0.5,S1+AEF(t-1) swap [10m],SID15,785387,47326,2898,212965,0.9398954776804039
ctrl_nomargin,0.5,S1+AEF(t-1) swap [10m],SID17,36589,20881,699,990407,0.6290120167099315
ctrl_nomargin,0.5,S1+AEF(t-1) swap [10m],SID18,54322,6070,3,988181,0.8994453183210531
ctrl_nomargin,0.5,S1+AEF(t-1) swap [10m],SID21,296657,21995,6970,700853,0.911047165117836
ctrl_nomargin,0.5,S1+AEF(t-1) swap [10m],SID22,261148,22340,5689,563391,0.9030732043004803
ctrl_nomargin,0.5,S1+AEF(t-1) swap [10m],SID23,130468,23031,410,870303,0.8476957162998915
ctrl_nomargin,0.5,S1+AEF(t-1) swap [10m],SID25,30728,4988,3022,257231,0.7932262894315659
ctrl_nomargin,0.5,S1+AEF(t-1) swap [10m],SID26,4020,676,16433,1027447,0.1902598324577595
ctrl_nomargin,0.5,S1+AEF(t-1) swap [10m],SID27,9103,9168,727,765488,0.4791557006000632
ctrl_nomargin,0.5,S1+AEF(t-1) swap [10m],SID28,524644,147500,0,375692,0.7805529767430789
ctrl_nomargin,0.5,S1+AEF(t-1) swap [10m],SID31,9548,5300,24563,1009165,0.2422673872776636
ctrl_nomargin,0.5,S1+AEF(t-1) swap [10m],SID33,192749,2260,89612,763755,0.6772128549896178
ctrl_nomargin,0.5,S1+AEF(t-1) swap [10m],SID36,123795,2392,37975,884414,0.7541026546947528
ctrl_nomargin,0.5,S1+AEF(t-1) swap [10m],SID37,887640,9543,14778,136615,0.9733310963955696
ctrl_nomargin,0.5,S1+AEF(t-1) swap [10m],SID39,314674,11816,9492,712594,0.9365799358298956
ctrl_nomargin,0.5,S1+AEF(t-1) swap [10m],SID40,612059,10619,236,425662,0.982573838443188
ctrl_nomargin,0.5,S1+AEF(t-1) swap [10m],SID44,187942,18652,514,700168,0.9074589103269791
ctrl_nomargin,0.5,S1+AEF(t-1) swap [10m],SID46,558975,81185,70877,337539,0.7861405243327703
ctrl_nomargin,0.5,S1+AEF(t-1) swap [10m],SID50,417,37,4245,595666,0.0887422855926793
ctrl_nomargin,0.5,S1+AEF(t-1) swap [10m],SID51,28097,8038,4202,1008039,0.6965565113915264
ctrl_nomargin,0.5,S1+AEF(t-1) swap [10m],SID52,149359,32208,3946,863063,0.8051133882800666
ctrl_nomargin,0.5,S1+AEF(t-1) swap [10m],SID53,469610,79644,700,498622,0.8539077813780789
ctrl_nomargin,0.5,S1+AEF(t-1) swap [10m],SID55,481877,364982,0,201717,0.5690168020886593
ctrl_nomargin,0.5,S1+AEF(t-1) swap [10m],SID59,87236,21620,764,938956,0.7958036854588578
ctrl_nomargin,0.5,S1+AEF(t-1) swap [10m],SID61,180247,6216,12924,849189,0.9040057777086771
ctrl_nomargin,0.5,S1+AEF(t-1) swap [10m],SID63,485304,12361,24124,526687,0.9300771001305125
ctrl_nomargin,0.5,S1+AEF(t-1) swap [10m],SID64,57196,3426,7372,980582,0.8411918698708709
ctrl_nomargin,0.5,S1+AEF(t-1) swap [10m],SID65,66853,2377,1856,647661,0.9404524097571955
ctrl_nomargin,0.5,S1+AEF(t-1) swap [10m],SID67,17098,17554,8845,961749,0.39308458054578477
ctrl_nomargin,0.5,S1+AEF(t-1) swap [10m],SID68,41281,11668,0,933087,0.7796370091975297
ctrl_nomargin,0.5,S1+AEF(t-1) swap [10m],SID69,104888,22833,15661,905194,0.7315283647877697
ctrl_nomargin,0.5,S1+AEF(t-1) swap [10m],SID72,914684,814,11979,121099,0.9862066660413142
ctrl_nomargin,0.5,S1+AEF(t-1) swap [10m],SID78,264807,15507,3854,764408,0.9318677683623772
ctrl_nomargin,0.5,S1+AEF(t-1) swap [10m],SID79,199877,2248,36844,525927,0.8364139281664149
ctrl_nomargin,0.5,S1+AEF(t-1) swap [10m],SID80,90154,8522,1536,948322,0.8996327785095597
ctrl_nomargin,0.5,S1+AEF(t-1) swap [10m],SID81,296077,5122,379,746998,0.9817592795230421
ctrl_nomargin,0.5,S1+AEF(t-1) swap [10m],SID83,151602,6279,3020,887675,0.942206698528909
ctrl_nomargin,0.5,S1+AEF(t-1) swap [10m],SID85,374983,6727,0,649466,0.982376673390794
ctrl_nomargin,0.5,S1+AEF(t-1) swap [10m],SID87,16091,19125,4731,957116,0.4028087215560618
ctrl_nomargin,0.5,S1+AEF(t-1) swap [10m],SID89,63566,3066,1241,635898,0.9365432498931828
ctrl_nomargin,0.5,S1+AEF(t-1) swap [10m],SID90,29875,2469,8204,616228,0.7367810989444609
ctrl_nomargin,0.5,S1+AEF(t-1) swap [10m],SID91,37290,27550,45,983691,0.5747091007166525
ctrl_nomargin,0.5,S1+AEF(t-1) swap [10m],SID92,256055,2078,147174,509929,0.6317556814957551
ctrl_nomargin,0.5,S1+AEF(t-1) swap [10m],SID93,0,0,31314,1017262,0.0
ctrl_nomargin,0.5,S1+AEF(t-1) swap [10m],SID97,188489,82363,19345,758379,0.6495208427378643
ctrl_nomargin,0.5,S1+AEF(t-1) swap [10m],SID98,43142,20241,27484,957709,0.4747818239845048
ctrl_nomargin,0.5,S1+AEF(t-1) swap [10m],SID99,0,20964,5661,1021951,0.0
ctrl_nomargin,0.5,S1+AEF(t-1) trained [10m],SID03,322231,6378,34673,685294,0.8869996311405465
ctrl_nomargin,0.5,S1+AEF(t-1) trained [10m],SID04,143097,20766,20329,864384,0.7768904186935371
ctrl_nomargin,0.5,S1+AEF(t-1) trained [10m],SID05,553373,32928,3370,458905,0.938443640606372
ctrl_nomargin,0.5,S1+AEF(t-1) trained [10m],SID06,734955,9461,15602,288558,0.9670231494517235
ctrl_nomargin,0.5,S1+AEF(t-1) trained [10m],SID100,31926,1222,9117,837471,0.755376789305572
ctrl_nomargin,0.5,S1+AEF(t-1) trained [10m],SID14,120892,20557,6505,900622,0.8170917988023304
ctrl_nomargin,0.5,S1+AEF(t-1) trained [10m],SID15,783419,41353,4866,218938,0.9442901602867757
ctrl_nomargin,0.5,S1+AEF(t-1) trained [10m],SID17,36411,18160,877,993128,0.6566693117876208
ctrl_nomargin,0.5,S1+AEF(t-1) trained [10m],SID18,54321,6127,4,988124,0.8985806921193674
ctrl_nomargin,0.5,S1+AEF(t-1) trained [10m],SID21,296421,22248,7206,700600,0.9096156501726121
ctrl_nomargin,0.5,S1+AEF(t-1) trained [10m],SID22,261153,22996,5684,562735,0.901046464688286
ctrl_nomargin,0.5,S1+AEF(t-1) trained [10m],SID23,129749,18818,1129,874516,0.8667499465583582
ctrl_nomargin,0.5,S1+AEF(t-1) trained [10m],SID25,30266,4086,3484,258133,0.7999259964055397
ctrl_nomargin,0.5,S1+AEF(t-1) trained [10m],SID26,3933,702,16520,1027421,0.18591349562751122
ctrl_nomargin,0.5,S1+AEF(t-1) trained [10m],SID27,8804,7928,1026,766728,0.49577655141344745
ctrl_nomargin,0.5,S1+AEF(t-1) trained [10m],SID28,524644,120949,0,402243,0.8126544123000095
ctrl_nomargin,0.5,S1+AEF(t-1) trained [10m],SID31,9587,5092,24524,1009373,0.24454761115220774
ctrl_nomargin,0.5,S1+AEF(t-1) trained [10m],SID33,187969,2367,94392,763648,0.6601704082492765
ctrl_nomargin,0.5,S1+AEF(t-1) trained [10m],SID36,130390,6212,31380,880594,0.7762141181793287
ctrl_nomargin,0.5,S1+AEF(t-1) trained [10m],SID37,890528,12624,11890,133534,0.973209972875562
ctrl_nomargin,0.5,S1+AEF(t-1) trained [10m],SID39,315385,14275,8781,710135,0.9318758661036931
ctrl_nomargin,0.5,S1+AEF(t-1) trained [10m],SID40,612043,11013,252,425268,0.9819270729719497
ctrl_nomargin,0.5,S1+AEF(t-1) trained [10m],SID44,187929,17858,527,700962,0.9108882577042761
ctrl_nomargin,0.5,S1+AEF(t-1) trained [10m],SID46,537819,73850,92033,344874,0.7642709556033662
ctrl_nomargin,0.5,S1+AEF(t-1) trained [10m],SID50,186,5,4476,595698,0.039854296121705594
ctrl_nomargin,0.5,S1+AEF(t-1) trained [10m],SID51,27769,6125,4530,1009952,0.7226993545700604
ctrl_nomargin,0.5,S1+AEF(t-1) trained [10m],SID52,149059,28405,4246,866866,0.8203125859886633
ctrl_nomargin,0.5,S1+AEF(t-1) trained [10m],SID53,469533,71446,777,506820,0.8666872171235759
ctrl_nomargin,0.5,S1+AEF(t-1) trained [10m],SID55,481877,357963,0,208736,0.5737723852162316
ctrl_nomargin,0.5,S1+AEF(t-1) trained [10m],SID59,87033,21462,967,939114,0.7950978421735396
ctrl_nomargin,0.5,S1+AEF(t-1) trained [10m],SID61,179854,7273,13317,848132,0.8972780427451059
ctrl_nomargin,0.5,S1+AEF(t-1) trained [10m],SID63,486320,16390,23108,522658,0.9248827541088361
ctrl_nomargin,0.5,S1+AEF(t-1) trained [10m],SID64,57741,4154,6827,979854,0.8402112860510462
ctrl_nomargin,0.5,S1+AEF(t-1) trained [10m],SID65,66283,1686,2426,648352,0.9415867604233256
ctrl_nomargin,0.5,S1+AEF(t-1) trained [10m],SID67,17615,21418,8328,957885,0.371930491332531
ctrl_nomargin,0.5,S1+AEF(t-1) trained [10m],SID68,41281,10526,0,934229,0.796822823170614
ctrl_nomargin,0.5,S1+AEF(t-1) trained [10m],SID69,107981,26274,12568,901753,0.7354501678892271
ctrl_nomargin,0.5,S1+AEF(t-1) trained [10m],SID72,915370,1256,11293,120657,0.986476190270918
ctrl_nomargin,0.5,S1+AEF(t-1) trained [10m],SID78,264562,14995,4099,764920,0.9326860704515328
ctrl_nomargin,0.5,S1+AEF(t-1) trained [10m],SID79,202103,2225,34618,525950,0.8458103504557515
ctrl_nomargin,0.5,S1+AEF(t-1) trained [10m],SID80,90178,8746,1512,948098,0.8978653072603449
ctrl_nomargin,0.5,S1+AEF(t-1) trained [10m],SID81,296051,5080,405,747040,0.9818098004881672
ctrl_nomargin,0.5,S1+AEF(t-1) trained [10m],SID83,150826,5450,3796,888504,0.9422384926782947
ctrl_nomargin,0.5,S1+AEF(t-1) trained [10m],SID85,374966,6559,17,649634,0.9827646759727632
ctrl_nomargin,0.5,S1+AEF(t-1) trained [10m],SID87,15260,17638,5562,958603,0.3967758710348414
ctrl_nomargin,0.5,S1+AEF(t-1) trained [10m],SID89,63629,2798,1178,636166,0.9411877819687893
ctrl_nomargin,0.5,S1+AEF(t-1) trained [10m],SID90,29803,2268,8276,616429,0.73866706322651
ctrl_nomargin,0.5,S1+AEF(t-1) trained [10m],SID91,37287,26451,48,984790,0.5845640109114852
ctrl_nomargin,0.5,S1+AEF(t-1) trained [10m],SID92,257399,3090,145830,508917,0.6334899426312823
ctrl_nomargin,0.5,S1+AEF(t-1) trained [10m],SID93,0,0,31314,1017262,0.0
ctrl_nomargin,0.5,S1+AEF(t-1) trained [10m],SID97,180585,72254,27249,768488,0.6447437948073462
ctrl_nomargin,0.5,S1+AEF(t-1) trained [10m],SID98,42582,19941,28044,958009,0.4701712544304217
ctrl_nomargin,0.5,S1+AEF(t-1) trained [10m],SID99,12,29000,5649,1013915,0.0003462104382447131
ctrl_nomargin,0.5,S1-only [10m nomargin],SID03,329366,22322,27538,669350,0.8685216730920349
ctrl_nomargin,0.5,S1-only [10m nomargin],SID04,137812,13234,25614,871916,0.78009736216461
ctrl_nomargin,0.5,S1-only [10m nomargin],SID05,550727,42464,6016,449369,0.9190930680048798
ctrl_nomargin,0.5,S1-only [10m nomargin],SID06,724201,24916,26356,273103,0.9338829333838832
ctrl_nomargin,0.5,S1-only [10m nomargin],SID100,4844,1125,36199,837568,0.1148738379814077
ctrl_nomargin,0.5,S1-only [10m nomargin],SID14,112673,8255,14724,912924,0.8306033084657801
ctrl_nomargin,0.5,S1-only [10m nomargin],SID15,707736,2962,80549,257329,0.8944564718728791
ctrl_nomargin,0.5,S1-only [10m nomargin],SID17,34412,15003,2876,996285,0.6580864775965272
ctrl_nomargin,0.5,S1-only [10m nomargin],SID18,53932,5863,393,988388,0.8960590150860637
ctrl_nomargin,0.5,S1-only [10m nomargin],SID21,293082,21338,10545,701510,0.9018878956195282
ctrl_nomargin,0.5,S1-only [10m nomargin],SID22,245281,13449,21556,572282,0.8751097093682881
ctrl_nomargin,0.5,S1-only [10m nomargin],SID23,1686,1732,129192,891602,0.012713973305180605
ctrl_nomargin,0.5,S1-only [10m nomargin],SID25,22905,5393,10845,256826,0.5851620979485477
ctrl_nomargin,0.5,S1-only [10m nomargin],SID26,0,3062,20453,1025061,0.0
ctrl_nomargin,0.5,S1-only [10m nomargin],SID27,1056,1882,8774,772774,0.09016393442622951
ctrl_nomargin,0.5,S1-only [10m nomargin],SID28,517706,8114,6938,515078,0.9717470221000905
ctrl_nomargin,0.5,S1-only [10m nomargin],SID31,6214,3412,27897,1011053,0.16560509554140126
ctrl_nomargin,0.5,S1-only [10m nomargin],SID33,29192,1401,253169,764614,0.10287494449573939
ctrl_nomargin,0.5,S1-only [10m nomargin],SID36,137207,25155,24563,861651,0.7340216664437609
ctrl_nomargin,0.5,S1-only [10m nomargin],SID37,896725,28690,5693,117468,0.9630730269743145
ctrl_nomargin,0.5,S1-only [10m nomargin],SID39,314366,18123,9800,706287,0.9184227363426812
ctrl_nomargin,0.5,S1-only [10m nomargin],SID40,602428,11330,9867,424951,0.9660100220485067
ctrl_nomargin,0.5,S1-only [10m nomargin],SID44,128418,9286,60038,709534,0.6494219740874473
ctrl_nomargin,0.5,S1-only [10m nomargin],SID46,215670,15391,414182,403333,0.3342461677228579
ctrl_nomargin,0.5,S1-only [10m nomargin],SID50,0,0,4662,595703,0.0
ctrl_nomargin,0.5,S1-only [10m nomargin],SID51,24889,9147,7410,1006930,0.600516334507552
ctrl_nomargin,0.5,S1-only [10m nomargin],SID52,139008,10665,14297,884606,0.8477648350307984
ctrl_nomargin,0.5,S1-only [10m nomargin],SID53,406243,21792,64067,556474,0.8255260088355666
ctrl_nomargin,0.5,S1-only [10m nomargin],SID55,252282,116972,229595,449727,0.421278151921436
ctrl_nomargin,0.5,S1-only [10m nomargin],SID59,85653,14923,2347,945653,0.8322046578510148
ctrl_nomargin,0.5,S1-only [10m nomargin],SID61,180039,23399,13132,832006,0.8313201274414739
ctrl_nomargin,0.5,S1-only [10m nomargin],SID63,488324,54358,21104,484690,0.8661513411116984
ctrl_nomargin,0.5,S1-only [10m nomargin],SID64,58242,7857,6326,976151,0.8041698308595099
ctrl_nomargin,0.5,S1-only [10m nomargin],SID65,46055,458,22654,649580,0.6658522127604204
ctrl_nomargin,0.5,S1-only [10m nomargin],SID67,957,13405,24986,965898,0.02432143946325099
ctrl_nomargin,0.5,S1-only [10m nomargin],SID68,37185,10774,4096,933981,0.7143406012871002
ctrl_nomargin,0.5,S1-only [10m nomargin],SID69,107881,35622,12668,892405,0.6907876622420296
ctrl_nomargin,0.5,S1-only [10m nomargin],SID72,920400,4961,6263,116952,0.9879522210677268
ctrl_nomargin,0.5,S1-only [10m nomargin],SID78,247893,7918,20768,771997,0.8962827980432354
ctrl_nomargin,0.5,S1-only [10m nomargin],SID79,157606,11009,79115,517166,0.6362007023775885
ctrl_nomargin,0.5,S1-only [10m nomargin],SID80,87102,7134,4588,949710,0.881385088642435
ctrl_nomargin,0.5,S1-only [10m nomargin],SID81,295585,6104,871,746016,0.9769467213114754
ctrl_nomargin,0.5,S1-only [10m nomargin],SID83,25861,645,128761,893309,0.16655825127039228
ctrl_nomargin,0.5,S1-only [10m nomargin],SID85,374564,4860,419,651333,0.9861021527315232
ctrl_nomargin,0.5,S1-only [10m nomargin],SID87,7556,12923,13266,963318,0.22391465402281818
ctrl_nomargin,0.5,S1-only [10m nomargin],SID89,7218,66,57589,638898,0.11126354569697718
ctrl_nomargin,0.5,S1-only [10m nomargin],SID90,12275,1133,25804,617564,0.31304192594103847
ctrl_nomargin,0.5,S1-only [10m nomargin],SID91,36271,17772,1064,993469,0.6581922441795053
ctrl_nomargin,0.5,S1-only [10m nomargin],SID92,319880,96630,83349,415377,0.6399404632106254
ctrl_nomargin,0.5,S1-only [10m nomargin],SID93,66,82040,31248,935222,0.0005822467667660603
ctrl_nomargin,0.5,S1-only [10m nomargin],SID97,88366,35082,119468,805660,0.3637718388249436
ctrl_nomargin,0.5,S1-only [10m nomargin],SID98,12598,5271,58028,972679,0.16598811547228481
ctrl_nomargin,0.5,S1-only [10m nomargin],SID99,0,59914,5661,983001,0.0
ctrl_nomargin,0.5,S1+AEF(t) [10m nomargin],SID03,336968,13595,19936,678077,0.9094977314378716
ctrl_nomargin,0.5,S1+AEF(t) [10m nomargin],SID04,143438,19782,19988,865368,0.7829243264486268
ctrl_nomargin,0.5,S1+AEF(t) [10m nomargin],SID05,552600,29228,4143,462605,0.9430500826832727
ctrl_nomargin,0.5,S1+AEF(t) [10m nomargin],SID06,732758,7492,17799,290527,0.9666367213728928
ctrl_nomargin,0.5,S1+AEF(t) [10m nomargin],SID100,33496,735,7547,837958,0.8017616927569534
ctrl_nomargin,0.5,S1+AEF(t) [10m nomargin],SID14,115977,7648,11420,913531,0.8588026213484394
ctrl_nomargin,0.5,S1+AEF(t) [10m nomargin],SID15,785839,50267,2446,210024,0.9371380665719001
ctrl_nomargin,0.5,S1+AEF(t) [10m nomargin],SID17,36541,20401,747,990887,0.6334136490492122
ctrl_nomargin,0.5,S1+AEF(t) [10m nomargin],SID18,54286,10939,39,983312,0.8317908801176759
ctrl_nomargin,0.5,S1+AEF(t) [10m nomargin],SID21,296367,20596,7260,702252,0.9140838250216672
ctrl_nomargin,0.5,S1+AEF(t) [10m nomargin],SID22,261863,22971,4974,562760,0.9035740904322862
ctrl_nomargin,0.5,S1+AEF(t) [10m nomargin],SID23,117285,6501,13593,886833,0.8537331033127333
ctrl_nomargin,0.5,S1+AEF(t) [10m nomargin],SID25,30510,4087,3240,258132,0.806353569257605
ctrl_nomargin,0.5,S1+AEF(t) [10m nomargin],SID26,4580,675,15873,1027448,0.2167739492616433
ctrl_nomargin,0.5,S1+AEF(t) [10m nomargin],SID27,8878,7547,952,767109,0.5109052195430742
ctrl_nomargin,0.5,S1+AEF(t) [10m nomargin],SID28,524644,138149,0,385043,0.791565390702678
ctrl_nomargin,0.5,S1+AEF(t) [10m nomargin],SID31,11722,7968,22389,1006497,0.2785712588226906
ctrl_nomargin,0.5,S1+AEF(t) [10m nomargin],SID33,171473,581,110888,765434,0.6060358660078744
ctrl_nomargin,0.5,S1+AEF(t) [10m nomargin],SID36,126565,3020,35205,883786,0.7680381091085624
ctrl_nomargin,0.5,S1+AEF(t) [10m nomargin],SID37,876097,3960,26321,142198,0.966591201463407
ctrl_nomargin,0.5,S1+AEF(t) [10m nomargin],SID39,312514,7208,11652,717202,0.9430854563122031
ctrl_nomargin,0.5,S1+AEF(t) [10m nomargin],SID40,611786,7598,509,428683,0.9869219365277556
ctrl_nomargin,0.5,S1+AEF(t) [10m nomargin],SID44,187519,18616,937,700204,0.9055739066604852
ctrl_nomargin,0.5,S1+AEF(t) [10m nomargin],SID46,563104,83582,66748,335142,0.7892867455153525
ctrl_nomargin,0.5,S1+AEF(t) [10m nomargin],SID50,103,0,4559,595703,0.022093522093522094
ctrl_nomargin,0.5,S1+AEF(t) [10m nomargin],SID51,27972,7922,4327,1008155,0.6954575967778026
ctrl_nomargin,0.5,S1+AEF(t) [10m nomargin],SID52,147523,12353,5782,882918,0.8905274722621304
ctrl_nomargin,0.5,S1+AEF(t) [10m nomargin],SID53,469346,87875,964,490391,0.840843089656655
ctrl_nomargin,0.5,S1+AEF(t) [10m nomargin],SID55,481877,362419,0,204280,0.5707441466026133
ctrl_nomargin,0.5,S1+AEF(t) [10m nomargin],SID59,87028,18335,972,942241,0.8184323129731509
ctrl_nomargin,0.5,S1+AEF(t) [10m nomargin],SID61,179787,5654,13384,849751,0.9042474537910222
ctrl_nomargin,0.5,S1+AEF(t) [10m nomargin],SID63,486993,14238,22435,524810,0.9299687205203316
ctrl_nomargin,0.5,S1+AEF(t) [10m nomargin],SID64,57291,2719,7277,981289,0.8514423291274689
ctrl_nomargin,0.5,S1+AEF(t) [10m nomargin],SID65,66921,2701,1788,647337,0.9371376557905056
ctrl_nomargin,0.5,S1+AEF(t) [10m nomargin],SID67,12171,4615,13772,974688,0.39829177302179464
ctrl_nomargin,0.5,S1+AEF(t) [10m nomargin],SID68,41281,11126,0,933629,0.7877001163966646
ctrl_nomargin,0.5,S1+AEF(t) [10m nomargin],SID69,107154,22805,13395,905222,0.7474782705749403
ctrl_nomargin,0.5,S1+AEF(t) [10m nomargin],SID72,916663,1803,10000,120110,0.9872876335805512
ctrl_nomargin,0.5,S1+AEF(t) [10m nomargin],SID78,263178,12855,5483,767060,0.9348598303471206
ctrl_nomargin,0.5,S1+AEF(t) [10m nomargin],SID79,217298,3766,19423,524409,0.9035748294086583
ctrl_nomargin,0.5,S1+AEF(t) [10m nomargin],SID80,90301,8345,1389,948499,0.902694057080022
ctrl_nomargin,0.5,S1+AEF(t) [10m nomargin],SID81,295478,3108,978,749012,0.9863601767902686
ctrl_nomargin,0.5,S1+AEF(t) [10m nomargin],SID83,152491,6211,2131,887743,0.9481325349897098
ctrl_nomargin,0.5,S1+AEF(t) [10m nomargin],SID85,374979,6008,4,650185,0.9842200996873942
ctrl_nomargin,0.5,S1+AEF(t) [10m nomargin],SID87,16811,21481,4011,954760,0.397394983807295
ctrl_nomargin,0.5,S1+AEF(t) [10m nomargin],SID89,63555,2926,1252,636038,0.9383166255739448
ctrl_nomargin,0.5,S1+AEF(t) [10m nomargin],SID90,29921,1510,8158,617187,0.7557907499557958
ctrl_nomargin,0.5,S1+AEF(t) [10m nomargin],SID91,37302,29266,33,981975,0.5600816804552484
ctrl_nomargin,0.5,S1+AEF(t) [10m nomargin],SID92,275000,7926,128229,504081,0.6688475149274604
ctrl_nomargin,0.5,S1+AEF(t) [10m nomargin],SID93,0,0,31314,1017262,0.0
ctrl_nomargin,0.5,S1+AEF(t) [10m nomargin],SID97,195537,75325,12297,765417,0.6905554829618695
ctrl_nomargin,0.5,S1+AEF(t) [10m nomargin],SID98,44994,24102,25632,953848,0.47498099822650114
ctrl_nomargin,0.5,S1+AEF(t) [10m nomargin],SID99,145,30180,5516,1012735,0.004045646047822327
ctrl_nomargin,0.5,S1+AEF(t-1) swap [10m nomargin],SID03,317420,4329,39484,687343,0.8787126314594735
ctrl_nomargin,0.5,S1+AEF(t-1) swap [10m nomargin],SID04,143589,21358,19837,863792,0.7770640315178803
ctrl_nomargin,0.5,S1+AEF(t-1) swap [10m nomargin],SID05,553557,32495,3186,459338,0.9394455211646228
ctrl_nomargin,0.5,S1+AEF(t-1) swap [10m nomargin],SID06,732526,6759,18031,291260,0.967265976157905
ctrl_nomargin,0.5,S1+AEF(t-1) swap [10m nomargin],SID100,33843,1950,7200,836743,0.7871746563394041
ctrl_nomargin,0.5,S1+AEF(t-1) swap [10m nomargin],SID14,121292,26219,6105,894960,0.7895792104989063
ctrl_nomargin,0.5,S1+AEF(t-1) swap [10m nomargin],SID15,785464,48595,2821,211696,0.9385622789408279
ctrl_nomargin,0.5,S1+AEF(t-1) swap [10m nomargin],SID17,36588,21134,700,990154,0.6262709253363459
ctrl_nomargin,0.5,S1+AEF(t-1) swap [10m nomargin],SID18,54265,6098,60,988153,0.898085166244642
ctrl_nomargin,0.5,S1+AEF(t-1) swap [10m nomargin],SID21,296707,22190,6920,700658,0.9106553678905643
ctrl_nomargin,0.5,S1+AEF(t-1) swap [10m nomargin],SID22,260975,21493,5862,564238,0.905126070821628
ctrl_nomargin,0.5,S1+AEF(t-1) swap [10m nomargin],SID23,130528,23620,350,869714,0.8448523605483567
ctrl_nomargin,0.5,S1+AEF(t-1) swap [10m nomargin],SID25,30626,4768,3124,257451,0.7951087803105041
ctrl_nomargin,0.5,S1+AEF(t-1) swap [10m nomargin],SID26,4468,705,15985,1027418,0.2111730787409018
ctrl_nomargin,0.5,S1+AEF(t-1) swap [10m nomargin],SID27,9167,9496,663,765160,0.4743350926213391
ctrl_nomargin,0.5,S1+AEF(t-1) swap [10m nomargin],SID28,524644,148650,0,374542,0.7792197762047486
ctrl_nomargin,0.5,S1+AEF(t-1) swap [10m nomargin],SID31,9476,5484,24635,1008981,0.23932314686197753
ctrl_nomargin,0.5,S1+AEF(t-1) swap [10m nomargin],SID33,194524,2253,87837,763762,0.683466027672567
ctrl_nomargin,0.5,S1+AEF(t-1) swap [10m nomargin],SID36,122135,2471,39635,884335,0.7436328322404272
ctrl_nomargin,0.5,S1+AEF(t-1) swap [10m nomargin],SID37,888051,9791,14367,136367,0.9735170339253395
ctrl_nomargin,0.5,S1+AEF(t-1) swap [10m nomargin],SID39,314674,11667,9492,712743,0.9369954709632466
ctrl_nomargin,0.5,S1+AEF(t-1) swap [10m nomargin],SID40,612034,10213,261,426068,0.9831745134199078
ctrl_nomargin,0.5,S1+AEF(t-1) swap [10m nomargin],SID44,187940,18672,516,700148,0.9073616314549457
ctrl_nomargin,0.5,S1+AEF(t-1) swap [10m nomargin],SID46,557405,81043,72447,337681,0.7840890708191787
ctrl_nomargin,0.5,S1+AEF(t-1) swap [10m nomargin],SID50,505,49,4157,595654,0.10719592443218
ctrl_nomargin,0.5,S1+AEF(t-1) swap [10m nomargin],SID51,28037,8097,4262,1007980,0.6940538667194772
ctrl_nomargin,0.5,S1+AEF(t-1) swap [10m nomargin],SID52,149322,31492,3983,863779,0.8080325979317846
ctrl_nomargin,0.5,S1+AEF(t-1) swap [10m nomargin],SID53,469446,81175,864,497091,0.8512398342656645
ctrl_nomargin,0.5,S1+AEF(t-1) swap [10m nomargin],SID55,481877,361468,0,205231,0.5713877476003296
ctrl_nomargin,0.5,S1+AEF(t-1) swap [10m nomargin],SID59,87181,21395,819,939181,0.7969377028200557
ctrl_nomargin,0.5,S1+AEF(t-1) swap [10m nomargin],SID61,180088,6303,13083,849102,0.9028144018769363
ctrl_nomargin,0.5,S1+AEF(t-1) swap [10m nomargin],SID63,484973,12282,24455,526766,0.9295834850779169
ctrl_nomargin,0.5,S1+AEF(t-1) swap [10m nomargin],SID64,57009,2952,7559,981056,0.8443276066350711
ctrl_nomargin,0.5,S1+AEF(t-1) swap [10m nomargin],SID65,66487,2230,2222,647808,0.9372418556788227
ctrl_nomargin,0.5,S1+AEF(t-1) swap [10m nomargin],SID67,15356,15774,10587,963529,0.3680993360021095
ctrl_nomargin,0.5,S1+AEF(t-1) swap [10m nomargin],SID68,41281,11511,0,933244,0.7819555993332323
ctrl_nomargin,0.5,S1+AEF(t-1) swap [10m nomargin],SID69,104804,22752,15745,905275,0.7313556779087376
ctrl_nomargin,0.5,S1+AEF(t-1) swap [10m nomargin],SID72,914848,806,11815,121107,0.9863919980074806
ctrl_nomargin,0.5,S1+AEF(t-1) swap [10m nomargin],SID78,264704,15132,3957,764783,0.9327361844724852
ctrl_nomargin,0.5,S1+AEF(t-1) swap [10m nomargin],SID79,199364,2292,37357,525883,0.8341136256186902
ctrl_nomargin,0.5,S1+AEF(t-1) swap [10m nomargin],SID80,90106,8300,1584,948544,0.9011501150115011
ctrl_nomargin,0.5,S1+AEF(t-1) swap [10m nomargin],SID81,295989,4958,467,747162,0.9820014995985588
ctrl_nomargin,0.5,S1+AEF(t-1) swap [10m nomargin],SID83,151711,6065,2911,887889,0.9441398495211187
ctrl_nomargin,0.5,S1+AEF(t-1) swap [10m nomargin],SID85,374983,6482,0,649711,0.9830076153775575
ctrl_nomargin,0.5,S1+AEF(t-1) swap [10m nomargin],SID87,16430,19577,4392,956664,0.4066932349810639
ctrl_nomargin,0.5,S1+AEF(t-1) swap [10m nomargin],SID89,63422,2884,1385,636080,0.9369340089524457
ctrl_nomargin,0.5,S1+AEF(t-1) swap [10m nomargin],SID90,29956,2479,8123,616218,0.7385965777405198
ctrl_nomargin,0.5,S1+AEF(t-1) swap [10m nomargin],SID91,37279,27422,56,983819,0.5756752165789026
ctrl_nomargin,0.5,S1+AEF(t-1) swap [10m nomargin],SID92,255859,2053,147370,509954,0.6313110377465567
ctrl_nomargin,0.5,S1+AEF(t-1) swap [10m nomargin],SID93,0,0,31314,1017262,0.0
ctrl_nomargin,0.5,S1+AEF(t-1) swap [10m nomargin],SID97,188174,80931,19660,759811,0.6516509964850311
ctrl_nomargin,0.5,S1+AEF(t-1) swap [10m nomargin],SID98,43136,19720,27490,958230,0.4774533460252806
ctrl_nomargin,0.5,S1+AEF(t-1) swap [10m nomargin],SID99,54,20706,5607,1022209,0.0020480145636591193
ctrl_nomargin,0.5,S1+AEF(t-1) trained [10m nomargin],SID03,320994,6050,35910,685622,0.884393063583815
ctrl_nomargin,0.5,S1+AEF(t-1) trained [10m nomargin],SID04,142631,20443,20795,864707,0.775720757713372
ctrl_nomargin,0.5,S1+AEF(t-1) trained [10m nomargin],SID05,553196,32269,3547,459564,0.9391930894446973
ctrl_nomargin,0.5,S1+AEF(t-1) trained [10m nomargin],SID06,732350,8489,18207,289530,0.9648295360228497
ctrl_nomargin,0.5,S1+AEF(t-1) trained [10m nomargin],SID100,30934,886,10109,837807,0.7377709938228911
ctrl_nomargin,0.5,S1+AEF(t-1) trained [10m nomargin],SID14,120604,20689,6793,900490,0.8144186486230974
ctrl_nomargin,0.5,S1+AEF(t-1) trained [10m nomargin],SID15,783227,41014,5058,219277,0.9444446454173947
ctrl_nomargin,0.5,S1+AEF(t-1) trained [10m nomargin],SID17,36414,18200,874,993088,0.65625
ctrl_nomargin,0.5,S1+AEF(t-1) trained [10m nomargin],SID18,54248,6129,77,988122,0.8973434346776061
ctrl_nomargin,0.5,S1+AEF(t-1) trained [10m nomargin],SID21,296652,22387,6975,700461,0.9099363831001123
ctrl_nomargin,0.5,S1+AEF(t-1) trained [10m nomargin],SID22,261022,22751,5815,562980,0.901356409795986
ctrl_nomargin,0.5,S1+AEF(t-1) trained [10m nomargin],SID23,129067,17210,1811,876124,0.8715561017773216
ctrl_nomargin,0.5,S1+AEF(t-1) trained [10m nomargin],SID25,30273,4052,3477,258167,0.8008306438812761
ctrl_nomargin,0.5,S1+AEF(t-1) trained [10m nomargin],SID26,4508,834,15945,1027289,0.21177244327523842
ctrl_nomargin,0.5,S1+AEF(t-1) trained [10m nomargin],SID27,8878,8543,952,766113,0.4832090567680836
ctrl_nomargin,0.5,S1+AEF(t-1) trained [10m nomargin],SID28,524644,124384,0,398808,0.8083534146446686
ctrl_nomargin,0.5,S1+AEF(t-1) trained [10m nomargin],SID31,9548,5314,24563,1009151,0.24218135700697527
ctrl_nomargin,0.5,S1+AEF(t-1) trained [10m nomargin],SID33,189872,2332,92489,763683,0.6669359625983077
ctrl_nomargin,0.5,S1+AEF(t-1) trained [10m nomargin],SID36,129173,6301,32597,880505,0.7685620957809497
ctrl_nomargin,0.5,S1+AEF(t-1) trained [10m nomargin],SID37,891324,13027,11094,133131,0.9736510658750662
ctrl_nomargin,0.5,S1+AEF(t-1) trained [10m nomargin],SID39,315509,14258,8657,710152,0.932289081152637
ctrl_nomargin,0.5,S1+AEF(t-1) trained [10m nomargin],SID40,612015,10590,280,425691,0.9825489456320188
ctrl_nomargin,0.5,S1+AEF(t-1) trained [10m nomargin],SID44,187921,17757,535,701063,0.9112956021201379
ctrl_nomargin,0.5,S1+AEF(t-1) trained [10m nomargin],SID46,540283,75103,89569,343621,0.7664077848940712
ctrl_nomargin,0.5,S1+AEF(t-1) trained [10m nomargin],SID50,220,8,4442,595695,0.047109207708779445
ctrl_nomargin,0.5,S1+AEF(t-1) trained [10m nomargin],SID51,27741,6080,4558,1009997,0.722817165637458
ctrl_nomargin,0.5,S1+AEF(t-1) trained [10m nomargin],SID52,149072,28872,4233,866399,0.8182811222053278
ctrl_nomargin,0.5,S1+AEF(t-1) trained [10m nomargin],SID53,469228,74930,1082,503336,0.8605898320005869
ctrl_nomargin,0.5,S1+AEF(t-1) trained [10m nomargin],SID55,481877,352176,0,214523,0.5777534521187503
ctrl_nomargin,0.5,S1+AEF(t-1) trained [10m nomargin],SID59,86970,20967,1030,939609,0.7981315444125285
ctrl_nomargin,0.5,S1+AEF(t-1) trained [10m nomargin],SID61,179743,7445,13428,847960,0.8959554571918491
ctrl_nomargin,0.5,S1+AEF(t-1) trained [10m nomargin],SID63,485803,16175,23625,522873,0.9242774489491118
ctrl_nomargin,0.5,S1+AEF(t-1) trained [10m nomargin],SID64,57584,3499,6984,980509,0.8459899804604287
ctrl_nomargin,0.5,S1+AEF(t-1) trained [10m nomargin],SID65,66127,1697,2582,648341,0.939223929778712
ctrl_nomargin,0.5,S1+AEF(t-1) trained [10m nomargin],SID67,16596,18909,9347,960394,0.3700169446178543
ctrl_nomargin,0.5,S1+AEF(t-1) trained [10m nomargin],SID68,41280,10700,1,934055,0.7941363190396491
ctrl_nomargin,0.5,S1+AEF(t-1) trained [10m nomargin],SID69,106927,26074,13622,901953,0.7292648493074074
ctrl_nomargin,0.5,S1+AEF(t-1) trained [10m nomargin],SID72,916405,1285,10258,120628,0.9875607253854742
ctrl_nomargin,0.5,S1+AEF(t-1) trained [10m nomargin],SID78,264257,14216,4404,765699,0.9341763381257578
ctrl_nomargin,0.5,S1+AEF(t-1) trained [10m nomargin],SID79,200116,2253,36605,525922,0.8373965368617506
ctrl_nomargin,0.5,S1+AEF(t-1) trained [10m nomargin],SID80,90125,8555,1565,948289,0.8990473340316225
ctrl_nomargin,0.5,S1+AEF(t-1) trained [10m nomargin],SID81,296003,4996,453,747124,0.9819241537624563
ctrl_nomargin,0.5,S1+AEF(t-1) trained [10m nomargin],SID83,149977,4702,4645,889252,0.9413333835454797
ctrl_nomargin,0.5,S1+AEF(t-1) trained [10m nomargin],SID85,374956,6357,27,649836,0.9832590339329732
ctrl_nomargin,0.5,S1+AEF(t-1) trained [10m nomargin],SID87,16078,19211,4744,957030,0.4016186646017036
ctrl_nomargin,0.5,S1+AEF(t-1) trained [10m nomargin],SID89,63479,2767,1328,636197,0.9393997691419776
ctrl_nomargin,0.5,S1+AEF(t-1) trained [10m nomargin],SID90,29725,2199,8354,616498,0.7379959282983266
ctrl_nomargin,0.5,S1+AEF(t-1) trained [10m nomargin],SID91,37274,26315,61,984926,0.5856087981146897
ctrl_nomargin,0.5,S1+AEF(t-1) trained [10m nomargin],SID92,257391,3004,145838,509003,0.6336043600593748
ctrl_nomargin,0.5,S1+AEF(t-1) trained [10m nomargin],SID93,0,0,31314,1017262,0.0
ctrl_nomargin,0.5,S1+AEF(t-1) trained [10m nomargin],SID97,181357,75066,26477,765676,0.6410639802050194
ctrl_nomargin,0.5,S1+AEF(t-1) trained [10m nomargin],SID98,42084,18614,28542,959336,0.4715822501120574
ctrl_nomargin,0.5,S1+AEF(t-1) trained [10m nomargin],SID99,35,27726,5626,1015189,0.0010483122173300986
ctrl_nomargin,0.5,OPERA DSWx-S1,SID03,310497,41513,46407,650159,0.7793266853573015
ctrl_nomargin,0.5,OPERA DSWx-S1,SID04,112169,41701,51257,843449,0.5468270876091397
ctrl_nomargin,0.5,OPERA DSWx-S1,SID05,532571,23168,24172,468665,0.9183667838685592
ctrl_nomargin,0.5,OPERA DSWx-S1,SID06,722076,8536,28481,289483,0.9512352241424964
ctrl_nomargin,0.5,OPERA DSWx-S1,SID100,33688,17512,7355,821181,0.5753223465118265
ctrl_nomargin,0.5,OPERA DSWx-S1,SID14,104766,15690,22631,905489,0.7321839160790289
ctrl_nomargin,0.5,OPERA DSWx-S1,SID15,734708,101677,53577,158614,0.8255498549376266
ctrl_nomargin,0.5,OPERA DSWx-S1,SID17,10752,1978,26536,1009310,0.2738246829317985
ctrl_nomargin,0.5,OPERA DSWx-S1,SID18,40559,20241,13766,974010,0.5439342327602392
ctrl_nomargin,0.5,OPERA DSWx-S1,SID21,278014,28275,25613,694573,0.837638821097794
ctrl_nomargin,0.5,OPERA DSWx-S1,SID22,206865,3915,59972,581816,0.764038677461293
ctrl_nomargin,0.5,OPERA DSWx-S1,SID23,123067,13773,7811,879561,0.8507856841639533
ctrl_nomargin,0.5,OPERA DSWx-S1,SID25,25761,3454,7989,258765,0.6924255456402537
ctrl_nomargin,0.5,OPERA DSWx-S1,SID26,11646,41806,8807,986317,0.18705729292150533
ctrl_nomargin,0.5,OPERA DSWx-S1,SID27,989,691,8841,773965,0.09400247124798022
ctrl_nomargin,0.5,OPERA DSWx-S1,SID28,512251,122997,12393,400195,0.7909489979788185
ctrl_nomargin,0.5,OPERA DSWx-S1,SID31,0,3400,34111,1011065,0.0
ctrl_nomargin,0.5,OPERA DSWx-S1,SID33,177637,7873,104724,758142,0.6120475202767423
ctrl_nomargin,0.5,OPERA DSWx-S1,SID36,114835,102983,46935,783823,0.4337439046960752
ctrl_nomargin,0.5,OPERA DSWx-S1,SID37,854622,32730,47796,113428,0.9138895661435409
ctrl_nomargin,0.5,OPERA DSWx-S1,SID39,298170,13140,25996,711270,0.8839747884710026
ctrl_nomargin,0.5,OPERA DSWx-S1,SID40,590293,26923,22002,409358,0.9234611666129552
ctrl_nomargin,0.5,OPERA DSWx-S1,SID44,134855,2641,53601,716179,0.7056887339937309
ctrl_nomargin,0.5,OPERA DSWx-S1,SID46,316745,36813,313107,381911,0.4751186877967195
ctrl_nomargin,0.5,OPERA DSWx-S1,SID50,0,0,4662,595703,0.0
ctrl_nomargin,0.5,OPERA DSWx-S1,SID51,11323,1237,20976,1014840,0.33763716603053434
ctrl_nomargin,0.5,OPERA DSWx-S1,SID52,137079,22845,16226,872426,0.7781947204087426
ctrl_nomargin,0.5,OPERA DSWx-S1,SID53,446645,110875,23665,467391,0.7685074459939606
ctrl_nomargin,0.5,OPERA DSWx-S1,SID55,444888,364408,36989,202291,0.5256952445098283
ctrl_nomargin,0.5,OPERA DSWx-S1,SID59,62543,2647,25457,957929,0.6899621609099033
ctrl_nomargin,0.5,OPERA DSWx-S1,SID61,153168,8732,40003,846673,0.758621714387602
ctrl_nomargin,0.5,OPERA DSWx-S1,SID63,396786,1326,112642,537722,0.7768632257407676
ctrl_nomargin,0.5,OPERA DSWx-S1,SID64,50509,14083,14059,969925,0.6421914533826651
ctrl_nomargin,0.5,OPERA DSWx-S1,SID65,63565,4735,5144,645303,0.8654893524317847
ctrl_nomargin,0.5,OPERA DSWx-S1,SID67,16358,97102,9585,882201,0.1329432321508391
ctrl_nomargin,0.5,OPERA DSWx-S1,SID68,26544,1516,14737,943239,0.6202303899806061
ctrl_nomargin,0.5,OPERA DSWx-S1,SID69,99289,171681,21260,756346,0.3397632002190056
ctrl_nomargin,0.5,OPERA DSWx-S1,SID72,917075,34451,9588,87462,0.9541792128717301
ctrl_nomargin,0.5,OPERA DSWx-S1,SID78,248007,13933,20654,765982,0.8776088664302851
ctrl_nomargin,0.5,OPERA DSWx-S1,SID79,210155,3685,26566,524490,0.8741670341006464
ctrl_nomargin,0.5,OPERA DSWx-S1,SID80,76579,3808,15111,953036,0.8018911390814467
ctrl_nomargin,0.5,OPERA DSWx-S1,SID81,278810,6272,17646,745848,0.9209917814011258
ctrl_nomargin,0.5,OPERA DSWx-S1,SID83,148679,7171,5943,886783,0.9189458134777153
ctrl_nomargin,0.5,OPERA DSWx-S1,SID85,368511,617,6472,655576,0.9811261980830671
ctrl_nomargin,0.5,OPERA DSWx-S1,SID87,1027,1973,19795,974268,0.04505373985523141
ctrl_nomargin,0.5,OPERA DSWx-S1,SID89,31145,275,33662,638689,0.47855013675056085
ctrl_nomargin,0.5,OPERA DSWx-S1,SID90,5238,2162,32841,616535,0.13016575134812752
ctrl_nomargin,0.5,OPERA DSWx-S1,SID91,22653,4987,14682,1006254,0.5352535324417561
ctrl_nomargin,0.5,OPERA DSWx-S1,SID92,240040,12300,163189,499707,0.5776732791213128
ctrl_nomargin,0.5,OPERA DSWx-S1,SID93,0,0,31314,1017262,0.0
ctrl_nomargin,0.5,OPERA DSWx-S1,SID97,155669,157297,52165,683445,0.42633739671515153
ctrl_nomargin,0.5,OPERA DSWx-S1,SID98,24388,23742,46238,954208,0.2584350627331299
ctrl_nomargin,0.5,OPERA DSWx-S1,SID99,46,1704,5615,1041211,0.0062457569585879155
