variant,method,seed,threshold,sample_id,tp,fp,fn,tn
paper,S1-only,42,0.3,23,99725,2377939,4658,10233145
paper,S1-only,43,0.3,23,100589,2939745,3794,9671339
paper,S1-only,44,0.3,23,99625,3437584,4758,9173500
paper,S1+AEF,42,0.3,23,103661,23752,722,12587332
paper,S1+AEF,43,0.3,23,103479,20847,904,12590237
paper,S1+AEF,44,0.3,23,103580,24585,803,12586499
paper,OPERA,,0.3,23,90739,4617,13644,12606467
paper,S1-only,42,0.5,23,98865,1936730,5518,10674354
paper,S1-only,43,0.5,23,99873,2461878,4510,10149206
paper,S1-only,44,0.5,23,98563,3005487,5820,9605597
paper,S1+AEF,42,0.5,23,103093,17057,1290,12594027
paper,S1+AEF,43,0.5,23,102759,14745,1624,12596339
paper,S1+AEF,44,0.5,23,102988,17668,1395,12593416
paper,OPERA,,0.5,23,90739,4617,13644,12606467
s1_average,S1-only,42,0.3,23,99661,2364734,4722,10247076
s1_average,S1-only,43,0.3,23,100505,2923803,3878,9688007
s1_average,S1-only,44,0.3,23,99544,3425351,4839,9186459
s1_average,S1+AEF,42,0.3,23,103633,23148,750,12588662
s1_average,S1+AEF,43,0.3,23,103424,20324,959,12591486
s1_average,S1+AEF,44,0.3,23,103528,24013,855,12587797
s1_average,OPERA,,0.3,23,90739,4617,13644,12607193
s1_average,S1-only,42,0.5,23,98879,1941244,5504,10670566
s1_average,S1-only,43,0.5,23,99891,2465774,4492,10146036
s1_average,S1-only,44,0.5,23,98584,3007145,5799,9604665
s1_average,S1+AEF,42,0.5,23,103130,17274,1253,12594536
s1_average,S1+AEF,43,0.5,23,102798,14912,1585,12596898
s1_average,S1+AEF,44,0.5,23,103008,17872,1375,12593938
s1_average,OPERA,,0.5,23,90739,4617,13644,12607193
opera_union,S1-only,42,0.3,23,99725,2377939,4658,10233145
opera_union,S1-only,43,0.3,23,100589,2939745,3794,9671339
opera_union,S1-only,44,0.3,23,99625,3437584,4758,9173500
opera_union,S1+AEF,42,0.3,23,103661,23752,722,12587332
opera_union,S1+AEF,43,0.3,23,103479,20847,904,12590237
opera_union,S1+AEF,44,0.3,23,103580,24585,803,12586499
opera_union,OPERA,,0.3,23,90739,4617,13644,12606467
opera_union,S1-only,42,0.5,23,98865,1936730,5518,10674354
opera_union,S1-only,43,0.5,23,99873,2461878,4510,10149206
opera_union,S1-only,44,0.5,23,98563,3005487,5820,9605597
opera_union,S1+AEF,42,0.5,23,103093,17057,1290,12594027
opera_union,S1+AEF,43,0.5,23,102759,14745,1624,12596339
opera_union,S1+AEF,44,0.5,23,102988,17668,1395,12593416
opera_union,OPERA,,0.5,23,90739,4617,13644,12606467
s3_pure_paper,S1-only,42,0.3,23,90936,2369621,2087,10229501
s3_pure_paper,S1-only,43,0.3,23,91408,2931015,1615,9668107
s3_pure_paper,S1-only,44,0.3,23,90876,3429324,2147,9169798
s3_pure_paper,S1+AEF,42,0.3,23,92920,14999,103,12584123
s3_pure_paper,S1+AEF,43,0.3,23,92869,12620,154,12586502
s3_pure_paper,S1+AEF,44,0.3,23,92890,15908,133,12583214
s3_pure_paper,OPERA,,0.3,23,86610,2714,6413,12596408
s3_pure_paper,S1-only,42,0.5,23,90499,1929069,2524,10670053
s3_pure_paper,S1-only,43,0.5,23,91070,2453793,1953,10145329
s3_pure_paper,S1-only,44,0.5,23,90306,2997895,2717,9601227
s3_pure_paper,S1+AEF,42,0.5,23,92810,9952,213,12589170
s3_pure_paper,S1+AEF,43,0.5,23,92742,8286,281,12590836
s3_pure_paper,S1+AEF,44,0.5,23,92779,10615,244,12588507
s3_pure_paper,OPERA,,0.5,23,86610,2714,6413,12596408
s3_pure_average,S1-only,42,0.3,23,90907,2356510,2116,10243338
s3_pure_average,S1-only,43,0.3,23,91372,2915155,1651,9684693
s3_pure_average,S1-only,44,0.3,23,90839,3417169,2184,9182679
s3_pure_average,S1+AEF,42,0.3,23,92917,14632,106,12585216
s3_pure_average,S1+AEF,43,0.3,23,92865,12317,158,12587531
s3_pure_average,S1+AEF,44,0.3,23,92879,15569,144,12584279
s3_pure_average,OPERA,,0.3,23,86610,2714,6413,12597134
s3_pure_average,S1-only,42,0.5,23,90511,1933589,2512,10666259
s3_pure_average,S1-only,43,0.5,23,91080,2457686,1943,10142162
s3_pure_average,S1-only,44,0.5,23,90316,2999563,2707,9600285
s3_pure_average,S1+AEF,42,0.5,23,92820,10157,203,12589691
s3_pure_average,S1+AEF,43,0.5,23,92749,8441,274,12591407
s3_pure_average,S1+AEF,44,0.5,23,92785,10823,238,12589025
s3_pure_average,OPERA,,0.5,23,86610,2714,6413,12597134
refcut025_paper,S1-only,42,0.3,23,103044,2374620,5904,10231899
refcut025_paper,S1-only,43,0.3,23,104065,2936269,4883,9670250
refcut025_paper,S1-only,44,0.3,23,102939,3434270,6009,9172249
refcut025_paper,S1+AEF,42,0.3,23,107542,19871,1406,12586648
refcut025_paper,S1+AEF,43,0.3,23,107184,17142,1764,12589377
refcut025_paper,S1+AEF,44,0.3,23,107420,20745,1528,12585774
refcut025_paper,OPERA,,0.3,23,91657,3699,17291,12602820
refcut025_paper,S1-only,42,0.5,23,101970,1933625,6978,10672894
refcut025_paper,S1-only,43,0.5,23,103126,2458625,5822,10147894
refcut025_paper,S1-only,44,0.5,23,101634,3002416,7314,9604103
refcut025_paper,S1+AEF,42,0.5,23,106495,13655,2453,12592864
refcut025_paper,S1+AEF,43,0.5,23,105940,11564,3008,12594955
refcut025_paper,S1+AEF,44,0.5,23,106344,14312,2604,12592207
refcut025_paper,OPERA,,0.5,23,91657,3699,17291,12602820
refcut025_average,S1-only,42,0.3,23,102959,2361436,5989,10245809
refcut025_average,S1-only,43,0.3,23,103960,2920348,4988,9686897
refcut025_average,S1-only,44,0.3,23,102836,3422059,6112,9185186
refcut025_average,S1+AEF,42,0.3,23,107456,19325,1492,12587920
refcut025_average,S1+AEF,43,0.3,23,107075,16673,1873,12590572
refcut025_average,S1+AEF,44,0.3,23,107310,20231,1638,12587014
refcut025_average,OPERA,,0.3,23,91657,3699,17291,12603546
refcut025_average,S1-only,42,0.5,23,101979,1938144,6969,10669101
refcut025_average,S1-only,43,0.5,23,103147,2462518,5801,10144727
refcut025_average,S1-only,44,0.5,23,101656,3004073,7292,9603172
refcut025_average,S1+AEF,42,0.5,23,106537,13867,2411,12593378
refcut025_average,S1+AEF,43,0.5,23,105985,11725,2963,12595520
refcut025_average,S1+AEF,44,0.5,23,106365,14515,2583,12592730
refcut025_average,OPERA,,0.5,23,91657,3699,17291,12603546
refcut075_paper,S1-only,42,0.3,23,96322,2381342,3531,10234272
refcut075_paper,S1-only,43,0.3,23,97025,2943309,2828,9672305
refcut075_paper,S1-only,44,0.3,23,96245,3440964,3608,9174650
refcut075_paper,S1+AEF,42,0.3,23,99473,27940,380,12587674
refcut075_paper,S1+AEF,43,0.3,23,99376,24950,477,12590664
refcut075_paper,S1+AEF,44,0.3,23,99429,28736,424,12586878
refcut075_paper,OPERA,,0.3,23,89422,5934,10431,12609680
refcut075_paper,S1-only,42,0.5,23,95663,1939932,4190,10675682
refcut075_paper,S1-only,43,0.5,23,96498,2465253,3355,10150361
refcut075_paper,S1-only,44,0.5,23,95408,3008642,4445,9606972
refcut075_paper,S1+AEF,42,0.5,23,99184,20966,669,12594648
refcut075_paper,S1+AEF,43,0.5,23,99009,18495,844,12597119
refcut075_paper,S1+AEF,44,0.5,23,99121,21535,732,12594079
refcut075_paper,OPERA,,0.5,23,89422,5934,10431,12609680
refcut075_average,S1-only,42,0.3,23,96275,2368120,3578,10248220
refcut075_average,S1-only,43,0.3,23,96970,2927338,2883,9689002
refcut075_average,S1-only,44,0.3,23,96188,3428707,3665,9187633
refcut075_average,S1+AEF,42,0.3,23,99460,27321,393,12589019
refcut075_average,S1+AEF,43,0.3,23,99357,24391,496,12591949
refcut075_average,S1+AEF,44,0.3,23,99401,28140,452,12588200
refcut075_average,OPERA,,0.3,23,89422,5934,10431,12610406
refcut075_average,S1-only,42,0.5,23,95680,1944443,4173,10671897
refcut075_average,S1-only,43,0.5,23,96515,2469150,3338,10147190
refcut075_average,S1-only,44,0.5,23,95420,3010309,4433,9606031
refcut075_average,S1+AEF,42,0.5,23,99206,21198,647,12595142
refcut075_average,S1+AEF,43,0.5,23,99028,18682,825,12597658
refcut075_average,S1+AEF,44,0.5,23,99134,21746,719,12594594
refcut075_average,OPERA,,0.5,23,89422,5934,10431,12610406
s2_native@0_0,S1-only,42,0.3,23,0,637,0,106414
s2_native@0_0,S1-only,43,0.3,23,0,705,0,106346
s2_native@0_0,S1-only,44,0.3,23,0,547,0,106504
s2_native@0_0,S1+AEF,42,0.3,23,0,0,0,107051
s2_native@0_0,S1+AEF,43,0.3,23,0,0,0,107051
s2_native@0_0,S1+AEF,44,0.3,23,0,0,0,107051
s2_native@0_0,OPERA,,0.3,23,0,0,0,107051
s2_native@0_0,S1-only,42,0.5,23,0,474,0,106577
s2_native@0_0,S1-only,43,0.5,23,0,524,0,106527
s2_native@0_0,S1-only,44,0.5,23,0,383,0,106668
s2_native@0_0,S1+AEF,42,0.5,23,0,0,0,107051
s2_native@0_0,S1+AEF,43,0.5,23,0,0,0,107051
s2_native@0_0,S1+AEF,44,0.5,23,0,0,0,107051
s2_native@0_0,OPERA,,0.5,23,0,0,0,107051
s2_frozen@0_0,S1-only,42,0.3,23,0,637,0,106414
s2_frozen@0_0,S1-only,43,0.3,23,0,705,0,106346
s2_frozen@0_0,S1-only,44,0.3,23,0,547,0,106504
s2_frozen@0_0,S1+AEF,42,0.3,23,0,0,0,107051
s2_frozen@0_0,S1+AEF,43,0.3,23,0,0,0,107051
s2_frozen@0_0,S1+AEF,44,0.3,23,0,0,0,107051
s2_frozen@0_0,OPERA,,0.3,23,0,0,0,107051
s2_frozen@0_0,S1-only,42,0.5,23,0,474,0,106577
s2_frozen@0_0,S1-only,43,0.5,23,0,524,0,106527
s2_frozen@0_0,S1-only,44,0.5,23,0,383,0,106668
s2_frozen@0_0,S1+AEF,42,0.5,23,0,0,0,107051
s2_frozen@0_0,S1+AEF,43,0.5,23,0,0,0,107051
s2_frozen@0_0,S1+AEF,44,0.5,23,0,0,0,107051
s2_frozen@0_0,OPERA,,0.5,23,0,0,0,107051
s2_native@0_10,S1-only,42,0.3,23,1,10923,852,1079938
s2_native@0_10,S1-only,43,0.3,23,7,16551,846,1074310
s2_native@0_10,S1-only,44,0.3,23,0,13387,853,1077474
s2_native@0_10,S1+AEF,42,0.3,23,846,853,7,1090008
s2_native@0_10,S1+AEF,43,0.3,23,843,765,10,1090096
s2_native@0_10,S1+AEF,44,0.3,23,849,967,4,1089894
s2_native@0_10,OPERA,,0.3,23,97,944,756,1089917
s2_native@0_10,S1-only,42,0.5,23,0,8546,853,1082315
s2_native@0_10,S1-only,43,0.5,23,1,13153,852,1077708
s2_native@0_10,S1-only,44,0.5,23,0,10988,853,1079873
s2_native@0_10,S1+AEF,42,0.5,23,823,532,30,1090329
s2_native@0_10,S1+AEF,43,0.5,23,825,455,28,1090406
s2_native@0_10,S1+AEF,44,0.5,23,837,575,16,1090286
s2_native@0_10,OPERA,,0.5,23,97,944,756,1089917
s2_frozen@0_10,S1-only,42,0.3,23,1,10891,839,1080154
s2_frozen@0_10,S1-only,43,0.3,23,6,16481,834,1074564
s2_frozen@0_10,S1-only,44,0.3,23,0,13340,840,1077705
s2_frozen@0_10,S1+AEF,42,0.3,23,830,878,10,1090167
s2_frozen@0_10,S1+AEF,43,0.3,23,832,776,8,1090269
s2_frozen@0_10,S1+AEF,44,0.3,23,834,990,6,1090055
s2_frozen@0_10,OPERA,,0.3,23,95,946,745,1090099
s2_frozen@0_10,S1-only,42,0.5,23,0,8490,840,1082555
s2_frozen@0_10,S1-only,43,0.5,23,2,13069,838,1077976
s2_frozen@0_10,S1-only,44,0.5,23,0,10965,840,1080080
s2_frozen@0_10,S1+AEF,42,0.5,23,806,536,34,1090509
s2_frozen@0_10,S1+AEF,43,0.5,23,808,481,32,1090564
s2_frozen@0_10,S1+AEF,44,0.5,23,817,596,23,1090449
s2_frozen@0_10,OPERA,,0.5,23,95,946,745,1090099
s2_native@0_20,S1-only,42,0.3,23,1,3037,846,63641
s2_native@0_20,S1-only,43,0.3,23,8,4665,839,62013
s2_native@0_20,S1-only,44,0.3,23,0,2533,847,64145
s2_native@0_20,S1+AEF,42,0.3,23,834,809,13,65869
s2_native@0_20,S1+AEF,43,0.3,23,835,730,12,65948
s2_native@0_20,S1+AEF,44,0.3,23,838,912,9,65766
s2_native@0_20,OPERA,,0.3,23,94,4,753,66674
s2_native@0_20,S1-only,42,0.5,23,0,2368,847,64310
s2_native@0_20,S1-only,43,0.5,23,1,3845,846,62833
s2_native@0_20,S1-only,44,0.5,23,0,1955,847,64723
s2_native@0_20,S1+AEF,42,0.5,23,814,513,33,66165
s2_native@0_20,S1+AEF,43,0.5,23,816,455,31,66223
s2_native@0_20,S1+AEF,44,0.5,23,825,561,22,66117
s2_native@0_20,OPERA,,0.5,23,94,4,753,66674
s2_frozen@0_20,S1-only,42,0.3,23,1,3061,839,63624
s2_frozen@0_20,S1-only,43,0.3,23,6,4692,834,61993
s2_frozen@0_20,S1-only,44,0.3,23,0,2526,840,64159
s2_frozen@0_20,S1+AEF,42,0.3,23,830,824,10,65861
s2_frozen@0_20,S1+AEF,43,0.3,23,832,734,8,65951
s2_frozen@0_20,S1+AEF,44,0.3,23,834,915,6,65770
s2_frozen@0_20,OPERA,,0.3,23,95,3,745,66682
s2_frozen@0_20,S1-only,42,0.5,23,0,2378,840,64307
s2_frozen@0_20,S1-only,43,0.5,23,2,3857,838,62828
s2_frozen@0_20,S1-only,44,0.5,23,0,1986,840,64699
s2_frozen@0_20,S1+AEF,42,0.5,23,806,520,34,66165
s2_frozen@0_20,S1+AEF,43,0.5,23,808,472,32,66213
s2_frozen@0_20,S1+AEF,44,0.5,23,817,568,23,66117
s2_frozen@0_20,OPERA,,0.5,23,95,3,745,66682
s2_native@10_0,S1-only,42,0.3,23,83843,175476,289,883291
s2_native@10_0,S1-only,43,0.3,23,83871,221863,261,836904
s2_native@10_0,S1-only,44,0.3,23,83835,227674,297,831093
s2_native@10_0,S1+AEF,42,0.3,23,83672,5026,460,1053741
s2_native@10_0,S1+AEF,43,0.3,23,83438,4143,694,1054624
s2_native@10_0,S1+AEF,44,0.3,23,83492,4829,640,1053938
s2_native@10_0,OPERA,,0.3,23,78837,1133,5295,1057634
s2_native@10_0,S1-only,42,0.5,23,83724,138491,408,920276
s2_native@10_0,S1-only,43,0.5,23,83769,180905,363,877862
s2_native@10_0,S1-only,44,0.5,23,83733,188080,399,870687
s2_native@10_0,S1+AEF,42,0.5,23,83346,3504,786,1055263
s2_native@10_0,S1+AEF,43,0.5,23,82987,2798,1145,1055969
s2_native@10_0,S1+AEF,44,0.5,23,83079,3380,1053,1055387
s2_native@10_0,OPERA,,0.5,23,78837,1133,5295,1057634
s2_frozen@10_0,S1-only,42,0.3,23,83840,175171,275,883844
s2_frozen@10_0,S1-only,43,0.3,23,83869,221592,246,837423
s2_frozen@10_0,S1-only,44,0.3,23,83831,227426,284,831589
s2_frozen@10_0,S1+AEF,42,0.3,23,83652,5006,463,1054009
s2_frozen@10_0,S1+AEF,43,0.3,23,83420,4140,695,1054875
s2_frozen@10_0,S1+AEF,44,0.3,23,83474,4812,641,1054203
s2_frozen@10_0,OPERA,,0.3,23,78553,1417,5562,1057598
s2_frozen@10_0,S1-only,42,0.5,23,83732,138347,383,920668
s2_frozen@10_0,S1-only,43,0.5,23,83779,180770,336,878245
s2_frozen@10_0,S1-only,44,0.5,23,83732,187898,383,871117
s2_frozen@10_0,S1+AEF,42,0.5,23,83316,3508,799,1055507
s2_frozen@10_0,S1+AEF,43,0.5,23,82989,2824,1126,1056191
s2_frozen@10_0,S1+AEF,44,0.5,23,83090,3380,1025,1055635
s2_frozen@10_0,OPERA,,0.5,23,78553,1417,5562,1057598
s2_native@10_10,S1-only,42,0.3,23,99051,2365153,4608,10234155
s2_native@10_10,S1-only,43,0.3,23,99892,2924460,3767,9674848
s2_native@10_10,S1-only,44,0.3,23,98930,3425154,4729,9174154
s2_native@10_10,S1+AEF,42,0.3,23,102971,23278,688,12576030
s2_native@10_10,S1+AEF,43,0.3,23,102746,20391,913,12578917
s2_native@10_10,S1+AEF,44,0.3,23,102849,24213,810,12575095
s2_native@10_10,OPERA,,0.3,23,90882,4099,12777,12595209
s2_native@10_10,S1-only,42,0.5,23,98293,1941765,5366,10657543
s2_native@10_10,S1-only,43,0.5,23,99281,2466728,4378,10132580
s2_native@10_10,S1-only,44,0.5,23,98008,3007581,5651,9591727
s2_native@10_10,S1+AEF,42,0.5,23,102493,17346,1166,12581962
s2_native@10_10,S1+AEF,43,0.5,23,102129,14863,1530,12584445
s2_native@10_10,S1+AEF,44,0.5,23,102351,17966,1308,12581342
s2_native@10_10,OPERA,,0.5,23,90882,4099,12777,12595209
s2_frozen@10_10,S1-only,42,0.3,23,99229,2364231,4718,10241115
s2_frozen@10_10,S1-only,43,0.3,23,100073,2923148,3874,9682198
s2_frozen@10_10,S1-only,44,0.3,23,99111,3424766,4836,9180580
s2_frozen@10_10,S1+AEF,42,0.3,23,103201,23136,746,12582210
s2_frozen@10_10,S1+AEF,43,0.3,23,102992,20316,955,12585030
s2_frozen@10_10,S1+AEF,44,0.3,23,103096,24005,851,12581341
s2_frozen@10_10,OPERA,,0.3,23,90393,4588,13554,12600758
s2_frozen@10_10,S1-only,42,0.5,23,98447,1940895,5500,10664451
s2_frozen@10_10,S1-only,43,0.5,23,99459,2465281,4488,10140065
s2_frozen@10_10,S1-only,44,0.5,23,98152,3006691,5795,9598655
s2_frozen@10_10,S1+AEF,42,0.5,23,102699,17266,1248,12588080
s2_frozen@10_10,S1+AEF,43,0.5,23,102370,14906,1577,12590440
s2_frozen@10_10,S1+AEF,44,0.5,23,102578,17866,1369,12587480
s2_frozen@10_10,OPERA,,0.5,23,90393,4588,13554,12600758
s2_native@10_20,S1-only,42,0.3,23,1271,251994,1473,786334
s2_native@10_20,S1-only,43,0.3,23,1397,292809,1347,745519
s2_native@10_20,S1-only,44,0.3,23,1243,324802,1501,713526
s2_native@10_20,S1+AEF,42,0.3,23,2728,3285,16,1035043
s2_native@10_20,S1+AEF,43,0.3,23,2725,2894,19,1035434
s2_native@10_20,S1+AEF,44,0.3,23,2734,3522,10,1034806
s2_native@10_20,OPERA,,0.3,23,1019,248,1725,1038080
s2_native@10_20,S1-only,42,0.5,23,1173,219157,1571,819171
s2_native@10_20,S1-only,43,0.5,23,1290,257854,1454,780474
s2_native@10_20,S1-only,44,0.5,23,1075,292176,1669,746152
s2_native@10_20,S1+AEF,42,0.5,23,2695,2307,49,1036021
s2_native@10_20,S1+AEF,43,0.5,23,2696,2043,48,1036285
s2_native@10_20,S1+AEF,44,0.5,23,2707,2457,37,1035871
s2_native@10_20,OPERA,,0.5,23,1019,248,1725,1038080
s2_frozen@10_20,S1-only,42,0.3,23,1299,251449,1460,786864
s2_frozen@10_20,S1-only,43,0.3,23,1424,292314,1335,745999
s2_frozen@10_20,S1-only,44,0.3,23,1256,324374,1503,713939
s2_frozen@10_20,S1+AEF,42,0.3,23,2743,3277,16,1035036
s2_frozen@10_20,S1+AEF,43,0.3,23,2744,2917,15,1035396
s2_frozen@10_20,S1+AEF,44,0.3,23,2747,3504,12,1034809
s2_frozen@10_20,OPERA,,0.3,23,1034,233,1725,1038080
s2_frozen@10_20,S1-only,42,0.5,23,1180,218783,1579,819530
s2_frozen@10_20,S1-only,43,0.5,23,1314,257253,1445,781060
s2_frozen@10_20,S1-only,44,0.5,23,1090,291835,1669,746478
s2_frozen@10_20,S1+AEF,42,0.5,23,2714,2321,45,1035992
s2_frozen@10_20,S1+AEF,43,0.5,23,2713,2059,46,1036254
s2_frozen@10_20,S1+AEF,44,0.5,23,2725,2504,34,1035809
s2_frozen@10_20,OPERA,,0.5,23,1034,233,1725,1038080
s2_native@20_0,S1-only,42,0.3,23,0,14280,0,80868
s2_native@20_0,S1-only,43,0.3,23,0,15768,0,79380
s2_native@20_0,S1-only,44,0.3,23,0,11033,0,84115
s2_native@20_0,S1+AEF,42,0.3,23,0,10,0,95138
s2_native@20_0,S1+AEF,43,0.3,23,0,6,0,95142
s2_native@20_0,S1+AEF,44,0.3,23,0,19,0,95129
s2_native@20_0,OPERA,,0.3,23,0,0,0,95148
s2_native@20_0,S1-only,42,0.5,23,0,10719,0,84429
s2_native@20_0,S1-only,43,0.5,23,0,12123,0,83025
s2_native@20_0,S1-only,44,0.5,23,0,7712,0,87436
s2_native@20_0,S1+AEF,42,0.5,23,0,1,0,95147
s2_native@20_0,S1+AEF,43,0.5,23,0,1,0,95147
s2_native@20_0,S1+AEF,44,0.5,23,0,3,0,95145
s2_native@20_0,OPERA,,0.5,23,0,0,0,95148
s2_frozen@20_0,S1-only,42,0.3,23,0,14280,0,80868
s2_frozen@20_0,S1-only,43,0.3,23,0,15810,0,79338
s2_frozen@20_0,S1-only,44,0.3,23,0,11084,0,84064
s2_frozen@20_0,S1+AEF,42,0.3,23,0,9,0,95139
s2_frozen@20_0,S1+AEF,43,0.3,23,0,5,0,95143
s2_frozen@20_0,S1+AEF,44,0.3,23,0,16,0,95132
s2_frozen@20_0,OPERA,,0.3,23,0,0,0,95148
s2_frozen@20_0,S1-only,42,0.5,23,0,10781,0,84367
s2_frozen@20_0,S1-only,43,0.5,23,0,12122,0,83026
s2_frozen@20_0,S1-only,44,0.5,23,0,7648,0,87500
s2_frozen@20_0,S1+AEF,42,0.5,23,0,2,0,95146
s2_frozen@20_0,S1+AEF,43,0.5,23,0,1,0,95147
s2_frozen@20_0,S1+AEF,44,0.5,23,0,4,0,95144
s2_frozen@20_0,OPERA,,0.5,23,0,0,0,95148
s2_native@20_10,S1-only,42,0.3,23,1,424316,0,735453
s2_native@20_10,S1-only,43,0.3,23,1,473377,0,686392
s2_native@20_10,S1-only,44,0.3,23,1,504054,0,655715
s2_native@20_10,S1+AEF,42,0.3,23,1,274,0,1159495
s2_native@20_10,S1+AEF,43,0.3,23,1,181,0,1159588
s2_native@20_10,S1+AEF,44,0.3,23,1,437,0,1159332
s2_native@20_10,OPERA,,0.3,23,0,0,1,1159769
s2_native@20_10,S1-only,42,0.5,23,0,370635,1,789134
s2_native@20_10,S1-only,43,0.5,23,1,421816,0,737953
s2_native@20_10,S1-only,44,0.5,23,1,463258,0,696511
s2_native@20_10,S1+AEF,42,0.5,23,0,176,1,1159593
s2_native@20_10,S1+AEF,43,0.5,23,1,97,0,1159672
s2_native@20_10,S1+AEF,44,0.5,23,0,229,1,1159540
s2_native@20_10,OPERA,,0.5,23,0,0,1,1159769
s2_frozen@20_10,S1-only,42,0.3,23,0,424336,0,735690
s2_frozen@20_10,S1-only,43,0.3,23,0,473390,0,686636
s2_frozen@20_10,S1-only,44,0.3,23,0,503930,0,656096
s2_frozen@20_10,S1+AEF,42,0.3,23,0,295,0,1159731
s2_frozen@20_10,S1+AEF,43,0.3,23,0,184,0,1159842
s2_frozen@20_10,S1+AEF,44,0.3,23,0,420,0,1159606
s2_frozen@20_10,OPERA,,0.3,23,0,0,0,1160026
s2_frozen@20_10,S1-only,42,0.5,23,0,370588,0,789438
s2_frozen@20_10,S1-only,43,0.5,23,0,421788,0,738238
s2_frozen@20_10,S1-only,44,0.5,23,0,463121,0,696905
s2_frozen@20_10,S1+AEF,42,0.5,23,0,172,0,1159854
s2_frozen@20_10,S1+AEF,43,0.5,23,0,95,0,1159931
s2_frozen@20_10,S1+AEF,44,0.5,23,0,250,0,1159776
s2_frozen@20_10,OPERA,,0.5,23,0,0,0,1160026
s2_native@20_20,S1-only,42,0.3,23,0,64267,0,28835
s2_native@20_20,S1-only,43,0.3,23,0,68157,0,24945
s2_native@20_20,S1-only,44,0.3,23,0,72068,0,21034
s2_native@20_20,S1+AEF,42,0.3,23,0,75,0,93027
s2_native@20_20,S1+AEF,43,0.3,23,0,49,0,93053
s2_native@20_20,S1+AEF,44,0.3,23,0,90,0,93012
s2_native@20_20,OPERA,,0.3,23,0,0,0,93102
s2_native@20_20,S1-only,42,0.5,23,0,59276,0,33826
s2_native@20_20,S1-only,43,0.5,23,0,63548,0,29554
s2_native@20_20,S1-only,44,0.5,23,0,67682,0,25420
s2_native@20_20,S1+AEF,42,0.5,23,0,51,0,93051
s2_native@20_20,S1+AEF,43,0.5,23,0,22,0,93080
s2_native@20_20,S1+AEF,44,0.5,23,0,61,0,93041
s2_native@20_20,OPERA,,0.5,23,0,0,0,93102
s2_frozen@20_20,S1-only,42,0.3,23,0,64245,0,28857
s2_frozen@20_20,S1-only,43,0.3,23,0,68159,0,24943
s2_frozen@20_20,S1-only,44,0.3,23,0,71983,0,21119
s2_frozen@20_20,S1+AEF,42,0.3,23,0,77,0,93025
s2_frozen@20_20,S1+AEF,43,0.3,23,0,44,0,93058
s2_frozen@20_20,S1+AEF,44,0.3,23,0,90,0,93012
s2_frozen@20_20,OPERA,,0.3,23,0,0,0,93102
s2_frozen@20_20,S1-only,42,0.5,23,0,59232,0,33870
s2_frozen@20_20,S1-only,43,0.5,23,0,63475,0,29627
s2_frozen@20_20,S1-only,44,0.5,23,0,67664,0,25438
s2_frozen@20_20,S1+AEF,42,0.5,23,0,51,0,93051
s2_frozen@20_20,S1+AEF,43,0.5,23,0,25,0,93077
s2_frozen@20_20,S1+AEF,44,0.5,23,0,62,0,93040
s2_frozen@20_20,OPERA,,0.5,23,0,0,0,93102
paper,S1-only,42,0.3,25,84807,39522,9066,13120078
paper,S1-only,43,0.3,25,87167,44789,6706,13114811
paper,S1-only,44,0.3,25,83826,39970,10047,13119630
paper,S1+AEF,42,0.3,25,91949,41239,1924,13118361
paper,S1+AEF,43,0.3,25,92283,47688,1590,13111912
paper,S1+AEF,44,0.3,25,92055,41532,1818,13118068
paper,OPERA,,0.3,25,75932,95997,17941,13063603
paper,S1-only,42,0.5,25,82435,27338,11438,13132262
paper,S1-only,43,0.5,25,85542,31581,8331,13128019
paper,S1-only,44,0.5,25,81387,27625,12486,13131975
paper,S1+AEF,42,0.5,25,91065,29916,2808,13129684
paper,S1+AEF,43,0.5,25,91561,35216,2312,13124384
paper,S1+AEF,44,0.5,25,91285,30237,2588,13129363
paper,OPERA,,0.5,25,75932,95997,17941,13063603
s1_average,S1-only,42,0.3,25,84691,38288,9182,13121312
s1_average,S1-only,43,0.3,25,87081,43436,6792,13116164
s1_average,S1-only,44,0.3,25,83760,38685,10113,13120915
s1_average,S1+AEF,42,0.3,25,91937,39825,1936,13119775
s1_average,S1+AEF,43,0.3,25,92271,46152,1602,13113448
s1_average,S1+AEF,44,0.3,25,92052,40137,1821,13119463
s1_average,OPERA,,0.3,25,75932,95997,17941,13063603
s1_average,S1-only,42,0.5,25,82503,27910,11370,13131690
s1_average,S1-only,43,0.5,25,85584,32159,8289,13127441
s1_average,S1-only,44,0.5,25,81484,28169,12389,13131431
s1_average,S1+AEF,42,0.5,25,91139,30234,2734,13129366
s1_average,S1+AEF,43,0.5,25,91613,35544,2260,13124056
s1_average,S1+AEF,44,0.5,25,91375,30541,2498,13129059
s1_average,OPERA,,0.5,25,75932,95997,17941,13063603
opera_union,S1-only,42,0.3,25,84807,39522,9066,13120078
opera_union,S1-only,43,0.3,25,87167,44789,6706,13114811
opera_union,S1-only,44,0.3,25,83826,39970,10047,13119630
opera_union,S1+AEF,42,0.3,25,91949,41239,1924,13118361
opera_union,S1+AEF,43,0.3,25,92283,47688,1590,13111912
opera_union,S1+AEF,44,0.3,25,92055,41532,1818,13118068
opera_union,OPERA,,0.3,25,76000,96693,17873,13062907
opera_union,S1-only,42,0.5,25,82435,27338,11438,13132262
opera_union,S1-only,43,0.5,25,85542,31581,8331,13128019
opera_union,S1-only,44,0.5,25,81387,27625,12486,13131975
opera_union,S1+AEF,42,0.5,25,91065,29916,2808,13129684
opera_union,S1+AEF,43,0.5,25,91561,35216,2312,13124384
opera_union,S1+AEF,44,0.5,25,91285,30237,2588,13129363
opera_union,OPERA,,0.5,25,76000,96693,17873,13062907
s3_pure_paper,S1-only,42,0.3,25,69310,23674,4742,13106913
s3_pure_paper,S1-only,43,0.3,25,70978,27859,3074,13102728
s3_pure_paper,S1-only,44,0.3,25,68577,24358,5475,13106229
s3_pure_paper,S1+AEF,42,0.3,25,73530,21375,522,13109212
s3_pure_paper,S1+AEF,43,0.3,25,73568,26382,484,13104205
s3_pure_paper,S1+AEF,44,0.3,25,73546,21551,506,13109036
s3_pure_paper,OPERA,,0.3,25,66166,88596,7886,13041991
s3_pure_paper,S1-only,42,0.5,25,67896,14053,6156,13116534
s3_pure_paper,S1-only,43,0.5,25,70131,17057,3921,13113530
s3_pure_paper,S1-only,44,0.5,25,67115,14476,6937,13116111
s3_pure_paper,S1+AEF,42,0.5,25,73348,13081,704,13117506
s3_pure_paper,S1+AEF,43,0.5,25,73431,16523,621,13114064
s3_pure_paper,S1+AEF,44,0.5,25,73431,13268,621,13117319
s3_pure_paper,OPERA,,0.5,25,66166,88596,7886,13041991
s3_pure_average,S1-only,42,0.3,25,69253,22666,4799,13107921
s3_pure_average,S1-only,43,0.3,25,70927,26723,3125,13103864
s3_pure_average,S1-only,44,0.3,25,68545,23272,5507,13107315
s3_pure_average,S1+AEF,42,0.3,25,73528,20173,524,13110414
s3_pure_average,S1+AEF,43,0.3,25,73569,25026,483,13105561
s3_pure_average,S1+AEF,44,0.3,25,73555,20318,497,13110269
s3_pure_average,OPERA,,0.3,25,66166,88596,7886,13041991
s3_pure_average,S1-only,42,0.5,25,67913,14515,6139,13116072
s3_pure_average,S1-only,43,0.5,25,70144,17556,3908,13113031
s3_pure_average,S1-only,44,0.5,25,67150,14929,6902,13115658
s3_pure_average,S1+AEF,42,0.5,25,73353,13214,699,13117373
s3_pure_average,S1+AEF,43,0.5,25,73441,16668,611,13113919
s3_pure_average,S1+AEF,44,0.5,25,73440,13391,612,13117196
s3_pure_average,OPERA,,0.5,25,66166,88596,7886,13041991
refcut025_paper,S1-only,42,0.3,25,93249,31080,13408,13115736
refcut025_paper,S1-only,43,0.3,25,96055,35901,10602,13110915
refcut025_paper,S1-only,44,0.3,25,92144,31652,14513,13115164
refcut025_paper,S1+AEF,42,0.3,25,102263,30925,4394,13115891
refcut025_paper,S1+AEF,43,0.3,25,103094,36877,3563,13109939
refcut025_paper,S1+AEF,44,0.3,25,102451,31136,4206,13115680
refcut025_paper,OPERA,,0.3,25,79976,91953,26681,13054863
refcut025_paper,S1-only,42,0.5,25,89918,19855,16739,13126961
refcut025_paper,S1-only,43,0.5,25,93570,23553,13087,13123263
refcut025_paper,S1-only,44,0.5,25,88762,20250,17895,13126566
refcut025_paper,S1+AEF,42,0.5,25,100254,20727,6403,13126089
refcut025_paper,S1+AEF,43,0.5,25,101460,25317,5197,13121499
refcut025_paper,S1+AEF,44,0.5,25,100568,20954,6089,13125862
refcut025_paper,OPERA,,0.5,25,79976,91953,26681,13054863
refcut025_average,S1-only,42,0.3,25,93074,29905,13583,13116911
refcut025_average,S1-only,43,0.3,25,95909,34608,10748,13112208
refcut025_average,S1-only,44,0.3,25,92021,30424,14636,13116392
refcut025_average,S1+AEF,42,0.3,25,102193,29569,4464,13117247
refcut025_average,S1+AEF,43,0.3,25,103036,35387,3621,13111429
refcut025_average,S1+AEF,44,0.3,25,102409,29780,4248,13117036
refcut025_average,OPERA,,0.3,25,79976,91953,26681,13054863
refcut025_average,S1-only,42,0.5,25,90038,20375,16619,13126441
refcut025_average,S1-only,43,0.5,25,93650,24093,13007,13122723
refcut025_average,S1-only,44,0.5,25,88901,20752,17756,13126064
refcut025_average,S1+AEF,42,0.5,25,100417,20956,6240,13125860
refcut025_average,S1+AEF,43,0.5,25,101587,25570,5070,13121246
refcut025_average,S1+AEF,44,0.5,25,100743,21173,5914,13125643
refcut025_average,OPERA,,0.5,25,79976,91953,26681,13054863
refcut075_paper,S1-only,42,0.3,25,76693,47636,6433,13122711
refcut075_paper,S1-only,43,0.3,25,78686,53270,4440,13117077
refcut075_paper,S1-only,44,0.3,25,75823,47973,7303,13122374
refcut075_paper,S1+AEF,42,0.3,25,82179,51009,947,13119338
refcut075_paper,S1+AEF,43,0.3,25,82314,57657,812,13112690
refcut075_paper,S1+AEF,44,0.3,25,82239,51348,887,13118999
refcut075_paper,OPERA,,0.3,25,71275,100654,11851,13069693
refcut075_paper,S1-only,42,0.5,25,74887,34886,8239,13135461
refcut075_paper,S1-only,43,0.5,25,77533,39590,5593,13130757
refcut075_paper,S1-only,44,0.5,25,73952,35060,9174,13135287
refcut075_paper,S1+AEF,42,0.5,25,81821,39160,1305,13131187
refcut075_paper,S1+AEF,43,0.5,25,82016,44761,1110,13125586
refcut075_paper,S1+AEF,44,0.5,25,81938,39584,1188,13130763
refcut075_paper,OPERA,,0.5,25,71275,100654,11851,13069693
refcut075_average,S1-only,42,0.3,25,76621,46358,6505,13123989
refcut075_average,S1-only,43,0.3,25,78622,51895,4504,13118452
refcut075_average,S1-only,44,0.3,25,75785,46660,7341,13123687
refcut075_average,S1+AEF,42,0.3,25,82179,49583,947,13120764
refcut075_average,S1+AEF,43,0.3,25,82314,56109,812,13114238
refcut075_average,S1+AEF,44,0.3,25,82253,49936,873,13120411
refcut075_average,OPERA,,0.3,25,71275,100654,11851,13069693
refcut075_average,S1-only,42,0.5,25,74934,35479,8192,13134868
refcut075_average,S1-only,43,0.5,25,77557,40186,5569,13130161
refcut075_average,S1-only,44,0.5,25,74015,35638,9111,13134709
refcut075_average,S1+AEF,42,0.5,25,81843,39530,1283,13130817
refcut075_average,S1+AEF,43,0.5,25,82039,45118,1087,13125229
refcut075_average,S1+AEF,44,0.5,25,81977,39939,1149,13130408
refcut075_average,OPERA,,0.5,25,71275,100654,11851,13069693
s2_native@0_0,S1-only,42,0.3,25,9921,2501,424,1151570
s2_native@0_0,S1-only,43,0.3,25,9991,2968,354,1151103
s2_native@0_0,S1-only,44,0.3,25,9932,2660,413,1151411
s2_native@0_0,S1+AEF,42,0.3,25,10169,1613,176,1152458
s2_native@0_0,S1+AEF,43,0.3,25,10217,1954,128,1152117
s2_native@0_0,S1+AEF,44,0.3,25,10197,1714,148,1152357
s2_native@0_0,OPERA,,0.3,25,8620,8269,1725,1145802
s2_native@0_0,S1-only,42,0.5,25,9802,1760,543,1152311
s2_native@0_0,S1-only,43,0.5,25,9898,2116,447,1151955
s2_native@0_0,S1-only,44,0.5,25,9808,1858,537,1152213
s2_native@0_0,S1+AEF,42,0.5,25,10090,1172,255,1152899
s2_native@0_0,S1+AEF,43,0.5,25,10146,1428,199,1152643
s2_native@0_0,S1+AEF,44,0.5,25,10121,1232,224,1152839
s2_native@0_0,OPERA,,0.5,25,8620,8269,1725,1145802
s2_frozen@0_0,S1-only,42,0.3,25,9921,2501,424,1151570
s2_frozen@0_0,S1-only,43,0.3,25,9991,2968,354,1151103
s2_frozen@0_0,S1-only,44,0.3,25,9932,2660,413,1151411
s2_frozen@0_0,S1+AEF,42,0.3,25,10169,1613,176,1152458
s2_frozen@0_0,S1+AEF,43,0.3,25,10217,1954,128,1152117
s2_frozen@0_0,S1+AEF,44,0.3,25,10197,1714,148,1152357
s2_frozen@0_0,OPERA,,0.3,25,8620,8269,1725,1145802
s2_frozen@0_0,S1-only,42,0.5,25,9802,1760,543,1152311
s2_frozen@0_0,S1-only,43,0.5,25,9898,2116,447,1151955
s2_frozen@0_0,S1-only,44,0.5,25,9808,1858,537,1152213
s2_frozen@0_0,S1+AEF,42,0.5,25,10090,1172,255,1152899
s2_frozen@0_0,S1+AEF,43,0.5,25,10146,1428,199,1152643
s2_frozen@0_0,S1+AEF,44,0.5,25,10121,1232,224,1152839
s2_frozen@0_0,OPERA,,0.5,25,8620,8269,1725,1145802
s2_native@0_10,S1-only,42,0.3,25,84863,38320,9181,13114044
s2_native@0_10,S1-only,43,0.3,25,87219,43418,6825,13108946
s2_native@0_10,S1-only,44,0.3,25,83945,38564,10099,13113800
s2_native@0_10,S1+AEF,42,0.3,25,92082,39726,1962,13112638
s2_native@0_10,S1+AEF,43,0.3,25,92416,46042,1628,13106322
s2_native@0_10,S1+AEF,44,0.3,25,92187,40160,1857,13112204
s2_native@0_10,OPERA,,0.3,25,76082,95763,17962,13056601
s2_native@0_10,S1-only,42,0.5,25,82676,27632,11368,13124732
s2_native@0_10,S1-only,43,0.5,25,85782,31886,8262,13120478
s2_native@0_10,S1-only,44,0.5,25,81641,27972,12403,13124392
s2_native@0_10,S1+AEF,42,0.5,25,91215,30171,2829,13122193
s2_native@0_10,S1+AEF,43,0.5,25,91742,35428,2302,13116936
s2_native@0_10,S1+AEF,44,0.5,25,91477,30382,2567,13121982
s2_native@0_10,OPERA,,0.5,25,76082,95763,17962,13056601
s2_frozen@0_10,S1-only,42,0.3,25,84658,38281,9176,13117811
s2_frozen@0_10,S1-only,43,0.3,25,87048,43429,6786,13112663
s2_frozen@0_10,S1-only,44,0.3,25,83727,38679,10107,13117413
s2_frozen@0_10,S1+AEF,42,0.3,25,91898,39816,1936,13116276
s2_frozen@0_10,S1+AEF,43,0.3,25,92232,46143,1602,13109949
s2_frozen@0_10,S1+AEF,44,0.3,25,92013,40128,1821,13115964
s2_frozen@0_10,OPERA,,0.3,25,75905,95936,17929,13060156
s2_frozen@0_10,S1-only,42,0.5,25,82470,27906,11364,13128186
s2_frozen@0_10,S1-only,43,0.5,25,85551,32152,8283,13123940
s2_frozen@0_10,S1-only,44,0.5,25,81451,28164,12383,13127928
s2_frozen@0_10,S1+AEF,42,0.5,25,91100,30227,2734,13125865
s2_frozen@0_10,S1+AEF,43,0.5,25,91574,35537,2260,13120555
s2_frozen@0_10,S1+AEF,44,0.5,25,91336,30535,2498,13125557
s2_frozen@0_10,OPERA,,0.5,25,75905,95936,17929,13060156
s2_native@0_20,S1-only,42,0.3,25,4315,2493,2236,1161753
s2_native@0_20,S1-only,43,0.3,25,4819,2941,1732,1161305
s2_native@0_20,S1-only,44,0.3,25,4300,2548,2251,1161698
s2_native@0_20,S1+AEF,42,0.3,25,6088,2846,463,1161400
s2_native@0_20,S1+AEF,43,0.3,25,6115,3393,436,1160853
s2_native@0_20,S1+AEF,44,0.3,25,6110,3002,441,1161244
s2_native@0_20,OPERA,,0.3,25,4556,5661,1995,1158585
s2_native@0_20,S1-only,42,0.5,25,4052,1791,2499,1162455
s2_native@0_20,S1-only,43,0.5,25,4539,2196,2012,1162050
s2_native@0_20,S1-only,44,0.5,25,4003,1854,2548,1162392
s2_native@0_20,S1+AEF,42,0.5,25,6005,2127,546,1162119
s2_native@0_20,S1+AEF,43,0.5,25,6082,2587,469,1161659
s2_native@0_20,S1+AEF,44,0.5,25,6073,2283,478,1161963
s2_native@0_20,OPERA,,0.5,25,4556,5661,1995,1158585
s2_frozen@0_20,S1-only,42,0.3,25,4322,2469,2239,1161767
s2_frozen@0_20,S1-only,43,0.3,25,4826,2968,1735,1161268
s2_frozen@0_20,S1-only,44,0.3,25,4313,2564,2248,1161672
s2_frozen@0_20,S1+AEF,42,0.3,25,6088,2816,473,1161420
s2_frozen@0_20,S1+AEF,43,0.3,25,6126,3357,435,1160879
s2_frozen@0_20,S1+AEF,44,0.3,25,6114,2950,447,1161286
s2_frozen@0_20,OPERA,,0.3,25,4584,5633,1977,1158603
s2_frozen@0_20,S1-only,42,0.5,25,4071,1785,2490,1162451
s2_frozen@0_20,S1-only,43,0.5,25,4558,2168,2003,1162068
s2_frozen@0_20,S1-only,44,0.5,25,4021,1820,2540,1162416
s2_frozen@0_20,S1+AEF,42,0.5,25,6008,2144,553,1162092
s2_frozen@0_20,S1+AEF,43,0.5,25,6085,2578,476,1161658
s2_frozen@0_20,S1+AEF,44,0.5,25,6078,2299,483,1161937
s2_frozen@0_20,OPERA,,0.5,25,4584,5633,1977,1158603
s2_native@10_0,S1-only,42,0.3,25,8108,673,317,97768
s2_native@10_0,S1-only,43,0.3,25,8159,800,266,97641
s2_native@10_0,S1-only,44,0.3,25,8117,712,308,97729
s2_native@10_0,S1+AEF,42,0.3,25,8343,876,82,97565
s2_native@10_0,S1+AEF,43,0.3,25,8372,1045,53,97396
s2_native@10_0,S1+AEF,44,0.3,25,8367,968,58,97473
s2_native@10_0,OPERA,,0.3,25,7056,3644,1369,94797
s2_native@10_0,S1-only,42,0.5,25,8016,429,409,98012
s2_native@10_0,S1-only,43,0.5,25,8104,537,321,97904
s2_native@10_0,S1-only,44,0.5,25,8044,463,381,97978
s2_native@10_0,S1+AEF,42,0.5,25,8288,640,137,97801
s2_native@10_0,S1+AEF,43,0.5,25,8324,778,101,97663
s2_native@10_0,S1+AEF,44,0.5,25,8312,696,113,97745
s2_native@10_0,OPERA,,0.5,25,7056,3644,1369,94797
s2_frozen@10_0,S1-only,42,0.3,25,8155,648,320,98071
s2_frozen@10_0,S1-only,43,0.3,25,8220,769,255,97950
s2_frozen@10_0,S1-only,44,0.3,25,8172,683,303,98036
s2_frozen@10_0,S1+AEF,42,0.3,25,8394,873,81,97846
s2_frozen@10_0,S1+AEF,43,0.3,25,8417,1046,58,97673
s2_frozen@10_0,S1+AEF,44,0.3,25,8413,964,62,97755
s2_frozen@10_0,OPERA,,0.3,25,7179,3553,1296,95166
s2_frozen@10_0,S1-only,42,0.5,25,8062,436,413,98283
s2_frozen@10_0,S1-only,43,0.5,25,8148,539,327,98180
s2_frozen@10_0,S1-only,44,0.5,25,8079,462,396,98257
s2_frozen@10_0,S1+AEF,42,0.5,25,8336,621,139,98098
s2_frozen@10_0,S1+AEF,43,0.5,25,8373,768,102,97951
s2_frozen@10_0,S1+AEF,44,0.5,25,8363,678,112,98041
s2_frozen@10_0,OPERA,,0.5,25,7179,3553,1296,95166
s2_native@10_10,S1-only,42,0.3,25,19316,2750,3021,1148070
s2_native@10_10,S1-only,43,0.3,25,20002,3283,2335,1147537
s2_native@10_10,S1-only,44,0.3,25,18529,2403,3808,1148417
s2_native@10_10,S1+AEF,42,0.3,25,21741,3686,596,1147134
s2_native@10_10,S1+AEF,43,0.3,25,21790,4300,547,1146520
s2_native@10_10,S1+AEF,44,0.3,25,21767,3753,570,1147067
s2_native@10_10,OPERA,,0.3,25,16384,11648,5953,1139172
s2_native@10_10,S1-only,42,0.5,25,18570,1790,3767,1149030
s2_native@10_10,S1-only,43,0.5,25,19488,2146,2849,1148674
s2_native@10_10,S1-only,44,0.5,25,17701,1552,4636,1149268
s2_native@10_10,S1+AEF,42,0.5,25,21428,2596,909,1148224
s2_native@10_10,S1+AEF,43,0.5,25,21496,3094,841,1147726
s2_native@10_10,S1+AEF,44,0.5,25,21482,2668,855,1148152
s2_native@10_10,OPERA,,0.5,25,16384,11648,5953,1139172
s2_frozen@10_10,S1-only,42,0.3,25,19380,2765,3022,1151466
s2_frozen@10_10,S1-only,43,0.3,25,20083,3278,2319,1150953
s2_frozen@10_10,S1-only,44,0.3,25,18557,2449,3845,1151782
s2_frozen@10_10,S1+AEF,42,0.3,25,21811,3802,591,1150429
s2_frozen@10_10,S1+AEF,43,0.3,25,21870,4387,532,1149844
s2_frozen@10_10,S1+AEF,44,0.3,25,21827,3900,575,1150331
s2_frozen@10_10,OPERA,,0.3,25,16470,11692,5932,1142539
s2_frozen@10_10,S1-only,42,0.5,25,18637,1856,3765,1152375
s2_frozen@10_10,S1-only,43,0.5,25,19576,2207,2826,1152024
s2_frozen@10_10,S1-only,44,0.5,25,17777,1592,4625,1152639
s2_frozen@10_10,S1+AEF,42,0.5,25,21502,2675,900,1151556
s2_frozen@10_10,S1+AEF,43,0.5,25,21564,3146,838,1151085
s2_frozen@10_10,S1+AEF,44,0.5,25,21548,2708,854,1151523
s2_frozen@10_10,OPERA,,0.5,25,16470,11692,5932,1142539
s2_native@10_20,S1-only,42,0.3,25,0,6,1,87673
s2_native@10_20,S1-only,43,0.3,25,0,13,1,87666
s2_native@10_20,S1-only,44,0.3,25,0,4,1,87675
s2_native@10_20,S1+AEF,42,0.3,25,0,1,1,87678
s2_native@10_20,S1+AEF,43,0.3,25,1,4,0,87675
s2_native@10_20,S1+AEF,44,0.3,25,0,1,1,87678
s2_native@10_20,OPERA,,0.3,25,0,3,1,87676
s2_native@10_20,S1-only,42,0.5,25,0,4,1,87675
s2_native@10_20,S1-only,43,0.5,25,0,9,1,87670
s2_native@10_20,S1-only,44,0.5,25,0,2,1,87677
s2_native@10_20,S1+AEF,42,0.5,25,0,0,1,87679
s2_native@10_20,S1+AEF,43,0.5,25,0,0,1,87679
s2_native@10_20,S1+AEF,44,0.5,25,0,0,1,87679
s2_native@10_20,OPERA,,0.5,25,0,3,1,87676
s2_frozen@10_20,S1-only,42,0.3,25,0,6,0,87674
s2_frozen@10_20,S1-only,43,0.3,25,0,12,0,87668
s2_frozen@10_20,S1-only,44,0.3,25,0,6,0,87674
s2_frozen@10_20,S1+AEF,42,0.3,25,0,3,0,87677
s2_frozen@10_20,S1+AEF,43,0.3,25,0,2,0,87678
s2_frozen@10_20,S1+AEF,44,0.3,25,0,2,0,87678
s2_frozen@10_20,OPERA,,0.3,25,0,3,0,87677
s2_frozen@10_20,S1-only,42,0.5,25,0,5,0,87675
s2_frozen@10_20,S1-only,43,0.5,25,0,10,0,87670
s2_frozen@10_20,S1-only,44,0.5,25,0,3,0,87677
s2_frozen@10_20,S1+AEF,42,0.5,25,0,0,0,87680
s2_frozen@10_20,S1+AEF,43,0.5,25,0,1,0,87679
s2_frozen@10_20,S1+AEF,44,0.5,25,0,0,0,87680
s2_frozen@10_20,OPERA,,0.5,25,0,3,0,87677
paper,S1-only,42,0.3,29,457757,199436,30939,12695512
paper,S1-only,43,0.3,29,460586,277151,28110,12617797
paper,S1-only,44,0.3,29,457916,209610,30780,12685338
paper,S1+AEF,42,0.3,29,477261,119743,11435,12775205
paper,S1+AEF,43,0.3,29,478173,116888,10523,12778060
paper,S1+AEF,44,0.3,29,477596,108079,11100,12786869
paper,OPERA,,0.3,29,375877,63108,112819,12831840
paper,S1-only,42,0.5,29,452102,137339,36594,12757609
paper,S1-only,43,0.5,29,455686,205143,33010,12689805
paper,S1-only,44,0.5,29,452255,146583,36441,12748365
paper,S1+AEF,42,0.5,29,472795,80994,15901,12813954
paper,S1+AEF,43,0.5,29,473580,77877,15116,12817071
paper,S1+AEF,44,0.5,29,472392,70842,16304,12824106
paper,OPERA,,0.5,29,375877,63108,112819,12831840
s1_average,S1-only,42,0.3,29,457389,194168,31307,12700780
s1_average,S1-only,43,0.3,29,460269,271024,28427,12623924
s1_average,S1-only,44,0.3,29,457564,204346,31132,12690602
s1_average,S1+AEF,42,0.3,29,477278,114756,11418,12780192
s1_average,S1+AEF,43,0.3,29,478287,111843,10409,12783105
s1_average,S1+AEF,44,0.3,29,477653,103323,11043,12791625
s1_average,OPERA,,0.3,29,375877,63108,112819,12831840
s1_average,S1-only,42,0.5,29,452445,139554,36251,12755394
s1_average,S1-only,43,0.5,29,456005,207498,32691,12687450
s1_average,S1-only,44,0.5,29,452569,148585,36127,12746363
s1_average,S1+AEF,42,0.5,29,473330,81924,15366,12813024
s1_average,S1+AEF,43,0.5,29,474121,78858,14575,12816090
s1_average,S1+AEF,44,0.5,29,473064,71691,15632,12823257
s1_average,OPERA,,0.5,29,375877,63108,112819,12831840
opera_union,S1-only,42,0.3,29,457757,199436,30939,12695512
opera_union,S1-only,43,0.3,29,460586,277151,28110,12617797
opera_union,S1-only,44,0.3,29,457916,209610,30780,12685338
opera_union,S1+AEF,42,0.3,29,477261,119743,11435,12775205
opera_union,S1+AEF,43,0.3,29,478173,116888,10523,12778060
opera_union,S1+AEF,44,0.3,29,477596,108079,11100,12786869
opera_union,OPERA,,0.3,29,375877,63108,112819,12831840
opera_union,S1-only,42,0.5,29,452102,137339,36594,12757609
opera_union,S1-only,43,0.5,29,455686,205143,33010,12689805
opera_union,S1-only,44,0.5,29,452255,146583,36441,12748365
opera_union,S1+AEF,42,0.5,29,472795,80994,15901,12813954
opera_union,S1+AEF,43,0.5,29,473580,77877,15116,12817071
opera_union,S1+AEF,44,0.5,29,472392,70842,16304,12824106
opera_union,OPERA,,0.5,29,375877,63108,112819,12831840
s3_pure_paper,S1-only,42,0.3,29,382358,135169,10181,12634503
s3_pure_paper,S1-only,43,0.3,29,383457,209420,9082,12560252
s3_pure_paper,S1-only,44,0.3,29,382474,145231,10065,12624441
s3_pure_paper,S1+AEF,42,0.3,29,390734,43094,1805,12726578
s3_pure_paper,S1+AEF,43,0.3,29,391102,40339,1437,12729333
s3_pure_paper,S1+AEF,44,0.3,29,391026,36246,1513,12733426
s3_pure_paper,OPERA,,0.3,29,353890,54868,38649,12714804
s3_pure_paper,S1-only,42,0.5,29,380934,88965,11605,12680707
s3_pure_paper,S1-only,43,0.5,29,382308,153006,10231,12616666
s3_pure_paper,S1-only,44,0.5,29,381028,97897,11511,12671775
s3_pure_paper,S1+AEF,42,0.5,29,389932,24487,2607,12745185
s3_pure_paper,S1+AEF,43,0.5,29,390297,22403,2242,12747269
s3_pure_paper,S1+AEF,44,0.5,29,390227,20643,2312,12749029
s3_pure_paper,OPERA,,0.5,29,353890,54868,38649,12714804
s3_pure_average,S1-only,42,0.3,29,382282,131945,10257,12637727
s3_pure_average,S1-only,43,0.3,29,383386,205240,9153,12564432
s3_pure_average,S1-only,44,0.3,29,382385,141912,10154,12627760
s3_pure_average,S1+AEF,42,0.3,29,390716,40206,1823,12729466
s3_pure_average,S1+AEF,43,0.3,29,391087,37632,1452,12732040
s3_pure_average,S1+AEF,44,0.3,29,391028,33921,1511,12735751
s3_pure_average,OPERA,,0.3,29,353890,54868,38649,12714804
s3_pure_average,S1-only,42,0.5,29,380993,90856,11546,12678816
s3_pure_average,S1-only,43,0.5,29,382365,155037,10174,12614635
s3_pure_average,S1-only,44,0.5,29,381072,99598,11467,12670074
s3_pure_average,S1+AEF,42,0.5,29,389966,24791,2573,12744881
s3_pure_average,S1+AEF,43,0.5,29,390329,22713,2210,12746959
s3_pure_average,S1+AEF,44,0.5,29,390270,20937,2269,12748735
s3_pure_average,OPERA,,0.5,29,353890,54868,38649,12714804
refcut025_paper,S1-only,42,0.3,29,486776,170417,47538,12678913
refcut025_paper,S1-only,43,0.3,29,490767,246970,43547,12602360
refcut025_paper,S1-only,44,0.3,29,486906,180620,47408,12668710
refcut025_paper,S1+AEF,42,0.3,29,512266,84738,22048,12764592
refcut025_paper,S1+AEF,43,0.3,29,513343,81718,20971,12767612
refcut025_paper,S1+AEF,44,0.3,29,511676,73999,22638,12775331
refcut025_paper,OPERA,,0.3,29,380306,58679,154008,12790651
refcut025_paper,S1-only,42,0.5,29,476307,113134,58007,12736196
refcut025_paper,S1-only,43,0.5,29,481304,179525,53010,12669805
refcut025_paper,S1-only,44,0.5,29,476528,122310,57786,12727020
refcut025_paper,S1+AEF,42,0.5,29,502467,51322,31847,12798008
refcut025_paper,S1+AEF,43,0.5,29,503021,48436,31293,12800894
refcut025_paper,S1+AEF,44,0.5,29,499880,43354,34434,12805976
refcut025_paper,OPERA,,0.5,29,380306,58679,154008,12790651
refcut025_average,S1-only,42,0.3,29,485967,165590,48347,12683740
refcut025_average,S1-only,43,0.3,29,490023,241270,44291,12608060
refcut025_average,S1-only,44,0.3,29,486111,175799,48203,12673531
refcut025_average,S1+AEF,42,0.3,29,512098,79936,22216,12769394
refcut025_average,S1+AEF,43,0.3,29,513235,76895,21079,12772435
refcut025_average,S1+AEF,44,0.3,29,511438,69538,22876,12779792
refcut025_average,OPERA,,0.3,29,380306,58679,154008,12790651
refcut025_average,S1-only,42,0.5,29,476811,115188,57503,12734142
refcut025_average,S1-only,43,0.5,29,481758,181745,52556,12667585
refcut025_average,S1-only,44,0.5,29,476981,124173,57333,12725157
refcut025_average,S1+AEF,42,0.5,29,503314,51940,31000,12797390
refcut025_average,S1+AEF,43,0.5,29,503931,49048,30383,12800282
refcut025_average,S1+AEF,44,0.5,29,500898,43857,33416,12805473
refcut025_average,OPERA,,0.5,29,380306,58679,154008,12790651
refcut075_paper,S1-only,42,0.3,29,427099,230094,19967,12706484
refcut075_paper,S1-only,43,0.3,29,429032,308705,18034,12627873
refcut075_paper,S1-only,44,0.3,29,427236,240290,19830,12696288
refcut075_paper,S1+AEF,42,0.3,29,441288,155716,5778,12780862
refcut075_paper,S1+AEF,43,0.3,29,441990,153071,5076,12783507
refcut075_paper,S1+AEF,44,0.3,29,441765,143910,5301,12792668
refcut075_paper,OPERA,,0.3,29,369316,69669,77750,12866909
refcut075_paper,S1-only,42,0.5,29,423912,165529,23154,12771049
refcut075_paper,S1-only,43,0.5,29,426385,234444,20681,12702134
refcut075_paper,S1-only,44,0.5,29,424036,174802,23030,12761776
refcut075_paper,S1+AEF,42,0.5,29,439086,114703,7980,12821875
refcut075_paper,S1+AEF,43,0.5,29,439750,111707,7316,12824871
refcut075_paper,S1+AEF,44,0.5,29,439415,103819,7651,12832759
refcut075_paper,OPERA,,0.5,29,369316,69669,77750,12866909
refcut075_average,S1-only,42,0.3,29,426920,224637,20146,12711941
refcut075_average,S1-only,43,0.3,29,428876,302417,18190,12634161
refcut075_average,S1-only,44,0.3,29,427051,234859,20015,12701719
refcut075_average,S1+AEF,42,0.3,29,441283,150751,5783,12785827
refcut075_average,S1+AEF,43,0.3,29,442051,148079,5015,12788499
refcut075_average,S1+AEF,44,0.3,29,441799,139177,5267,12797401
refcut075_average,OPERA,,0.3,29,369316,69669,77750,12866909
refcut075_average,S1-only,42,0.5,29,424118,167881,22948,12768697
refcut075_average,S1-only,43,0.5,29,426557,236946,20509,12699632
refcut075_average,S1-only,44,0.5,29,424206,176948,22860,12759630
refcut075_average,S1+AEF,42,0.5,29,439314,115940,7752,12820638
refcut075_average,S1+AEF,43,0.5,29,439986,112993,7080,12823585
refcut075_average,S1+AEF,44,0.5,29,439678,105077,7388,12831501
refcut075_average,OPERA,,0.5,29,369316,69669,77750,12866909
s2_native@0_0,S1-only,42,0.3,29,457389,194168,31307,12700780
s2_native@0_0,S1-only,43,0.3,29,460269,271024,28427,12623924
s2_native@0_0,S1-only,44,0.3,29,457564,204346,31132,12690602
s2_native@0_0,S1+AEF,42,0.3,29,477278,114756,11418,12780192
s2_native@0_0,S1+AEF,43,0.3,29,478287,111843,10409,12783105
s2_native@0_0,S1+AEF,44,0.3,29,477653,103323,11043,12791625
s2_native@0_0,OPERA,,0.3,29,375877,63108,112819,12831840
s2_native@0_0,S1-only,42,0.5,29,452445,139554,36251,12755394
s2_native@0_0,S1-only,43,0.5,29,456005,207498,32691,12687450
s2_native@0_0,S1-only,44,0.5,29,452569,148585,36127,12746363
s2_native@0_0,S1+AEF,42,0.5,29,473330,81924,15366,12813024
s2_native@0_0,S1+AEF,43,0.5,29,474121,78858,14575,12816090
s2_native@0_0,S1+AEF,44,0.5,29,473064,71691,15632,12823257
s2_native@0_0,OPERA,,0.5,29,375877,63108,112819,12831840
s2_frozen@0_0,S1-only,42,0.3,29,457389,194168,31307,12700780
s2_frozen@0_0,S1-only,43,0.3,29,460269,271024,28427,12623924
s2_frozen@0_0,S1-only,44,0.3,29,457564,204346,31132,12690602
s2_frozen@0_0,S1+AEF,42,0.3,29,477278,114756,11418,12780192
s2_frozen@0_0,S1+AEF,43,0.3,29,478287,111843,10409,12783105
s2_frozen@0_0,S1+AEF,44,0.3,29,477653,103323,11043,12791625
s2_frozen@0_0,OPERA,,0.3,29,375877,63108,112819,12831840
s2_frozen@0_0,S1-only,42,0.5,29,452445,139554,36251,12755394
s2_frozen@0_0,S1-only,43,0.5,29,456005,207498,32691,12687450
s2_frozen@0_0,S1-only,44,0.5,29,452569,148585,36127,12746363
s2_frozen@0_0,S1+AEF,42,0.5,29,473330,81924,15366,12813024
s2_frozen@0_0,S1+AEF,43,0.5,29,474121,78858,14575,12816090
s2_frozen@0_0,S1+AEF,44,0.5,29,473064,71691,15632,12823257
s2_frozen@0_0,OPERA,,0.5,29,375877,63108,112819,12831840
s2_native@0_10,S1-only,42,0.3,29,29627,12887,2336,1140606
s2_native@0_10,S1-only,43,0.3,29,29863,17011,2100,1136482
s2_native@0_10,S1-only,44,0.3,29,29596,12976,2367,1140517
s2_native@0_10,S1+AEF,42,0.3,29,31153,7704,810,1145789
s2_native@0_10,S1+AEF,43,0.3,29,31242,7518,721,1145975
s2_native@0_10,S1+AEF,44,0.3,29,31241,7146,722,1146347
s2_native@0_10,OPERA,,0.3,29,24276,2058,7687,1151435
s2_native@0_10,S1-only,42,0.5,29,29226,9184,2737,1144309
s2_native@0_10,S1-only,43,0.5,29,29493,12712,2470,1140781
s2_native@0_10,S1-only,44,0.5,29,29169,9099,2794,1144394
s2_native@0_10,S1+AEF,42,0.5,29,30902,5541,1061,1147952
s2_native@0_10,S1+AEF,43,0.5,29,30984,5296,979,1148197
s2_native@0_10,S1+AEF,44,0.5,29,30993,4988,970,1148505
s2_native@0_10,OPERA,,0.5,29,24276,2058,7687,1151435
s2_frozen@0_10,S1-only,42,0.3,29,29748,13051,2319,1143950
s2_frozen@0_10,S1-only,43,0.3,29,29969,17164,2098,1139837
s2_frozen@0_10,S1-only,44,0.3,29,29717,13128,2350,1143873
s2_frozen@0_10,S1+AEF,42,0.3,29,31231,7773,836,1149228
s2_frozen@0_10,S1+AEF,43,0.3,29,31327,7563,740,1149438
s2_frozen@0_10,S1+AEF,44,0.3,29,31337,7181,730,1149820
s2_frozen@0_10,OPERA,,0.3,29,24298,2136,7769,1154865
s2_frozen@0_10,S1-only,42,0.5,29,29310,9286,2757,1147715
s2_frozen@0_10,S1-only,43,0.5,29,29600,12788,2467,1144213
s2_frozen@0_10,S1-only,44,0.5,29,29249,9162,2818,1147839
s2_frozen@0_10,S1+AEF,42,0.5,29,30986,5600,1081,1151401
s2_frozen@0_10,S1+AEF,43,0.5,29,31086,5391,981,1151610
s2_frozen@0_10,S1+AEF,44,0.5,29,31079,5048,988,1151953
s2_frozen@0_10,OPERA,,0.5,29,24298,2136,7769,1154865
s2_native@0_20,S1-only,42,0.3,29,61403,19572,1802,1109161
s2_native@0_20,S1-only,43,0.3,29,61618,26423,1587,1102310
s2_native@0_20,S1-only,44,0.3,29,61434,21558,1771,1107175
s2_native@0_20,S1+AEF,42,0.3,29,62424,11816,781,1116917
s2_native@0_20,S1+AEF,43,0.3,29,62431,11407,774,1117326
s2_native@0_20,S1+AEF,44,0.3,29,62373,10497,832,1118236
s2_native@0_20,OPERA,,0.3,29,49983,7930,13222,1120803
s2_native@0_20,S1-only,42,0.5,29,60985,13744,2220,1114989
s2_native@0_20,S1-only,43,0.5,29,61244,19869,1961,1108864
s2_native@0_20,S1-only,44,0.5,29,60998,16066,2207,1112667
s2_native@0_20,S1+AEF,42,0.5,29,62058,8073,1147,1120660
s2_native@0_20,S1+AEF,43,0.5,29,62063,7756,1142,1120977
s2_native@0_20,S1+AEF,44,0.5,29,61926,6937,1279,1121796
s2_native@0_20,OPERA,,0.5,29,49983,7930,13222,1120803
s2_frozen@0_20,S1-only,42,0.3,29,61537,19659,1851,1112452
s2_frozen@0_20,S1-only,43,0.3,29,61763,26562,1625,1105549
s2_frozen@0_20,S1-only,44,0.3,29,61584,21713,1804,1110398
s2_frozen@0_20,S1+AEF,42,0.3,29,62598,11875,790,1120236
s2_frozen@0_20,S1+AEF,43,0.3,29,62600,11412,788,1120699
s2_frozen@0_20,S1+AEF,44,0.3,29,62552,10487,836,1121624
s2_frozen@0_20,OPERA,,0.3,29,50479,7610,12909,1124501
s2_frozen@0_20,S1-only,42,0.5,29,61117,13831,2271,1118280
s2_frozen@0_20,S1-only,43,0.5,29,61384,19957,2004,1112154
s2_frozen@0_20,S1-only,44,0.5,29,61125,16136,2263,1115975
s2_frozen@0_20,S1+AEF,42,0.5,29,62179,8177,1209,1123934
s2_frozen@0_20,S1+AEF,43,0.5,29,62210,7800,1178,1124311
s2_frozen@0_20,S1+AEF,44,0.5,29,62050,7052,1338,1125059
s2_frozen@0_20,OPERA,,0.5,29,50479,7610,12909,1124501
s2_native@10_0,S1-only,42,0.3,29,7692,8174,889,1176382
s2_native@10_0,S1-only,43,0.3,29,7808,9187,773,1175369
s2_native@10_0,S1-only,44,0.3,29,7707,7980,874,1176576
s2_native@10_0,S1+AEF,42,0.3,29,8292,5798,289,1178758
s2_native@10_0,S1+AEF,43,0.3,29,8308,5928,273,1178628
s2_native@10_0,S1+AEF,44,0.3,29,8262,5213,319,1179343
s2_native@10_0,OPERA,,0.3,29,3134,788,5447,1183768
s2_native@10_0,S1-only,42,0.5,29,7478,5873,1103,1178683
s2_native@10_0,S1-only,43,0.5,29,7628,6735,953,1177821
s2_native@10_0,S1-only,44,0.5,29,7494,5772,1087,1178784
s2_native@10_0,S1+AEF,42,0.5,29,8130,3870,451,1180686
s2_native@10_0,S1+AEF,43,0.5,29,8161,3931,420,1180625
s2_native@10_0,S1+AEF,44,0.5,29,8063,3337,518,1181219
s2_native@10_0,OPERA,,0.5,29,3134,788,5447,1183768
s2_frozen@10_0,S1-only,42,0.3,29,7659,8221,939,1179978
s2_frozen@10_0,S1-only,43,0.3,29,7787,9280,811,1178919
s2_frozen@10_0,S1-only,44,0.3,29,7665,8066,933,1180133
s2_frozen@10_0,S1+AEF,42,0.3,29,8283,5830,315,1182369
s2_frozen@10_0,S1+AEF,43,0.3,29,8300,5941,298,1182258
s2_frozen@10_0,S1+AEF,44,0.3,29,8257,5219,341,1182980
s2_frozen@10_0,OPERA,,0.3,29,3296,628,5302,1187571
s2_frozen@10_0,S1-only,42,0.5,29,7437,5943,1161,1182256
s2_frozen@10_0,S1-only,43,0.5,29,7579,6740,1019,1181459
s2_frozen@10_0,S1-only,44,0.5,29,7448,5818,1150,1182381
s2_frozen@10_0,S1+AEF,42,0.5,29,8115,3930,483,1184269
s2_frozen@10_0,S1+AEF,43,0.5,29,8143,3990,455,1184209
s2_frozen@10_0,S1+AEF,44,0.5,29,8065,3405,533,1184794
s2_frozen@10_0,OPERA,,0.5,29,3296,628,5302,1187571
s2_native@10_10,S1-only,42,0.3,29,11,240,6,106019
s2_native@10_10,S1-only,43,0.3,29,11,249,6,106010
s2_native@10_10,S1-only,44,0.3,29,10,217,7,106042
s2_native@10_10,S1+AEF,42,0.3,29,13,20,4,106239
s2_native@10_10,S1+AEF,43,0.3,29,13,22,4,106237
s2_native@10_10,S1+AEF,44,0.3,29,13,19,4,106240
s2_native@10_10,OPERA,,0.3,29,0,0,17,106259
s2_native@10_10,S1-only,42,0.5,29,9,168,8,106091
s2_native@10_10,S1-only,43,0.5,29,11,175,6,106084
s2_native@10_10,S1-only,44,0.5,29,9,158,8,106101
s2_native@10_10,S1+AEF,42,0.5,29,13,12,4,106247
s2_native@10_10,S1+AEF,43,0.5,29,13,12,4,106247
s2_native@10_10,S1+AEF,44,0.5,29,13,12,4,106247
s2_native@10_10,OPERA,,0.5,29,0,0,17,106259
s2_frozen@10_10,S1-only,42,0.3,29,9,238,6,106676
s2_frozen@10_10,S1-only,43,0.3,29,10,251,5,106663
s2_frozen@10_10,S1-only,44,0.3,29,9,225,6,106689
s2_frozen@10_10,S1+AEF,42,0.3,29,12,20,3,106894
s2_frozen@10_10,S1+AEF,43,0.3,29,12,19,3,106895
s2_frozen@10_10,S1+AEF,44,0.3,29,12,19,3,106895
s2_frozen@10_10,OPERA,,0.3,29,0,0,15,106914
s2_frozen@10_10,S1-only,42,0.5,29,7,178,8,106736
s2_frozen@10_10,S1-only,43,0.5,29,8,176,7,106738
s2_frozen@10_10,S1-only,44,0.5,29,8,163,7,106751
s2_frozen@10_10,S1+AEF,42,0.5,29,11,13,4,106901
s2_frozen@10_10,S1+AEF,43,0.5,29,11,14,4,106900
s2_frozen@10_10,S1+AEF,44,0.5,29,11,13,4,106901
s2_frozen@10_10,OPERA,,0.5,29,0,0,15,106914
s2_native@10_20,S1-only,42,0.3,29,2955,1278,212,101831
s2_native@10_20,S1-only,43,0.3,29,2986,1471,181,101638
s2_native@10_20,S1-only,44,0.3,29,2967,1272,200,101837
s2_native@10_20,S1+AEF,42,0.3,29,3044,1108,123,102001
s2_native@10_20,S1+AEF,43,0.3,29,3047,1041,120,102068
s2_native@10_20,S1+AEF,44,0.3,29,3031,952,136,102157
s2_native@10_20,OPERA,,0.3,29,1545,94,1622,103015
s2_native@10_20,S1-only,42,0.5,29,2908,867,259,102242
s2_native@10_20,S1-only,43,0.5,29,2937,1041,230,102068
s2_native@10_20,S1-only,44,0.5,29,2909,869,258,102240
s2_native@10_20,S1+AEF,42,0.5,29,2989,736,178,102373
s2_native@10_20,S1+AEF,43,0.5,29,2988,682,179,102427
s2_native@10_20,S1+AEF,44,0.5,29,2963,611,204,102498
s2_native@10_20,OPERA,,0.5,29,1545,94,1622,103015
s2_frozen@10_20,S1-only,42,0.3,29,2980,1268,227,102454
s2_frozen@10_20,S1-only,43,0.3,29,3016,1477,191,102245
s2_frozen@10_20,S1-only,44,0.3,29,2987,1256,220,102466
s2_frozen@10_20,S1+AEF,42,0.3,29,3080,1079,127,102643
s2_frozen@10_20,S1+AEF,43,0.3,29,3075,1035,132,102687
s2_frozen@10_20,S1+AEF,44,0.3,29,3063,938,144,102784
s2_frozen@10_20,OPERA,,0.3,29,1613,32,1594,103690
s2_frozen@10_20,S1-only,42,0.5,29,2921,851,286,102871
s2_frozen@10_20,S1-only,43,0.5,29,2950,1012,257,102710
s2_frozen@10_20,S1-only,44,0.5,29,2927,858,280,102864
s2_frozen@10_20,S1+AEF,42,0.5,29,3014,722,193,103000
s2_frozen@10_20,S1+AEF,43,0.5,29,3011,653,196,103069
s2_frozen@10_20,S1+AEF,44,0.5,29,2984,578,223,103144
s2_frozen@10_20,OPERA,,0.5,29,1613,32,1594,103690
paper,S1-only,42,0.3,33,901856,180456,36799,12178087
paper,S1-only,43,0.3,33,905607,216748,33048,12141795
paper,S1-only,44,0.3,33,903151,177597,35504,12180946
paper,S1+AEF,42,0.3,33,924138,105008,14517,12253535
paper,S1+AEF,43,0.3,33,919596,109268,19059,12249275
paper,S1+AEF,44,0.3,33,925078,100511,13577,12258032
paper,OPERA,,0.3,33,835076,100418,103579,12258125
paper,S1-only,42,0.5,33,897074,125097,41581,12233446
paper,S1-only,43,0.5,33,901461,154836,37194,12203707
paper,S1-only,44,0.5,33,898152,122228,40503,12236315
paper,S1+AEF,42,0.5,33,916158,64493,22497,12294050
paper,S1+AEF,43,0.5,33,912502,67454,26153,12291089
paper,S1+AEF,44,0.5,33,916844,60401,21811,12298142
paper,OPERA,,0.5,33,835076,100418,103579,12258125
s1_average,S1-only,42,0.3,33,901560,173871,37095,12184672
s1_average,S1-only,43,0.3,33,905340,209785,33315,12148758
s1_average,S1-only,44,0.3,33,902839,171042,35816,12187501
s1_average,S1+AEF,42,0.3,33,924119,99127,14536,12259416
s1_average,S1+AEF,43,0.3,33,919628,103230,19027,12255313
s1_average,S1+AEF,44,0.3,33,925095,94614,13560,12263929
s1_average,OPERA,,0.3,33,835076,100418,103579,12258125
s1_average,S1-only,42,0.5,33,897344,126839,41311,12231704
s1_average,S1-only,43,0.5,33,901616,156882,37039,12201661
s1_average,S1-only,44,0.5,33,898318,123877,40337,12234666
s1_average,S1+AEF,42,0.5,33,916655,65044,22000,12293499
s1_average,S1+AEF,43,0.5,33,913018,68111,25637,12290432
s1_average,S1+AEF,44,0.5,33,917432,60961,21223,12297582
s1_average,OPERA,,0.5,33,835076,100418,103579,12258125
opera_union,S1-only,42,0.3,33,901856,180456,36799,12178087
opera_union,S1-only,43,0.3,33,905607,216748,33048,12141795
opera_union,S1-only,44,0.3,33,903151,177597,35504,12180946
opera_union,S1+AEF,42,0.3,33,924138,105008,14517,12253535
opera_union,S1+AEF,43,0.3,33,919596,109268,19059,12249275
opera_union,S1+AEF,44,0.3,33,925078,100511,13577,12258032
opera_union,OPERA,,0.3,33,835076,100418,103579,12258125
opera_union,S1-only,42,0.5,33,897074,125097,41581,12233446
opera_union,S1-only,43,0.5,33,901461,154836,37194,12203707
opera_union,S1-only,44,0.5,33,898152,122228,40503,12236315
opera_union,S1+AEF,42,0.5,33,916158,64493,22497,12294050
opera_union,S1+AEF,43,0.5,33,912502,67454,26153,12291089
opera_union,S1+AEF,44,0.5,33,916844,60401,21811,12298142
opera_union,OPERA,,0.5,33,835076,100418,103579,12258125
s3_pure_paper,S1-only,42,0.3,33,805575,88535,25977,12136164
s3_pure_paper,S1-only,43,0.3,33,808096,118847,23456,12105852
s3_pure_paper,S1-only,44,0.3,33,807017,86086,24535,12138613
s3_pure_paper,S1+AEF,42,0.3,33,824637,25822,6915,12198877
s3_pure_paper,S1+AEF,43,0.3,33,820006,26979,11546,12197720
s3_pure_paper,S1+AEF,44,0.3,33,825309,23204,6243,12201495
s3_pure_paper,OPERA,,0.3,33,787275,67712,44277,12156987
s3_pure_paper,S1-only,42,0.5,33,803440,52623,28112,12172076
s3_pure_paper,S1-only,43,0.5,33,805861,74325,25691,12150374
s3_pure_paper,S1-only,44,0.5,33,804679,50339,26873,12174360
s3_pure_paper,S1+AEF,42,0.5,33,821115,12313,10437,12212386
s3_pure_paper,S1+AEF,43,0.5,33,816689,12629,14863,12212070
s3_pure_paper,S1+AEF,44,0.5,33,822173,10760,9379,12213939
s3_pure_paper,OPERA,,0.5,33,787275,67712,44277,12156987
s3_pure_average,S1-only,42,0.3,33,805387,84130,26165,12140569
s3_pure_average,S1-only,43,0.3,33,807901,113758,23651,12110941
s3_pure_average,S1-only,44,0.3,33,806830,81798,24722,12142901
s3_pure_average,S1+AEF,42,0.3,33,824554,23372,6998,12201327
s3_pure_average,S1+AEF,43,0.3,33,819952,24341,11600,12200358
s3_pure_average,S1+AEF,44,0.3,33,825264,20876,6288,12203823
s3_pure_average,OPERA,,0.3,33,787275,67712,44277,12156987
s3_pure_average,S1-only,42,0.5,33,803507,53933,28045,12170766
s3_pure_average,S1-only,43,0.5,33,805883,75948,25669,12148751
s3_pure_average,S1-only,44,0.5,33,804671,51564,26881,12173135
s3_pure_average,S1+AEF,42,0.5,33,821112,12395,10440,12212304
s3_pure_average,S1+AEF,43,0.5,33,816683,12757,14869,12211942
s3_pure_average,S1+AEF,44,0.5,33,822177,10874,9375,12213825
s3_pure_average,OPERA,,0.5,33,787275,67712,44277,12156987
refcut025_paper,S1-only,42,0.3,33,944541,137771,46788,12168098
refcut025_paper,S1-only,43,0.3,33,949855,172500,41474,12133369
refcut025_paper,S1-only,44,0.3,33,945700,135048,45629,12170821
refcut025_paper,S1+AEF,42,0.3,33,965719,63427,25610,12242442
refcut025_paper,S1+AEF,43,0.3,33,962307,66557,29022,12239312
refcut025_paper,S1+AEF,44,0.3,33,966174,59415,25155,12246454
refcut025_paper,OPERA,,0.3,33,850408,85086,140921,12220783
refcut025_paper,S1-only,42,0.5,33,934736,87435,56593,12218434
refcut025_paper,S1-only,43,0.5,33,941795,114502,49534,12191367
refcut025_paper,S1-only,44,0.5,33,935639,84741,55690,12221128
refcut025_paper,S1+AEF,42,0.5,33,948316,32335,43013,12273534
refcut025_paper,S1+AEF,43,0.5,33,945902,34054,45427,12271815
refcut025_paper,S1+AEF,44,0.5,33,948012,29233,43317,12276636
refcut025_paper,OPERA,,0.5,33,850408,85086,140921,12220783
refcut025_average,S1-only,42,0.3,33,943880,131551,47449,12174318
refcut025_average,S1-only,43,0.3,33,949345,165780,41984,12140089
refcut025_average,S1-only,44,0.3,33,945025,128856,46304,12177013
refcut025_average,S1+AEF,42,0.3,33,965075,58171,26254,12247698
refcut025_average,S1+AEF,43,0.3,33,961734,61124,29595,12244745
refcut025_average,S1+AEF,44,0.3,33,965519,54190,25810,12251679
refcut025_average,OPERA,,0.3,33,850408,85086,140921,12220783
refcut025_average,S1-only,42,0.5,33,935152,89031,56177,12216838
refcut025_average,S1-only,43,0.5,33,942112,116386,49217,12189483
refcut025_average,S1-only,44,0.5,33,936001,86194,55328,12219675
refcut025_average,S1+AEF,42,0.5,33,949154,32545,42175,12273324
refcut025_average,S1+AEF,43,0.5,33,946793,34336,44536,12271533
refcut025_average,S1+AEF,44,0.5,33,948930,29463,42399,12276406
refcut025_average,OPERA,,0.5,33,850408,85086,140921,12220783
refcut075_paper,S1-only,42,0.3,33,860135,222177,31225,12183661
refcut075_paper,S1-only,43,0.3,33,863127,259228,28233,12146610
refcut075_paper,S1-only,44,0.3,33,861496,219252,29864,12186586
refcut075_paper,S1+AEF,42,0.3,33,881278,147868,10082,12257970
refcut075_paper,S1+AEF,43,0.3,33,876414,152450,14946,12253388
refcut075_paper,S1+AEF,44,0.3,33,882243,143346,9117,12262492
refcut075_paper,OPERA,,0.3,33,816998,118496,74362,12287342
refcut075_paper,S1-only,42,0.5,33,857187,164984,34173,12240854
refcut075_paper,S1-only,43,0.5,33,860272,196025,31088,12209813
refcut075_paper,S1-only,44,0.5,33,858308,162072,33052,12243766
refcut075_paper,S1+AEF,42,0.5,33,876545,104106,14815,12301732
refcut075_paper,S1+AEF,43,0.5,33,872160,107796,19200,12298042
refcut075_paper,S1+AEF,44,0.5,33,877702,99543,13658,12306295
refcut075_paper,OPERA,,0.5,33,816998,118496,74362,12287342
refcut075_average,S1-only,42,0.3,33,859918,215513,31442,12190325
refcut075_average,S1-only,43,0.3,33,862918,252207,28442,12153631
refcut075_average,S1-only,44,0.3,33,861284,212597,30076,12193241
refcut075_average,S1+AEF,42,0.3,33,881236,142010,10124,12263828
refcut075_average,S1+AEF,43,0.3,33,876412,146446,14948,12259392
refcut075_average,S1+AEF,44,0.3,33,882257,137452,9103,12268386
refcut075_average,OPERA,,0.3,33,816998,118496,74362,12287342
refcut075_average,S1-only,42,0.5,33,857339,166844,34021,12238994
refcut075_average,S1-only,43,0.5,33,860339,198159,31021,12207679
refcut075_average,S1-only,44,0.5,33,858369,163826,32991,12242012
refcut075_average,S1+AEF,42,0.5,33,876726,104973,14634,12300865
refcut075_average,S1+AEF,43,0.5,33,872322,108807,19038,12297031
refcut075_average,S1+AEF,44,0.5,33,877914,100479,13446,12305359
refcut075_average,OPERA,,0.5,33,816998,118496,74362,12287342
s2_native@0_0,S1-only,42,0.3,33,31327,16435,1594,1098011
s2_native@0_0,S1-only,43,0.3,33,31674,24248,1247,1090198
s2_native@0_0,S1-only,44,0.3,33,31304,16263,1617,1098183
s2_native@0_0,S1+AEF,42,0.3,33,32655,5495,266,1108951
s2_native@0_0,S1+AEF,43,0.3,33,32644,5614,277,1108832
s2_native@0_0,S1+AEF,44,0.3,33,32646,5101,275,1109345
s2_native@0_0,OPERA,,0.3,33,27878,4162,5043,1110284
s2_native@0_0,S1-only,42,0.5,33,30899,12027,2022,1102419
s2_native@0_0,S1-only,43,0.5,33,31286,18183,1635,1096263
s2_native@0_0,S1-only,44,0.5,33,30842,11503,2079,1102943
s2_native@0_0,S1+AEF,42,0.5,33,32566,3881,355,1110565
s2_native@0_0,S1+AEF,43,0.5,33,32549,3958,372,1110488
s2_native@0_0,S1+AEF,44,0.5,33,32532,3530,389,1110916
s2_native@0_0,OPERA,,0.5,33,27878,4162,5043,1110284
s2_frozen@0_0,S1-only,42,0.3,33,31327,16435,1594,1098011
s2_frozen@0_0,S1-only,43,0.3,33,31674,24248,1247,1090198
s2_frozen@0_0,S1-only,44,0.3,33,31304,16263,1617,1098183
s2_frozen@0_0,S1+AEF,42,0.3,33,32655,5495,266,1108951
s2_frozen@0_0,S1+AEF,43,0.3,33,32644,5614,277,1108832
s2_frozen@0_0,S1+AEF,44,0.3,33,32646,5101,275,1109345
s2_frozen@0_0,OPERA,,0.3,33,27878,4162,5043,1110284
s2_frozen@0_0,S1-only,42,0.5,33,30899,12027,2022,1102419
s2_frozen@0_0,S1-only,43,0.5,33,31286,18183,1635,1096263
s2_frozen@0_0,S1-only,44,0.5,33,30842,11503,2079,1102943
s2_frozen@0_0,S1+AEF,42,0.5,33,32566,3881,355,1110565
s2_frozen@0_0,S1+AEF,43,0.5,33,32549,3958,372,1110488
s2_frozen@0_0,S1+AEF,44,0.5,33,32532,3530,389,1110916
s2_frozen@0_0,OPERA,,0.5,33,27878,4162,5043,1110284
s2_native@0_10,S1-only,42,0.3,33,66841,18473,913,1108196
s2_native@0_10,S1-only,43,0.3,33,67077,21021,677,1105648
s2_native@0_10,S1-only,44,0.3,33,66824,18591,930,1108078
s2_native@0_10,S1+AEF,42,0.3,33,67060,11491,694,1115178
s2_native@0_10,S1+AEF,43,0.3,33,67182,12208,572,1114461
s2_native@0_10,S1+AEF,44,0.3,33,67039,11085,715,1115584
s2_native@0_10,OPERA,,0.3,33,58456,7266,9298,1119403
s2_native@0_10,S1-only,42,0.5,33,66448,13335,1306,1113334
s2_native@0_10,S1-only,43,0.5,33,66825,15651,929,1111018
s2_native@0_10,S1-only,44,0.5,33,66469,13359,1285,1113310
s2_native@0_10,S1+AEF,42,0.5,33,66470,7174,1284,1119495
s2_native@0_10,S1+AEF,43,0.5,33,66652,7703,1102,1118966
s2_native@0_10,S1+AEF,44,0.5,33,66364,6849,1390,1119820
s2_native@0_10,OPERA,,0.5,33,58456,7266,9298,1119403
s2_frozen@0_10,S1-only,42,0.3,33,66829,18392,933,1108269
s2_frozen@0_10,S1-only,43,0.3,33,67063,21035,699,1105626
s2_frozen@0_10,S1-only,44,0.3,33,66808,18528,954,1108133
s2_frozen@0_10,S1+AEF,42,0.3,33,67057,11581,705,1115080
s2_frozen@0_10,S1+AEF,43,0.3,33,67170,12267,592,1114394
s2_frozen@0_10,S1+AEF,44,0.3,33,67026,11175,736,1115486
s2_frozen@0_10,OPERA,,0.3,33,57829,7893,9933,1118768
s2_frozen@0_10,S1-only,42,0.5,33,66460,13374,1302,1113287
s2_frozen@0_10,S1-only,43,0.5,33,66830,15662,932,1110999
s2_frozen@0_10,S1-only,44,0.5,33,66442,13435,1320,1113226
s2_frozen@0_10,S1+AEF,42,0.5,33,66470,7208,1292,1119453
s2_frozen@0_10,S1+AEF,43,0.5,33,66656,7742,1106,1118919
s2_frozen@0_10,S1+AEF,44,0.5,33,66345,6889,1417,1119772
s2_frozen@0_10,OPERA,,0.5,33,57829,7893,9933,1118768
s2_native@0_20,S1-only,42,0.3,33,901287,173874,37087,12181243
s2_native@0_20,S1-only,43,0.3,33,904976,209494,33398,12145623
s2_native@0_20,S1-only,44,0.3,33,902536,171061,35838,12184056
s2_native@0_20,S1+AEF,42,0.3,33,923777,99202,14597,12255915
s2_native@0_20,S1+AEF,43,0.3,33,919339,103289,19035,12251828
s2_native@0_20,S1+AEF,44,0.3,33,924814,94623,13560,12260494
s2_native@0_20,OPERA,,0.3,33,827719,107507,110655,12247610
s2_native@0_20,S1-only,42,0.5,33,897010,127069,41364,12228048
s2_native@0_20,S1-only,43,0.5,33,901355,156991,37019,12198126
s2_native@0_20,S1-only,44,0.5,33,897932,124207,40442,12230910
s2_native@0_20,S1+AEF,42,0.5,33,916440,65110,21934,12290007
s2_native@0_20,S1+AEF,43,0.5,33,912669,68290,25705,12286827
s2_native@0_20,S1+AEF,44,0.5,33,917209,61076,21165,12294041
s2_native@0_20,OPERA,,0.5,33,827719,107507,110655,12247610
s2_frozen@0_20,S1-only,42,0.3,33,901308,173828,37092,12181325
s2_frozen@0_20,S1-only,43,0.3,33,905088,209734,33312,12145419
s2_frozen@0_20,S1-only,44,0.3,33,902587,171002,35813,12184151
s2_frozen@0_20,S1+AEF,42,0.3,33,923865,99097,14535,12256056
s2_frozen@0_20,S1+AEF,43,0.3,33,919374,103200,19026,12251953
s2_frozen@0_20,S1+AEF,44,0.3,33,924841,94587,13559,12260566
s2_frozen@0_20,OPERA,,0.3,33,834843,100389,103557,12254764
s2_frozen@0_20,S1-only,42,0.5,33,897092,126807,41308,12228346
s2_frozen@0_20,S1-only,43,0.5,33,901364,156845,37036,12198308
s2_frozen@0_20,S1-only,44,0.5,33,898068,123848,40332,12231305
s2_frozen@0_20,S1+AEF,42,0.5,33,916403,65024,21997,12290129
s2_frozen@0_20,S1+AEF,43,0.5,33,912767,68092,25633,12287061
s2_frozen@0_20,S1+AEF,44,0.5,33,917183,60943,21217,12294210
s2_frozen@0_20,OPERA,,0.5,33,834843,100389,103557,12254764
s2_native@10_0,S1-only,42,0.3,33,784,876,9,104546
s2_native@10_0,S1-only,43,0.3,33,787,1210,6,104212
s2_native@10_0,S1-only,44,0.3,33,781,893,12,104529
s2_native@10_0,S1+AEF,42,0.3,33,790,521,3,104901
s2_native@10_0,S1+AEF,43,0.3,33,790,541,3,104881
s2_native@10_0,S1+AEF,44,0.3,33,790,515,3,104907
s2_native@10_0,OPERA,,0.3,33,463,1231,330,104191
s2_native@10_0,S1-only,42,0.5,33,779,629,14,104793
s2_native@10_0,S1-only,43,0.5,33,782,889,11,104533
s2_native@10_0,S1-only,44,0.5,33,778,671,15,104751
s2_native@10_0,S1+AEF,42,0.5,33,790,382,3,105040
s2_native@10_0,S1+AEF,43,0.5,33,789,396,4,105026
s2_native@10_0,S1+AEF,44,0.5,33,788,357,5,105065
s2_native@10_0,OPERA,,0.5,33,463,1231,330,104191
s2_frozen@10_0,S1-only,42,0.3,33,772,889,13,104869
s2_frozen@10_0,S1-only,43,0.3,33,774,1230,11,104528
s2_frozen@10_0,S1-only,44,0.3,33,771,944,14,104814
s2_frozen@10_0,S1+AEF,42,0.3,33,780,544,5,105214
s2_frozen@10_0,S1+AEF,43,0.3,33,780,563,5,105195
s2_frozen@10_0,S1+AEF,44,0.3,33,780,525,5,105233
s2_frozen@10_0,OPERA,,0.3,33,517,1181,268,104577
s2_frozen@10_0,S1-only,42,0.5,33,769,631,16,105127
s2_frozen@10_0,S1-only,43,0.5,33,773,883,12,104875
s2_frozen@10_0,S1-only,44,0.5,33,767,652,18,105106
s2_frozen@10_0,S1+AEF,42,0.5,33,780,397,5,105361
s2_frozen@10_0,S1+AEF,43,0.5,33,779,401,6,105357
s2_frozen@10_0,S1+AEF,44,0.5,33,778,374,7,105384
s2_frozen@10_0,OPERA,,0.5,33,517,1181,268,104577
s2_native@10_10,S1-only,42,0.3,33,7713,1680,106,97072
s2_native@10_10,S1-only,43,0.3,33,7742,1938,77,96814
s2_native@10_10,S1-only,44,0.3,33,7699,1634,120,97118
s2_native@10_10,S1+AEF,42,0.3,33,7717,833,102,97919
s2_native@10_10,S1+AEF,43,0.3,33,7742,919,77,97833
s2_native@10_10,S1+AEF,44,0.3,33,7708,766,111,97986
s2_native@10_10,OPERA,,0.3,33,6673,804,1146,97948
s2_native@10_10,S1-only,42,0.5,33,7681,1197,138,97555
s2_native@10_10,S1-only,43,0.5,33,7718,1414,101,97338
s2_native@10_10,S1-only,44,0.5,33,7667,1190,152,97562
s2_native@10_10,S1+AEF,42,0.5,33,7640,461,179,98291
s2_native@10_10,S1+AEF,43,0.5,33,7670,525,149,98227
s2_native@10_10,S1+AEF,44,0.5,33,7610,414,209,98338
s2_native@10_10,OPERA,,0.5,33,6673,804,1146,97948
s2_frozen@10_10,S1-only,42,0.3,33,7737,1693,111,97357
s2_frozen@10_10,S1-only,43,0.3,33,7766,1930,82,97120
s2_frozen@10_10,S1-only,44,0.3,33,7720,1668,128,97382
s2_frozen@10_10,S1+AEF,42,0.3,33,7745,868,103,98182
s2_frozen@10_10,S1+AEF,43,0.3,33,7763,968,85,98082
s2_frozen@10_10,S1+AEF,44,0.3,33,7731,792,117,98258
s2_frozen@10_10,OPERA,,0.3,33,6902,575,946,98475
s2_frozen@10_10,S1-only,42,0.5,33,7701,1206,147,97844
s2_frozen@10_10,S1-only,43,0.5,33,7736,1428,112,97622
s2_frozen@10_10,S1-only,44,0.5,33,7684,1174,164,97876
s2_frozen@10_10,S1+AEF,42,0.5,33,7667,475,181,98575
s2_frozen@10_10,S1+AEF,43,0.5,33,7700,534,148,98516
s2_frozen@10_10,S1+AEF,44,0.5,33,7634,419,214,98631
s2_frozen@10_10,OPERA,,0.5,33,6902,575,946,98475
s2_native@10_20,S1-only,42,0.3,33,55514,10793,3777,1121745
s2_native@10_20,S1-only,43,0.3,33,55626,13467,3665,1119071
s2_native@10_20,S1-only,44,0.3,33,55480,10663,3811,1121875
s2_native@10_20,S1+AEF,42,0.3,33,57798,5293,1493,1127245
s2_native@10_20,S1+AEF,43,0.3,33,57321,5510,1970,1127028
s2_native@10_20,S1+AEF,44,0.3,33,58206,5095,1085,1127443
s2_native@10_20,OPERA,,0.3,33,51444,7564,7847,1124974
s2_native@10_20,S1-only,42,0.5,33,55271,7854,4020,1124684
s2_native@10_20,S1-only,43,0.5,33,55432,10215,3859,1122323
s2_native@10_20,S1-only,44,0.5,33,55240,7831,4051,1124707
s2_native@10_20,S1+AEF,42,0.5,33,57182,3523,2109,1129015
s2_native@10_20,S1+AEF,43,0.5,33,56589,3659,2702,1128879
s2_native@10_20,S1+AEF,44,0.5,33,57592,3322,1699,1129216
s2_native@10_20,OPERA,,0.5,33,51444,7564,7847,1124974
s2_frozen@10_20,S1-only,42,0.3,33,55677,10764,3803,1125248
s2_frozen@10_20,S1-only,43,0.3,33,55814,13475,3666,1122537
s2_frozen@10_20,S1-only,44,0.3,33,55647,10693,3833,1125319
s2_frozen@10_20,S1+AEF,42,0.3,33,57992,5297,1488,1130715
s2_frozen@10_20,S1+AEF,43,0.3,33,57489,5521,1991,1130491
s2_frozen@10_20,S1+AEF,44,0.3,33,58377,5124,1103,1130888
s2_frozen@10_20,OPERA,,0.3,33,52586,6550,6894,1129462
s2_frozen@10_20,S1-only,42,0.5,33,55446,7833,4034,1128179
s2_frozen@10_20,S1-only,43,0.5,33,55609,10113,3871,1125899
s2_frozen@10_20,S1-only,44,0.5,33,55422,7770,4058,1128242
s2_frozen@10_20,S1+AEF,42,0.5,33,57353,3535,2127,1132477
s2_frozen@10_20,S1+AEF,43,0.5,33,56775,3679,2705,1132333
s2_frozen@10_20,S1+AEF,44,0.5,33,57765,3329,1715,1132683
s2_frozen@10_20,OPERA,,0.5,33,52586,6550,6894,1129462
paper,S1-only,42,0.3,35,464664,98946,4441,11056658
paper,S1-only,43,0.3,35,465178,156542,3927,10999062
paper,S1-only,44,0.3,35,464277,110952,4828,11044652
paper,S1+AEF,42,0.3,35,465558,37442,3547,11118162
paper,S1+AEF,43,0.3,35,465574,36941,3531,11118663
paper,S1+AEF,44,0.3,35,465371,36045,3734,11119559
paper,OPERA,,0.3,35,457846,10064,11259,11145540
paper,S1-only,42,0.5,35,463770,64658,5335,11090946
paper,S1-only,43,0.5,35,464544,105095,4561,11050509
paper,S1-only,44,0.5,35,463421,75125,5684,11080479
paper,S1+AEF,42,0.5,35,464993,26789,4112,11128815
paper,S1+AEF,43,0.5,35,464990,25886,4115,11129718
paper,S1+AEF,44,0.5,35,464673,25471,4432,11130133
paper,OPERA,,0.5,35,457846,10064,11259,11145540
s1_average,S1-only,42,0.3,35,464650,98159,4455,11057445
s1_average,S1-only,43,0.3,35,465174,155413,3931,11000191
s1_average,S1-only,44,0.3,35,464249,110234,4856,11045370
s1_average,S1+AEF,42,0.3,35,465587,36468,3518,11119136
s1_average,S1+AEF,43,0.3,35,465591,36022,3514,11119582
s1_average,S1+AEF,44,0.3,35,465396,35124,3709,11120480
s1_average,OPERA,,0.3,35,457846,10064,11259,11145540
s1_average,S1-only,42,0.5,35,463802,66614,5303,11088990
s1_average,S1-only,43,0.5,35,464589,107635,4516,11047969
s1_average,S1-only,44,0.5,35,463469,76646,5636,11078958
s1_average,S1+AEF,42,0.5,35,465083,27243,4022,11128361
s1_average,S1+AEF,43,0.5,35,465096,26327,4009,11129277
s1_average,S1+AEF,44,0.5,35,464773,25914,4332,11129690
s1_average,OPERA,,0.5,35,457846,10064,11259,11145540
opera_union,S1-only,42,0.3,35,464664,98946,4441,11056658
opera_union,S1-only,43,0.3,35,465178,156542,3927,10999062
opera_union,S1-only,44,0.3,35,464277,110952,4828,11044652
opera_union,S1+AEF,42,0.3,35,465558,37442,3547,11118162
opera_union,S1+AEF,43,0.3,35,465574,36941,3531,11118663
opera_union,S1+AEF,44,0.3,35,465371,36045,3734,11119559
opera_union,OPERA,,0.3,35,457846,10064,11259,11145540
opera_union,S1-only,42,0.5,35,463770,64658,5335,11090946
opera_union,S1-only,43,0.5,35,464544,105095,4561,11050509
opera_union,S1-only,44,0.5,35,463421,75125,5684,11080479
opera_union,S1+AEF,42,0.5,35,464993,26789,4112,11128815
opera_union,S1+AEF,43,0.5,35,464990,25886,4115,11129718
opera_union,S1+AEF,44,0.5,35,464673,25471,4432,11130133
opera_union,OPERA,,0.5,35,457846,10064,11259,11145540
s3_pure_paper,S1-only,42,0.3,35,449735,83158,1554,11046793
s3_pure_paper,S1-only,43,0.3,35,449974,140043,1315,10989908
s3_pure_paper,S1-only,44,0.3,35,449656,95823,1633,11034128
s3_pure_paper,S1+AEF,42,0.3,35,449922,20184,1367,11109767
s3_pure_paper,S1+AEF,43,0.3,35,449913,19686,1376,11110265
s3_pure_paper,S1+AEF,44,0.3,35,449887,19127,1402,11110824
s3_pure_paper,OPERA,,0.3,35,448609,5991,2680,11123960
s3_pure_paper,S1-only,42,0.5,35,449446,51110,1843,11078841
s3_pure_paper,S1-only,43,0.5,35,449803,90636,1486,11039315
s3_pure_paper,S1-only,44,0.5,35,449397,62315,1892,11067636
s3_pure_paper,S1+AEF,42,0.5,35,449824,12282,1465,11117669
s3_pure_paper,S1+AEF,43,0.5,35,449819,11630,1470,11118321
s3_pure_paper,S1+AEF,44,0.5,35,449742,11432,1547,11118519
s3_pure_paper,OPERA,,0.5,35,448609,5991,2680,11123960
s3_pure_average,S1-only,42,0.3,35,449727,82599,1562,11047352
s3_pure_average,S1-only,43,0.3,35,449970,139103,1319,10990848
s3_pure_average,S1-only,44,0.3,35,449644,95298,1645,11034653
s3_pure_average,S1+AEF,42,0.3,35,449927,19414,1362,11110537
s3_pure_average,S1+AEF,43,0.3,35,449916,18936,1373,11111015
s3_pure_average,S1+AEF,44,0.3,35,449883,18401,1406,11111550
s3_pure_average,OPERA,,0.3,35,448609,5991,2680,11123960
s3_pure_average,S1-only,42,0.5,35,449442,52996,1847,11076955
s3_pure_average,S1-only,43,0.5,35,449811,93103,1478,11036848
s3_pure_average,S1-only,44,0.5,35,449406,63748,1883,11066203
s3_pure_average,S1+AEF,42,0.5,35,449842,12572,1447,11117379
s3_pure_average,S1+AEF,43,0.5,35,449832,11896,1457,11118055
s3_pure_average,S1+AEF,44,0.5,35,449757,11703,1532,11118248
s3_pure_average,OPERA,,0.5,35,448609,5991,2680,11123960
refcut025_paper,S1-only,42,0.3,35,471884,91726,7289,11053810
refcut025_paper,S1-only,43,0.3,35,472640,149080,6533,10996456
refcut025_paper,S1-only,44,0.3,35,471244,103985,7929,11041551
refcut025_paper,S1+AEF,42,0.3,35,473458,29542,5715,11115994
refcut025_paper,S1+AEF,43,0.3,35,473506,29009,5667,11116527
refcut025_paper,S1+AEF,44,0.3,35,473141,28275,6032,11117261
refcut025_paper,OPERA,,0.3,35,460416,7494,18757,11138042
refcut025_paper,S1-only,42,0.5,35,470308,58120,8865,11087416
refcut025_paper,S1-only,43,0.5,35,471403,98236,7770,11047300
refcut025_paper,S1-only,44,0.5,35,469667,68879,9506,11076657
refcut025_paper,S1+AEF,42,0.5,35,472150,19632,7023,11125904
refcut025_paper,S1+AEF,43,0.5,35,472113,18763,7060,11126773
refcut025_paper,S1+AEF,44,0.5,35,471636,18508,7537,11127028
refcut025_paper,OPERA,,0.5,35,460416,7494,18757,11138042
refcut025_average,S1-only,42,0.3,35,471814,90995,7359,11054541
refcut025_average,S1-only,43,0.3,35,472583,148004,6590,10997532
refcut025_average,S1-only,44,0.3,35,471173,103310,8000,11042226
refcut025_average,S1+AEF,42,0.3,35,473480,28575,5693,11116961
refcut025_average,S1+AEF,43,0.3,35,473523,28090,5650,11117446
refcut025_average,S1+AEF,44,0.3,35,473161,27359,6012,11118177
refcut025_average,OPERA,,0.3,35,460416,7494,18757,11138042
refcut025_average,S1-only,42,0.5,35,470364,60052,8809,11085484
refcut025_average,S1-only,43,0.5,35,471483,100741,7690,11044795
refcut025_average,S1-only,44,0.5,35,469744,70371,9429,11075165
refcut025_average,S1+AEF,42,0.5,35,472322,20004,6851,11125532
refcut025_average,S1+AEF,43,0.5,35,472317,19106,6856,11126430
refcut025_average,S1+AEF,44,0.5,35,471825,18862,7348,11126674
refcut025_average,OPERA,,0.5,35,460416,7494,18757,11138042
refcut075_paper,S1-only,42,0.3,35,457824,105786,2727,11058372
refcut075_paper,S1-only,43,0.3,35,458174,163546,2377,11000612
refcut075_paper,S1-only,44,0.3,35,457608,117621,2943,11046537
refcut075_paper,S1+AEF,42,0.3,35,458281,44719,2270,11119439
refcut075_paper,S1+AEF,43,0.3,35,458279,44236,2272,11119922
refcut075_paper,S1+AEF,44,0.3,35,458174,43242,2377,11120916
refcut075_paper,OPERA,,0.3,35,454514,13396,6037,11150762
refcut075_paper,S1-only,42,0.5,35,457306,71122,3245,11093036
refcut075_paper,S1-only,43,0.5,35,457844,111795,2707,11052363
refcut075_paper,S1-only,44,0.5,35,457146,81400,3405,11082758
refcut075_paper,S1+AEF,42,0.5,35,458023,33759,2528,11130399
refcut075_paper,S1+AEF,43,0.5,35,458019,32857,2532,11131301
refcut075_paper,S1+AEF,44,0.5,35,457845,32299,2706,11131859
refcut075_paper,OPERA,,0.5,35,454514,13396,6037,11150762
refcut075_average,S1-only,42,0.3,35,457811,104998,2740,11059160
refcut075_average,S1-only,43,0.3,35,458170,162417,2381,11001741
refcut075_average,S1-only,44,0.3,35,457593,116890,2958,11047268
refcut075_average,S1+AEF,42,0.3,35,458294,43761,2257,11120397
refcut075_average,S1+AEF,43,0.3,35,458288,43325,2263,11120833
refcut075_average,S1+AEF,44,0.3,35,458178,42342,2373,11121816
refcut075_average,OPERA,,0.3,35,454514,13396,6037,11150762
refcut075_average,S1-only,42,0.5,35,457317,73099,3234,11091059
refcut075_average,S1-only,43,0.5,35,457869,114355,2682,11049803
refcut075_average,S1-only,44,0.5,35,457168,82947,3383,11081211
refcut075_average,S1+AEF,42,0.5,35,458070,34256,2481,11129902
refcut075_average,S1+AEF,43,0.5,35,458064,33359,2487,11130799
refcut075_average,S1+AEF,44,0.5,35,457888,32799,2663,11131359
refcut075_average,OPERA,,0.5,35,454514,13396,6037,11150762
s2_native@0_0,S1-only,42,0.3,35,1301,1773,1025,54147
s2_native@0_0,S1-only,43,0.3,35,1407,2345,919,53575
s2_native@0_0,S1-only,44,0.3,35,1266,1530,1060,54390
s2_native@0_0,S1+AEF,42,0.3,35,1360,1506,966,54414
s2_native@0_0,S1+AEF,43,0.3,35,1362,1551,964,54369
s2_native@0_0,S1+AEF,44,0.3,35,1316,1358,1010,54562
s2_native@0_0,OPERA,,0.3,35,1086,582,1240,55338
s2_native@0_0,S1-only,42,0.5,35,1192,1291,1134,54629
s2_native@0_0,S1-only,43,0.5,35,1330,1798,996,54122
s2_native@0_0,S1-only,44,0.5,35,1164,1108,1162,54812
s2_native@0_0,S1+AEF,42,0.5,35,1296,1168,1030,54752
s2_native@0_0,S1+AEF,43,0.5,35,1298,1153,1028,54767
s2_native@0_0,S1+AEF,44,0.5,35,1225,1054,1101,54866
s2_native@0_0,OPERA,,0.5,35,1086,582,1240,55338
s2_frozen@0_0,S1-only,42,0.3,35,1301,1773,1025,54147
s2_frozen@0_0,S1-only,43,0.3,35,1407,2345,919,53575
s2_frozen@0_0,S1-only,44,0.3,35,1266,1530,1060,54390
s2_frozen@0_0,S1+AEF,42,0.3,35,1360,1506,966,54414
s2_frozen@0_0,S1+AEF,43,0.3,35,1362,1551,964,54369
s2_frozen@0_0,S1+AEF,44,0.3,35,1316,1358,1010,54562
s2_frozen@0_0,OPERA,,0.3,35,1086,582,1240,55338
s2_frozen@0_0,S1-only,42,0.5,35,1192,1291,1134,54629
s2_frozen@0_0,S1-only,43,0.5,35,1330,1798,996,54122
s2_frozen@0_0,S1-only,44,0.5,35,1164,1108,1162,54812
s2_frozen@0_0,S1+AEF,42,0.5,35,1296,1168,1030,54752
s2_frozen@0_0,S1+AEF,43,0.5,35,1298,1153,1028,54767
s2_frozen@0_0,S1+AEF,44,0.5,35,1225,1054,1101,54866
s2_frozen@0_0,OPERA,,0.5,35,1086,582,1240,55338
s2_native@0_10,S1-only,42,0.3,35,5648,6974,1234,456036
s2_native@0_10,S1-only,43,0.3,35,5845,10265,1037,452745
s2_native@0_10,S1-only,44,0.3,35,5539,5395,1343,457615
s2_native@0_10,S1+AEF,42,0.3,35,5798,3401,1084,459609
s2_native@0_10,S1+AEF,43,0.3,35,5795,3427,1087,459583
s2_native@0_10,S1+AEF,44,0.3,35,5715,3095,1167,459915
s2_native@0_10,OPERA,,0.3,35,5107,1122,1775,461888
s2_native@0_10,S1-only,42,0.5,35,5480,4852,1402,458158
s2_native@0_10,S1-only,43,0.5,35,5690,7102,1192,455908
s2_native@0_10,S1-only,44,0.5,35,5354,3695,1528,459315
s2_native@0_10,S1+AEF,42,0.5,35,5658,2415,1224,460595
s2_native@0_10,S1+AEF,43,0.5,35,5682,2364,1200,460646
s2_native@0_10,S1+AEF,44,0.5,35,5515,2102,1367,460908
s2_native@0_10,OPERA,,0.5,35,5107,1122,1775,461888
s2_frozen@0_10,S1-only,42,0.3,35,5669,6938,1189,456174
s2_frozen@0_10,S1-only,43,0.3,35,5840,10212,1018,452900
s2_frozen@0_10,S1-only,44,0.3,35,5543,5388,1315,457724
s2_frozen@0_10,S1+AEF,42,0.3,35,5780,3458,1078,459654
s2_frozen@0_10,S1+AEF,43,0.3,35,5792,3489,1066,459623
s2_frozen@0_10,S1+AEF,44,0.3,35,5686,3117,1172,459995
s2_frozen@0_10,OPERA,,0.3,35,5069,1156,1789,461956
s2_frozen@0_10,S1-only,42,0.5,35,5477,4854,1381,458258
s2_frozen@0_10,S1-only,43,0.5,35,5710,7092,1148,456020
s2_frozen@0_10,S1-only,44,0.5,35,5368,3729,1490,459383
s2_frozen@0_10,S1+AEF,42,0.5,35,5647,2384,1211,460728
s2_frozen@0_10,S1+AEF,43,0.5,35,5665,2354,1193,460758
s2_frozen@0_10,S1+AEF,44,0.5,35,5518,2127,1340,460985
s2_frozen@0_10,OPERA,,0.5,35,5069,1156,1789,461956
s2_native@0_20,S1-only,42,0.3,35,0,0,0,0
s2_native@0_20,S1-only,43,0.3,35,0,0,0,0
s2_native@0_20,S1-only,44,0.3,35,0,0,0,0
s2_native@0_20,S1+AEF,42,0.3,35,0,0,0,0
s2_native@0_20,S1+AEF,43,0.3,35,0,0,0,0
s2_native@0_20,S1+AEF,44,0.3,35,0,0,0,0
s2_native@0_20,OPERA,,0.3,35,0,0,0,0
s2_native@0_20,S1-only,42,0.5,35,0,0,0,0
s2_native@0_20,S1-only,43,0.5,35,0,0,0,0
s2_native@0_20,S1-only,44,0.5,35,0,0,0,0
s2_native@0_20,S1+AEF,42,0.5,35,0,0,0,0
s2_native@0_20,S1+AEF,43,0.5,35,0,0,0,0
s2_native@0_20,S1+AEF,44,0.5,35,0,0,0,0
s2_native@0_20,OPERA,,0.5,35,0,0,0,0
s2_frozen@0_20,S1-only,42,0.3,35,0,0,0,0
s2_frozen@0_20,S1-only,43,0.3,35,0,0,0,0
s2_frozen@0_20,S1-only,44,0.3,35,0,0,0,0
s2_frozen@0_20,S1+AEF,42,0.3,35,0,0,0,0
s2_frozen@0_20,S1+AEF,43,0.3,35,0,0,0,0
s2_frozen@0_20,S1+AEF,44,0.3,35,0,0,0,0
s2_frozen@0_20,OPERA,,0.3,35,0,0,0,0
s2_frozen@0_20,S1-only,42,0.5,35,0,0,0,0
s2_frozen@0_20,S1-only,43,0.5,35,0,0,0,0
s2_frozen@0_20,S1-only,44,0.5,35,0,0,0,0
s2_frozen@0_20,S1+AEF,42,0.5,35,0,0,0,0
s2_frozen@0_20,S1+AEF,43,0.5,35,0,0,0,0
s2_frozen@0_20,S1+AEF,44,0.5,35,0,0,0,0
s2_frozen@0_20,OPERA,,0.5,35,0,0,0,0
s2_native@10_0,S1-only,42,0.3,35,0,173,0,92026
s2_native@10_0,S1-only,43,0.3,35,0,341,0,91858
s2_native@10_0,S1-only,44,0.3,35,0,107,0,92092
s2_native@10_0,S1+AEF,42,0.3,35,0,33,0,92166
s2_native@10_0,S1+AEF,43,0.3,35,0,30,0,92169
s2_native@10_0,S1+AEF,44,0.3,35,0,31,0,92168
s2_native@10_0,OPERA,,0.3,35,0,6,0,92193
s2_native@10_0,S1-only,42,0.5,35,0,80,0,92119
s2_native@10_0,S1-only,43,0.5,35,0,197,0,92002
s2_native@10_0,S1-only,44,0.5,35,0,58,0,92141
s2_native@10_0,S1+AEF,42,0.5,35,0,26,0,92173
s2_native@10_0,S1+AEF,43,0.5,35,0,27,0,92172
s2_native@10_0,S1+AEF,44,0.5,35,0,23,0,92176
s2_native@10_0,OPERA,,0.5,35,0,6,0,92193
s2_frozen@10_0,S1-only,42,0.3,35,0,173,0,92026
s2_frozen@10_0,S1-only,43,0.3,35,0,340,0,91859
s2_frozen@10_0,S1-only,44,0.3,35,0,102,0,92097
s2_frozen@10_0,S1+AEF,42,0.3,35,0,31,0,92168
s2_frozen@10_0,S1+AEF,43,0.3,35,0,34,0,92165
s2_frozen@10_0,S1+AEF,44,0.3,35,0,29,0,92170
s2_frozen@10_0,OPERA,,0.3,35,0,6,0,92193
s2_frozen@10_0,S1-only,42,0.5,35,0,79,0,92120
s2_frozen@10_0,S1-only,43,0.5,35,0,187,0,92012
s2_frozen@10_0,S1-only,44,0.5,35,0,59,0,92140
s2_frozen@10_0,S1+AEF,42,0.5,35,0,23,0,92176
s2_frozen@10_0,S1+AEF,43,0.5,35,0,24,0,92175
s2_frozen@10_0,S1+AEF,44,0.5,35,0,23,0,92176
s2_frozen@10_0,OPERA,,0.5,35,0,6,0,92193
s2_native@10_10,S1-only,42,0.3,35,899,7179,381,1148692
s2_native@10_10,S1-only,43,0.3,35,920,11075,360,1144796
s2_native@10_10,S1-only,44,0.3,35,893,8336,387,1147535
s2_native@10_10,S1+AEF,42,0.3,35,805,1487,475,1154384
s2_native@10_10,S1+AEF,43,0.3,35,793,1482,487,1154389
s2_native@10_10,S1+AEF,44,0.3,35,804,1470,476,1154401
s2_native@10_10,OPERA,,0.3,35,622,671,658,1155200
s2_native@10_10,S1-only,42,0.5,35,865,4922,415,1150949
s2_native@10_10,S1-only,43,0.5,35,891,8155,389,1147716
s2_native@10_10,S1-only,44,0.5,35,852,6137,428,1149734
s2_native@10_10,S1+AEF,42,0.5,35,785,1084,495,1154787
s2_native@10_10,S1+AEF,43,0.5,35,784,1044,496,1154827
s2_native@10_10,S1+AEF,44,0.5,35,787,1097,493,1154774
s2_native@10_10,OPERA,,0.5,35,622,671,658,1155200
s2_frozen@10_10,S1-only,42,0.3,35,842,7204,375,1149073
s2_frozen@10_10,S1-only,43,0.3,35,861,11082,356,1145195
s2_frozen@10_10,S1-only,44,0.3,35,841,8381,376,1147896
s2_frozen@10_10,S1+AEF,42,0.3,35,769,1502,448,1154775
s2_frozen@10_10,S1+AEF,43,0.3,35,759,1490,458,1154787
s2_frozen@10_10,S1+AEF,44,0.3,35,768,1480,449,1154797
s2_frozen@10_10,OPERA,,0.3,35,573,719,644,1155558
s2_frozen@10_10,S1-only,42,0.5,35,820,4928,397,1151349
s2_frozen@10_10,S1-only,43,0.5,35,838,8175,379,1148102
s2_frozen@10_10,S1-only,44,0.5,35,817,6189,400,1150088
s2_frozen@10_10,S1+AEF,42,0.5,35,756,1146,461,1155131
s2_frozen@10_10,S1+AEF,43,0.5,35,749,1115,468,1155162
s2_frozen@10_10,S1+AEF,44,0.5,35,752,1138,465,1155139
s2_frozen@10_10,OPERA,,0.5,35,573,719,644,1155558
s2_native@10_20,S1-only,42,0.3,35,331,732,8,104267
s2_native@10_20,S1-only,43,0.3,35,333,975,6,104024
s2_native@10_20,S1-only,44,0.3,35,331,532,8,104467
s2_native@10_20,S1+AEF,42,0.3,35,332,255,7,104744
s2_native@10_20,S1+AEF,43,0.3,35,333,290,6,104709
s2_native@10_20,S1+AEF,44,0.3,35,333,236,6,104763
s2_native@10_20,OPERA,,0.3,35,262,175,77,104824
s2_native@10_20,S1-only,42,0.5,35,330,495,9,104504
s2_native@10_20,S1-only,43,0.5,35,331,659,8,104340
s2_native@10_20,S1-only,44,0.5,35,331,372,8,104627
s2_native@10_20,S1+AEF,42,0.5,35,331,171,8,104828
s2_native@10_20,S1+AEF,43,0.5,35,331,189,8,104810
s2_native@10_20,S1+AEF,44,0.5,35,331,161,8,104838
s2_native@10_20,OPERA,,0.5,35,262,175,77,104824
s2_frozen@10_20,S1-only,42,0.3,35,333,720,5,104280
s2_frozen@10_20,S1-only,43,0.3,35,333,957,5,104043
s2_frozen@10_20,S1-only,44,0.3,35,333,541,5,104459
s2_frozen@10_20,S1+AEF,42,0.3,35,333,256,5,104744
s2_frozen@10_20,S1+AEF,43,0.3,35,334,303,4,104697
s2_frozen@10_20,S1+AEF,44,0.3,35,333,233,5,104767
s2_frozen@10_20,OPERA,,0.3,35,266,171,72,104829
s2_frozen@10_20,S1-only,42,0.5,35,332,498,6,104502
s2_frozen@10_20,S1-only,43,0.5,35,333,668,5,104332
s2_frozen@10_20,S1-only,44,0.5,35,331,371,7,104629
s2_frozen@10_20,S1+AEF,42,0.5,35,331,176,7,104824
s2_frozen@10_20,S1+AEF,43,0.5,35,332,191,6,104809
s2_frozen@10_20,S1+AEF,44,0.5,35,332,159,6,104841
s2_frozen@10_20,OPERA,,0.5,35,266,171,72,104829
s2_native@20_0,S1-only,42,0.3,35,5896,9229,1910,1017496
s2_native@20_0,S1-only,43,0.3,35,6141,11855,1665,1014870
s2_native@20_0,S1-only,44,0.3,35,5766,7526,2040,1019199
s2_native@20_0,S1+AEF,42,0.3,35,6179,4678,1627,1022047
s2_native@20_0,S1+AEF,43,0.3,35,6207,4826,1599,1021899
s2_native@20_0,S1+AEF,44,0.3,35,5998,4084,1808,1022641
s2_native@20_0,OPERA,,0.3,35,4744,1669,3062,1025056
s2_native@20_0,S1-only,42,0.5,35,5614,6543,2192,1020182
s2_native@20_0,S1-only,43,0.5,35,5928,8651,1878,1018074
s2_native@20_0,S1-only,44,0.5,35,5443,5234,2363,1021491
s2_native@20_0,S1+AEF,42,0.5,35,5974,3447,1832,1023278
s2_native@20_0,S1+AEF,43,0.5,35,5993,3391,1813,1023334
s2_native@20_0,S1+AEF,44,0.5,35,5716,3009,2090,1023716
s2_native@20_0,OPERA,,0.5,35,4744,1669,3062,1025056
s2_frozen@20_0,S1-only,42,0.3,35,5894,9342,1940,1017353
s2_frozen@20_0,S1-only,43,0.3,35,6125,12013,1709,1014682
s2_frozen@20_0,S1-only,44,0.3,35,5747,7585,2087,1019110
s2_frozen@20_0,S1+AEF,42,0.3,35,6153,4682,1681,1022013
s2_frozen@20_0,S1+AEF,43,0.3,35,6185,4804,1649,1021891
s2_frozen@20_0,S1+AEF,44,0.3,35,5970,4084,1864,1022611
s2_frozen@20_0,OPERA,,0.3,35,4983,1430,2851,1025265
s2_frozen@20_0,S1-only,42,0.5,35,5614,6628,2220,1020067
s2_frozen@20_0,S1-only,43,0.5,35,5913,8728,1921,1017967
s2_frozen@20_0,S1-only,44,0.5,35,5446,5306,2388,1021389
s2_frozen@20_0,S1+AEF,42,0.5,35,5937,3471,1897,1023224
s2_frozen@20_0,S1+AEF,43,0.5,35,5965,3392,1869,1023303
s2_frozen@20_0,S1+AEF,44,0.5,35,5669,3024,2165,1023671
s2_frozen@20_0,OPERA,,0.5,35,4983,1430,2851,1025265
s2_native@20_10,S1-only,42,0.3,35,464485,98072,4521,11048539
s2_native@20_10,S1-only,43,0.3,35,465073,155138,3933,10991473
s2_native@20_10,S1-only,44,0.3,35,464179,110044,4827,11036567
s2_native@20_10,S1+AEF,42,0.3,35,465479,36694,3527,11109917
s2_native@20_10,S1+AEF,43,0.3,35,465488,36293,3518,11110318
s2_native@20_10,S1+AEF,44,0.3,35,465271,35448,3735,11111163
s2_native@20_10,OPERA,,0.3,35,456293,11603,12713,11135008
s2_native@20_10,S1-only,42,0.5,35,463790,66658,5216,11079953
s2_native@20_10,S1-only,43,0.5,35,464488,107444,4518,11039167
s2_native@20_10,S1-only,44,0.5,35,463416,76520,5590,11070091
s2_native@20_10,S1+AEF,42,0.5,35,464988,27439,4018,11119172
s2_native@20_10,S1+AEF,43,0.5,35,464990,26520,4016,11120091
s2_native@20_10,S1+AEF,44,0.5,35,464669,26044,4337,11120567
s2_native@20_10,OPERA,,0.5,35,456293,11603,12713,11135008
s2_frozen@20_10,S1-only,42,0.3,35,464645,98097,4442,11051053
s2_frozen@20_10,S1-only,43,0.3,35,465168,155311,3919,10993839
s2_frozen@20_10,S1-only,44,0.3,35,464244,110183,4843,11038967
s2_frozen@20_10,S1+AEF,42,0.3,35,465581,36451,3506,11112699
s2_frozen@20_10,S1+AEF,43,0.3,35,465585,36005,3502,11113145
s2_frozen@20_10,S1+AEF,44,0.3,35,465390,35109,3697,11114041
s2_frozen@20_10,OPERA,,0.3,35,457845,10061,11242,11139089
s2_frozen@20_10,S1-only,42,0.5,35,463798,66572,5289,11082578
s2_frozen@20_10,S1-only,43,0.5,35,464583,107567,4504,11041583
s2_frozen@20_10,S1-only,44,0.5,35,463465,76613,5622,11072537
s2_frozen@20_10,S1+AEF,42,0.5,35,465077,27230,4010,11121920
s2_frozen@20_10,S1+AEF,43,0.5,35,465091,26316,3996,11122834
s2_frozen@20_10,S1+AEF,44,0.5,35,464768,25906,4319,11123244
s2_frozen@20_10,OPERA,,0.5,35,457845,10061,11242,11139089
s2_native@20_20,S1-only,42,0.3,35,1198,5555,70,950418
s2_native@20_20,S1-only,43,0.3,35,1211,7463,57,948510
s2_native@20_20,S1-only,44,0.3,35,1191,4788,77,951185
s2_native@20_20,S1+AEF,42,0.3,35,1227,2313,41,953660
s2_native@20_20,S1+AEF,43,0.3,35,1231,2362,37,953611
s2_native@20_20,S1+AEF,44,0.3,35,1220,2112,48,953861
s2_native@20_20,OPERA,,0.3,35,835,706,433,955267
s2_native@20_20,S1-only,42,0.5,35,1173,3877,95,952096
s2_native@20_20,S1-only,43,0.5,35,1198,5255,70,950718
s2_native@20_20,S1-only,44,0.5,35,1176,3154,92,952819
s2_native@20_20,S1+AEF,42,0.5,35,1212,1679,56,954294
s2_native@20_20,S1+AEF,43,0.5,35,1215,1677,53,954296
s2_native@20_20,S1+AEF,44,0.5,35,1203,1484,65,954489
s2_native@20_20,OPERA,,0.5,35,835,706,433,955267
s2_frozen@20_20,S1-only,42,0.3,35,1171,5500,58,950427
s2_frozen@20_20,S1-only,43,0.3,35,1183,7520,46,948407
s2_frozen@20_20,S1-only,44,0.3,35,1167,4807,62,951120
s2_frozen@20_20,S1+AEF,42,0.3,35,1193,2329,36,953598
s2_frozen@20_20,S1+AEF,43,0.3,35,1191,2386,38,953541
s2_frozen@20_20,S1+AEF,44,0.3,35,1185,2099,44,953828
s2_frozen@20_20,OPERA,,0.3,35,931,610,298,955317
s2_frozen@20_20,S1-only,42,0.5,35,1150,3926,79,952001
s2_frozen@20_20,S1-only,43,0.5,35,1172,5322,57,950605
s2_frozen@20_20,S1-only,44,0.5,35,1153,3221,76,952706
s2_frozen@20_20,S1+AEF,42,0.5,35,1177,1715,52,954212
s2_frozen@20_20,S1+AEF,43,0.5,35,1181,1716,48,954211
s2_frozen@20_20,S1+AEF,44,0.5,35,1170,1507,59,954420
s2_frozen@20_20,OPERA,,0.5,35,931,610,298,955317
paper,S1-only,42,0.3,47,648113,39936,66534,8088841
paper,S1-only,43,0.3,47,651409,46327,63238,8082450
paper,S1-only,44,0.3,47,648392,39561,66255,8089216
paper,S1+AEF,42,0.3,47,675728,60638,38919,8068139
paper,S1+AEF,43,0.3,47,676764,58097,37883,8070680
paper,S1+AEF,44,0.3,47,675128,54485,39519,8074292
paper,OPERA,,0.3,47,573970,13797,140677,8114980
paper,S1-only,42,0.5,47,639711,26714,74936,8102063
paper,S1-only,43,0.5,47,643786,31524,70861,8097253
paper,S1-only,44,0.5,47,640001,26376,74646,8102401
paper,S1+AEF,42,0.5,47,669046,42758,45601,8086019
paper,S1+AEF,43,0.5,47,669280,40243,45367,8088534
paper,S1+AEF,44,0.5,47,667851,37495,46796,8091282
paper,OPERA,,0.5,47,573970,13797,140677,8114980
s1_average,S1-only,42,0.3,47,647188,38217,67459,8090560
s1_average,S1-only,43,0.3,47,650605,44540,64042,8084237
s1_average,S1-only,44,0.3,47,647435,37841,67212,8090936
s1_average,S1+AEF,42,0.3,47,675319,58379,39328,8070398
s1_average,S1+AEF,43,0.3,47,676413,55923,38234,8072854
s1_average,S1+AEF,44,0.3,47,674731,52292,39916,8076485
s1_average,OPERA,,0.3,47,573970,13797,140677,8114980
s1_average,S1-only,42,0.5,47,639915,27114,74732,8101663
s1_average,S1-only,43,0.5,47,643899,31965,70748,8096812
s1_average,S1-only,44,0.5,47,640151,26716,74496,8102061
s1_average,S1+AEF,42,0.5,47,669409,43124,45238,8085653
s1_average,S1+AEF,43,0.5,47,669718,40631,44929,8088146
s1_average,S1+AEF,44,0.5,47,668286,37858,46361,8090919
s1_average,OPERA,,0.5,47,573970,13797,140677,8114980
opera_union,S1-only,42,0.3,47,648113,39936,66534,8088841
opera_union,S1-only,43,0.3,47,651409,46327,63238,8082450
opera_union,S1-only,44,0.3,47,648392,39561,66255,8089216
opera_union,S1+AEF,42,0.3,47,675728,60638,38919,8068139
opera_union,S1+AEF,43,0.3,47,676764,58097,37883,8070680
opera_union,S1+AEF,44,0.3,47,675128,54485,39519,8074292
opera_union,OPERA,,0.3,47,573970,13797,140677,8114980
opera_union,S1-only,42,0.5,47,639711,26714,74936,8102063
opera_union,S1-only,43,0.5,47,643786,31524,70861,8097253
opera_union,S1-only,44,0.5,47,640001,26376,74646,8102401
opera_union,S1+AEF,42,0.5,47,669046,42758,45601,8086019
opera_union,S1+AEF,43,0.5,47,669280,40243,45367,8088534
opera_union,S1+AEF,44,0.5,47,667851,37495,46796,8091282
opera_union,OPERA,,0.5,47,573970,13797,140677,8114980
s3_pure_paper,S1-only,42,0.3,47,620603,20476,35528,8023980
s3_pure_paper,S1-only,43,0.3,47,622754,25342,33377,8019114
s3_pure_paper,S1-only,44,0.3,47,620728,19768,35403,8024688
s3_pure_paper,S1+AEF,42,0.3,47,638084,29573,18047,8014883
s3_pure_paper,S1+AEF,43,0.3,47,638992,27826,17139,8016630
s3_pure_paper,S1+AEF,44,0.3,47,638300,25930,17831,8018526
s3_pure_paper,OPERA,,0.3,47,568124,11361,88007,8033095
s3_pure_paper,S1-only,42,0.5,47,616054,12271,40077,8032185
s3_pure_paper,S1-only,43,0.5,47,618709,15742,37422,8028714
s3_pure_paper,S1-only,44,0.5,47,616124,11722,40007,8032734
s3_pure_paper,S1+AEF,42,0.5,47,634992,18797,21139,8025659
s3_pure_paper,S1+AEF,43,0.5,47,635470,17435,20661,8027021
s3_pure_paper,S1+AEF,44,0.5,47,635043,16279,21088,8028177
s3_pure_paper,OPERA,,0.5,47,568124,11361,88007,8033095
s3_pure_average,S1-only,42,0.3,47,620075,19487,36056,8024969
s3_pure_average,S1-only,43,0.3,47,622285,24291,33846,8020165
s3_pure_average,S1-only,44,0.3,47,620164,18795,35967,8025661
s3_pure_average,S1+AEF,42,0.3,47,637845,28002,18286,8016454
s3_pure_average,S1+AEF,43,0.3,47,638833,26374,17298,8018082
s3_pure_average,S1+AEF,44,0.3,47,638107,24521,18024,8019935
s3_pure_average,OPERA,,0.3,47,568124,11361,88007,8033095
s3_pure_average,S1-only,42,0.5,47,616149,12560,39982,8031896
s3_pure_average,S1-only,43,0.5,47,618730,16099,37401,8028357
s3_pure_average,S1-only,44,0.5,47,616158,11981,39973,8032475
s3_pure_average,S1+AEF,42,0.5,47,635092,18886,21039,8025570
s3_pure_average,S1+AEF,43,0.5,47,635605,17577,20526,8026879
s3_pure_average,S1+AEF,44,0.5,47,635169,16414,20962,8028042
s3_pure_average,OPERA,,0.5,47,568124,11361,88007,8033095
refcut025_paper,S1-only,42,0.3,47,659238,28811,90809,8064566
refcut025_paper,S1-only,43,0.3,47,663258,34478,86789,8058899
refcut025_paper,S1-only,44,0.3,47,659693,28260,90354,8065117
refcut025_paper,S1+AEF,42,0.3,47,692786,43580,57261,8049797
refcut025_paper,S1+AEF,43,0.3,47,693527,41334,56520,8052043
refcut025_paper,S1+AEF,44,0.3,47,691149,38464,58898,8054913
refcut025_paper,OPERA,,0.3,47,575244,12523,174803,8080854
refcut025_paper,S1-only,42,0.5,47,648174,18251,101873,8075126
refcut025_paper,S1-only,43,0.5,47,652952,22358,97095,8071019
refcut025_paper,S1-only,44,0.5,47,648610,17767,101437,8075610
refcut025_paper,S1+AEF,42,0.5,47,682917,28887,67130,8064490
refcut025_paper,S1+AEF,43,0.5,47,682640,26883,67407,8066494
refcut025_paper,S1+AEF,44,0.5,47,680418,24928,69629,8068449
refcut025_paper,OPERA,,0.5,47,575244,12523,174803,8080854
refcut025_average,S1-only,42,0.3,47,657930,27475,92117,8065902
refcut025_average,S1-only,43,0.3,47,662115,33030,87932,8060347
refcut025_average,S1-only,44,0.3,47,658365,26911,91682,8066466
refcut025_average,S1+AEF,42,0.3,47,692169,41529,57878,8051848
refcut025_average,S1+AEF,43,0.3,47,692945,39391,57102,8053986
refcut025_average,S1+AEF,44,0.3,47,690461,36562,59586,8056815
refcut025_average,OPERA,,0.3,47,575244,12523,174803,8080854
refcut025_average,S1-only,42,0.5,47,648432,18597,101615,8074780
refcut025_average,S1-only,43,0.5,47,653100,22764,96947,8070613
refcut025_average,S1-only,44,0.5,47,648801,18066,101246,8075311
refcut025_average,S1+AEF,42,0.5,47,683424,29109,66623,8064268
refcut025_average,S1+AEF,43,0.5,47,683219,27130,66828,8066247
refcut025_average,S1+AEF,44,0.5,47,680999,25145,69048,8068232
refcut025_average,OPERA,,0.5,47,575244,12523,174803,8080854
refcut075_paper,S1-only,42,0.3,47,634749,53300,49138,8106237
refcut075_paper,S1-only,43,0.3,47,637467,60269,46420,8099268
refcut075_paper,S1-only,44,0.3,47,634962,52991,48925,8106546
refcut075_paper,S1+AEF,42,0.3,47,657067,79299,26820,8080238
refcut075_paper,S1+AEF,43,0.3,47,658144,76717,25743,8082820
refcut075_paper,S1+AEF,44,0.3,47,657066,72547,26821,8086990
refcut075_paper,OPERA,,0.3,47,571696,16071,112191,8143466
refcut075_paper,S1-only,42,0.5,47,628661,37764,55226,8121773
refcut075_paper,S1-only,43,0.5,47,631969,43341,51918,8116196
refcut075_paper,S1-only,44,0.5,47,628783,37594,55104,8121943
refcut075_paper,S1+AEF,42,0.5,47,652507,59297,31380,8100240
refcut075_paper,S1+AEF,43,0.5,47,653002,56521,30885,8103016
refcut075_paper,S1+AEF,44,0.5,47,652210,53136,31677,8106401
refcut075_paper,OPERA,,0.5,47,571696,16071,112191,8143466
refcut075_average,S1-only,42,0.3,47,634073,51332,49814,8108205
refcut075_average,S1-only,43,0.3,47,636867,58278,47020,8101259
refcut075_average,S1-only,44,0.3,47,634238,51038,49649,8108499
refcut075_average,S1+AEF,42,0.3,47,656754,76944,27133,8082593
refcut075_average,S1+AEF,43,0.3,47,657918,74418,25969,8085119
refcut075_average,S1+AEF,44,0.3,47,656788,70235,27099,8089302
refcut075_average,OPERA,,0.3,47,571696,16071,112191,8143466
refcut075_average,S1-only,42,0.5,47,628820,38209,55067,8121328
refcut075_average,S1-only,43,0.5,47,632032,43832,51855,8115705
refcut075_average,S1-only,44,0.5,47,628877,37990,55010,8121547
refcut075_average,S1+AEF,42,0.5,47,652701,59832,31186,8099705
refcut075_average,S1+AEF,43,0.5,47,653266,57083,30621,8102454
refcut075_average,S1+AEF,44,0.5,47,652465,53679,31422,8105858
refcut075_average,OPERA,,0.5,47,571696,16071,112191,8143466
s2_native@0_0,S1-only,42,0.3,47,0,0,2,13852
s2_native@0_0,S1-only,43,0.3,47,0,0,2,13852
s2_native@0_0,S1-only,44,0.3,47,0,0,2,13852
s2_native@0_0,S1+AEF,42,0.3,47,0,1,2,13851
s2_native@0_0,S1+AEF,43,0.3,47,0,1,2,13851
s2_native@0_0,S1+AEF,44,0.3,47,0,1,2,13851
s2_native@0_0,OPERA,,0.3,47,0,0,2,13852
s2_native@0_0,S1-only,42,0.5,47,0,0,2,13852
s2_native@0_0,S1-only,43,0.5,47,0,0,2,13852
s2_native@0_0,S1-only,44,0.5,47,0,0,2,13852
s2_native@0_0,S1+AEF,42,0.5,47,0,0,2,13852
s2_native@0_0,S1+AEF,43,0.5,47,0,0,2,13852
s2_native@0_0,S1+AEF,44,0.5,47,0,0,2,13852
s2_native@0_0,OPERA,,0.5,47,0,0,2,13852
s2_frozen@0_0,S1-only,42,0.3,47,0,0,2,13852
s2_frozen@0_0,S1-only,43,0.3,47,0,0,2,13852
s2_frozen@0_0,S1-only,44,0.3,47,0,0,2,13852
s2_frozen@0_0,S1+AEF,42,0.3,47,0,1,2,13851
s2_frozen@0_0,S1+AEF,43,0.3,47,0,1,2,13851
s2_frozen@0_0,S1+AEF,44,0.3,47,0,1,2,13851
s2_frozen@0_0,OPERA,,0.3,47,0,0,2,13852
s2_frozen@0_0,S1-only,42,0.5,47,0,0,2,13852
s2_frozen@0_0,S1-only,43,0.5,47,0,0,2,13852
s2_frozen@0_0,S1-only,44,0.5,47,0,0,2,13852
s2_frozen@0_0,S1+AEF,42,0.5,47,0,0,2,13852
s2_frozen@0_0,S1+AEF,43,0.5,47,0,0,2,13852
s2_frozen@0_0,S1+AEF,44,0.5,47,0,0,2,13852
s2_frozen@0_0,OPERA,,0.5,47,0,0,2,13852
s2_native@0_20,S1-only,42,0.3,47,0,0,0,11021
s2_native@0_20,S1-only,43,0.3,47,0,0,0,11021
s2_native@0_20,S1-only,44,0.3,47,0,0,0,11021
s2_native@0_20,S1+AEF,42,0.3,47,0,0,0,11021
s2_native@0_20,S1+AEF,43,0.3,47,0,0,0,11021
s2_native@0_20,S1+AEF,44,0.3,47,0,0,0,11021
s2_native@0_20,OPERA,,0.3,47,0,0,0,11021
s2_native@0_20,S1-only,42,0.5,47,0,0,0,11021
s2_native@0_20,S1-only,43,0.5,47,0,0,0,11021
s2_native@0_20,S1-only,44,0.5,47,0,0,0,11021
s2_native@0_20,S1+AEF,42,0.5,47,0,0,0,11021
s2_native@0_20,S1+AEF,43,0.5,47,0,0,0,11021
s2_native@0_20,S1+AEF,44,0.5,47,0,0,0,11021
s2_native@0_20,OPERA,,0.5,47,0,0,0,11021
s2_frozen@0_20,S1-only,42,0.3,47,0,0,1,11059
s2_frozen@0_20,S1-only,43,0.3,47,0,0,1,11059
s2_frozen@0_20,S1-only,44,0.3,47,0,0,1,11059
s2_frozen@0_20,S1+AEF,42,0.3,47,0,0,1,11059
s2_frozen@0_20,S1+AEF,43,0.3,47,0,0,1,11059
s2_frozen@0_20,S1+AEF,44,0.3,47,0,0,1,11059
s2_frozen@0_20,OPERA,,0.3,47,0,0,1,11059
s2_frozen@0_20,S1-only,42,0.5,47,0,0,1,11059
s2_frozen@0_20,S1-only,43,0.5,47,0,0,1,11059
s2_frozen@0_20,S1-only,44,0.5,47,0,0,1,11059
s2_frozen@0_20,S1+AEF,42,0.5,47,0,0,1,11059
s2_frozen@0_20,S1+AEF,43,0.5,47,0,0,1,11059
s2_frozen@0_20,S1+AEF,44,0.5,47,0,0,1,11059
s2_frozen@0_20,OPERA,,0.5,47,0,0,1,11059
s2_native@10_0,S1-only,42,0.3,47,6,9,2,15534
s2_native@10_0,S1-only,43,0.3,47,6,9,2,15534
s2_native@10_0,S1-only,44,0.3,47,6,6,2,15537
s2_native@10_0,S1+AEF,42,0.3,47,6,20,2,15523
s2_native@10_0,S1+AEF,43,0.3,47,6,17,2,15526
s2_native@10_0,S1+AEF,44,0.3,47,6,17,2,15526
s2_native@10_0,OPERA,,0.3,47,0,0,8,15543
s2_native@10_0,S1-only,42,0.5,47,6,5,2,15538
s2_native@10_0,S1-only,43,0.5,47,6,7,2,15536
s2_native@10_0,S1-only,44,0.5,47,6,5,2,15538
s2_native@10_0,S1+AEF,42,0.5,47,6,14,2,15529
s2_native@10_0,S1+AEF,43,0.5,47,6,13,2,15530
s2_native@10_0,S1+AEF,44,0.5,47,6,12,2,15531
s2_native@10_0,OPERA,,0.5,47,0,0,8,15543
s2_frozen@10_0,S1-only,42,0.3,47,7,8,1,15535
s2_frozen@10_0,S1-only,43,0.3,47,7,10,1,15533
s2_frozen@10_0,S1-only,44,0.3,47,7,7,1,15536
s2_frozen@10_0,S1+AEF,42,0.3,47,7,17,1,15526
s2_frozen@10_0,S1+AEF,43,0.3,47,7,16,1,15527
s2_frozen@10_0,S1+AEF,44,0.3,47,7,16,1,15527
s2_frozen@10_0,OPERA,,0.3,47,0,0,8,15543
s2_frozen@10_0,S1-only,42,0.5,47,6,4,2,15539
s2_frozen@10_0,S1-only,43,0.5,47,7,5,1,15538
s2_frozen@10_0,S1-only,44,0.5,47,6,4,2,15539
s2_frozen@10_0,S1+AEF,42,0.5,47,7,12,1,15531
s2_frozen@10_0,S1+AEF,43,0.5,47,7,12,1,15531
s2_frozen@10_0,S1+AEF,44,0.5,47,7,11,1,15532
s2_frozen@10_0,OPERA,,0.5,47,0,0,8,15543
s2_native@10_10,S1-only,42,0.3,47,0,0,0,737
s2_native@10_10,S1-only,43,0.3,47,0,0,0,737
s2_native@10_10,S1-only,44,0.3,47,0,0,0,737
s2_native@10_10,S1+AEF,42,0.3,47,0,0,0,737
s2_native@10_10,S1+AEF,43,0.3,47,0,0,0,737
s2_native@10_10,S1+AEF,44,0.3,47,0,0,0,737
s2_native@10_10,OPERA,,0.3,47,0,0,0,737
s2_native@10_10,S1-only,42,0.5,47,0,0,0,737
s2_native@10_10,S1-only,43,0.5,47,0,0,0,737
s2_native@10_10,S1-only,44,0.5,47,0,0,0,737
s2_native@10_10,S1+AEF,42,0.5,47,0,0,0,737
s2_native@10_10,S1+AEF,43,0.5,47,0,0,0,737
s2_native@10_10,S1+AEF,44,0.5,47,0,0,0,737
s2_native@10_10,OPERA,,0.5,47,0,0,0,737
s2_frozen@10_10,S1-only,42,0.3,47,0,0,0,737
s2_frozen@10_10,S1-only,43,0.3,47,0,0,0,737
s2_frozen@10_10,S1-only,44,0.3,47,0,0,0,737
s2_frozen@10_10,S1+AEF,42,0.3,47,0,0,0,737
s2_frozen@10_10,S1+AEF,43,0.3,47,0,0,0,737
s2_frozen@10_10,S1+AEF,44,0.3,47,0,0,0,737
s2_frozen@10_10,OPERA,,0.3,47,0,0,0,737
s2_frozen@10_10,S1-only,42,0.5,47,0,0,0,737
s2_frozen@10_10,S1-only,43,0.5,47,0,0,0,737
s2_frozen@10_10,S1-only,44,0.5,47,0,0,0,737
s2_frozen@10_10,S1+AEF,42,0.5,47,0,0,0,737
s2_frozen@10_10,S1+AEF,43,0.5,47,0,0,0,737
s2_frozen@10_10,S1+AEF,44,0.5,47,0,0,0,737
s2_frozen@10_10,OPERA,,0.5,47,0,0,0,737
s2_native@10_20,S1-only,42,0.3,47,0,0,0,0
s2_native@10_20,S1-only,43,0.3,47,0,0,0,0
s2_native@10_20,S1-only,44,0.3,47,0,0,0,0
s2_native@10_20,S1+AEF,42,0.3,47,0,0,0,0
s2_native@10_20,S1+AEF,43,0.3,47,0,0,0,0
s2_native@10_20,S1+AEF,44,0.3,47,0,0,0,0
s2_native@10_20,OPERA,,0.3,47,0,0,0,0
s2_native@10_20,S1-only,42,0.5,47,0,0,0,0
s2_native@10_20,S1-only,43,0.5,47,0,0,0,0
s2_native@10_20,S1-only,44,0.5,47,0,0,0,0
s2_native@10_20,S1+AEF,42,0.5,47,0,0,0,0
s2_native@10_20,S1+AEF,43,0.5,47,0,0,0,0
s2_native@10_20,S1+AEF,44,0.5,47,0,0,0,0
s2_native@10_20,OPERA,,0.5,47,0,0,0,0
s2_frozen@10_20,S1-only,42,0.3,47,0,0,0,0
s2_frozen@10_20,S1-only,43,0.3,47,0,0,0,0
s2_frozen@10_20,S1-only,44,0.3,47,0,0,0,0
s2_frozen@10_20,S1+AEF,42,0.3,47,0,0,0,0
s2_frozen@10_20,S1+AEF,43,0.3,47,0,0,0,0
s2_frozen@10_20,S1+AEF,44,0.3,47,0,0,0,0
s2_frozen@10_20,OPERA,,0.3,47,0,0,0,0
s2_frozen@10_20,S1-only,42,0.5,47,0,0,0,0
s2_frozen@10_20,S1-only,43,0.5,47,0,0,0,0
s2_frozen@10_20,S1-only,44,0.5,47,0,0,0,0
s2_frozen@10_20,S1+AEF,42,0.5,47,0,0,0,0
s2_frozen@10_20,S1+AEF,43,0.5,47,0,0,0,0
s2_frozen@10_20,S1+AEF,44,0.5,47,0,0,0,0
s2_frozen@10_20,OPERA,,0.5,47,0,0,0,0
s2_native@20_0,S1-only,42,0.3,47,647280,38362,67754,8091185
s2_native@20_0,S1-only,43,0.3,47,650623,44596,64411,8084951
s2_native@20_0,S1-only,44,0.3,47,647417,37895,67617,8091652
s2_native@20_0,S1+AEF,42,0.3,47,675415,58510,39619,8071037
s2_native@20_0,S1+AEF,43,0.3,47,676534,55993,38500,8073554
s2_native@20_0,S1+AEF,44,0.3,47,674952,52424,40082,8077123
s2_native@20_0,OPERA,,0.3,47,572347,15420,142687,8114127
s2_native@20_0,S1-only,42,0.5,47,639911,27139,75123,8102408
s2_native@20_0,S1-only,43,0.5,47,644001,32022,71033,8097525
s2_native@20_0,S1-only,44,0.5,47,640196,26762,74838,8102785
s2_native@20_0,S1+AEF,42,0.5,47,669619,43268,45415,8086279
s2_native@20_0,S1+AEF,43,0.5,47,669827,40694,45207,8088853
s2_native@20_0,S1+AEF,44,0.5,47,668352,37863,46682,8091684
s2_native@20_0,OPERA,,0.5,47,572347,15420,142687,8114127
s2_frozen@20_0,S1-only,42,0.3,47,647188,38217,67459,8090560
s2_frozen@20_0,S1-only,43,0.3,47,650605,44540,64042,8084237
s2_frozen@20_0,S1-only,44,0.3,47,647435,37841,67212,8090936
s2_frozen@20_0,S1+AEF,42,0.3,47,675319,58379,39328,8070398
s2_frozen@20_0,S1+AEF,43,0.3,47,676413,55923,38234,8072854
s2_frozen@20_0,S1+AEF,44,0.3,47,674731,52292,39916,8076485
s2_frozen@20_0,OPERA,,0.3,47,573970,13797,140677,8114980
s2_frozen@20_0,S1-only,42,0.5,47,639915,27114,74732,8101663
s2_frozen@20_0,S1-only,43,0.5,47,643899,31965,70748,8096812
s2_frozen@20_0,S1-only,44,0.5,47,640151,26716,74496,8102061
s2_frozen@20_0,S1+AEF,42,0.5,47,669409,43124,45238,8085653
s2_frozen@20_0,S1+AEF,43,0.5,47,669718,40631,44929,8088146
s2_frozen@20_0,S1+AEF,44,0.5,47,668286,37858,46361,8090919
s2_frozen@20_0,OPERA,,0.5,47,573970,13797,140677,8114980
s2_native@20_10,S1-only,42,0.3,47,7277,1357,1458,539273
s2_native@20_10,S1-only,43,0.3,47,7339,1816,1396,538814
s2_native@20_10,S1-only,44,0.3,47,7290,1121,1445,539509
s2_native@20_10,S1+AEF,42,0.3,47,8000,1562,735,539068
s2_native@20_10,S1+AEF,43,0.3,47,7918,1453,817,539177
s2_native@20_10,S1+AEF,44,0.3,47,7890,1335,845,539295
s2_native@20_10,OPERA,,0.3,47,4718,63,4017,540567
s2_native@20_10,S1-only,42,0.5,47,7121,916,1614,539714
s2_native@20_10,S1-only,43,0.5,47,7194,1275,1541,539355
s2_native@20_10,S1-only,44,0.5,47,7126,739,1609,539891
s2_native@20_10,S1+AEF,42,0.5,47,7785,1076,950,539554
s2_native@20_10,S1+AEF,43,0.5,47,7708,988,1027,539642
s2_native@20_10,S1+AEF,44,0.5,47,7679,910,1056,539720
s2_native@20_10,OPERA,,0.5,47,4718,63,4017,540567
s2_frozen@20_10,S1-only,42,0.3,47,7285,1365,1444,540029
s2_frozen@20_10,S1-only,43,0.3,47,7346,1817,1383,539577
s2_frozen@20_10,S1-only,44,0.3,47,7296,1107,1433,540287
s2_frozen@20_10,S1+AEF,42,0.3,47,7991,1590,738,539804
s2_frozen@20_10,S1+AEF,43,0.3,47,7899,1455,830,539939
s2_frozen@20_10,S1+AEF,44,0.3,47,7873,1350,856,540044
s2_frozen@20_10,OPERA,,0.3,47,4723,58,4006,541336
s2_frozen@20_10,S1-only,42,0.5,47,7131,897,1598,540497
s2_frozen@20_10,S1-only,43,0.5,47,7214,1244,1515,540150
s2_frozen@20_10,S1-only,44,0.5,47,7132,717,1597,540677
s2_frozen@20_10,S1+AEF,42,0.5,47,7780,1082,949,540312
s2_frozen@20_10,S1+AEF,43,0.5,47,7689,997,1040,540397
s2_frozen@20_10,S1+AEF,44,0.5,47,7671,935,1058,540459
s2_frozen@20_10,OPERA,,0.5,47,4723,58,4006,541336
s2_native@20_20,S1-only,42,0.3,47,272155,4342,21465,490416
s2_native@20_20,S1-only,43,0.3,47,272917,4901,20703,489857
s2_native@20_20,S1-only,44,0.3,47,272362,4577,21258,490181
s2_native@20_20,S1+AEF,42,0.3,47,279590,8203,14030,486555
s2_native@20_20,S1+AEF,43,0.3,47,280948,7975,12672,486783
s2_native@20_20,S1+AEF,44,0.3,47,280410,7358,13210,487400
s2_native@20_20,OPERA,,0.3,47,258627,2874,34993,491884
s2_native@20_20,S1-only,42,0.5,47,270655,2864,22965,491894
s2_native@20_20,S1-only,43,0.5,47,271490,3291,22130,491467
s2_native@20_20,S1-only,44,0.5,47,270876,3007,22744,491751
s2_native@20_20,S1+AEF,42,0.5,47,278048,6026,15572,488732
s2_native@20_20,S1+AEF,43,0.5,47,279241,5724,14379,489034
s2_native@20_20,S1+AEF,44,0.5,47,278692,5147,14928,489611
s2_native@20_20,OPERA,,0.5,47,258627,2874,34993,491884
s2_frozen@20_20,S1-only,42,0.3,47,272991,4426,21506,491810
s2_frozen@20_20,S1-only,43,0.3,47,273717,4982,20780,491254
s2_frozen@20_20,S1-only,44,0.3,47,273200,4633,21297,491603
s2_frozen@20_20,S1+AEF,42,0.3,47,280418,8255,14079,487981
s2_frozen@20_20,S1+AEF,43,0.3,47,281815,8035,12682,488201
s2_frozen@20_20,S1+AEF,44,0.3,47,281163,7399,13334,488837
s2_frozen@20_20,OPERA,,0.3,47,259989,2367,34508,493869
s2_frozen@20_20,S1-only,42,0.5,47,271398,2916,23099,493320
s2_frozen@20_20,S1-only,43,0.5,47,272247,3365,22250,492871
s2_frozen@20_20,S1-only,44,0.5,47,271663,3051,22834,493185
s2_frozen@20_20,S1+AEF,42,0.5,47,278815,6034,15682,490202
s2_frozen@20_20,S1+AEF,43,0.5,47,280017,5735,14480,490501
s2_frozen@20_20,S1+AEF,44,0.5,47,279493,5180,15004,491056
s2_frozen@20_20,OPERA,,0.5,47,259989,2367,34508,493869
paper,S1-only,42,0.3,53,2710406,203838,40850,10394719
paper,S1-only,43,0.3,53,2715261,303579,35995,10294978
paper,S1-only,44,0.3,53,2711327,224147,39929,10374410
paper,S1+AEF,42,0.3,53,2734444,149860,16812,10448697
paper,S1+AEF,43,0.3,53,2730328,127442,20928,10471115
paper,S1+AEF,44,0.3,53,2731621,126278,19635,10472279
paper,OPERA,,0.3,53,2707741,135394,43515,10463163
paper,S1-only,42,0.5,53,2706575,146033,44681,10452524
paper,S1-only,43,0.5,53,2711455,214438,39801,10384119
paper,S1-only,44,0.5,53,2707099,155071,44157,10443486
paper,S1+AEF,42,0.5,53,2731457,118639,19799,10479918
paper,S1+AEF,43,0.5,53,2726586,99172,24670,10499385
paper,S1+AEF,44,0.5,53,2728603,99143,22653,10499414
paper,OPERA,,0.5,53,2707741,135394,43515,10463163
s1_average,S1-only,42,0.3,53,2710212,201707,41044,10396851
s1_average,S1-only,43,0.3,53,2715067,300981,36189,10297577
s1_average,S1-only,44,0.3,53,2711161,222304,40095,10376254
s1_average,S1+AEF,42,0.3,53,2734339,147205,16917,10451353
s1_average,S1+AEF,43,0.3,53,2730265,124947,20991,10473611
s1_average,S1+AEF,44,0.3,53,2731532,123733,19724,10474825
s1_average,OPERA,,0.3,53,2707741,135394,43515,10463164
s1_average,S1-only,42,0.5,53,2706671,148786,44585,10449772
s1_average,S1-only,43,0.5,53,2711565,218632,39691,10379926
s1_average,S1-only,44,0.5,53,2707206,157714,44050,10440844
s1_average,S1+AEF,42,0.5,53,2731506,119780,19750,10478778
s1_average,S1+AEF,43,0.5,53,2726653,100080,24603,10498478
s1_average,S1+AEF,44,0.5,53,2728650,100012,22606,10498546
s1_average,OPERA,,0.5,53,2707741,135394,43515,10463164
opera_union,S1-only,42,0.3,53,2710406,203838,40850,10394719
opera_union,S1-only,43,0.3,53,2715261,303579,35995,10294978
opera_union,S1-only,44,0.3,53,2711327,224147,39929,10374410
opera_union,S1+AEF,42,0.3,53,2734444,149860,16812,10448697
opera_union,S1+AEF,43,0.3,53,2730328,127442,20928,10471115
opera_union,S1+AEF,44,0.3,53,2731621,126278,19635,10472279
opera_union,OPERA,,0.3,53,2708360,138037,42896,10460520
opera_union,S1-only,42,0.5,53,2706575,146033,44681,10452524
opera_union,S1-only,43,0.5,53,2711455,214438,39801,10384119
opera_union,S1-only,44,0.5,53,2707099,155071,44157,10443486
opera_union,S1+AEF,42,0.5,53,2731457,118639,19799,10479918
opera_union,S1+AEF,43,0.5,53,2726586,99172,24670,10499385
opera_union,S1+AEF,44,0.5,53,2728603,99143,22653,10499414
opera_union,OPERA,,0.5,53,2708360,138037,42896,10460520
s3_pure_paper,S1-only,42,0.3,53,2684015,173773,29687,10375128
s3_pure_paper,S1-only,43,0.3,53,2687740,271619,25962,10277282
s3_pure_paper,S1-only,44,0.3,53,2685280,195179,28422,10353722
s3_pure_paper,S1+AEF,42,0.3,53,2701424,108128,12278,10440773
s3_pure_paper,S1+AEF,43,0.3,53,2698209,87057,15493,10461844
s3_pure_paper,S1+AEF,44,0.3,53,2699371,85983,14331,10462918
s3_pure_paper,OPERA,,0.3,53,2688582,118117,25120,10430784
s3_pure_paper,S1-only,42,0.5,53,2681609,119667,32093,10429234
s3_pure_paper,S1-only,43,0.5,53,2685183,185960,28519,10362941
s3_pure_paper,S1-only,44,0.5,53,2682617,129959,31085,10418942
s3_pure_paper,S1+AEF,42,0.5,53,2699239,79257,14463,10469644
s3_pure_paper,S1+AEF,43,0.5,53,2695414,61911,18288,10486990
s3_pure_paper,S1+AEF,44,0.5,53,2697207,61813,16495,10487088
s3_pure_paper,OPERA,,0.5,53,2688582,118117,25120,10430784
s3_pure_average,S1-only,42,0.3,53,2683906,171970,29796,10376932
s3_pure_average,S1-only,43,0.3,53,2687612,269328,26090,10279574
s3_pure_average,S1-only,44,0.3,53,2685165,193636,28537,10355266
s3_pure_average,S1+AEF,42,0.3,53,2701338,105598,12364,10443304
s3_pure_average,S1+AEF,43,0.3,53,2698159,84710,15543,10464192
s3_pure_average,S1+AEF,44,0.3,53,2699282,83610,14420,10465292
s3_pure_average,OPERA,,0.3,53,2688582,118117,25120,10430785
s3_pure_average,S1-only,42,0.5,53,2681653,122328,32049,10426574
s3_pure_average,S1-only,43,0.5,53,2685236,190034,28466,10358868
s3_pure_average,S1-only,44,0.5,53,2682667,132484,31035,10416418
s3_pure_average,S1+AEF,42,0.5,53,2699254,80279,14448,10468623
s3_pure_average,S1+AEF,43,0.5,53,2695446,62654,18256,10486248
s3_pure_average,S1+AEF,44,0.5,53,2697218,62543,16484,10486359
s3_pure_average,OPERA,,0.5,53,2688582,118117,25120,10430785
refcut025_paper,S1-only,42,0.3,53,2723753,190491,47610,10387959
refcut025_paper,S1-only,43,0.3,53,2729336,289504,42027,10288946
refcut025_paper,S1-only,44,0.3,53,2724314,211160,47049,10367290
refcut025_paper,S1+AEF,42,0.3,53,2751943,132361,19420,10446089
refcut025_paper,S1+AEF,43,0.3,53,2747366,110404,23997,10468046
refcut025_paper,S1+AEF,44,0.3,53,2748648,109251,22715,10469199
refcut025_paper,OPERA,,0.3,53,2715479,127656,55884,10450794
refcut025_paper,S1-only,42,0.5,53,2718751,133857,52612,10444593
refcut025_paper,S1-only,43,0.5,53,2724472,201421,46891,10377029
refcut025_paper,S1-only,44,0.5,53,2718862,143308,52501,10435142
refcut025_paper,S1+AEF,42,0.5,53,2748378,101718,22985,10476732
refcut025_paper,S1+AEF,43,0.5,53,2742890,82868,28473,10495582
refcut025_paper,S1+AEF,44,0.5,53,2744962,82784,26401,10495666
refcut025_paper,OPERA,,0.5,53,2715479,127656,55884,10450794
refcut025_average,S1-only,42,0.3,53,2723456,188463,47907,10389988
refcut025_average,S1-only,43,0.3,53,2729068,286980,42295,10291471
refcut025_average,S1-only,44,0.3,53,2724089,209376,47274,10369075
refcut025_average,S1+AEF,42,0.3,53,2751823,129721,19540,10448730
refcut025_average,S1+AEF,43,0.3,53,2747301,107911,24062,10470540
refcut025_average,S1+AEF,44,0.3,53,2748545,106720,22818,10471731
refcut025_average,OPERA,,0.3,53,2715479,127656,55884,10450795
refcut025_average,S1-only,42,0.5,53,2718887,136570,52476,10441881
refcut025_average,S1-only,43,0.5,53,2724616,205581,46747,10372870
refcut025_average,S1-only,44,0.5,53,2719014,145906,52349,10432545
refcut025_average,S1+AEF,42,0.5,53,2748456,102830,22907,10475621
refcut025_average,S1+AEF,43,0.5,53,2743002,83731,28361,10494720
refcut025_average,S1+AEF,44,0.5,53,2745049,83613,26314,10494838
refcut025_average,OPERA,,0.5,53,2715479,127656,55884,10450795
refcut075_paper,S1-only,42,0.3,53,2698415,215829,35614,10399955
refcut075_paper,S1-only,43,0.3,53,2702721,316119,31308,10299665
refcut075_paper,S1-only,44,0.3,53,2699557,235917,34472,10379867
refcut075_paper,S1+AEF,42,0.3,53,2719292,165012,14737,10450772
refcut075_paper,S1+AEF,43,0.3,53,2715575,142195,18454,10473589
refcut075_paper,S1+AEF,44,0.3,53,2716816,141083,17213,10474701
refcut075_paper,OPERA,,0.3,53,2699653,143482,34376,10472302
refcut075_paper,S1-only,42,0.5,53,2695335,157273,38694,10458511
refcut075_paper,S1-only,43,0.5,53,2699573,226320,34456,10389464
refcut075_paper,S1-only,44,0.5,53,2696130,166040,37899,10449744
refcut075_paper,S1+AEF,42,0.5,53,2716701,133395,17328,10482389
refcut075_paper,S1+AEF,43,0.5,53,2712269,113489,21760,10502295
refcut075_paper,S1+AEF,44,0.5,53,2714211,113535,19818,10502249
refcut075_paper,OPERA,,0.5,53,2699653,143482,34376,10472302
refcut075_average,S1-only,42,0.3,53,2698267,213652,35762,10402133
refcut075_average,S1-only,43,0.3,53,2702563,313485,31466,10302300
refcut075_average,S1-only,44,0.3,53,2699419,234046,34610,10381739
refcut075_average,S1+AEF,42,0.3,53,2719196,162348,14833,10453437
refcut075_average,S1+AEF,43,0.3,53,2715514,139698,18515,10476087
refcut075_average,S1+AEF,44,0.3,53,2716731,138534,17298,10477251
refcut075_average,OPERA,,0.3,53,2699653,143482,34376,10472303
refcut075_average,S1-only,42,0.5,53,2695409,160048,38620,10455737
refcut075_average,S1-only,43,0.5,53,2699654,230543,34375,10385242
refcut075_average,S1-only,44,0.5,53,2696215,168705,37814,10447080
refcut075_average,S1+AEF,42,0.5,53,2716726,134560,17303,10481225
refcut075_average,S1+AEF,43,0.5,53,2712322,114411,21707,10501374
refcut075_average,S1+AEF,44,0.5,53,2714241,114421,19788,10501364
refcut075_average,OPERA,,0.5,53,2699653,143482,34376,10472303
s2_native@0_0,S1-only,42,0.3,53,6844,10437,69,1176328
s2_native@0_0,S1-only,43,0.3,53,6851,18857,62,1167908
s2_native@0_0,S1-only,44,0.3,53,6844,11186,69,1175579
s2_native@0_0,S1+AEF,42,0.3,53,6900,5513,13,1181252
s2_native@0_0,S1+AEF,43,0.3,53,6899,4628,14,1182137
s2_native@0_0,S1+AEF,44,0.3,53,6900,4570,13,1182195
s2_native@0_0,OPERA,,0.3,53,5884,2502,1029,1184263
s2_native@0_0,S1-only,42,0.5,53,6830,7462,83,1179303
s2_native@0_0,S1-only,43,0.5,53,6838,12135,75,1174630
s2_native@0_0,S1-only,44,0.5,53,6826,7260,87,1179505
s2_native@0_0,S1+AEF,42,0.5,53,6895,4501,18,1182264
s2_native@0_0,S1+AEF,43,0.5,53,6891,3789,22,1182976
s2_native@0_0,S1+AEF,44,0.5,53,6893,3768,20,1182997
s2_native@0_0,OPERA,,0.5,53,5884,2502,1029,1184263
s2_frozen@0_0,S1-only,42,0.3,53,6844,10437,69,1176328
s2_frozen@0_0,S1-only,43,0.3,53,6851,18857,62,1167908
s2_frozen@0_0,S1-only,44,0.3,53,6844,11186,69,1175579
s2_frozen@0_0,S1+AEF,42,0.3,53,6900,5513,13,1181252
s2_frozen@0_0,S1+AEF,43,0.3,53,6899,4628,14,1182137
s2_frozen@0_0,S1+AEF,44,0.3,53,6900,4570,13,1182195
s2_frozen@0_0,OPERA,,0.3,53,5884,2502,1029,1184263
s2_frozen@0_0,S1-only,42,0.5,53,6830,7462,83,1179303
s2_frozen@0_0,S1-only,43,0.5,53,6838,12135,75,1174630
s2_frozen@0_0,S1-only,44,0.5,53,6826,7260,87,1179505
s2_frozen@0_0,S1+AEF,42,0.5,53,6895,4501,18,1182264
s2_frozen@0_0,S1+AEF,43,0.5,53,6891,3789,22,1182976
s2_frozen@0_0,S1+AEF,44,0.5,53,6893,3768,20,1182997
s2_frozen@0_0,OPERA,,0.5,53,5884,2502,1029,1184263
s2_native@0_10,S1-only,42,0.3,53,3,199,0,101343
s2_native@0_10,S1-only,43,0.3,53,3,224,0,101318
s2_native@0_10,S1-only,44,0.3,53,3,193,0,101349
s2_native@0_10,S1+AEF,42,0.3,53,3,76,0,101466
s2_native@0_10,S1+AEF,43,0.3,53,3,61,0,101481
s2_native@0_10,S1+AEF,44,0.3,53,3,64,0,101478
s2_native@0_10,OPERA,,0.3,53,2,13,1,101529
s2_native@0_10,S1-only,42,0.5,53,3,147,0,101395
s2_native@0_10,S1-only,43,0.5,53,3,166,0,101376
s2_native@0_10,S1-only,44,0.5,53,3,145,0,101397
s2_native@0_10,S1+AEF,42,0.5,53,3,61,0,101481
s2_native@0_10,S1+AEF,43,0.5,53,3,49,0,101493
s2_native@0_10,S1+AEF,44,0.5,53,3,50,0,101492
s2_native@0_10,OPERA,,0.5,53,2,13,1,101529
s2_frozen@0_10,S1-only,42,0.3,53,2,186,0,101498
s2_frozen@0_10,S1-only,43,0.3,53,2,215,0,101469
s2_frozen@0_10,S1-only,44,0.3,53,2,189,0,101495
s2_frozen@0_10,S1+AEF,42,0.3,53,2,74,0,101610
s2_frozen@0_10,S1+AEF,43,0.3,53,2,61,0,101623
s2_frozen@0_10,S1+AEF,44,0.3,53,2,61,0,101623
s2_frozen@0_10,OPERA,,0.3,53,2,13,0,101671
s2_frozen@0_10,S1-only,42,0.5,53,2,148,0,101536
s2_frozen@0_10,S1-only,43,0.5,53,2,162,0,101522
s2_frozen@0_10,S1-only,44,0.5,53,2,137,0,101547
s2_frozen@0_10,S1+AEF,42,0.5,53,2,58,0,101626
s2_frozen@0_10,S1+AEF,43,0.5,53,2,52,0,101632
s2_frozen@0_10,S1+AEF,44,0.5,53,2,53,0,101631
s2_frozen@0_10,OPERA,,0.5,53,2,13,0,101671
s2_native@0_20,S1-only,42,0.3,53,12,926,2,105987
s2_native@0_20,S1-only,43,0.3,53,12,1925,2,104988
s2_native@0_20,S1-only,44,0.3,53,12,705,2,106208
s2_native@0_20,S1+AEF,42,0.3,53,13,161,1,106752
s2_native@0_20,S1+AEF,43,0.3,53,13,117,1,106796
s2_native@0_20,S1+AEF,44,0.3,53,13,118,1,106795
s2_native@0_20,OPERA,,0.3,53,0,52,14,106861
s2_native@0_20,S1-only,42,0.5,53,12,544,2,106369
s2_native@0_20,S1-only,43,0.5,53,12,1099,2,105814
s2_native@0_20,S1-only,44,0.5,53,12,381,2,106532
s2_native@0_20,S1+AEF,42,0.5,53,13,121,1,106792
s2_native@0_20,S1+AEF,43,0.5,53,13,76,1,106837
s2_native@0_20,S1+AEF,44,0.5,53,13,81,1,106832
s2_native@0_20,OPERA,,0.5,53,0,52,14,106861
s2_frozen@0_20,S1-only,42,0.3,53,13,943,2,106297
s2_frozen@0_20,S1-only,43,0.3,53,13,1912,2,105328
s2_frozen@0_20,S1-only,44,0.3,53,13,695,2,106545
s2_frozen@0_20,S1+AEF,42,0.3,53,14,166,1,107074
s2_frozen@0_20,S1+AEF,43,0.3,53,14,115,1,107125
s2_frozen@0_20,S1+AEF,44,0.3,53,14,114,1,107126
s2_frozen@0_20,OPERA,,0.3,53,0,52,15,107188
s2_frozen@0_20,S1-only,42,0.5,53,13,550,2,106690
s2_frozen@0_20,S1-only,43,0.5,53,12,1092,3,106148
s2_frozen@0_20,S1-only,44,0.5,53,12,375,3,106865
s2_frozen@0_20,S1+AEF,42,0.5,53,14,119,1,107121
s2_frozen@0_20,S1+AEF,43,0.5,53,14,80,1,107160
s2_frozen@0_20,S1+AEF,44,0.5,53,14,76,1,107164
s2_frozen@0_20,OPERA,,0.5,53,0,52,15,107188
s2_native@10_0,S1-only,42,0.3,53,2710199,201392,41033,10390528
s2_native@10_0,S1-only,43,0.3,53,2715128,300666,36104,10291254
s2_native@10_0,S1-only,44,0.3,53,2711206,221869,40026,10370051
s2_native@10_0,S1+AEF,42,0.3,53,2734286,147078,16946,10444842
s2_native@10_0,S1+AEF,43,0.3,53,2730220,124867,21012,10467053
s2_native@10_0,S1+AEF,44,0.3,53,2731525,123744,19707,10468176
s2_native@10_0,OPERA,,0.3,53,2705637,137505,45595,10454415
s2_native@10_0,S1-only,42,0.5,53,2706664,148750,44568,10443170
s2_native@10_0,S1-only,43,0.5,53,2711593,218475,39639,10373445
s2_native@10_0,S1-only,44,0.5,53,2707219,157606,44013,10434314
s2_native@10_0,S1+AEF,42,0.5,53,2731469,119636,19763,10472284
s2_native@10_0,S1+AEF,43,0.5,53,2726601,100156,24631,10491764
s2_native@10_0,S1+AEF,44,0.5,53,2728645,100065,22587,10491855
s2_native@10_0,OPERA,,0.5,53,2705637,137505,45595,10454415
s2_frozen@10_0,S1-only,42,0.3,53,2710210,201587,41044,10393302
s2_frozen@10_0,S1-only,43,0.3,53,2715065,300820,36189,10294069
s2_frozen@10_0,S1-only,44,0.3,53,2711159,222196,40095,10372693
s2_frozen@10_0,S1+AEF,42,0.3,53,2734337,147195,16917,10447694
s2_frozen@10_0,S1+AEF,43,0.3,53,2730263,124939,20991,10469950
s2_frozen@10_0,S1+AEF,44,0.3,53,2731530,123725,19724,10471164
s2_frozen@10_0,OPERA,,0.3,53,2707860,135305,43394,10459584
s2_frozen@10_0,S1-only,42,0.5,53,2706669,148690,44585,10446199
s2_frozen@10_0,S1-only,43,0.5,53,2711563,218511,39691,10376378
s2_frozen@10_0,S1-only,44,0.5,53,2707204,157639,44050,10437250
s2_frozen@10_0,S1+AEF,42,0.5,53,2731504,119772,19750,10475117
s2_frozen@10_0,S1+AEF,43,0.5,53,2726651,100073,24603,10494816
s2_frozen@10_0,S1+AEF,44,0.5,53,2728648,100005,22606,10494884
s2_frozen@10_0,OPERA,,0.5,53,2707860,135305,43394,10459584
s2_native@10_10,S1-only,42,0.3,53,708753,5509,1528,448931
s2_native@10_10,S1-only,43,0.3,53,709020,7028,1261,447412
s2_native@10_10,S1-only,44,0.3,53,708625,5016,1656,449424
s2_native@10_10,S1+AEF,42,0.3,53,710277,9412,4,445028
s2_native@10_10,S1+AEF,43,0.3,53,710276,8718,5,445722
s2_native@10_10,S1+AEF,44,0.3,53,710274,8416,7,446024
s2_native@10_10,OPERA,,0.3,53,707587,13912,2694,440528
s2_native@10_10,S1-only,42,0.5,53,708391,4089,1890,450351
s2_native@10_10,S1-only,43,0.5,53,708773,5360,1508,449080
s2_native@10_10,S1-only,44,0.5,53,708260,3754,2021,450686
s2_native@10_10,S1+AEF,42,0.5,53,710269,8020,12,446420
s2_native@10_10,S1+AEF,43,0.5,53,710269,7275,12,447165
s2_native@10_10,S1+AEF,44,0.5,53,710261,7050,20,447390
s2_native@10_10,OPERA,,0.5,53,707587,13912,2694,440528
s2_frozen@10_10,S1-only,42,0.3,53,710640,5495,1568,450386
s2_frozen@10_10,S1-only,43,0.3,53,710929,7071,1279,448810
s2_frozen@10_10,S1-only,44,0.3,53,710527,5046,1681,450835
s2_frozen@10_10,S1+AEF,42,0.3,53,712206,9437,2,446444
s2_frozen@10_10,S1+AEF,43,0.3,53,712204,8734,4,447147
s2_frozen@10_10,S1+AEF,44,0.3,53,712203,8449,5,447432
s2_frozen@10_10,OPERA,,0.3,53,709674,13806,2534,442075
s2_frozen@10_10,S1-only,42,0.5,53,710281,4116,1927,451765
s2_frozen@10_10,S1-only,43,0.5,53,710681,5359,1527,450522
s2_frozen@10_10,S1-only,44,0.5,53,710137,3724,2071,452157
s2_frozen@10_10,S1+AEF,42,0.5,53,712198,7995,10,447886
s2_frozen@10_10,S1+AEF,43,0.5,53,712194,7221,14,448660
s2_frozen@10_10,S1+AEF,44,0.5,53,712189,7011,19,448870
s2_frozen@10_10,OPERA,,0.5,53,709674,13806,2534,442075
s2_native@10_20,S1-only,42,0.3,53,41387,8870,1588,1139501
s2_native@10_20,S1-only,43,0.3,53,41593,13015,1382,1135356
s2_native@10_20,S1-only,44,0.3,53,41265,8543,1710,1139828
s2_native@10_20,S1+AEF,42,0.3,53,42923,9293,52,1139078
s2_native@10_20,S1+AEF,43,0.3,53,42939,8077,36,1140294
s2_native@10_20,S1+AEF,44,0.3,53,42943,7983,32,1140388
s2_native@10_20,OPERA,,0.3,53,38399,10813,4576,1137558
s2_native@10_20,S1-only,42,0.5,53,41157,6453,1818,1141918
s2_native@10_20,S1-only,43,0.5,53,41381,9591,1594,1138780
s2_native@10_20,S1-only,44,0.5,53,40997,6208,1978,1142163
s2_native@10_20,S1+AEF,42,0.5,53,42879,7538,96,1140833
s2_native@10_20,S1+AEF,43,0.5,53,42925,6482,50,1141889
s2_native@10_20,S1+AEF,44,0.5,53,42929,6464,46,1141907
s2_native@10_20,OPERA,,0.5,53,38399,10813,4576,1137558
s2_frozen@10_20,S1-only,42,0.3,53,41520,8895,1585,1143324
s2_frozen@10_20,S1-only,43,0.3,53,41729,13067,1376,1139152
s2_frozen@10_20,S1-only,44,0.3,53,41400,8536,1705,1143683
s2_frozen@10_20,S1+AEF,42,0.3,53,43060,9311,45,1142908
s2_frozen@10_20,S1+AEF,43,0.3,53,43077,8058,28,1144161
s2_frozen@10_20,S1+AEF,44,0.3,53,43079,7976,26,1144243
s2_frozen@10_20,OPERA,,0.3,53,38820,10586,4285,1141633
s2_frozen@10_20,S1-only,42,0.5,53,41310,6382,1795,1145837
s2_frozen@10_20,S1-only,43,0.5,53,41510,9534,1595,1142685
s2_frozen@10_20,S1-only,44,0.5,53,41137,6117,1968,1146102
s2_frozen@10_20,S1+AEF,42,0.5,53,43013,7548,92,1144671
s2_frozen@10_20,S1+AEF,43,0.5,53,43064,6547,41,1145672
s2_frozen@10_20,S1+AEF,44,0.5,53,43061,6505,44,1145714
s2_frozen@10_20,OPERA,,0.5,53,38820,10586,4285,1141633
paper,S1-only,42,0.3,57,7471354,398714,80792,4958670
paper,S1-only,43,0.3,57,7482719,491919,69427,4865465
paper,S1-only,44,0.3,57,7474856,418002,77290,4939382
paper,S1+AEF,42,0.3,57,7541289,502131,10857,4855253
paper,S1+AEF,43,0.3,57,7543406,512342,8740,4845042
paper,S1+AEF,44,0.3,57,7542353,497217,9793,4860167
paper,OPERA,,0.3,57,7307510,803108,244636,4554276
paper,S1-only,42,0.5,57,7454664,285537,97482,5071847
paper,S1-only,43,0.5,57,7468595,364130,83551,4993254
paper,S1-only,44,0.5,57,7457922,304178,94224,5053206
paper,S1+AEF,42,0.5,57,7536891,406340,15255,4951044
paper,S1+AEF,43,0.5,57,7539327,413221,12819,4944163
paper,S1+AEF,44,0.5,57,7538090,400200,14056,4957184
paper,OPERA,,0.5,57,7307510,803108,244636,4554276
s1_average,S1-only,42,0.3,57,7470110,385921,82036,4971463
s1_average,S1-only,43,0.3,57,7481622,477997,70524,4879387
s1_average,S1-only,44,0.3,57,7473711,405064,78435,4952320
s1_average,S1+AEF,42,0.3,57,7541149,487907,10997,4869477
s1_average,S1+AEF,43,0.3,57,7543329,497990,8817,4859394
s1_average,S1+AEF,44,0.3,57,7542245,482934,9901,4874450
s1_average,OPERA,,0.3,57,7307510,803108,244636,4554276
s1_average,S1-only,42,0.5,57,7455147,286653,96999,5070731
s1_average,S1-only,43,0.5,57,7468907,365478,83239,4991906
s1_average,S1-only,44,0.5,57,7458406,304956,93740,5052428
s1_average,S1+AEF,42,0.5,57,7537075,406621,15071,4950763
s1_average,S1+AEF,43,0.5,57,7539512,413460,12634,4943924
s1_average,S1+AEF,44,0.5,57,7538273,400510,13873,4956874
s1_average,OPERA,,0.5,57,7307510,803108,244636,4554276
opera_union,S1-only,42,0.3,57,7471354,398714,80792,4958670
opera_union,S1-only,43,0.3,57,7482719,491919,69427,4865465
opera_union,S1-only,44,0.3,57,7474856,418002,77290,4939382
opera_union,S1+AEF,42,0.3,57,7541289,502131,10857,4855253
opera_union,S1+AEF,43,0.3,57,7543406,512342,8740,4845042
opera_union,S1+AEF,44,0.3,57,7542353,497217,9793,4860167
opera_union,OPERA,,0.3,57,7311251,815873,240895,4541511
opera_union,S1-only,42,0.5,57,7454664,285537,97482,5071847
opera_union,S1-only,43,0.5,57,7468595,364130,83551,4993254
opera_union,S1-only,44,0.5,57,7457922,304178,94224,5053206
opera_union,S1+AEF,42,0.5,57,7536891,406340,15255,4951044
opera_union,S1+AEF,43,0.5,57,7539327,413221,12819,4944163
opera_union,S1+AEF,44,0.5,57,7538090,400200,14056,4957184
opera_union,OPERA,,0.5,57,7311251,815873,240895,4541511
s3_pure_paper,S1-only,42,0.3,57,7248379,194675,52876,4869685
s3_pure_paper,S1-only,43,0.3,57,7257114,280370,44141,4783990
s3_pure_paper,S1-only,44,0.3,57,7252351,213898,48904,4850462
s3_pure_paper,S1+AEF,42,0.3,57,7296438,239204,4817,4825156
s3_pure_paper,S1+AEF,43,0.3,57,7297404,245875,3851,4818485
s3_pure_paper,S1+AEF,44,0.3,57,7296954,233337,4301,4831023
s3_pure_paper,OPERA,,0.3,57,7210838,725460,90417,4338900
s3_pure_paper,S1-only,42,0.5,57,7238038,114236,63217,4950124
s3_pure_paper,S1-only,43,0.5,57,7248433,182306,52822,4882054
s3_pure_paper,S1-only,44,0.5,57,7241899,132623,59356,4931737
s3_pure_paper,S1+AEF,42,0.5,57,7294480,162532,6775,4901828
s3_pure_paper,S1+AEF,43,0.5,57,7295705,165742,5550,4898618
s3_pure_paper,S1+AEF,44,0.5,57,7295113,156688,6142,4907672
s3_pure_paper,OPERA,,0.5,57,7210838,725460,90417,4338900
s3_pure_average,S1-only,42,0.3,57,7247415,185371,53840,4878989
s3_pure_average,S1-only,43,0.3,57,7256273,269406,44982,4794954
s3_pure_average,S1-only,44,0.3,57,7251490,204272,49765,4860088
s3_pure_average,S1+AEF,42,0.3,57,7296339,226127,4916,4838233
s3_pure_average,S1+AEF,43,0.3,57,7297322,232466,3933,4831894
s3_pure_average,S1+AEF,44,0.3,57,7296872,220199,4383,4844161
s3_pure_average,OPERA,,0.3,57,7210838,725460,90417,4338900
s3_pure_average,S1-only,42,0.5,57,7237958,114808,63297,4949552
s3_pure_average,S1-only,43,0.5,57,7248338,182977,52917,4881383
s3_pure_average,S1-only,44,0.5,57,7241856,132784,59399,4931576
s3_pure_average,S1+AEF,42,0.5,57,7294453,161753,6802,4902607
s3_pure_average,S1+AEF,43,0.5,57,7295694,164939,5561,4899421
s3_pure_average,S1+AEF,44,0.5,57,7295089,155934,6166,4908426
s3_pure_average,OPERA,,0.5,57,7210838,725460,90417,4338900
refcut025_paper,S1-only,42,0.3,57,7566447,303621,106094,4933368
refcut025_paper,S1-only,43,0.3,57,7580010,394628,92531,4842361
refcut025_paper,S1-only,44,0.3,57,7569782,323076,102759,4913913
refcut025_paper,S1+AEF,42,0.3,57,7655220,388200,17321,4848789
refcut025_paper,S1+AEF,43,0.3,57,7658338,397410,14203,4839579
refcut025_paper,S1+AEF,44,0.3,57,7656708,382862,15833,4854127
refcut025_paper,OPERA,,0.3,57,7336958,773660,335583,4463329
refcut025_paper,S1-only,42,0.5,57,7541998,198203,130543,5038786
refcut025_paper,S1-only,43,0.5,57,7559161,273564,113380,4963425
refcut025_paper,S1-only,44,0.5,57,7545267,216833,127274,5020156
refcut025_paper,S1+AEF,42,0.5,57,7647397,295834,25144,4941155
refcut025_paper,S1+AEF,43,0.5,57,7650898,301650,21643,4935339
refcut025_paper,S1+AEF,44,0.5,57,7648931,289359,23610,4947630
refcut025_paper,OPERA,,0.5,57,7336958,773660,335583,4463329
refcut025_average,S1-only,42,0.3,57,7564716,291315,107825,4945674
refcut025_average,S1-only,43,0.3,57,7578537,381082,94004,4855907
refcut025_average,S1-only,44,0.3,57,7568204,310571,104337,4926418
refcut025_average,S1+AEF,42,0.3,57,7655075,373981,17466,4863008
refcut025_average,S1+AEF,43,0.3,57,7658324,382995,14217,4853994
refcut025_average,S1+AEF,44,0.3,57,7656647,368532,15894,4868457
refcut025_average,OPERA,,0.3,57,7336958,773660,335583,4463329
refcut025_average,S1-only,42,0.5,57,7542901,198899,129640,5038090
refcut025_average,S1-only,43,0.5,57,7559903,274482,112638,4962507
refcut025_average,S1-only,44,0.5,57,7546159,217203,126382,5019786
refcut025_average,S1+AEF,42,0.5,57,7647978,295718,24563,4941271
refcut025_average,S1+AEF,43,0.5,57,7651464,301508,21077,4935481
refcut025_average,S1+AEF,44,0.5,57,7649538,289245,23003,4947744
refcut025_average,OPERA,,0.5,57,7336958,773660,335583,4463329
refcut075_paper,S1-only,42,0.3,57,7374480,495588,66006,4973456
refcut075_paper,S1-only,43,0.3,57,7384482,590156,56004,4878888
refcut075_paper,S1-only,44,0.3,57,7378237,514621,62249,4954423
refcut075_paper,S1+AEF,42,0.3,57,7432825,610595,7661,4858449
refcut075_paper,S1+AEF,43,0.3,57,7434333,621415,6153,4847629
refcut075_paper,S1+AEF,44,0.3,57,7433605,605965,6881,4863079
refcut075_paper,OPERA,,0.3,57,7278155,832463,162331,4636581
refcut075_paper,S1-only,42,0.5,57,7361690,378511,78796,5090533
refcut075_paper,S1-only,43,0.5,57,7373633,459092,66853,5009952
refcut075_paper,S1-only,44,0.5,57,7365169,396931,75317,5072113
refcut075_paper,S1+AEF,42,0.5,57,7429841,513390,10645,4955654
refcut075_paper,S1+AEF,43,0.5,57,7431629,520919,8857,4948125
refcut075_paper,S1+AEF,44,0.5,57,7430719,507571,9767,4961473
refcut075_paper,OPERA,,0.5,57,7278155,832463,162331,4636581
refcut075_average,S1-only,42,0.3,57,7373394,482637,67092,4986407
refcut075_average,S1-only,43,0.3,57,7383516,576103,56970,4892941
refcut075_average,S1-only,44,0.3,57,7377266,501509,63220,4967535
refcut075_average,S1+AEF,42,0.3,57,7432692,596364,7794,4872680
refcut075_average,S1+AEF,43,0.3,57,7434229,607090,6257,4861954
refcut075_average,S1+AEF,44,0.3,57,7433483,591696,7003,4877348
refcut075_average,OPERA,,0.3,57,7278155,832463,162331,4636581
refcut075_average,S1-only,42,0.5,57,7361822,379978,78664,5089066
refcut075_average,S1-only,43,0.5,57,7373674,460711,66812,5008333
refcut075_average,S1-only,44,0.5,57,7365310,398052,75176,5070992
refcut075_average,S1+AEF,42,0.5,57,7429858,513838,10628,4955206
refcut075_average,S1+AEF,43,0.5,57,7431662,521310,8824,4947734
refcut075_average,S1+AEF,44,0.5,57,7430748,508035,9738,4961009
refcut075_average,OPERA,,0.5,57,7278155,832463,162331,4636581
s2_native@0_0,S1-only,42,0.3,57,575509,34053,2880,575879
s2_native@0_0,S1-only,43,0.3,57,575926,50613,2463,559319
s2_native@0_0,S1-only,44,0.3,57,575628,38664,2761,571268
s2_native@0_0,S1+AEF,42,0.3,57,577419,26863,970,583069
s2_native@0_0,S1+AEF,43,0.3,57,577408,27109,981,582823
s2_native@0_0,S1+AEF,44,0.3,57,577306,25586,1083,584346
s2_native@0_0,OPERA,,0.3,57,564088,66663,14301,543269
s2_native@0_0,S1-only,42,0.5,57,574946,24337,3443,585595
s2_native@0_0,S1-only,43,0.5,57,575390,37835,2999,572097
s2_native@0_0,S1-only,44,0.5,57,575064,28922,3325,581010
s2_native@0_0,S1+AEF,42,0.5,57,577216,21800,1173,588132
s2_native@0_0,S1+AEF,43,0.5,57,577222,21992,1167,587940
s2_native@0_0,S1+AEF,44,0.5,57,577038,20618,1351,589314
s2_native@0_0,OPERA,,0.5,57,564088,66663,14301,543269
s2_frozen@0_0,S1-only,42,0.3,57,575509,34053,2880,575879
s2_frozen@0_0,S1-only,43,0.3,57,575926,50613,2463,559319
s2_frozen@0_0,S1-only,44,0.3,57,575628,38664,2761,571268
s2_frozen@0_0,S1+AEF,42,0.3,57,577419,26863,970,583069
s2_frozen@0_0,S1+AEF,43,0.3,57,577408,27109,981,582823
s2_frozen@0_0,S1+AEF,44,0.3,57,577306,25586,1083,584346
s2_frozen@0_0,OPERA,,0.3,57,564088,66663,14301,543269
s2_frozen@0_0,S1-only,42,0.5,57,574946,24337,3443,585595
s2_frozen@0_0,S1-only,43,0.5,57,575390,37835,2999,572097
s2_frozen@0_0,S1-only,44,0.5,57,575064,28922,3325,581010
s2_frozen@0_0,S1+AEF,42,0.5,57,577216,21800,1173,588132
s2_frozen@0_0,S1+AEF,43,0.5,57,577222,21992,1167,587940
s2_frozen@0_0,S1+AEF,44,0.5,57,577038,20618,1351,589314
s2_frozen@0_0,OPERA,,0.5,57,564088,66663,14301,543269
s2_native@0_10,S1-only,42,0.3,57,106928,0,0,0
s2_native@0_10,S1-only,43,0.3,57,106928,0,0,0
s2_native@0_10,S1-only,44,0.3,57,106928,0,0,0
s2_native@0_10,S1+AEF,42,0.3,57,106928,0,0,0
s2_native@0_10,S1+AEF,43,0.3,57,106928,0,0,0
s2_native@0_10,S1+AEF,44,0.3,57,106928,0,0,0
s2_native@0_10,OPERA,,0.3,57,106928,0,0,0
s2_native@0_10,S1-only,42,0.5,57,106928,0,0,0
s2_native@0_10,S1-only,43,0.5,57,106928,0,0,0
s2_native@0_10,S1-only,44,0.5,57,106928,0,0,0
s2_native@0_10,S1+AEF,42,0.5,57,106928,0,0,0
s2_native@0_10,S1+AEF,43,0.5,57,106928,0,0,0
s2_native@0_10,S1+AEF,44,0.5,57,106928,0,0,0
s2_native@0_10,OPERA,,0.5,57,106928,0,0,0
s2_frozen@0_10,S1-only,42,0.3,57,107256,0,0,0
s2_frozen@0_10,S1-only,43,0.3,57,107256,0,0,0
s2_frozen@0_10,S1-only,44,0.3,57,107256,0,0,0
s2_frozen@0_10,S1+AEF,42,0.3,57,107256,0,0,0
s2_frozen@0_10,S1+AEF,43,0.3,57,107256,0,0,0
s2_frozen@0_10,S1+AEF,44,0.3,57,107256,0,0,0
s2_frozen@0_10,OPERA,,0.3,57,107256,0,0,0
s2_frozen@0_10,S1-only,42,0.5,57,107256,0,0,0
s2_frozen@0_10,S1-only,43,0.5,57,107256,0,0,0
s2_frozen@0_10,S1-only,44,0.5,57,107256,0,0,0
s2_frozen@0_10,S1+AEF,42,0.5,57,107256,0,0,0
s2_frozen@0_10,S1+AEF,43,0.5,57,107256,0,0,0
s2_frozen@0_10,S1+AEF,44,0.5,57,107256,0,0,0
s2_frozen@0_10,OPERA,,0.5,57,107256,0,0,0
s2_native@0_20,S1-only,42,0.3,57,10873,6272,243,88845
s2_native@0_20,S1-only,43,0.3,57,10886,8745,230,86372
s2_native@0_20,S1-only,44,0.3,57,10824,5753,292,89364
s2_native@0_20,S1+AEF,42,0.3,57,10963,3896,153,91221
s2_native@0_20,S1+AEF,43,0.3,57,10959,3913,157,91204
s2_native@0_20,S1+AEF,44,0.3,57,10943,3698,173,91419
s2_native@0_20,OPERA,,0.3,57,8134,11215,2982,83902
s2_native@0_20,S1-only,42,0.5,57,10825,4715,291,90402
s2_native@0_20,S1-only,43,0.5,57,10831,6616,285,88501
s2_native@0_20,S1-only,44,0.5,57,10755,4254,361,90863
s2_native@0_20,S1+AEF,42,0.5,57,10933,3113,183,92004
s2_native@0_20,S1+AEF,43,0.5,57,10931,3120,185,91997
s2_native@0_20,S1+AEF,44,0.5,57,10906,2924,210,92193
s2_native@0_20,OPERA,,0.5,57,8134,11215,2982,83902
s2_frozen@0_20,S1-only,42,0.3,57,10909,6327,242,89083
s2_frozen@0_20,S1-only,43,0.3,57,10926,8827,225,86583
s2_frozen@0_20,S1-only,44,0.3,57,10849,5745,302,89665
s2_frozen@0_20,S1+AEF,42,0.3,57,10997,3934,154,91476
s2_frozen@0_20,S1+AEF,43,0.3,57,10999,3940,152,91470
s2_frozen@0_20,S1+AEF,44,0.3,57,10982,3715,169,91695
s2_frozen@0_20,OPERA,,0.3,57,8191,11203,2960,84207
s2_frozen@0_20,S1-only,42,0.5,57,10849,4676,302,90734
s2_frozen@0_20,S1-only,43,0.5,57,10864,6619,287,88791
s2_frozen@0_20,S1-only,44,0.5,57,10772,4254,379,91156
s2_frozen@0_20,S1+AEF,42,0.5,57,10966,3158,185,92252
s2_frozen@0_20,S1+AEF,43,0.5,57,10968,3162,183,92248
s2_frozen@0_20,S1+AEF,44,0.5,57,10936,2956,215,92454
s2_frozen@0_20,OPERA,,0.5,57,8191,11203,2960,84207
s2_native@10_0,S1-only,42,0.3,57,7466929,385590,82190,4969132
s2_native@10_0,S1-only,43,0.3,57,7478512,477721,70607,4877001
s2_native@10_0,S1-only,44,0.3,57,7470613,404736,78506,4949986
s2_native@10_0,S1+AEF,42,0.3,57,7538012,488093,11107,4866629
s2_native@10_0,S1+AEF,43,0.3,57,7540232,498125,8887,4856597
s2_native@10_0,S1+AEF,44,0.3,57,7539084,483037,10035,4871685
s2_native@10_0,OPERA,,0.3,57,7309304,797853,239815,4556869
s2_native@10_0,S1-only,42,0.5,57,7452124,286490,96995,5068232
s2_native@10_0,S1-only,43,0.5,57,7465826,365331,83293,4989391
s2_native@10_0,S1-only,44,0.5,57,7455387,304921,93732,5049801
s2_native@10_0,S1+AEF,42,0.5,57,7534023,406555,15096,4948167
s2_native@10_0,S1+AEF,43,0.5,57,7536410,413599,12709,4941123
s2_native@10_0,S1+AEF,44,0.5,57,7535200,400458,13919,4954264
s2_native@10_0,OPERA,,0.5,57,7309304,797853,239815,4556869
s2_frozen@10_0,S1-only,42,0.3,57,7468483,385731,82025,4969664
s2_frozen@10_0,S1-only,43,0.3,57,7479992,477740,70516,4877655
s2_frozen@10_0,S1-only,44,0.3,57,7472081,404883,78427,4950512
s2_frozen@10_0,S1+AEF,42,0.3,57,7539522,487838,10986,4867557
s2_frozen@10_0,S1+AEF,43,0.3,57,7541702,497922,8806,4857473
s2_frozen@10_0,S1+AEF,44,0.3,57,7540618,482872,9890,4872523
s2_frozen@10_0,OPERA,,0.3,57,7306651,802492,243857,4552903
s2_frozen@10_0,S1-only,42,0.5,57,7453522,286514,96986,5068881
s2_frozen@10_0,S1-only,43,0.5,57,7467281,365283,83227,4990112
s2_frozen@10_0,S1-only,44,0.5,57,7456780,304823,93728,5050572
s2_frozen@10_0,S1+AEF,42,0.5,57,7535448,406562,15060,4948833
s2_frozen@10_0,S1+AEF,43,0.5,57,7537885,413407,12623,4941988
s2_frozen@10_0,S1+AEF,44,0.5,57,7536646,400461,13862,4954934
s2_frozen@10_0,OPERA,,0.5,57,7306651,802492,243857,4552903
s2_native@10_10,S1-only,42,0.3,57,1094566,132,6,145
s2_native@10_10,S1-only,43,0.3,57,1094569,162,3,115
s2_native@10_10,S1-only,44,0.3,57,1094565,204,7,73
s2_native@10_10,S1+AEF,42,0.3,57,1094571,42,1,235
s2_native@10_10,S1+AEF,43,0.3,57,1094572,43,0,234
s2_native@10_10,S1+AEF,44,0.3,57,1094572,41,0,236
s2_native@10_10,OPERA,,0.3,57,1094114,32,458,245
s2_native@10_10,S1-only,42,0.5,57,1094560,105,12,172
s2_native@10_10,S1-only,43,0.5,57,1094566,136,6,141
s2_native@10_10,S1-only,44,0.5,57,1094561,169,11,108
s2_native@10_10,S1+AEF,42,0.5,57,1094567,29,5,248
s2_native@10_10,S1+AEF,43,0.5,57,1094568,31,4,246
s2_native@10_10,S1+AEF,44,0.5,57,1094569,30,3,247
s2_native@10_10,OPERA,,0.5,57,1094114,32,458,245
s2_frozen@10_10,S1-only,42,0.3,57,1098023,132,9,146
s2_frozen@10_10,S1-only,43,0.3,57,1098030,162,2,116
s2_frozen@10_10,S1-only,44,0.3,57,1098026,204,6,74
s2_frozen@10_10,S1+AEF,42,0.3,57,1098032,43,0,235
s2_frozen@10_10,S1+AEF,43,0.3,57,1098032,42,0,236
s2_frozen@10_10,S1+AEF,44,0.3,57,1098032,42,0,236
s2_frozen@10_10,OPERA,,0.3,57,1097563,27,469,251
s2_frozen@10_10,S1-only,42,0.5,57,1098019,102,13,176
s2_frozen@10_10,S1-only,43,0.5,57,1098027,134,5,144
s2_frozen@10_10,S1-only,44,0.5,57,1098019,168,13,110
s2_frozen@10_10,S1+AEF,42,0.5,57,1098027,23,5,255
s2_frozen@10_10,S1+AEF,43,0.5,57,1098029,27,3,251
s2_frozen@10_10,S1+AEF,44,0.5,57,1098028,25,4,253
s2_frozen@10_10,OPERA,,0.5,57,1097563,27,469,251
s2_native@10_20,S1-only,42,0.3,57,131446,58415,6684,988012
s2_native@10_20,S1-only,43,0.3,57,132220,79088,5910,967339
s2_native@10_20,S1-only,44,0.3,57,131315,64707,6815,981720
s2_native@10_20,S1+AEF,42,0.3,57,137284,51733,846,994694
s2_native@10_20,S1+AEF,43,0.3,57,137460,52084,670,994343
s2_native@10_20,S1+AEF,44,0.3,57,137328,50024,802,996403
s2_native@10_20,OPERA,,0.3,57,111145,144084,26985,902343
s2_native@10_20,S1-only,42,0.5,57,130250,42125,7880,1004302
s2_native@10_20,S1-only,43,0.5,57,131235,58864,6895,987563
s2_native@10_20,S1-only,44,0.5,57,130059,47749,8071,998678
s2_native@10_20,S1+AEF,42,0.5,57,136929,42998,1201,1003429
s2_native@10_20,S1+AEF,43,0.5,57,137177,43234,953,1003193
s2_native@10_20,S1+AEF,44,0.5,57,136999,41187,1131,1005240
s2_native@10_20,OPERA,,0.5,57,111145,144084,26985,902343
s2_frozen@10_20,S1-only,42,0.3,57,131839,58725,6793,991145
s2_frozen@10_20,S1-only,43,0.3,57,132703,79502,5929,970368
s2_frozen@10_20,S1-only,44,0.3,57,131705,65189,6927,984681
s2_frozen@10_20,S1+AEF,42,0.3,57,137825,51915,807,997955
s2_frozen@10_20,S1+AEF,43,0.3,57,138007,52300,625,997570
s2_frozen@10_20,S1+AEF,44,0.3,57,137861,50108,771,999762
s2_frozen@10_20,OPERA,,0.3,57,111893,143904,26739,905966
s2_frozen@10_20,S1-only,42,0.5,57,130637,42366,7995,1007504
s2_frozen@10_20,S1-only,43,0.5,57,131650,59239,6982,990631
s2_frozen@10_20,S1-only,44,0.5,57,130457,47967,8175,1001903
s2_frozen@10_20,S1+AEF,42,0.5,57,137438,43204,1194,1006666
s2_frozen@10_20,S1+AEF,43,0.5,57,137697,43405,935,1006465
s2_frozen@10_20,S1+AEF,44,0.5,57,137511,41392,1121,1008478
s2_frozen@10_20,OPERA,,0.5,57,111893,143904,26739,905966
paper,S1-only,42,0.3,75,1134643,137257,29326,12048883
paper,S1-only,43,0.3,75,1143522,186477,20447,11999663
paper,S1-only,44,0.3,75,1134975,144085,28994,12042055
paper,S1+AEF,42,0.3,75,1155316,202549,8653,11983591
paper,S1+AEF,43,0.3,75,1155269,192797,8700,11993343
paper,S1+AEF,44,0.3,75,1155393,196808,8576,11989332
paper,OPERA,,0.3,75,1098947,708570,65022,11477570
paper,S1-only,42,0.5,75,1123691,95628,40278,12090512
paper,S1-only,43,0.5,75,1138280,130493,25689,12055647
paper,S1-only,44,0.5,75,1126768,98019,37201,12088121
paper,S1+AEF,42,0.5,75,1154821,158497,9148,12027643
paper,S1+AEF,43,0.5,75,1154749,150043,9220,12036097
paper,S1+AEF,44,0.5,75,1155002,153413,8967,12032727
paper,OPERA,,0.5,75,1098947,708570,65022,11477570
s1_average,S1-only,42,0.3,75,1134181,133074,29788,12053066
s1_average,S1-only,43,0.3,75,1143334,181841,20635,12004299
s1_average,S1-only,44,0.3,75,1134766,139940,29203,12046200
s1_average,S1+AEF,42,0.3,75,1155330,197177,8639,11988963
s1_average,S1+AEF,43,0.3,75,1155280,187541,8689,11998599
s1_average,S1+AEF,44,0.3,75,1155407,191500,8562,11994640
s1_average,OPERA,,0.3,75,1098947,708570,65022,11477570
s1_average,S1-only,42,0.5,75,1123469,96630,40500,12089510
s1_average,S1-only,43,0.5,75,1138305,131912,25664,12054228
s1_average,S1-only,44,0.5,75,1127008,99094,36961,12087046
s1_average,S1+AEF,42,0.5,75,1154856,159504,9113,12026636
s1_average,S1+AEF,43,0.5,75,1154801,150940,9168,12035200
s1_average,S1+AEF,44,0.5,75,1155048,154357,8921,12031783
s1_average,OPERA,,0.5,75,1098947,708570,65022,11477570
opera_union,S1-only,42,0.3,75,1134643,137257,29326,12048883
opera_union,S1-only,43,0.3,75,1143522,186477,20447,11999663
opera_union,S1-only,44,0.3,75,1134975,144085,28994,12042055
opera_union,S1+AEF,42,0.3,75,1155316,202549,8653,11983591
opera_union,S1+AEF,43,0.3,75,1155269,192797,8700,11993343
opera_union,S1+AEF,44,0.3,75,1155393,196808,8576,11989332
opera_union,OPERA,,0.3,75,1098947,708570,65022,11477570
opera_union,S1-only,42,0.5,75,1123691,95628,40278,12090512
opera_union,S1-only,43,0.5,75,1138280,130493,25689,12055647
opera_union,S1-only,44,0.5,75,1126768,98019,37201,12088121
opera_union,S1+AEF,42,0.5,75,1154821,158497,9148,12027643
opera_union,S1+AEF,43,0.5,75,1154749,150043,9220,12036097
opera_union,S1+AEF,44,0.5,75,1155002,153413,8967,12032727
opera_union,OPERA,,0.5,75,1098947,708570,65022,11477570
s3_pure_paper,S1-only,42,0.3,75,1064786,72708,18202,12015393
s3_pure_paper,S1-only,43,0.3,75,1071546,117531,11442,11970570
s3_pure_paper,S1-only,44,0.3,75,1065781,80649,17207,12007452
s3_pure_paper,S1+AEF,42,0.3,75,1076827,111328,6161,11976773
s3_pure_paper,S1+AEF,43,0.3,75,1076816,102481,6172,11985620
s3_pure_paper,S1+AEF,44,0.3,75,1076896,105857,6092,11982244
s3_pure_paper,OPERA,,0.3,75,1058105,672482,24883,11415619
s3_pure_paper,S1-only,42,0.5,75,1057077,43937,25911,12044164
s3_pure_paper,S1-only,43,0.5,75,1068657,74022,14331,12014079
s3_pure_paper,S1-only,44,0.5,75,1061039,47612,21949,12040489
s3_pure_paper,S1+AEF,42,0.5,75,1076707,74208,6281,12013893
s3_pure_paper,S1+AEF,43,0.5,75,1076682,67274,6306,12020827
s3_pure_paper,S1+AEF,44,0.5,75,1076778,69826,6210,12018275
s3_pure_paper,OPERA,,0.5,75,1058105,672482,24883,11415619
s3_pure_average,S1-only,42,0.3,75,1064420,70038,18568,12018063
s3_pure_average,S1-only,43,0.3,75,1071459,114412,11529,11973689
s3_pure_average,S1-only,44,0.3,75,1065658,78053,17330,12010048
s3_pure_average,S1+AEF,42,0.3,75,1076829,106482,6159,11981619
s3_pure_average,S1+AEF,43,0.3,75,1076815,97761,6173,11990340
s3_pure_average,S1+AEF,44,0.3,75,1076898,101144,6090,11986957
s3_pure_average,OPERA,,0.3,75,1058105,672482,24883,11415619
s3_pure_average,S1-only,42,0.5,75,1056594,44771,26394,12043330
s3_pure_average,S1-only,43,0.5,75,1068535,75262,14453,12012839
s3_pure_average,S1-only,44,0.5,75,1061049,48467,21939,12039634
s3_pure_average,S1+AEF,42,0.5,75,1076711,74935,6277,12013166
s3_pure_average,S1+AEF,43,0.5,75,1076683,67886,6305,12020215
s3_pure_average,S1+AEF,44,0.5,75,1076780,70515,6208,12017586
s3_pure_average,OPERA,,0.5,75,1058105,672482,24883,11415619
refcut025_paper,S1-only,42,0.3,75,1166284,105616,38750,12039459
refcut025_paper,S1-only,43,0.3,75,1176711,153288,28323,11991787
refcut025_paper,S1-only,44,0.3,75,1166122,112938,38912,12032137
refcut025_paper,S1+AEF,42,0.3,75,1194667,163198,10367,11981877
refcut025_paper,S1+AEF,43,0.3,75,1194492,153574,10542,11991501
refcut025_paper,S1+AEF,44,0.3,75,1194740,157461,10294,11987614
refcut025_paper,OPERA,,0.3,75,1114779,692738,90255,11452337
refcut025_paper,S1-only,42,0.5,75,1151151,68168,53883,12076907
refcut025_paper,S1-only,43,0.5,75,1167744,101029,37290,12044046
refcut025_paper,S1-only,44,0.5,75,1153566,71221,51468,12073854
refcut025_paper,S1+AEF,42,0.5,75,1193455,119863,11579,12025212
refcut025_paper,S1+AEF,43,0.5,75,1193113,111679,11921,12033396
refcut025_paper,S1+AEF,44,0.5,75,1193608,114807,11426,12030268
refcut025_paper,OPERA,,0.5,75,1114779,692738,90255,11452337
refcut025_average,S1-only,42,0.3,75,1165480,101775,39554,12043300
refcut025_average,S1-only,43,0.3,75,1176219,148956,28815,11996119
refcut025_average,S1-only,44,0.3,75,1165556,109150,39478,12035925
refcut025_average,S1+AEF,42,0.3,75,1194685,157822,10349,11987253
refcut025_average,S1+AEF,43,0.3,75,1194503,148318,10531,11996757
refcut025_average,S1+AEF,44,0.3,75,1194770,152137,10264,11992938
refcut025_average,OPERA,,0.3,75,1114779,692738,90255,11452337
refcut025_average,S1-only,42,0.5,75,1151016,69083,54018,12075992
refcut025_average,S1-only,43,0.5,75,1167886,102331,37148,12042744
refcut025_average,S1-only,44,0.5,75,1153930,72172,51104,12072903
refcut025_average,S1+AEF,42,0.5,75,1193571,120789,11463,12024286
refcut025_average,S1+AEF,43,0.5,75,1193275,112466,11759,12032609
refcut025_average,S1+AEF,44,0.5,75,1193737,115668,11297,12029407
refcut025_average,OPERA,,0.5,75,1114779,692738,90255,11452337
refcut075_paper,S1-only,42,0.3,75,1103554,168346,23567,12054642
refcut075_paper,S1-only,43,0.3,75,1111362,218637,15759,12004351
refcut075_paper,S1-only,44,0.3,75,1104183,174877,22938,12048111
refcut075_paper,S1+AEF,42,0.3,75,1119770,238095,7351,11984893
refcut075_paper,S1+AEF,43,0.3,75,1119746,228320,7375,11994668
refcut075_paper,S1+AEF,44,0.3,75,1119840,232361,7281,11990627
refcut075_paper,OPERA,,0.3,75,1082069,725448,45052,11497540
refcut075_paper,S1-only,42,0.5,75,1094585,124734,32536,12098254
refcut075_paper,S1-only,43,0.5,75,1107615,161158,19506,12061830
refcut075_paper,S1-only,44,0.5,75,1098103,126684,29018,12096304
refcut075_paper,S1+AEF,42,0.5,75,1119517,193801,7604,12029187
refcut075_paper,S1+AEF,43,0.5,75,1119488,185304,7633,12037684
refcut075_paper,S1+AEF,44,0.5,75,1119644,188771,7477,12034217
refcut075_paper,OPERA,,0.5,75,1082069,725448,45052,11497540
refcut075_average,S1-only,42,0.3,75,1103179,164076,23942,12058912
refcut075_average,S1-only,43,0.3,75,1111250,213925,15871,12009063
refcut075_average,S1-only,44,0.3,75,1104059,170647,23062,12052341
refcut075_average,S1+AEF,42,0.3,75,1119774,232733,7347,11990255
refcut075_average,S1+AEF,43,0.3,75,1119745,223076,7376,11999912
refcut075_average,S1+AEF,44,0.3,75,1119845,227062,7276,11995926
refcut075_average,OPERA,,0.3,75,1082069,725448,45052,11497540
refcut075_average,S1-only,42,0.5,75,1094230,125869,32891,12097119
refcut075_average,S1-only,43,0.5,75,1107551,162666,19570,12060322
refcut075_average,S1-only,44,0.5,75,1098233,127869,28888,12095119
refcut075_average,S1+AEF,42,0.5,75,1119532,194828,7589,12028160
refcut075_average,S1+AEF,43,0.5,75,1119504,186237,7617,12036751
refcut075_average,S1+AEF,44,0.5,75,1119655,189750,7466,12033238
refcut075_average,OPERA,,0.5,75,1082069,725448,45052,11497540
s2_native@0_0,S1-only,42,0.3,75,442066,8155,5544,744622
s2_native@0_0,S1-only,43,0.3,75,445055,9591,2555,743186
s2_native@0_0,S1-only,44,0.3,75,443810,7933,3800,744844
s2_native@0_0,S1+AEF,42,0.3,75,447438,17326,172,735451
s2_native@0_0,S1+AEF,43,0.3,75,447439,16650,171,736127
s2_native@0_0,S1+AEF,44,0.3,75,447479,16767,131,736010
s2_native@0_0,OPERA,,0.3,75,441483,55693,6127,697084
s2_native@0_0,S1-only,42,0.5,75,436914,5765,10696,747012
s2_native@0_0,S1-only,43,0.5,75,443468,6914,4142,745863
s2_native@0_0,S1-only,44,0.5,75,442383,5685,5227,747092
s2_native@0_0,S1+AEF,42,0.5,75,447386,14005,224,738772
s2_native@0_0,S1+AEF,43,0.5,75,447378,13443,232,739334
s2_native@0_0,S1+AEF,44,0.5,75,447428,13539,182,739238
s2_native@0_0,OPERA,,0.5,75,441483,55693,6127,697084
s2_frozen@0_0,S1-only,42,0.3,75,442066,8155,5544,744622
s2_frozen@0_0,S1-only,43,0.3,75,445055,9591,2555,743186
s2_frozen@0_0,S1-only,44,0.3,75,443810,7933,3800,744844
s2_frozen@0_0,S1+AEF,42,0.3,75,447438,17326,172,735451
s2_frozen@0_0,S1+AEF,43,0.3,75,447439,16650,171,736127
s2_frozen@0_0,S1+AEF,44,0.3,75,447479,16767,131,736010
s2_frozen@0_0,OPERA,,0.3,75,441483,55693,6127,697084
s2_frozen@0_0,S1-only,42,0.5,75,436914,5765,10696,747012
s2_frozen@0_0,S1-only,43,0.5,75,443468,6914,4142,745863
s2_frozen@0_0,S1-only,44,0.5,75,442383,5685,5227,747092
s2_frozen@0_0,S1+AEF,42,0.5,75,447386,14005,224,738772
s2_frozen@0_0,S1+AEF,43,0.5,75,447378,13443,232,739334
s2_frozen@0_0,S1+AEF,44,0.5,75,447428,13539,182,739238
s2_frozen@0_0,OPERA,,0.5,75,441483,55693,6127,697084
s2_native@0_10,S1-only,42,0.3,75,1118,1265,5,104538
s2_native@0_10,S1-only,43,0.3,75,1118,1313,5,104490
s2_native@0_10,S1-only,44,0.3,75,1115,1264,8,104539
s2_native@0_10,S1+AEF,42,0.3,75,1123,1286,0,104517
s2_native@0_10,S1+AEF,43,0.3,75,1123,1240,0,104563
s2_native@0_10,S1+AEF,44,0.3,75,1123,1273,0,104530
s2_native@0_10,OPERA,,0.3,75,302,1033,821,104770
s2_native@0_10,S1-only,42,0.5,75,1102,972,21,104831
s2_native@0_10,S1-only,43,0.5,75,1100,997,23,104806
s2_native@0_10,S1-only,44,0.5,75,1098,957,25,104846
s2_native@0_10,S1+AEF,42,0.5,75,1123,991,0,104812
s2_native@0_10,S1+AEF,43,0.5,75,1123,933,0,104870
s2_native@0_10,S1+AEF,44,0.5,75,1123,960,0,104843
s2_native@0_10,OPERA,,0.5,75,302,1033,821,104770
s2_frozen@0_10,S1-only,42,0.3,75,1092,1289,4,104869
s2_frozen@0_10,S1-only,43,0.3,75,1091,1339,5,104819
s2_frozen@0_10,S1-only,44,0.3,75,1091,1295,5,104863
s2_frozen@0_10,S1+AEF,42,0.3,75,1096,1338,0,104820
s2_frozen@0_10,S1+AEF,43,0.3,75,1096,1285,0,104873
s2_frozen@0_10,S1+AEF,44,0.3,75,1096,1312,0,104846
s2_frozen@0_10,OPERA,,0.3,75,307,1028,789,105130
s2_frozen@0_10,S1-only,42,0.5,75,1088,961,8,105197
s2_frozen@0_10,S1-only,43,0.5,75,1087,995,9,105163
s2_frozen@0_10,S1-only,44,0.5,75,1087,962,9,105196
s2_frozen@0_10,S1+AEF,42,0.5,75,1096,1010,0,105148
s2_frozen@0_10,S1+AEF,43,0.5,75,1096,958,0,105200
s2_frozen@0_10,S1+AEF,44,0.5,75,1096,990,0,105168
s2_frozen@0_10,OPERA,,0.5,75,307,1028,789,105130
s2_native@0_20,S1-only,42,0.3,75,105681,0,1247,0
s2_native@0_20,S1-only,43,0.3,75,106668,0,260,0
s2_native@0_20,S1-only,44,0.3,75,106885,0,43,0
s2_native@0_20,S1+AEF,42,0.3,75,106928,0,0,0
s2_native@0_20,S1+AEF,43,0.3,75,106928,0,0,0
s2_native@0_20,S1+AEF,44,0.3,75,106928,0,0,0
s2_native@0_20,OPERA,,0.3,75,106928,0,0,0
s2_native@0_20,S1-only,42,0.5,75,103151,0,3777,0
s2_native@0_20,S1-only,43,0.5,75,105997,0,931,0
s2_native@0_20,S1-only,44,0.5,75,106822,0,106,0
s2_native@0_20,S1+AEF,42,0.5,75,106928,0,0,0
s2_native@0_20,S1+AEF,43,0.5,75,106928,0,0,0
s2_native@0_20,S1+AEF,44,0.5,75,106928,0,0,0
s2_native@0_20,OPERA,,0.5,75,106928,0,0,0
s2_frozen@0_20,S1-only,42,0.3,75,106005,0,1251,0
s2_frozen@0_20,S1-only,43,0.3,75,107001,0,255,0
s2_frozen@0_20,S1-only,44,0.3,75,107203,0,53,0
s2_frozen@0_20,S1+AEF,42,0.3,75,107256,0,0,0
s2_frozen@0_20,S1+AEF,43,0.3,75,107256,0,0,0
s2_frozen@0_20,S1+AEF,44,0.3,75,107256,0,0,0
s2_frozen@0_20,OPERA,,0.3,75,107256,0,0,0
s2_frozen@0_20,S1-only,42,0.5,75,103424,0,3832,0
s2_frozen@0_20,S1-only,43,0.5,75,106300,0,956,0
s2_frozen@0_20,S1-only,44,0.5,75,107143,0,113,0
s2_frozen@0_20,S1+AEF,42,0.5,75,107256,0,0,0
s2_frozen@0_20,S1+AEF,43,0.5,75,107256,0,0,0
s2_frozen@0_20,S1+AEF,44,0.5,75,107256,0,0,0
s2_frozen@0_20,OPERA,,0.5,75,107256,0,0,0
s2_native@10_0,S1-only,42,0.3,75,1132005,132914,29624,12048897
s2_native@10_0,S1-only,43,0.3,75,1141106,181504,20523,12000307
s2_native@10_0,S1-only,44,0.3,75,1132539,139982,29090,12041829
s2_native@10_0,S1+AEF,42,0.3,75,1153017,197197,8612,11984614
s2_native@10_0,S1+AEF,43,0.3,75,1152973,187589,8656,11994222
s2_native@10_0,S1+AEF,44,0.3,75,1153105,191320,8524,11990491
s2_native@10_0,OPERA,,0.3,75,1089780,715889,71849,11465922
s2_native@10_0,S1-only,42,0.5,75,1121561,96547,40068,12085264
s2_native@10_0,S1-only,43,0.5,75,1136169,131956,25460,12049855
s2_native@10_0,S1-only,44,0.5,75,1124855,98804,36774,12083007
s2_native@10_0,S1+AEF,42,0.5,75,1152574,159324,9055,12022487
s2_native@10_0,S1+AEF,43,0.5,75,1152500,150523,9129,12031288
s2_native@10_0,S1+AEF,44,0.5,75,1152755,154111,8874,12027700
s2_native@10_0,OPERA,,0.5,75,1089780,715889,71849,11465922
s2_frozen@10_0,S1-only,42,0.3,75,1132595,133040,29686,12051128
s2_frozen@10_0,S1-only,43,0.3,75,1141690,181797,20591,12002371
s2_frozen@10_0,S1-only,44,0.3,75,1133115,139903,29166,12044265
s2_frozen@10_0,S1+AEF,42,0.3,75,1153642,197039,8639,11987129
s2_frozen@10_0,S1+AEF,43,0.3,75,1153592,187413,8689,11996755
s2_frozen@10_0,S1+AEF,44,0.3,75,1153719,191365,8562,11992803
s2_frozen@10_0,OPERA,,0.3,75,1097306,708455,64975,11475713
s2_frozen@10_0,S1-only,42,0.5,75,1122026,96609,40255,12087559
s2_frozen@10_0,S1-only,43,0.5,75,1136738,131882,25543,12052286
s2_frozen@10_0,S1-only,44,0.5,75,1125402,99071,36879,12085097
s2_frozen@10_0,S1+AEF,42,0.5,75,1153168,159395,9113,12024773
s2_frozen@10_0,S1+AEF,43,0.5,75,1153113,150832,9168,12033336
s2_frozen@10_0,S1+AEF,44,0.5,75,1153360,154252,8921,12029916
s2_frozen@10_0,OPERA,,0.5,75,1097306,708455,64975,11475713
s2_native@10_10,S1-only,42,0.3,75,17229,10839,336,1135526
s2_native@10_10,S1-only,43,0.3,75,17276,13605,289,1132760
s2_native@10_10,S1-only,44,0.3,75,17126,11210,439,1135155
s2_native@10_10,S1+AEF,42,0.3,75,17006,11512,559,1134853
s2_native@10_10,S1+AEF,43,0.3,75,16998,10942,567,1135423
s2_native@10_10,S1+AEF,44,0.3,75,17012,10989,553,1135376
s2_native@10_10,OPERA,,0.3,75,12395,26601,5170,1119764
s2_native@10_10,S1-only,42,0.5,75,17041,8050,524,1138315
s2_native@10_10,S1-only,43,0.5,75,17138,9800,427,1136565
s2_native@10_10,S1-only,44,0.5,75,16848,8056,717,1138309
s2_native@10_10,S1+AEF,42,0.5,75,16998,9038,567,1137327
s2_native@10_10,S1+AEF,43,0.5,75,16990,8569,575,1137796
s2_native@10_10,S1+AEF,44,0.5,75,16997,8585,568,1137780
s2_native@10_10,OPERA,,0.5,75,12395,26601,5170,1119764
s2_frozen@10_10,S1-only,42,0.3,75,17226,10933,355,1138951
s2_frozen@10_10,S1-only,43,0.3,75,17287,13731,294,1136153
s2_frozen@10_10,S1-only,44,0.3,75,17148,11223,433,1138661
s2_frozen@10_10,S1+AEF,42,0.3,75,17049,11641,532,1138243
s2_frozen@10_10,S1+AEF,43,0.3,75,17038,11105,543,1138779
s2_frozen@10_10,S1+AEF,44,0.3,75,17052,11165,529,1138719
s2_frozen@10_10,OPERA,,0.3,75,12977,26096,4604,1123788
s2_frozen@10_10,S1-only,42,0.5,75,17037,8054,544,1141830
s2_frozen@10_10,S1-only,43,0.5,75,17167,9802,414,1140082
s2_frozen@10_10,S1-only,44,0.5,75,16880,8103,701,1141781
s2_frozen@10_10,S1+AEF,42,0.5,75,17036,9106,545,1140778
s2_frozen@10_10,S1+AEF,43,0.5,75,17033,8608,548,1141276
s2_frozen@10_10,S1+AEF,44,0.5,75,17037,8583,544,1141301
s2_frozen@10_10,OPERA,,0.5,75,12977,26096,4604,1123788
s2_native@10_20,S1-only,42,0.3,75,265553,12648,12289,902015
s2_native@10_20,S1-only,43,0.3,75,268224,21474,9618,893189
s2_native@10_20,S1-only,44,0.3,75,266956,14973,10886,899690
s2_native@10_20,S1+AEF,42,0.3,75,277798,26321,44,888342
s2_native@10_20,S1+AEF,43,0.3,75,277795,24588,47,890075
s2_native@10_20,S1+AEF,44,0.3,75,277813,25339,29,889324
s2_native@10_20,OPERA,,0.3,75,264629,47589,13213,867074
s2_native@10_20,S1-only,42,0.5,75,262116,9166,15726,905497
s2_native@10_20,S1-only,43,0.5,75,266949,16058,10893,898605
s2_native@10_20,S1-only,44,0.5,75,266024,10489,11818,904174
s2_native@10_20,S1+AEF,42,0.5,75,277583,21643,259,893020
s2_native@10_20,S1+AEF,43,0.5,75,277609,20065,233,894598
s2_native@10_20,S1+AEF,44,0.5,75,277676,20794,166,893869
s2_native@10_20,OPERA,,0.5,75,264629,47589,13213,867074
s2_frozen@10_20,S1-only,42,0.3,75,266659,12779,12370,904682
s2_frozen@10_20,S1-only,43,0.3,75,269315,21637,9714,895824
s2_frozen@10_20,S1-only,44,0.3,75,268100,15105,10929,902356
s2_frozen@10_20,S1+AEF,42,0.3,75,278988,26522,41,890939
s2_frozen@10_20,S1+AEF,43,0.3,75,278985,24744,44,892717
s2_frozen@10_20,S1+AEF,44,0.3,75,278999,25442,30,892019
s2_frozen@10_20,OPERA,,0.3,75,266425,47128,12604,870333
s2_frozen@10_20,S1-only,42,0.5,75,263149,9228,15880,908233
s2_frozen@10_20,S1-only,43,0.5,75,268028,16168,11001,901293
s2_frozen@10_20,S1-only,44,0.5,75,267138,10622,11891,906839
s2_frozen@10_20,S1+AEF,42,0.5,75,278783,21690,246,895771
s2_frozen@10_20,S1+AEF,43,0.5,75,278790,20146,239,897315
s2_frozen@10_20,S1+AEF,44,0.5,75,278860,20867,169,896594
s2_frozen@10_20,OPERA,,0.5,75,266425,47128,12604,870333
s2_native@20_0,S1-only,42,0.3,75,22984,14666,171,1114535
s2_native@20_0,S1-only,43,0.3,75,23041,19569,114,1109632
s2_native@20_0,S1-only,44,0.3,75,22959,15657,196,1113544
s2_native@20_0,S1+AEF,42,0.3,75,23145,14797,10,1114404
s2_native@20_0,S1+AEF,43,0.3,75,23145,14128,10,1115073
s2_native@20_0,S1+AEF,44,0.3,75,23144,14294,11,1114907
s2_native@20_0,OPERA,,0.3,75,19698,17986,3457,1111215
s2_native@20_0,S1-only,42,0.5,75,22875,10691,280,1118510
s2_native@20_0,S1-only,43,0.5,75,22965,14541,190,1114660
s2_native@20_0,S1-only,44,0.5,75,22841,11322,314,1117879
s2_native@20_0,S1+AEF,42,0.5,75,23143,12050,12,1117151
s2_native@20_0,S1+AEF,43,0.5,75,23140,11373,15,1117828
s2_native@20_0,S1+AEF,44,0.5,75,23142,11545,13,1117656
s2_native@20_0,OPERA,,0.5,75,19698,17986,3457,1111215
s2_frozen@20_0,S1-only,42,0.3,75,22976,14653,159,1114568
s2_frozen@20_0,S1-only,43,0.3,75,23024,19581,111,1109640
s2_frozen@20_0,S1-only,44,0.3,75,22959,15669,176,1113552
s2_frozen@20_0,S1+AEF,42,0.3,75,23123,14758,12,1114463
s2_frozen@20_0,S1+AEF,43,0.3,75,23123,14030,12,1115191
s2_frozen@20_0,S1+AEF,44,0.3,75,23123,14222,12,1114999
s2_frozen@20_0,OPERA,,0.3,75,18932,18752,4203,1110469
s2_frozen@20_0,S1-only,42,0.5,75,22875,10755,260,1118466
s2_frozen@20_0,S1-only,43,0.5,75,22952,14564,183,1114657
s2_frozen@20_0,S1-only,44,0.5,75,22830,11375,305,1117846
s2_frozen@20_0,S1+AEF,42,0.5,75,23122,11973,13,1117248
s2_frozen@20_0,S1+AEF,43,0.5,75,23123,11328,12,1117893
s2_frozen@20_0,S1+AEF,44,0.5,75,23123,11479,12,1117742
s2_frozen@20_0,OPERA,,0.5,75,18932,18752,4203,1110469
s2_native@20_10,S1-only,42,0.3,75,29,166,18,77872
s2_native@20_10,S1-only,43,0.3,75,30,303,17,77735
s2_native@20_10,S1-only,44,0.3,75,30,160,17,77878
s2_native@20_10,S1+AEF,42,0.3,75,37,97,10,77941
s2_native@20_10,S1+AEF,43,0.3,75,37,90,10,77948
s2_native@20_10,S1+AEF,44,0.3,75,37,89,10,77949
s2_native@20_10,OPERA,,0.3,75,26,40,21,77998
s2_native@20_10,S1-only,42,0.5,75,24,111,23,77927
s2_native@20_10,S1-only,43,0.5,75,28,178,19,77860
s2_native@20_10,S1-only,44,0.5,75,29,84,18,77954
s2_native@20_10,S1+AEF,42,0.5,75,37,70,10,77968
s2_native@20_10,S1+AEF,43,0.5,75,37,65,10,77973
s2_native@20_10,S1+AEF,44,0.5,75,37,62,10,77976
s2_native@20_10,OPERA,,0.5,75,26,40,21,77998
s2_frozen@20_10,S1-only,42,0.3,75,27,172,23,78074
s2_frozen@20_10,S1-only,43,0.3,75,31,313,19,77933
s2_frozen@20_10,S1-only,44,0.3,75,31,178,19,78068
s2_frozen@20_10,S1+AEF,42,0.3,75,39,88,11,78158
s2_frozen@20_10,S1+AEF,43,0.3,75,39,84,11,78162
s2_frozen@20_10,S1+AEF,44,0.3,75,39,87,11,78159
s2_frozen@20_10,OPERA,,0.3,75,22,44,28,78202
s2_frozen@20_10,S1-only,42,0.5,75,25,112,25,78134
s2_frozen@20_10,S1-only,43,0.5,75,30,184,20,78062
s2_frozen@20_10,S1-only,44,0.5,75,27,84,23,78162
s2_frozen@20_10,S1+AEF,42,0.5,75,39,68,11,78178
s2_frozen@20_10,S1+AEF,43,0.5,75,39,64,11,78182
s2_frozen@20_10,S1+AEF,44,0.5,75,39,62,11,78184
s2_frozen@20_10,OPERA,,0.5,75,22,44,28,78202
s2_native@20_20,S1-only,42,0.3,75,2395,1221,3,102329
s2_native@20_20,S1-only,43,0.3,75,2395,1959,3,101591
s2_native@20_20,S1-only,44,0.3,75,2394,1414,4,102136
s2_native@20_20,S1+AEF,42,0.3,75,2398,1094,0,102456
s2_native@20_20,S1+AEF,43,0.3,75,2398,1055,0,102495
s2_native@20_20,S1+AEF,44,0.3,75,2398,1055,0,102495
s2_native@20_20,OPERA,,0.3,75,1943,1033,455,102517
s2_native@20_20,S1-only,42,0.5,75,2387,804,11,102746
s2_native@20_20,S1-only,43,0.5,75,2390,1355,8,102195
s2_native@20_20,S1-only,44,0.5,75,2385,909,13,102641
s2_native@20_20,S1+AEF,42,0.5,75,2398,903,0,102647
s2_native@20_20,S1+AEF,43,0.5,75,2398,849,0,102701
s2_native@20_20,S1+AEF,44,0.5,75,2398,850,0,102700
s2_native@20_20,OPERA,,0.5,75,1943,1033,455,102517
s2_frozen@20_20,S1-only,42,0.3,75,2400,1239,3,102631
s2_frozen@20_20,S1-only,43,0.3,75,2402,1983,1,101887
s2_frozen@20_20,S1-only,44,0.3,75,2400,1450,3,102420
s2_frozen@20_20,S1+AEF,42,0.3,75,2403,1122,0,102748
s2_frozen@20_20,S1+AEF,43,0.3,75,2403,1070,0,102800
s2_frozen@20_20,S1+AEF,44,0.3,75,2403,1084,0,102786
s2_frozen@20_20,OPERA,,0.3,75,1972,1027,431,102843
s2_frozen@20_20,S1-only,42,0.5,75,2392,841,11,103029
s2_frozen@20_20,S1-only,43,0.5,75,2395,1369,8,102501
s2_frozen@20_20,S1-only,44,0.5,75,2392,949,11,102921
s2_frozen@20_20,S1+AEF,42,0.5,75,2403,901,0,102969
s2_frozen@20_20,S1+AEF,43,0.5,75,2403,847,0,103023
s2_frozen@20_20,S1+AEF,44,0.5,75,2403,855,0,103015
s2_frozen@20_20,OPERA,,0.5,75,1972,1027,431,102843
paper,S1-only,42,0.3,77,36414,17957,2914,3267630
paper,S1-only,43,0.3,77,36518,18642,2810,3266945
paper,S1-only,44,0.3,77,36337,17351,2991,3268236
paper,S1+AEF,42,0.3,77,37180,14790,2148,3270797
paper,S1+AEF,43,0.3,77,37275,15223,2053,3270364
paper,S1+AEF,44,0.3,77,37093,13989,2235,3271598
paper,OPERA,,0.3,77,25205,6817,14123,3278770
paper,S1-only,42,0.5,77,35426,13463,3902,3272124
paper,S1-only,43,0.5,77,35603,14066,3725,3271521
paper,S1-only,44,0.5,77,35344,13089,3984,3272498
paper,S1+AEF,42,0.5,77,36291,10173,3037,3275414
paper,S1+AEF,43,0.5,77,36407,10539,2921,3275048
paper,S1+AEF,44,0.5,77,36129,9649,3199,3275938
paper,OPERA,,0.5,77,25205,6817,14123,3278770
s1_average,S1-only,42,0.3,77,36301,17375,3027,3268231
s1_average,S1-only,43,0.3,77,36411,18026,2917,3267580
s1_average,S1-only,44,0.3,77,36220,16780,3108,3268826
s1_average,S1+AEF,42,0.3,77,37136,14141,2192,3271465
s1_average,S1+AEF,43,0.3,77,37226,14572,2102,3271034
s1_average,S1+AEF,44,0.3,77,37046,13418,2282,3272188
s1_average,OPERA,,0.3,77,25205,6817,14123,3278789
s1_average,S1-only,42,0.5,77,35437,13554,3891,3272052
s1_average,S1-only,43,0.5,77,35620,14176,3708,3271430
s1_average,S1-only,44,0.5,77,35367,13159,3961,3272447
s1_average,S1+AEF,42,0.5,77,36363,10293,2965,3275313
s1_average,S1+AEF,43,0.5,77,36447,10668,2881,3274938
s1_average,S1+AEF,44,0.5,77,36200,9771,3128,3275835
s1_average,OPERA,,0.5,77,25205,6817,14123,3278789
opera_union,S1-only,42,0.3,77,36414,17957,2914,3267630
opera_union,S1-only,43,0.3,77,36518,18642,2810,3266945
opera_union,S1-only,44,0.3,77,36337,17351,2991,3268236
opera_union,S1+AEF,42,0.3,77,37180,14790,2148,3270797
opera_union,S1+AEF,43,0.3,77,37275,15223,2053,3270364
opera_union,S1+AEF,44,0.3,77,37093,13989,2235,3271598
opera_union,OPERA,,0.3,77,25348,6937,13980,3278650
opera_union,S1-only,42,0.5,77,35426,13463,3902,3272124
opera_union,S1-only,43,0.5,77,35603,14066,3725,3271521
opera_union,S1-only,44,0.5,77,35344,13089,3984,3272498
opera_union,S1+AEF,42,0.5,77,36291,10173,3037,3275414
opera_union,S1+AEF,43,0.5,77,36407,10539,2921,3275048
opera_union,S1+AEF,44,0.5,77,36129,9649,3199,3275938
opera_union,OPERA,,0.5,77,25348,6937,13980,3278650
s3_pure_paper,S1-only,42,0.3,77,25578,7985,411,3258089
s3_pure_paper,S1-only,43,0.3,77,25599,8437,390,3257637
s3_pure_paper,S1-only,44,0.3,77,25565,7551,424,3258523
s3_pure_paper,S1+AEF,42,0.3,77,25697,4854,292,3261220
s3_pure_paper,S1+AEF,43,0.3,77,25702,5074,287,3261000
s3_pure_paper,S1+AEF,44,0.3,77,25696,4459,293,3261615
s3_pure_paper,OPERA,,0.3,77,21096,3629,4893,3262445
s3_pure_paper,S1-only,42,0.5,77,25427,5152,562,3260922
s3_pure_paper,S1-only,43,0.5,77,25455,5535,534,3260539
s3_pure_paper,S1-only,44,0.5,77,25401,4907,588,3261167
s3_pure_paper,S1+AEF,42,0.5,77,25657,2619,332,3263455
s3_pure_paper,S1+AEF,43,0.5,77,25662,2763,327,3263311
s3_pure_paper,S1+AEF,44,0.5,77,25649,2492,340,3263582
s3_pure_paper,OPERA,,0.5,77,21096,3629,4893,3262445
s3_pure_average,S1-only,42,0.3,77,25566,7611,423,3258482
s3_pure_average,S1-only,43,0.3,77,25583,8036,406,3258057
s3_pure_average,S1-only,44,0.3,77,25544,7182,445,3258911
s3_pure_average,S1+AEF,42,0.3,77,25694,4499,295,3261594
s3_pure_average,S1+AEF,43,0.3,77,25696,4679,293,3261414
s3_pure_average,S1+AEF,44,0.3,77,25696,4168,293,3261925
s3_pure_average,OPERA,,0.3,77,21096,3629,4893,3262464
s3_pure_average,S1-only,42,0.5,77,25425,5208,564,3260885
s3_pure_average,S1-only,43,0.5,77,25458,5590,531,3260503
s3_pure_average,S1-only,44,0.5,77,25401,4964,588,3261129
s3_pure_average,S1+AEF,42,0.5,77,25657,2649,332,3263444
s3_pure_average,S1+AEF,43,0.5,77,25663,2806,326,3263287
s3_pure_average,S1+AEF,44,0.5,77,25653,2520,336,3263573
s3_pure_average,OPERA,,0.5,77,21096,3629,4893,3262464
refcut025_paper,S1-only,42,0.3,77,40856,13515,5651,3264893
refcut025_paper,S1-only,43,0.3,77,41055,14105,5452,3264303
refcut025_paper,S1-only,44,0.3,77,40714,12974,5793,3265434
refcut025_paper,S1+AEF,42,0.3,77,41896,10074,4611,3268334
refcut025_paper,S1+AEF,43,0.3,77,42043,10455,4464,3267953
refcut025_paper,S1+AEF,44,0.3,77,41659,9423,4848,3268985
refcut025_paper,OPERA,,0.3,77,26674,5348,19833,3273060
refcut025_paper,S1-only,42,0.5,77,39226,9663,7281,3268745
refcut025_paper,S1-only,43,0.5,77,39492,10177,7015,3268231
refcut025_paper,S1-only,44,0.5,77,39103,9330,7404,3269078
refcut025_paper,S1+AEF,42,0.5,77,40030,6434,6477,3271974
refcut025_paper,S1+AEF,43,0.5,77,40243,6703,6264,3271705
refcut025_paper,S1+AEF,44,0.5,77,39701,6077,6806,3272331
refcut025_paper,OPERA,,0.5,77,26674,5348,19833,3273060
refcut025_average,S1-only,42,0.3,77,40670,13006,5837,3265421
refcut025_average,S1-only,43,0.3,77,40868,13569,5639,3264858
refcut025_average,S1-only,44,0.3,77,40534,12466,5973,3265961
refcut025_average,S1+AEF,42,0.3,77,41759,9518,4748,3268909
refcut025_average,S1+AEF,43,0.3,77,41917,9881,4590,3268546
refcut025_average,S1+AEF,44,0.3,77,41529,8935,4978,3269492
refcut025_average,OPERA,,0.3,77,26674,5348,19833,3273079
refcut025_average,S1-only,42,0.5,77,39258,9733,7249,3268694
refcut025_average,S1-only,43,0.5,77,39530,10266,6977,3268161
refcut025_average,S1-only,44,0.5,77,39123,9403,7384,3269024
refcut025_average,S1+AEF,42,0.5,77,40153,6503,6354,3271924
refcut025_average,S1+AEF,43,0.5,77,40319,6796,6188,3271631
refcut025_average,S1+AEF,44,0.5,77,39824,6147,6683,3272280
refcut025_average,OPERA,,0.5,77,26674,5348,19833,3273079
refcut075_paper,S1-only,42,0.3,77,31681,22690,1297,3269247
refcut075_paper,S1-only,43,0.3,77,31736,23424,1242,3268513
refcut075_paper,S1-only,44,0.3,77,31651,22037,1327,3269900
refcut075_paper,S1+AEF,42,0.3,77,32098,19872,880,3272065
refcut075_paper,S1+AEF,43,0.3,77,32127,20371,851,3271566
refcut075_paper,S1+AEF,44,0.3,77,32084,18998,894,3272939
refcut075_paper,OPERA,,0.3,77,23664,8358,9314,3283579
refcut075_paper,S1-only,42,0.5,77,31170,17719,1808,3274218
refcut075_paper,S1-only,43,0.5,77,31267,18402,1711,3273535
refcut075_paper,S1-only,44,0.5,77,31119,17314,1859,3274623
refcut075_paper,S1+AEF,42,0.5,77,31817,14647,1161,3277290
refcut075_paper,S1+AEF,43,0.5,77,31859,15087,1119,3276850
refcut075_paper,S1+AEF,44,0.5,77,31767,14011,1211,3277926
refcut075_paper,OPERA,,0.5,77,23664,8358,9314,3283579
refcut075_average,S1-only,42,0.3,77,31616,22060,1362,3269896
refcut075_average,S1-only,43,0.3,77,31675,22762,1303,3269194
refcut075_average,S1-only,44,0.3,77,31574,21426,1404,3270530
refcut075_average,S1+AEF,42,0.3,77,32085,19192,893,3272764
refcut075_average,S1+AEF,43,0.3,77,32120,19678,858,3272278
refcut075_average,S1+AEF,44,0.3,77,32076,18388,902,3273568
refcut075_average,OPERA,,0.3,77,23664,8358,9314,3283598
refcut075_average,S1-only,42,0.5,77,31174,17817,1804,3274139
refcut075_average,S1-only,43,0.5,77,31277,18519,1701,3273437
refcut075_average,S1-only,44,0.5,77,31124,17402,1854,3274554
refcut075_average,S1+AEF,42,0.5,77,31845,14811,1133,3277145
refcut075_average,S1+AEF,43,0.5,77,31877,15238,1101,3276718
refcut075_average,S1+AEF,44,0.5,77,31795,14176,1183,3277780
refcut075_average,OPERA,,0.5,77,23664,8358,9314,3283598
s2_native@0_0,S1-only,42,0.3,77,1636,848,27,74190
s2_native@0_0,S1-only,43,0.3,77,1638,872,25,74166
s2_native@0_0,S1-only,44,0.3,77,1635,830,28,74208
s2_native@0_0,S1+AEF,42,0.3,77,1628,511,35,74527
s2_native@0_0,S1+AEF,43,0.3,77,1635,533,28,74505
s2_native@0_0,S1+AEF,44,0.3,77,1616,433,47,74605
s2_native@0_0,OPERA,,0.3,77,1107,199,556,74839
s2_native@0_0,S1-only,42,0.5,77,1609,665,54,74373
s2_native@0_0,S1-only,43,0.5,77,1612,684,51,74354
s2_native@0_0,S1-only,44,0.5,77,1606,658,57,74380
s2_native@0_0,S1+AEF,42,0.5,77,1596,356,67,74682
s2_native@0_0,S1+AEF,43,0.5,77,1599,362,64,74676
s2_native@0_0,S1+AEF,44,0.5,77,1569,287,94,74751
s2_native@0_0,OPERA,,0.5,77,1107,199,556,74839
s2_frozen@0_0,S1-only,42,0.3,77,1636,848,27,74190
s2_frozen@0_0,S1-only,43,0.3,77,1638,872,25,74166
s2_frozen@0_0,S1-only,44,0.3,77,1635,830,28,74208
s2_frozen@0_0,S1+AEF,42,0.3,77,1628,511,35,74527
s2_frozen@0_0,S1+AEF,43,0.3,77,1635,533,28,74505
s2_frozen@0_0,S1+AEF,44,0.3,77,1616,433,47,74605
s2_frozen@0_0,OPERA,,0.3,77,1107,199,556,74839
s2_frozen@0_0,S1-only,42,0.5,77,1609,665,54,74373
s2_frozen@0_0,S1-only,43,0.5,77,1612,684,51,74354
s2_frozen@0_0,S1-only,44,0.5,77,1606,658,57,74380
s2_frozen@0_0,S1+AEF,42,0.5,77,1596,356,67,74682
s2_frozen@0_0,S1+AEF,43,0.5,77,1599,362,64,74676
s2_frozen@0_0,S1+AEF,44,0.5,77,1569,287,94,74751
s2_frozen@0_0,OPERA,,0.5,77,1107,199,556,74839
s2_native@0_10,S1-only,42,0.3,77,9842,6244,1355,1100857
s2_native@0_10,S1-only,43,0.3,77,9891,6423,1306,1100678
s2_native@0_10,S1-only,44,0.3,77,9813,6101,1384,1101000
s2_native@0_10,S1+AEF,42,0.3,77,10208,4718,989,1102383
s2_native@0_10,S1+AEF,43,0.3,77,10255,4999,942,1102102
s2_native@0_10,S1+AEF,44,0.3,77,10165,4398,1032,1102703
s2_native@0_10,OPERA,,0.3,77,5825,1702,5372,1105399
s2_native@0_10,S1-only,42,0.5,77,9487,4987,1710,1102114
s2_native@0_10,S1-only,43,0.5,77,9545,5122,1652,1101979
s2_native@0_10,S1-only,44,0.5,77,9460,4775,1737,1102326
s2_native@0_10,S1+AEF,42,0.5,77,9883,3412,1314,1103689
s2_native@0_10,S1+AEF,43,0.5,77,9954,3545,1243,1103556
s2_native@0_10,S1+AEF,44,0.5,77,9776,3151,1421,1103950
s2_native@0_10,OPERA,,0.5,77,5825,1702,5372,1105399
s2_frozen@0_10,S1-only,42,0.3,77,9860,6251,1395,1100787
s2_frozen@0_10,S1-only,43,0.3,77,9908,6433,1347,1100605
s2_frozen@0_10,S1-only,44,0.3,77,9824,6031,1431,1101007
s2_frozen@0_10,S1+AEF,42,0.3,77,10220,4753,1035,1102285
s2_frozen@0_10,S1+AEF,43,0.3,77,10281,4972,974,1102066
s2_frozen@0_10,S1+AEF,44,0.3,77,10175,4435,1080,1102603
s2_frozen@0_10,OPERA,,0.3,77,5711,1811,5544,1105227
s2_frozen@0_10,S1-only,42,0.5,77,9494,4937,1761,1102101
s2_frozen@0_10,S1-only,43,0.5,77,9579,5091,1676,1101947
s2_frozen@0_10,S1-only,44,0.5,77,9489,4797,1766,1102241
s2_frozen@0_10,S1+AEF,42,0.5,77,9875,3389,1380,1103649
s2_frozen@0_10,S1+AEF,43,0.5,77,9931,3582,1324,1103456
s2_frozen@0_10,S1+AEF,44,0.5,77,9784,3163,1471,1103875
s2_frozen@0_10,OPERA,,0.5,77,5711,1811,5544,1105227
s2_native@0_20,S1-only,42,0.3,77,1158,727,105,70186
s2_native@0_20,S1-only,43,0.3,77,1166,749,97,70164
s2_native@0_20,S1-only,44,0.3,77,1158,716,105,70197
s2_native@0_20,S1+AEF,42,0.3,77,1214,783,49,70130
s2_native@0_20,S1+AEF,43,0.3,77,1219,817,44,70096
s2_native@0_20,S1+AEF,44,0.3,77,1214,765,49,70148
s2_native@0_20,OPERA,,0.3,77,608,470,655,70443
s2_native@0_20,S1-only,42,0.5,77,1122,550,141,70363
s2_native@0_20,S1-only,43,0.5,77,1139,577,124,70336
s2_native@0_20,S1-only,44,0.5,77,1122,552,141,70361
s2_native@0_20,S1+AEF,42,0.5,77,1187,574,76,70339
s2_native@0_20,S1+AEF,43,0.5,77,1191,609,72,70304
s2_native@0_20,S1+AEF,44,0.5,77,1180,544,83,70369
s2_native@0_20,OPERA,,0.5,77,608,470,655,70443
s2_frozen@0_20,S1-only,42,0.3,77,1182,680,105,70102
s2_frozen@0_20,S1-only,43,0.3,77,1193,710,94,70072
s2_frozen@0_20,S1-only,44,0.3,77,1176,680,111,70102
s2_frozen@0_20,S1+AEF,42,0.3,77,1224,739,63,70043
s2_frozen@0_20,S1+AEF,43,0.3,77,1228,777,59,70005
s2_frozen@0_20,S1+AEF,44,0.3,77,1224,721,63,70061
s2_frozen@0_20,OPERA,,0.3,77,672,406,615,70376
s2_frozen@0_20,S1-only,42,0.5,77,1134,541,153,70241
s2_frozen@0_20,S1-only,43,0.5,77,1152,564,135,70218
s2_frozen@0_20,S1-only,44,0.5,77,1135,538,152,70244
s2_frozen@0_20,S1+AEF,42,0.5,77,1201,562,86,70220
s2_frozen@0_20,S1+AEF,43,0.5,77,1204,588,83,70194
s2_frozen@0_20,S1+AEF,44,0.5,77,1200,544,87,70238
s2_frozen@0_20,OPERA,,0.5,77,672,406,615,70376
paper,S1-only,42,0.3,78,211815,214729,34716,11741677
paper,S1-only,43,0.3,78,213135,520713,33396,11435693
paper,S1-only,44,0.3,78,208789,594273,37742,11362133
paper,S1+AEF,42,0.3,78,240230,101346,6301,11855060
paper,S1+AEF,43,0.3,78,237616,83813,8915,11872593
paper,S1+AEF,44,0.3,78,240917,95163,5614,11861243
paper,OPERA,,0.3,78,143741,19331,102790,11937075
paper,S1-only,42,0.5,78,204361,107730,42170,11848676
paper,S1-only,43,0.5,78,206009,305831,40522,11650575
paper,S1-only,44,0.5,78,200417,389544,46114,11566862
paper,S1+AEF,42,0.5,78,236571,72335,9960,11884071
paper,S1+AEF,43,0.5,78,232694,58146,13837,11898260
paper,S1+AEF,44,0.5,78,237122,66733,9409,11889673
paper,OPERA,,0.5,78,143741,19331,102790,11937075
s1_average,S1-only,42,0.3,78,211172,213328,35408,11743787
s1_average,S1-only,43,0.3,78,212454,517238,34126,11439877
s1_average,S1-only,44,0.3,78,208141,590409,38439,11366706
s1_average,S1+AEF,42,0.3,78,240176,98125,6404,11858990
s1_average,S1+AEF,43,0.3,78,237590,80904,8990,11876211
s1_average,S1+AEF,44,0.3,78,240912,92037,5668,11865078
s1_average,OPERA,,0.3,78,143780,19336,102800,11937779
s1_average,S1-only,42,0.5,78,204626,110614,41954,11846501
s1_average,S1-only,43,0.5,78,206210,309015,40370,11648100
s1_average,S1-only,44,0.5,78,200757,391536,45823,11565579
s1_average,S1+AEF,42,0.5,78,236787,73139,9793,11883976
s1_average,S1+AEF,43,0.5,78,233001,58827,13579,11898288
s1_average,S1+AEF,44,0.5,78,237391,67417,9189,11889698
s1_average,OPERA,,0.5,78,143780,19336,102800,11937779
opera_union,S1-only,42,0.3,78,211815,214729,34716,11741677
opera_union,S1-only,43,0.3,78,213135,520713,33396,11435693
opera_union,S1-only,44,0.3,78,208789,594273,37742,11362133
opera_union,S1+AEF,42,0.3,78,240230,101346,6301,11855060
opera_union,S1+AEF,43,0.3,78,237616,83813,8915,11872593
opera_union,S1+AEF,44,0.3,78,240917,95163,5614,11861243
opera_union,OPERA,,0.3,78,144428,19650,102103,11936756
opera_union,S1-only,42,0.5,78,204361,107730,42170,11848676
opera_union,S1-only,43,0.5,78,206009,305831,40522,11650575
opera_union,S1-only,44,0.5,78,200417,389544,46114,11566862
opera_union,S1+AEF,42,0.5,78,236571,72335,9960,11884071
opera_union,S1+AEF,43,0.5,78,232694,58146,13837,11898260
opera_union,S1+AEF,44,0.5,78,237122,66733,9409,11889673
opera_union,OPERA,,0.5,78,144428,19650,102103,11936756
s3_pure_paper,S1-only,42,0.3,78,173052,183342,15561,11699963
s3_pure_paper,S1-only,43,0.3,78,174176,488887,14437,11394418
s3_pure_paper,S1-only,44,0.3,78,171219,564765,17394,11318540
s3_pure_paper,S1+AEF,42,0.3,78,186901,47462,1712,11835843
s3_pure_paper,S1+AEF,43,0.3,78,185950,34787,2663,11848518
s3_pure_paper,S1+AEF,44,0.3,78,187195,42112,1418,11841193
s3_pure_paper,OPERA,,0.3,78,131447,12145,57166,11871160
s3_pure_paper,S1-only,42,0.5,78,169221,83625,19392,11799680
s3_pure_paper,S1-only,43,0.5,78,170500,281220,18113,11602085
s3_pure_paper,S1-only,44,0.5,78,166807,367354,21806,11515951
s3_pure_paper,S1+AEF,42,0.5,78,185730,27612,2883,11855693
s3_pure_paper,S1+AEF,43,0.5,78,184209,19430,4404,11863875
s3_pure_paper,S1+AEF,44,0.5,78,186083,23990,2530,11859315
s3_pure_paper,OPERA,,0.5,78,131447,12145,57166,11871160
s3_pure_average,S1-only,42,0.3,78,172705,182855,15947,11701155
s3_pure_average,S1-only,43,0.3,78,173826,486297,14826,11397713
s3_pure_average,S1-only,44,0.3,78,170870,561748,17782,11322262
s3_pure_average,S1+AEF,42,0.3,78,186899,45005,1753,11839005
s3_pure_average,S1+AEF,43,0.3,78,185972,32706,2680,11851304
s3_pure_average,S1+AEF,44,0.3,78,187212,39856,1440,11844154
s3_pure_average,OPERA,,0.3,78,131482,12147,57170,11871863
s3_pure_average,S1-only,42,0.5,78,169310,86284,19342,11797726
s3_pure_average,S1-only,43,0.5,78,170549,284202,18103,11599808
s3_pure_average,S1-only,44,0.5,78,166940,369100,21712,11514910
s3_pure_average,S1+AEF,42,0.5,78,185792,28053,2860,11855957
s3_pure_average,S1+AEF,43,0.5,78,184280,19752,4372,11864258
s3_pure_average,S1+AEF,44,0.5,78,186145,24314,2507,11859696
s3_pure_average,OPERA,,0.5,78,131482,12147,57170,11871863
refcut025_paper,S1-only,42,0.3,78,227096,199448,48370,11728023
refcut025_paper,S1-only,43,0.3,78,228603,505245,46863,11422226
refcut025_paper,S1-only,44,0.3,78,223342,579720,52124,11347751
refcut025_paper,S1+AEF,42,0.3,78,264373,77203,11093,11850268
refcut025_paper,S1+AEF,43,0.3,78,260340,61089,15126,11866382
refcut025_paper,S1+AEF,44,0.3,78,265046,71034,10420,11856437
refcut025_paper,OPERA,,0.3,78,147335,15737,128131,11911734
refcut025_paper,S1-only,42,0.5,78,216983,95108,58483,11832363
refcut025_paper,S1-only,43,0.5,78,218842,292998,56624,11634473
refcut025_paper,S1-only,44,0.5,78,212235,377726,63231,11549745
refcut025_paper,S1+AEF,42,0.5,78,258226,50680,17240,11876791
refcut025_paper,S1+AEF,43,0.5,78,252324,38516,23142,11888955
refcut025_paper,S1+AEF,44,0.5,78,258363,45492,17103,11881979
refcut025_paper,OPERA,,0.5,78,147335,15737,128131,11911734
refcut025_average,S1-only,42,0.3,78,226182,198318,49334,11729861
refcut025_average,S1-only,43,0.3,78,227649,502043,47867,11426136
refcut025_average,S1-only,44,0.3,78,222443,576107,53073,11352072
refcut025_average,S1+AEF,42,0.3,78,264202,74099,11314,11854080
refcut025_average,S1+AEF,43,0.3,78,260169,58325,15347,11869854
refcut025_average,S1+AEF,44,0.3,78,264906,68043,10610,11860136
refcut025_average,OPERA,,0.3,78,147375,15741,128141,11912438
refcut025_average,S1-only,42,0.5,78,217379,97861,58137,11830318
refcut025_average,S1-only,43,0.5,78,219138,296087,56378,11632092
refcut025_average,S1-only,44,0.5,78,212681,379612,62835,11548567
refcut025_average,S1+AEF,42,0.5,78,258587,51339,16929,11876840
refcut025_average,S1+AEF,43,0.5,78,252814,39014,22702,11889165
refcut025_average,S1+AEF,44,0.5,78,258798,46010,16718,11882169
refcut025_average,OPERA,,0.5,78,147375,15741,128141,11912438
refcut075_paper,S1-only,42,0.3,78,195790,230754,24731,11751662
refcut075_paper,S1-only,43,0.3,78,197011,536837,23510,11445579
refcut075_paper,S1-only,44,0.3,78,193314,609748,27207,11372668
refcut075_paper,S1+AEF,42,0.3,78,216888,124688,3633,11857728
refcut075_paper,S1+AEF,43,0.3,78,215194,106235,5327,11876181
refcut075_paper,S1+AEF,44,0.3,78,217399,118681,3122,11863735
refcut075_paper,OPERA,,0.3,78,139161,23911,81360,11958505
refcut075_paper,S1-only,42,0.5,78,190186,121905,30335,11860511
refcut075_paper,S1-only,43,0.5,78,191647,320193,28874,11662223
refcut075_paper,S1-only,44,0.5,78,186947,403014,33574,11579402
refcut075_paper,S1+AEF,42,0.5,78,214728,94178,5793,11888238
refcut075_paper,S1+AEF,43,0.5,78,212133,78707,8388,11903709
refcut075_paper,S1+AEF,44,0.5,78,215220,88635,5301,11893781
refcut075_paper,OPERA,,0.5,78,139161,23911,81360,11958505
refcut075_average,S1-only,42,0.3,78,195308,229192,25255,11753940
refcut075_average,S1-only,43,0.3,78,196518,533174,24045,11449958
refcut075_average,S1-only,44,0.3,78,192842,605708,27721,11377424
refcut075_average,S1+AEF,42,0.3,78,216875,121426,3688,11861706
refcut075_average,S1+AEF,43,0.3,78,215215,103279,5348,11879853
refcut075_average,S1+AEF,44,0.3,78,217420,115529,3143,11867603
refcut075_average,OPERA,,0.3,78,139199,23917,81364,11959215
refcut075_average,S1-only,42,0.5,78,190360,124880,30203,11858252
refcut075_average,S1-only,43,0.5,78,191768,323457,28795,11659675
refcut075_average,S1-only,44,0.5,78,187182,405111,33381,11578021
refcut075_average,S1+AEF,42,0.5,78,214844,95082,5719,11888050
refcut075_average,S1+AEF,43,0.5,78,212291,79537,8272,11903595
refcut075_average,S1+AEF,44,0.5,78,215363,89445,5200,11893687
refcut075_average,OPERA,,0.5,78,139199,23917,81364,11959215
s2_native@0_0,S1-only,42,0.3,78,0,0,0,0
s2_native@0_0,S1-only,43,0.3,78,0,0,0,0
s2_native@0_0,S1-only,44,0.3,78,0,0,0,0
s2_native@0_0,S1+AEF,42,0.3,78,0,0,0,0
s2_native@0_0,S1+AEF,43,0.3,78,0,0,0,0
s2_native@0_0,S1+AEF,44,0.3,78,0,0,0,0
s2_native@0_0,OPERA,,0.3,78,0,0,0,0
s2_native@0_0,S1-only,42,0.5,78,0,0,0,0
s2_native@0_0,S1-only,43,0.5,78,0,0,0,0
s2_native@0_0,S1-only,44,0.5,78,0,0,0,0
s2_native@0_0,S1+AEF,42,0.5,78,0,0,0,0
s2_native@0_0,S1+AEF,43,0.5,78,0,0,0,0
s2_native@0_0,S1+AEF,44,0.5,78,0,0,0,0
s2_native@0_0,OPERA,,0.5,78,0,0,0,0
s2_frozen@0_0,S1-only,42,0.3,78,0,0,0,0
s2_frozen@0_0,S1-only,43,0.3,78,0,0,0,0
s2_frozen@0_0,S1-only,44,0.3,78,0,0,0,0
s2_frozen@0_0,S1+AEF,42,0.3,78,0,0,0,0
s2_frozen@0_0,S1+AEF,43,0.3,78,0,0,0,0
s2_frozen@0_0,S1+AEF,44,0.3,78,0,0,0,0
s2_frozen@0_0,OPERA,,0.3,78,0,0,0,0
s2_frozen@0_0,S1-only,42,0.5,78,0,0,0,0
s2_frozen@0_0,S1-only,43,0.5,78,0,0,0,0
s2_frozen@0_0,S1-only,44,0.5,78,0,0,0,0
s2_frozen@0_0,S1+AEF,42,0.5,78,0,0,0,0
s2_frozen@0_0,S1+AEF,43,0.5,78,0,0,0,0
s2_frozen@0_0,S1+AEF,44,0.5,78,0,0,0,0
s2_frozen@0_0,OPERA,,0.5,78,0,0,0,0
s2_native@0_10,S1-only,42,0.3,78,38488,11779,4252,936477
s2_native@0_10,S1-only,43,0.3,78,38682,13520,4058,934736
s2_native@0_10,S1-only,44,0.3,78,38220,12897,4520,935359
s2_native@0_10,S1+AEF,42,0.3,78,42344,18282,396,929974
s2_native@0_10,S1+AEF,43,0.3,78,42011,15527,729,932729
s2_native@0_10,S1+AEF,44,0.3,78,42410,16984,330,931272
s2_native@0_10,OPERA,,0.3,78,24876,2738,17864,945518
s2_native@0_10,S1-only,42,0.5,78,37479,8482,5261,939774
s2_native@0_10,S1-only,43,0.5,78,37699,9257,5041,938999
s2_native@0_10,S1-only,44,0.5,78,37092,8581,5648,939675
s2_native@0_10,S1+AEF,42,0.5,78,42021,14075,719,934181
s2_native@0_10,S1+AEF,43,0.5,78,41457,11567,1283,936689
s2_native@0_10,S1+AEF,44,0.5,78,42076,12824,664,935432
s2_native@0_10,OPERA,,0.5,78,24876,2738,17864,945518
s2_frozen@0_10,S1-only,42,0.3,78,38389,11864,4272,936796
s2_frozen@0_10,S1-only,43,0.3,78,38590,13554,4071,935106
s2_frozen@0_10,S1-only,44,0.3,78,38133,12948,4528,935712
s2_frozen@0_10,S1+AEF,42,0.3,78,42266,18376,395,930284
s2_frozen@0_10,S1+AEF,43,0.3,78,41911,15524,750,933136
s2_frozen@0_10,S1+AEF,44,0.3,78,42318,17091,343,931569
s2_frozen@0_10,OPERA,,0.3,78,24670,2944,17991,945716
s2_frozen@0_10,S1-only,42,0.5,78,37396,8565,5265,940095
s2_frozen@0_10,S1-only,43,0.5,78,37648,9350,5013,939310
s2_frozen@0_10,S1-only,44,0.5,78,37017,8696,5644,939964
s2_frozen@0_10,S1+AEF,42,0.5,78,41919,14095,742,934565
s2_frozen@0_10,S1+AEF,43,0.5,78,41337,11677,1324,936983
s2_frozen@0_10,S1+AEF,44,0.5,78,41987,12905,674,935755
s2_frozen@0_10,OPERA,,0.5,78,24670,2944,17991,945716
s2_native@0_20,S1-only,42,0.3,78,1161,1051,102,104267
s2_native@0_20,S1-only,43,0.3,78,1164,1177,99,104141
s2_native@0_20,S1-only,44,0.3,78,1159,992,104,104326
s2_native@0_20,S1+AEF,42,0.3,78,1263,1398,0,103920
s2_native@0_20,S1+AEF,43,0.3,78,1263,1250,0,104068
s2_native@0_20,S1+AEF,44,0.3,78,1263,1359,0,103959
s2_native@0_20,OPERA,,0.3,78,611,362,652,104956
s2_native@0_20,S1-only,42,0.5,78,1131,764,132,104554
s2_native@0_20,S1-only,43,0.5,78,1138,849,125,104469
s2_native@0_20,S1-only,44,0.5,78,1135,728,128,104590
s2_native@0_20,S1+AEF,42,0.5,78,1263,1106,0,104212
s2_native@0_20,S1+AEF,43,0.5,78,1263,1003,0,104315
s2_native@0_20,S1+AEF,44,0.5,78,1263,1068,0,104250
s2_native@0_20,OPERA,,0.5,78,611,362,652,104956
s2_frozen@0_20,S1-only,42,0.3,78,1160,1057,107,104257
s2_frozen@0_20,S1-only,43,0.3,78,1159,1163,108,104151
s2_frozen@0_20,S1-only,44,0.3,78,1162,1003,105,104311
s2_frozen@0_20,S1+AEF,42,0.3,78,1267,1396,0,103918
s2_frozen@0_20,S1+AEF,43,0.3,78,1267,1257,0,104057
s2_frozen@0_20,S1+AEF,44,0.3,78,1267,1355,0,103959
s2_frozen@0_20,OPERA,,0.3,78,720,253,547,105061
s2_frozen@0_20,S1-only,42,0.5,78,1131,776,136,104538
s2_frozen@0_20,S1-only,43,0.5,78,1139,865,128,104449
s2_frozen@0_20,S1-only,44,0.5,78,1138,721,129,104593
s2_frozen@0_20,S1+AEF,42,0.5,78,1266,1110,1,104204
s2_frozen@0_20,S1+AEF,43,0.5,78,1266,1005,1,104309
s2_frozen@0_20,S1+AEF,44,0.5,78,1267,1085,0,104229
s2_frozen@0_20,OPERA,,0.5,78,720,253,547,105061
s2_native@10_0,S1-only,42,0.3,78,8025,2364,646,363864
s2_native@10_0,S1-only,43,0.3,78,8028,6338,643,359890
s2_native@10_0,S1-only,44,0.3,78,7986,6763,685,359465
s2_native@10_0,S1+AEF,42,0.3,78,8532,2393,139,363835
s2_native@10_0,S1+AEF,43,0.3,78,8470,1920,201,364308
s2_native@10_0,S1+AEF,44,0.3,78,8536,2197,135,364031
s2_native@10_0,OPERA,,0.3,78,5524,366,3147,365862
s2_native@10_0,S1-only,42,0.5,78,7827,1466,844,364762
s2_native@10_0,S1-only,43,0.5,78,7841,3383,830,362845
s2_native@10_0,S1-only,44,0.5,78,7746,3191,925,363037
s2_native@10_0,S1+AEF,42,0.5,78,8466,1759,205,364469
s2_native@10_0,S1+AEF,43,0.5,78,8339,1309,332,364919
s2_native@10_0,S1+AEF,44,0.5,78,8446,1538,225,364690
s2_native@10_0,OPERA,,0.5,78,5524,366,3147,365862
s2_frozen@10_0,S1-only,42,0.3,78,8048,2348,640,363863
s2_frozen@10_0,S1-only,43,0.3,78,8044,6291,644,359920
s2_frozen@10_0,S1-only,44,0.3,78,7983,6771,705,359440
s2_frozen@10_0,S1+AEF,42,0.3,78,8552,2387,136,363824
s2_frozen@10_0,S1+AEF,43,0.3,78,8482,1855,206,364356
s2_frozen@10_0,S1+AEF,44,0.3,78,8561,2148,127,364063
s2_frozen@10_0,OPERA,,0.3,78,5608,279,3080,365932
s2_frozen@10_0,S1-only,42,0.5,78,7852,1458,836,364753
s2_frozen@10_0,S1-only,43,0.5,78,7847,3333,841,362878
s2_frozen@10_0,S1-only,44,0.5,78,7763,3191,925,363020
s2_frozen@10_0,S1+AEF,42,0.5,78,8473,1694,215,364517
s2_frozen@10_0,S1+AEF,43,0.5,78,8359,1308,329,364903
s2_frozen@10_0,S1+AEF,44,0.5,78,8465,1506,223,364705
s2_frozen@10_0,OPERA,,0.5,78,5608,279,3080,365932
s2_native@10_10,S1-only,42,0.3,78,210985,212794,35305,11735935
s2_native@10_10,S1-only,43,0.3,78,212370,516692,33920,11432037
s2_native@10_10,S1-only,44,0.3,78,207855,589952,38435,11358777
s2_native@10_10,S1+AEF,42,0.3,78,239990,97786,6300,11850943
s2_native@10_10,S1+AEF,43,0.3,78,237330,80799,8960,11867930
s2_native@10_10,S1+AEF,44,0.3,78,240658,91846,5632,11856883
s2_native@10_10,OPERA,,0.3,78,141805,21202,104485,11927527
s2_native@10_10,S1-only,42,0.5,78,204525,110332,41765,11838397
s2_native@10_10,S1-only,43,0.5,78,206055,308880,40235,11639849
s2_native@10_10,S1-only,44,0.5,78,200680,391332,45610,11557397
s2_native@10_10,S1+AEF,42,0.5,78,236572,73090,9718,11875639
s2_native@10_10,S1+AEF,43,0.5,78,232891,58903,13399,11889826
s2_native@10_10,S1+AEF,44,0.5,78,237183,67597,9107,11881132
s2_native@10_10,OPERA,,0.5,78,141805,21202,104485,11927527
s2_frozen@10_10,S1-only,42,0.3,78,211018,213280,35378,11740738
s2_frozen@10_10,S1-only,43,0.3,78,212297,517186,34099,11436832
s2_frozen@10_10,S1-only,44,0.3,78,207985,590364,38411,11363654
s2_frozen@10_10,S1+AEF,42,0.3,78,239993,98016,6403,11856002
s2_frozen@10_10,S1+AEF,43,0.3,78,237410,80812,8986,11873206
s2_frozen@10_10,S1+AEF,44,0.3,78,240729,91939,5667,11862079
s2_frozen@10_10,OPERA,,0.3,78,143799,19200,102597,11934818
s2_frozen@10_10,S1-only,42,0.5,78,204475,110582,41921,11843436
s2_frozen@10_10,S1-only,43,0.5,78,206057,308978,40339,11645040
s2_frozen@10_10,S1-only,44,0.5,78,200608,391513,45788,11562505
s2_frozen@10_10,S1+AEF,42,0.5,78,236605,73052,9791,11880966
s2_frozen@10_10,S1+AEF,43,0.5,78,232824,58768,13572,11895250
s2_frozen@10_10,S1+AEF,44,0.5,78,237211,67343,9185,11886675
s2_frozen@10_10,OPERA,,0.5,78,143799,19200,102597,11934818
s2_native@10_20,S1-only,42,0.3,78,1452,34452,135,1152798
s2_native@10_20,S1-only,43,0.3,78,1453,61527,134,1125723
s2_native@10_20,S1-only,44,0.3,78,1448,67453,139,1119797
s2_native@10_20,S1+AEF,42,0.3,78,1582,1716,5,1185534
s2_native@10_20,S1+AEF,43,0.3,78,1580,1536,7,1185714
s2_native@10_20,S1+AEF,44,0.3,78,1582,1659,5,1185591
s2_native@10_20,OPERA,,0.3,78,734,1381,853,1185869
s2_native@10_20,S1-only,42,0.5,78,1420,20881,167,1166369
s2_native@10_20,S1-only,43,0.5,78,1425,47561,162,1139689
s2_native@10_20,S1-only,44,0.5,78,1414,56624,173,1130626
s2_native@10_20,S1+AEF,42,0.5,78,1580,1332,7,1185918
s2_native@10_20,S1+AEF,43,0.5,78,1578,1164,9,1186086
s2_native@10_20,S1+AEF,44,0.5,78,1580,1284,7,1185966
s2_native@10_20,OPERA,,0.5,78,734,1381,853,1185869
s2_frozen@10_20,S1-only,42,0.3,78,1457,34446,144,1153115
s2_frozen@10_20,S1-only,43,0.3,78,1455,61428,146,1126133
s2_frozen@10_20,S1-only,44,0.3,78,1455,67413,146,1120148
s2_frozen@10_20,S1+AEF,42,0.3,78,1593,1701,8,1185860
s2_frozen@10_20,S1+AEF,43,0.3,78,1592,1506,9,1186055
s2_frozen@10_20,S1+AEF,44,0.3,78,1593,1647,8,1185914
s2_frozen@10_20,OPERA,,0.3,78,928,1187,673,1186374
s2_frozen@10_20,S1-only,42,0.5,78,1425,20912,176,1166649
s2_frozen@10_20,S1-only,43,0.5,78,1432,47432,169,1140129
s2_frozen@10_20,S1-only,44,0.5,78,1430,56532,171,1131029
s2_frozen@10_20,S1+AEF,42,0.5,78,1588,1330,13,1186231
s2_frozen@10_20,S1+AEF,43,0.5,78,1587,1192,14,1186369
s2_frozen@10_20,S1+AEF,44,0.5,78,1590,1298,11,1186263
s2_frozen@10_20,OPERA,,0.5,78,928,1187,673,1186374
paper,S1-only,42,0.3,80,1758652,262412,35092,10398381
paper,S1-only,43,0.3,80,1780980,303341,12764,10357452
paper,S1-only,44,0.3,80,1772900,250394,20844,10410399
paper,S1+AEF,42,0.3,80,1792392,160836,1352,10499957
paper,S1+AEF,43,0.3,80,1791574,132990,2170,10527803
paper,S1+AEF,44,0.3,80,1792118,148606,1626,10512187
paper,OPERA,,0.3,80,1740844,1006730,52900,9654063
paper,S1-only,42,0.5,80,1722016,203164,71728,10457629
paper,S1-only,43,0.5,80,1773699,239243,20045,10421550
paper,S1-only,44,0.5,80,1761524,194044,32220,10466749
paper,S1+AEF,42,0.5,80,1791503,114136,2241,10546657
paper,S1+AEF,43,0.5,80,1789883,90172,3861,10570621
paper,S1+AEF,44,0.5,80,1791049,104245,2695,10556548
paper,OPERA,,0.5,80,1740844,1006730,52900,9654063
s1_average,S1-only,42,0.3,80,1755645,256976,38487,10407477
s1_average,S1-only,43,0.3,80,1780921,297236,13211,10367217
s1_average,S1-only,44,0.3,80,1772692,245598,21440,10418855
s1_average,S1+AEF,42,0.3,80,1792812,155728,1320,10508725
s1_average,S1+AEF,43,0.3,80,1792030,128412,2102,10536041
s1_average,S1+AEF,44,0.3,80,1792531,143625,1601,10520828
s1_average,OPERA,,0.3,80,1741217,1006807,52915,9657646
s1_average,S1-only,42,0.5,80,1718316,205407,75816,10459046
s1_average,S1-only,43,0.5,80,1773915,241688,20217,10422765
s1_average,S1-only,44,0.5,80,1761588,196116,32544,10468337
s1_average,S1+AEF,42,0.5,80,1792096,115918,2036,10548535
s1_average,S1+AEF,43,0.5,80,1790562,91883,3570,10572570
s1_average,S1+AEF,44,0.5,80,1791660,105972,2472,10558481
s1_average,OPERA,,0.5,80,1741217,1006807,52915,9657646
opera_union,S1-only,42,0.3,80,1758652,262412,35092,10398381
opera_union,S1-only,43,0.3,80,1780980,303341,12764,10357452
opera_union,S1-only,44,0.3,80,1772900,250394,20844,10410399
opera_union,S1+AEF,42,0.3,80,1792392,160836,1352,10499957
opera_union,S1+AEF,43,0.3,80,1791574,132990,2170,10527803
opera_union,S1+AEF,44,0.3,80,1792118,148606,1626,10512187
opera_union,OPERA,,0.3,80,1740844,1006730,52900,9654063
opera_union,S1-only,42,0.5,80,1722016,203164,71728,10457629
opera_union,S1-only,43,0.5,80,1773699,239243,20045,10421550
opera_union,S1-only,44,0.5,80,1761524,194044,32220,10466749
opera_union,S1+AEF,42,0.5,80,1791503,114136,2241,10546657
opera_union,S1+AEF,43,0.5,80,1789883,90172,3861,10570621
opera_union,S1+AEF,44,0.5,80,1791049,104245,2695,10556548
opera_union,OPERA,,0.5,80,1740844,1006730,52900,9654063
s3_pure_paper,S1-only,42,0.3,80,1692912,198153,22624,10355673
s3_pure_paper,S1-only,43,0.3,80,1711528,233206,4008,10320620
s3_pure_paper,S1-only,44,0.3,80,1707403,187281,8133,10366545
s3_pure_paper,S1+AEF,42,0.3,80,1715292,75090,244,10478736
s3_pure_paper,S1+AEF,43,0.3,80,1715091,53964,445,10499862
s3_pure_paper,S1+AEF,44,0.3,80,1715229,64587,307,10489239
s3_pure_paper,OPERA,,0.3,80,1698633,970499,16903,9583327
s3_pure_paper,S1-only,42,0.5,80,1660600,151587,54936,10402239
s3_pure_paper,S1-only,43,0.5,80,1707819,181844,7717,10371982
s3_pure_paper,S1-only,44,0.5,80,1700726,143648,14810,10410178
s3_pure_paper,S1+AEF,42,0.5,80,1715206,46757,330,10507069
s3_pure_paper,S1+AEF,43,0.5,80,1714843,31937,693,10521889
s3_pure_paper,S1+AEF,44,0.5,80,1715118,39326,418,10514500
s3_pure_paper,OPERA,,0.5,80,1698633,970499,16903,9583327
s3_pure_average,S1-only,42,0.3,80,1690124,194212,25785,10363267
s3_pure_average,S1-only,43,0.3,80,1711676,228604,4233,10328875
s3_pure_average,S1-only,44,0.3,80,1707413,183897,8496,10373582
s3_pure_average,S1+AEF,42,0.3,80,1715661,71971,248,10485508
s3_pure_average,S1+AEF,43,0.3,80,1715460,51579,449,10505900
s3_pure_average,S1+AEF,44,0.3,80,1715598,61624,311,10495855
s3_pure_average,OPERA,,0.3,80,1698999,970574,16910,9586905
s3_pure_average,S1-only,42,0.5,80,1656720,153565,59189,10403914
s3_pure_average,S1-only,43,0.5,80,1707851,184006,8058,10373473
s3_pure_average,S1-only,44,0.5,80,1700577,145413,15332,10412066
s3_pure_average,S1+AEF,42,0.5,80,1715582,47939,327,10509540
s3_pure_average,S1+AEF,43,0.5,80,1715225,32941,684,10524538
s3_pure_average,S1+AEF,44,0.5,80,1715495,40380,414,10517099
s3_pure_average,OPERA,,0.5,80,1698999,970574,16910,9586905
refcut025_paper,S1-only,42,0.3,80,1786318,234746,47059,10386414
refcut025_paper,S1-only,43,0.3,80,1810858,273463,22519,10347697
refcut025_paper,S1-only,44,0.3,80,1800171,223123,33206,10398037
refcut025_paper,S1+AEF,42,0.3,80,1829503,123725,3874,10497435
refcut025_paper,S1+AEF,43,0.3,80,1827480,97084,5897,10524076
refcut025_paper,S1+AEF,44,0.3,80,1828901,111823,4476,10509337
refcut025_paper,OPERA,,0.3,80,1755736,991838,77641,9629322
refcut025_paper,S1-only,42,0.5,80,1745859,179321,87518,10441839
refcut025_paper,S1-only,43,0.5,80,1799997,212945,33380,10408215
refcut025_paper,S1-only,44,0.5,80,1784852,170716,48525,10450444
refcut025_paper,S1+AEF,42,0.5,80,1825407,80232,7970,10540928
refcut025_paper,S1+AEF,43,0.5,80,1821089,58966,12288,10562194
refcut025_paper,S1+AEF,44,0.5,80,1824421,70873,8956,10550287
refcut025_paper,OPERA,,0.5,80,1755736,991838,77641,9629322
refcut025_average,S1-only,42,0.3,80,1782982,229639,50787,10395177
refcut025_average,S1-only,43,0.3,80,1810522,267635,23247,10357181
refcut025_average,S1-only,44,0.3,80,1799616,218674,34153,10406142
refcut025_average,S1+AEF,42,0.3,80,1829902,118638,3867,10506178
refcut025_average,S1+AEF,43,0.3,80,1827895,92547,5874,10532269
refcut025_average,S1+AEF,44,0.3,80,1829350,106806,4419,10518010
refcut025_average,OPERA,,0.3,80,1756110,991914,77659,9632902
refcut025_average,S1-only,42,0.5,80,1742271,181452,91498,10443364
refcut025_average,S1-only,43,0.5,80,1800343,215260,33426,10409556
refcut025_average,S1-only,44,0.5,80,1785063,172641,48706,10452175
refcut025_average,S1+AEF,42,0.5,80,1826314,81700,7455,10543116
refcut025_average,S1+AEF,43,0.5,80,1822142,60303,11627,10564513
refcut025_average,S1+AEF,44,0.5,80,1825382,72250,8387,10552566
refcut025_average,OPERA,,0.5,80,1756110,991914,77659,9632902
refcut075_paper,S1-only,42,0.3,80,1730648,290416,28177,10405296
refcut075_paper,S1-only,43,0.3,80,1751267,333054,7558,10362658
refcut075_paper,S1-only,44,0.3,80,1745138,278156,13687,10417556
refcut075_paper,S1+AEF,42,0.3,80,1758232,194996,593,10500716
refcut075_paper,S1+AEF,43,0.3,80,1757812,166752,1013,10528960
refcut075_paper,S1+AEF,44,0.3,80,1758094,182630,731,10513082
refcut075_paper,OPERA,,0.3,80,1724728,1022846,34097,9672866
refcut075_paper,S1-only,42,0.5,80,1696313,228867,62512,10466845
refcut075_paper,S1-only,43,0.5,80,1745961,266981,12864,10428731
refcut075_paper,S1-only,44,0.5,80,1736277,219291,22548,10476421
refcut075_paper,S1+AEF,42,0.5,80,1757952,147687,873,10548025
refcut075_paper,S1+AEF,43,0.5,80,1757161,122894,1664,10572818
refcut075_paper,S1+AEF,44,0.5,80,1757720,137574,1105,10558138
refcut075_paper,OPERA,,0.5,80,1724728,1022846,34097,9672866
refcut075_average,S1-only,42,0.3,80,1727761,284860,31445,10414519
refcut075_average,S1-only,43,0.3,80,1751342,326815,7864,10372564
refcut075_average,S1-only,44,0.3,80,1745062,273228,14144,10426151
refcut075_average,S1+AEF,42,0.3,80,1758613,189927,593,10509452
refcut075_average,S1+AEF,43,0.3,80,1758196,162246,1010,10537133
refcut075_average,S1+AEF,44,0.3,80,1758475,177681,731,10521698
refcut075_average,OPERA,,0.3,80,1725099,1022925,34107,9676454
refcut075_average,S1-only,42,0.5,80,1692503,231220,66703,10468159
refcut075_average,S1-only,43,0.5,80,1746083,269520,13123,10429859
refcut075_average,S1-only,44,0.5,80,1736209,221495,22997,10477884
refcut075_average,S1+AEF,42,0.5,80,1758381,149633,825,10549746
refcut075_average,S1+AEF,43,0.5,80,1757627,124818,1579,10574561
refcut075_average,S1+AEF,44,0.5,80,1758161,139471,1045,10559908
refcut075_average,OPERA,,0.5,80,1725099,1022925,34107,9676454
s2_native@0_0,S1-only,42,0.3,80,1754890,256356,38487,10401550
s2_native@0_0,S1-only,43,0.3,80,1780166,296536,13211,10361370
s2_native@0_0,S1-only,44,0.3,80,1771937,244996,21440,10412910
s2_native@0_0,S1+AEF,42,0.3,80,1792057,155560,1320,10502346
s2_native@0_0,S1+AEF,43,0.3,80,1791275,128296,2102,10529610
s2_native@0_0,S1+AEF,44,0.3,80,1791776,143498,1601,10514408
s2_native@0_0,OPERA,,0.3,80,1740490,1006589,52887,9651317
s2_native@0_0,S1-only,42,0.5,80,1717562,204887,75815,10453019
s2_native@0_0,S1-only,43,0.5,80,1773161,241071,20216,10416835
s2_native@0_0,S1-only,44,0.5,80,1760834,195605,32543,10462301
s2_native@0_0,S1+AEF,42,0.5,80,1791341,115796,2036,10542110
s2_native@0_0,S1+AEF,43,0.5,80,1789808,91795,3569,10566111
s2_native@0_0,S1+AEF,44,0.5,80,1790905,105873,2472,10552033
s2_native@0_0,OPERA,,0.5,80,1740490,1006589,52887,9651317
s2_frozen@0_0,S1-only,42,0.3,80,1754890,256356,38487,10401550
s2_frozen@0_0,S1-only,43,0.3,80,1780166,296536,13211,10361370
s2_frozen@0_0,S1-only,44,0.3,80,1771937,244996,21440,10412910
s2_frozen@0_0,S1+AEF,42,0.3,80,1792057,155560,1320,10502346
s2_frozen@0_0,S1+AEF,43,0.3,80,1791275,128296,2102,10529610
s2_frozen@0_0,S1+AEF,44,0.3,80,1791776,143498,1601,10514408
s2_frozen@0_0,OPERA,,0.3,80,1740490,1006589,52887,9651317
s2_frozen@0_0,S1-only,42,0.5,80,1717562,204887,75815,10453019
s2_frozen@0_0,S1-only,43,0.5,80,1773161,241071,20216,10416835
s2_frozen@0_0,S1-only,44,0.5,80,1760834,195605,32543,10462301
s2_frozen@0_0,S1+AEF,42,0.5,80,1791341,115796,2036,10542110
s2_frozen@0_0,S1+AEF,43,0.5,80,1789808,91795,3569,10566111
s2_frozen@0_0,S1+AEF,44,0.5,80,1790905,105873,2472,10552033
s2_frozen@0_0,OPERA,,0.5,80,1740490,1006589,52887,9651317
s2_native@0_10,S1-only,42,0.3,80,280316,18332,8493,672445
s2_native@0_10,S1-only,43,0.3,80,284642,22112,4167,668665
s2_native@0_10,S1-only,44,0.3,80,282235,17263,6574,673514
s2_native@0_10,S1+AEF,42,0.3,80,288726,13085,83,677692
s2_native@0_10,S1+AEF,43,0.3,80,288676,11603,133,679174
s2_native@0_10,S1+AEF,44,0.3,80,288715,12881,94,677896
s2_native@0_10,OPERA,,0.3,80,281603,26455,7206,664322
s2_native@0_10,S1-only,42,0.5,80,273969,14065,14840,676712
s2_native@0_10,S1-only,43,0.5,80,283182,17688,5627,673089
s2_native@0_10,S1-only,44,0.5,80,280438,13088,8371,677689
s2_native@0_10,S1+AEF,42,0.5,80,288610,9114,199,681663
s2_native@0_10,S1+AEF,43,0.5,80,288507,7793,302,682984
s2_native@0_10,S1+AEF,44,0.5,80,288608,8879,201,681898
s2_native@0_10,OPERA,,0.5,80,281603,26455,7206,664322
s2_frozen@0_10,S1-only,42,0.3,80,281257,18316,8491,674522
s2_frozen@0_10,S1-only,43,0.3,80,285600,22058,4148,670780
s2_frozen@0_10,S1-only,44,0.3,80,283217,17146,6531,675692
s2_frozen@0_10,S1+AEF,42,0.3,80,289655,13175,93,679663
s2_frozen@0_10,S1+AEF,43,0.3,80,289620,11642,128,681196
s2_frozen@0_10,S1+AEF,44,0.3,80,289643,12885,105,679953
s2_frozen@0_10,OPERA,,0.3,80,282855,26241,6893,666597
s2_frozen@0_10,S1-only,42,0.5,80,274717,13906,15031,678932
s2_frozen@0_10,S1-only,43,0.5,80,284108,17605,5640,675233
s2_frozen@0_10,S1-only,44,0.5,80,281320,13023,8428,679815
s2_frozen@0_10,S1+AEF,42,0.5,80,289541,9117,207,683721
s2_frozen@0_10,S1+AEF,43,0.5,80,289454,7756,294,685082
s2_frozen@0_10,S1+AEF,44,0.5,80,289544,8894,204,683944
s2_frozen@0_10,OPERA,,0.5,80,282855,26241,6893,666597
s2_native@0_20,S1-only,42,0.3,80,128672,61217,337,1009047
s2_native@0_20,S1-only,43,0.3,80,128813,70844,196,999420
s2_native@0_20,S1-only,44,0.3,80,128659,56792,350,1013472
s2_native@0_20,S1+AEF,42,0.3,80,128865,13243,144,1057021
s2_native@0_20,S1+AEF,43,0.3,80,128705,9143,304,1061121
s2_native@0_20,S1+AEF,44,0.3,80,128823,11545,186,1058719
s2_native@0_20,OPERA,,0.3,80,126649,85566,2360,984698
s2_native@0_20,S1-only,42,0.5,80,128390,50919,619,1019345
s2_native@0_20,S1-only,43,0.5,80,128724,60183,285,1010081
s2_native@0_20,S1-only,44,0.5,80,128452,46979,557,1023285
s2_native@0_20,S1+AEF,42,0.5,80,128784,9608,225,1060656
s2_native@0_20,S1+AEF,43,0.5,80,128524,6482,485,1063782
s2_native@0_20,S1+AEF,44,0.5,80,128715,8269,294,1061995
s2_native@0_20,OPERA,,0.5,80,126649,85566,2360,984698
s2_frozen@0_20,S1-only,42,0.3,80,129018,61349,344,1012213
s2_frozen@0_20,S1-only,43,0.3,80,129172,70989,190,1002573
s2_frozen@0_20,S1-only,44,0.3,80,128986,57046,376,1016516
s2_frozen@0_20,S1+AEF,42,0.3,80,129213,13310,149,1060252
s2_frozen@0_20,S1+AEF,43,0.3,80,129053,9226,309,1064336
s2_frozen@0_20,S1+AEF,44,0.3,80,129179,11571,183,1061991
s2_frozen@0_20,OPERA,,0.3,80,126953,85701,2409,987861
s2_frozen@0_20,S1-only,42,0.5,80,128739,51081,623,1022481
s2_frozen@0_20,S1-only,43,0.5,80,129075,60315,287,1013247
s2_frozen@0_20,S1-only,44,0.5,80,128809,47073,553,1026489
s2_frozen@0_20,S1+AEF,42,0.5,80,129139,9682,223,1063880
s2_frozen@0_20,S1+AEF,43,0.5,80,128869,6508,493,1067054
s2_frozen@0_20,S1+AEF,44,0.5,80,129067,8410,295,1065152
s2_frozen@0_20,OPERA,,0.5,80,126953,85701,2409,987861
s2_native@10_0,S1-only,42,0.3,80,349,2134,1,516833
s2_native@10_0,S1-only,43,0.3,80,350,2587,0,516380
s2_native@10_0,S1-only,44,0.3,80,349,2007,1,516960
s2_native@10_0,S1+AEF,42,0.3,80,350,464,0,518503
s2_native@10_0,S1+AEF,43,0.3,80,350,350,0,518617
s2_native@10_0,S1+AEF,44,0.3,80,350,425,0,518542
s2_native@10_0,OPERA,,0.3,80,210,1019,140,517948
s2_native@10_0,S1-only,42,0.5,80,349,1693,1,517274
s2_native@10_0,S1-only,43,0.5,80,350,1971,0,516996
s2_native@10_0,S1-only,44,0.5,80,347,1566,3,517401
s2_native@10_0,S1+AEF,42,0.5,80,350,323,0,518644
s2_native@10_0,S1+AEF,43,0.5,80,350,249,0,518718
s2_native@10_0,S1+AEF,44,0.5,80,350,298,0,518669
s2_native@10_0,OPERA,,0.5,80,210,1019,140,517948
s2_frozen@10_0,S1-only,42,0.3,80,356,2147,3,518211
s2_frozen@10_0,S1-only,43,0.3,80,358,2579,1,517779
s2_frozen@10_0,S1-only,44,0.3,80,355,1993,4,518365
s2_frozen@10_0,S1+AEF,42,0.3,80,359,473,0,519885
s2_frozen@10_0,S1+AEF,43,0.3,80,359,354,0,520004
s2_frozen@10_0,S1+AEF,44,0.3,80,359,430,0,519928
s2_frozen@10_0,OPERA,,0.3,80,224,1005,135,519353
s2_frozen@10_0,S1-only,42,0.5,80,355,1704,4,518654
s2_frozen@10_0,S1-only,43,0.5,80,356,1941,3,518417
s2_frozen@10_0,S1-only,44,0.5,80,352,1581,7,518777
s2_frozen@10_0,S1+AEF,42,0.5,80,359,329,0,520029
s2_frozen@10_0,S1+AEF,43,0.5,80,359,240,0,520118
s2_frozen@10_0,S1+AEF,44,0.5,80,359,298,0,520060
s2_frozen@10_0,OPERA,,0.5,80,224,1005,135,519353
s2_native@10_10,S1-only,42,0.3,80,0,0,0,0
s2_native@10_10,S1-only,43,0.3,80,0,0,0,0
s2_native@10_10,S1-only,44,0.3,80,0,0,0,0
s2_native@10_10,S1+AEF,42,0.3,80,0,0,0,0
s2_native@10_10,S1+AEF,43,0.3,80,0,0,0,0
s2_native@10_10,S1+AEF,44,0.3,80,0,0,0,0
s2_native@10_10,OPERA,,0.3,80,0,0,0,0
s2_native@10_10,S1-only,42,0.5,80,0,0,0,0
s2_native@10_10,S1-only,43,0.5,80,0,0,0,0
s2_native@10_10,S1-only,44,0.5,80,0,0,0,0
s2_native@10_10,S1+AEF,42,0.5,80,0,0,0,0
s2_native@10_10,S1+AEF,43,0.5,80,0,0,0,0
s2_native@10_10,S1+AEF,44,0.5,80,0,0,0,0
s2_native@10_10,OPERA,,0.5,80,0,0,0,0
s2_frozen@10_10,S1-only,42,0.3,80,0,0,0,0
s2_frozen@10_10,S1-only,43,0.3,80,0,0,0,0
s2_frozen@10_10,S1-only,44,0.3,80,0,0,0,0
s2_frozen@10_10,S1+AEF,42,0.3,80,0,0,0,0
s2_frozen@10_10,S1+AEF,43,0.3,80,0,0,0,0
s2_frozen@10_10,S1+AEF,44,0.3,80,0,0,0,0
s2_frozen@10_10,OPERA,,0.3,80,0,0,0,0
s2_frozen@10_10,S1-only,42,0.5,80,0,0,0,0
s2_frozen@10_10,S1-only,43,0.5,80,0,0,0,0
s2_frozen@10_10,S1-only,44,0.5,80,0,0,0,0
s2_frozen@10_10,S1+AEF,42,0.5,80,0,0,0,0
s2_frozen@10_10,S1+AEF,43,0.5,80,0,0,0,0
s2_frozen@10_10,S1+AEF,44,0.5,80,0,0,0,0
s2_frozen@10_10,OPERA,,0.5,80,0,0,0,0
s2_native@10_20,S1-only,42,0.3,80,0,57,0,106818
s2_native@10_20,S1-only,43,0.3,80,0,119,0,106756
s2_native@10_20,S1-only,44,0.3,80,0,43,0,106832
s2_native@10_20,S1+AEF,42,0.3,80,0,16,0,106859
s2_native@10_20,S1+AEF,43,0.3,80,0,13,0,106862
s2_native@10_20,S1+AEF,44,0.3,80,0,14,0,106861
s2_native@10_20,OPERA,,0.3,80,0,297,0,106578
s2_native@10_20,S1-only,42,0.5,80,0,34,0,106841
s2_native@10_20,S1-only,43,0.5,80,0,52,0,106823
s2_native@10_20,S1-only,44,0.5,80,0,30,0,106845
s2_native@10_20,S1+AEF,42,0.5,80,0,12,0,106863
s2_native@10_20,S1+AEF,43,0.5,80,0,12,0,106863
s2_native@10_20,S1+AEF,44,0.5,80,0,13,0,106862
s2_native@10_20,OPERA,,0.5,80,0,297,0,106578
s2_frozen@10_20,S1-only,42,0.3,80,0,57,0,107464
s2_frozen@10_20,S1-only,43,0.3,80,0,117,0,107404
s2_frozen@10_20,S1-only,44,0.3,80,0,46,0,107475
s2_frozen@10_20,S1+AEF,42,0.3,80,0,18,0,107503
s2_frozen@10_20,S1+AEF,43,0.3,80,0,16,0,107505
s2_frozen@10_20,S1+AEF,44,0.3,80,0,18,0,107503
s2_frozen@10_20,OPERA,,0.3,80,0,297,0,107224
s2_frozen@10_20,S1-only,42,0.5,80,0,33,0,107488
s2_frozen@10_20,S1-only,43,0.5,80,0,58,0,107463
s2_frozen@10_20,S1-only,44,0.5,80,0,27,0,107494
s2_frozen@10_20,S1+AEF,42,0.5,80,0,12,0,107509
s2_frozen@10_20,S1+AEF,43,0.5,80,0,10,0,107511
s2_frozen@10_20,S1+AEF,44,0.5,80,0,11,0,107510
s2_frozen@10_20,OPERA,,0.5,80,0,297,0,107224
paper,S1-only,42,0.3,82,3050843,55480,36147,9660257
paper,S1-only,43,0.3,82,3059167,63386,27823,9652351
paper,S1-only,44,0.3,82,3058972,51889,28018,9663848
paper,S1+AEF,42,0.3,82,3086109,54755,881,9660982
paper,S1+AEF,43,0.3,82,3086208,55012,782,9660725
paper,S1+AEF,44,0.3,82,3085984,48473,1006,9667264
paper,OPERA,,0.3,82,3057490,10668,29500,9705069
paper,S1-only,42,0.5,82,3042110,40632,44880,9675105
paper,S1-only,43,0.5,82,3052929,46780,34061,9668957
paper,S1-only,44,0.5,82,3053027,37605,33963,9678132
paper,S1+AEF,42,0.5,82,3085714,39725,1276,9676012
paper,S1+AEF,43,0.5,82,3085819,39756,1171,9675981
paper,S1+AEF,44,0.5,82,3085532,34796,1458,9680941
paper,OPERA,,0.5,82,3057490,10668,29500,9705069
s1_average,S1-only,42,0.3,82,3053774,54218,36673,9662876
s1_average,S1-only,43,0.3,82,3062184,62008,28263,9655086
s1_average,S1-only,44,0.3,82,3062117,50596,28330,9666498
s1_average,S1+AEF,42,0.3,82,3089545,53406,902,9663688
s1_average,S1+AEF,43,0.3,82,3089655,53725,792,9663369
s1_average,S1+AEF,44,0.3,82,3089425,47138,1022,9669956
s1_average,OPERA,,0.3,82,3060942,10668,29505,9706426
s1_average,S1-only,42,0.5,82,3045322,41462,45125,9675632
s1_average,S1-only,43,0.5,82,3056258,47702,34189,9669392
s1_average,S1-only,44,0.5,82,3056478,38403,33969,9678691
s1_average,S1+AEF,42,0.5,82,3089201,40550,1246,9676544
s1_average,S1+AEF,43,0.5,82,3089308,40602,1139,9676492
s1_average,S1+AEF,44,0.5,82,3089030,35476,1417,9681618
s1_average,OPERA,,0.5,82,3060942,10668,29505,9706426
opera_union,S1-only,42,0.3,82,3050843,55480,36147,9660257
opera_union,S1-only,43,0.3,82,3059167,63386,27823,9652351
opera_union,S1-only,44,0.3,82,3058972,51889,28018,9663848
opera_union,S1+AEF,42,0.3,82,3086109,54755,881,9660982
opera_union,S1+AEF,43,0.3,82,3086208,55012,782,9660725
opera_union,S1+AEF,44,0.3,82,3085984,48473,1006,9667264
opera_union,OPERA,,0.3,82,3057490,10668,29500,9705069
opera_union,S1-only,42,0.5,82,3042110,40632,44880,9675105
opera_union,S1-only,43,0.5,82,3052929,46780,34061,9668957
opera_union,S1-only,44,0.5,82,3053027,37605,33963,9678132
opera_union,S1+AEF,42,0.5,82,3085714,39725,1276,9676012
opera_union,S1+AEF,43,0.5,82,3085819,39756,1171,9675981
opera_union,S1+AEF,44,0.5,82,3085532,34796,1458,9680941
opera_union,OPERA,,0.5,82,3057490,10668,29500,9705069
s3_pure_paper,S1-only,42,0.3,82,3033179,34377,32127,9648392
s3_pure_paper,S1-only,43,0.3,82,3040934,41051,24372,9641718
s3_pure_paper,S1-only,44,0.3,82,3041366,31348,23940,9651421
s3_pure_paper,S1+AEF,42,0.3,82,3065071,26989,235,9655780
s3_pure_paper,S1+AEF,43,0.3,82,3065092,27086,214,9655683
s3_pure_paper,S1+AEF,44,0.3,82,3065046,21707,260,9661062
s3_pure_paper,OPERA,,0.3,82,3049956,5474,15350,9677295
s3_pure_paper,S1-only,42,0.5,82,3025087,22302,40219,9660467
s3_pure_paper,S1-only,43,0.5,82,3035307,27144,29999,9655625
s3_pure_paper,S1-only,44,0.5,82,3036087,19981,29219,9662788
s3_pure_paper,S1+AEF,42,0.5,82,3065017,15227,289,9667542
s3_pure_paper,S1+AEF,43,0.5,82,3065034,15178,272,9667591
s3_pure_paper,S1+AEF,44,0.5,82,3064978,11827,328,9670942
s3_pure_paper,OPERA,,0.5,82,3049956,5474,15350,9677295
s3_pure_average,S1-only,42,0.3,82,3036118,33302,32641,9650821
s3_pure_average,S1-only,43,0.3,82,3043971,39859,24788,9644264
s3_pure_average,S1-only,44,0.3,82,3044516,30270,24243,9653853
s3_pure_average,S1+AEF,42,0.3,82,3068517,25869,242,9658254
s3_pure_average,S1+AEF,43,0.3,82,3068540,25998,219,9658125
s3_pure_average,S1+AEF,44,0.3,82,3068497,20593,262,9663530
s3_pure_average,OPERA,,0.3,82,3053408,5474,15351,9678649
s3_pure_average,S1-only,42,0.5,82,3028241,22967,40518,9661156
s3_pure_average,S1-only,43,0.5,82,3038574,27885,30185,9656238
s3_pure_average,S1-only,44,0.5,82,3039481,20598,29278,9663525
s3_pure_average,S1+AEF,42,0.5,82,3068469,15786,290,9668337
s3_pure_average,S1+AEF,43,0.5,82,3068487,15741,272,9668382
s3_pure_average,S1+AEF,44,0.5,82,3068433,12241,326,9671882
s3_pure_average,OPERA,,0.5,82,3053408,5474,15351,9678649
refcut025_paper,S1-only,42,0.3,82,3059246,47077,39389,9657015
refcut025_paper,S1-only,43,0.3,82,3067967,54586,30668,9649506
refcut025_paper,S1-only,44,0.3,82,3067240,43621,31395,9660471
refcut025_paper,S1+AEF,42,0.3,82,3096835,44029,1800,9660063
refcut025_paper,S1+AEF,43,0.3,82,3096981,44239,1654,9659853
refcut025_paper,S1+AEF,44,0.3,82,3096539,37918,2096,9666174
refcut025_paper,OPERA,,0.3,82,3059814,8344,38821,9695748
refcut025_paper,S1-only,42,0.5,82,3049928,32814,48707,9671278
refcut025_paper,S1-only,43,0.5,82,3061151,38558,37484,9665534
refcut025_paper,S1-only,44,0.5,82,3060600,30032,38035,9674060
refcut025_paper,S1+AEF,42,0.5,82,3095877,29562,2758,9674530
refcut025_paper,S1+AEF,43,0.5,82,3096079,29496,2556,9674596
refcut025_paper,S1+AEF,44,0.5,82,3095454,24874,3181,9679218
refcut025_paper,OPERA,,0.5,82,3059814,8344,38821,9695748
refcut025_average,S1-only,42,0.3,82,3062164,45828,39930,9659619
refcut025_average,S1-only,43,0.3,82,3070968,53224,31126,9652223
refcut025_average,S1-only,44,0.3,82,3070365,42348,31729,9663099
refcut025_average,S1+AEF,42,0.3,82,3100246,42705,1848,9662742
refcut025_average,S1+AEF,43,0.3,82,3100419,42961,1675,9662486
refcut025_average,S1+AEF,44,0.3,82,3099965,36598,2129,9668849
refcut025_average,OPERA,,0.3,82,3063266,8344,38828,9697103
refcut025_average,S1-only,42,0.5,82,3053194,33590,48900,9671857
refcut025_average,S1-only,43,0.5,82,3064532,39428,37562,9666019
refcut025_average,S1-only,44,0.5,82,3064115,30766,37979,9674681
refcut025_average,S1+AEF,42,0.5,82,3099439,30312,2655,9675135
refcut025_average,S1+AEF,43,0.5,82,3099637,30273,2457,9675174
refcut025_average,S1+AEF,44,0.5,82,3099021,25485,3073,9679962
refcut025_average,OPERA,,0.5,82,3063266,8344,38828,9697103
refcut075_paper,S1-only,42,0.3,82,3043045,63278,34216,9662188
refcut075_paper,S1-only,43,0.3,82,3051126,71427,26135,9654039
refcut075_paper,S1-only,44,0.3,82,3051222,59639,26039,9665827
refcut075_paper,S1+AEF,42,0.3,82,3076756,64108,505,9661358
refcut075_paper,S1+AEF,43,0.3,82,3076797,64423,464,9661043
refcut075_paper,S1+AEF,44,0.3,82,3076679,57778,582,9667688
refcut075_paper,OPERA,,0.3,82,3054745,13413,22516,9712053
refcut075_paper,S1-only,42,0.5,82,3034639,48103,42622,9677363
refcut075_paper,S1-only,43,0.5,82,3045196,54513,32065,9670953
refcut075_paper,S1-only,44,0.5,82,3045623,45009,31638,9680457
refcut075_paper,S1+AEF,42,0.5,82,3076572,48867,689,9676599
refcut075_paper,S1+AEF,43,0.5,82,3076622,48953,639,9676513
refcut075_paper,S1+AEF,44,0.5,82,3076465,43863,796,9681603
refcut075_paper,OPERA,,0.5,82,3054745,13413,22516,9712053
refcut075_average,S1-only,42,0.3,82,3045980,62012,34736,9664813
refcut075_average,S1-only,43,0.3,82,3054149,70043,26567,9656782
refcut075_average,S1-only,44,0.3,82,3054372,58341,26344,9668484
refcut075_average,S1+AEF,42,0.3,82,3080193,62758,523,9664067
refcut075_average,S1+AEF,43,0.3,82,3080242,63138,474,9663687
refcut075_average,S1+AEF,44,0.3,82,3080131,56432,585,9670393
refcut075_average,OPERA,,0.3,82,3058197,13413,22519,9713412
refcut075_average,S1-only,42,0.5,82,3037816,48968,42900,9677857
refcut075_average,S1-only,43,0.5,82,3048483,55477,32233,9671348
refcut075_average,S1-only,44,0.5,82,3049036,45845,31680,9680980
refcut075_average,S1+AEF,42,0.5,82,3080039,49712,677,9677113
refcut075_average,S1+AEF,43,0.5,82,3080087,49823,629,9677002
refcut075_average,S1+AEF,44,0.5,82,3079938,44568,778,9682257
refcut075_average,OPERA,,0.5,82,3058197,13413,22519,9713412
s2_native@0_0,S1-only,42,0.3,82,3050651,54202,36666,9660176
s2_native@0_0,S1-only,43,0.3,82,3059061,61992,28256,9652386
s2_native@0_0,S1-only,44,0.3,82,3058994,50580,28323,9663798
s2_native@0_0,S1+AEF,42,0.3,82,3086418,53394,899,9660984
s2_native@0_0,S1+AEF,43,0.3,82,3086529,53713,788,9660665
s2_native@0_0,S1+AEF,44,0.3,82,3086298,47126,1019,9667252
s2_native@0_0,OPERA,,0.3,82,3057822,10667,29495,9703711
s2_native@0_0,S1-only,42,0.5,82,3042204,41447,45113,9672931
s2_native@0_0,S1-only,43,0.5,82,3053135,47686,34182,9666692
s2_native@0_0,S1-only,44,0.5,82,3053355,38388,33962,9675990
s2_native@0_0,S1+AEF,42,0.5,82,3086075,40538,1242,9673840
s2_native@0_0,S1+AEF,43,0.5,82,3086182,40591,1135,9673787
s2_native@0_0,S1+AEF,44,0.5,82,3085904,35469,1413,9678909
s2_native@0_0,OPERA,,0.5,82,3057822,10667,29495,9703711
s2_frozen@0_0,S1-only,42,0.3,82,3050651,54202,36666,9660176
s2_frozen@0_0,S1-only,43,0.3,82,3059061,61992,28256,9652386
s2_frozen@0_0,S1-only,44,0.3,82,3058994,50580,28323,9663798
s2_frozen@0_0,S1+AEF,42,0.3,82,3086418,53394,899,9660984
s2_frozen@0_0,S1+AEF,43,0.3,82,3086529,53713,788,9660665
s2_frozen@0_0,S1+AEF,44,0.3,82,3086298,47126,1019,9667252
s2_frozen@0_0,OPERA,,0.3,82,3057822,10667,29495,9703711
s2_frozen@0_0,S1-only,42,0.5,82,3042204,41447,45113,9672931
s2_frozen@0_0,S1-only,43,0.5,82,3053135,47686,34182,9666692
s2_frozen@0_0,S1-only,44,0.5,82,3053355,38388,33962,9675990
s2_frozen@0_0,S1+AEF,42,0.5,82,3086075,40538,1242,9673840
s2_frozen@0_0,S1+AEF,43,0.5,82,3086182,40591,1135,9673787
s2_frozen@0_0,S1+AEF,44,0.5,82,3085904,35469,1413,9678909
s2_frozen@0_0,OPERA,,0.5,82,3057822,10667,29495,9703711
s2_native@0_10,S1-only,42,0.3,82,522807,2676,5114,492033
s2_native@0_10,S1-only,43,0.3,82,524097,3237,3824,491472
s2_native@0_10,S1-only,44,0.3,82,523959,2585,3962,492124
s2_native@0_10,S1+AEF,42,0.3,82,527832,3352,89,491357
s2_native@0_10,S1+AEF,43,0.3,82,527832,3334,89,491375
s2_native@0_10,S1+AEF,44,0.3,82,527813,2934,108,491775
s2_native@0_10,OPERA,,0.3,82,524419,1226,3502,493483
s2_native@0_10,S1-only,42,0.5,82,521795,2032,6126,492677
s2_native@0_10,S1-only,43,0.5,82,523255,2475,4666,492234
s2_native@0_10,S1-only,44,0.5,82,523042,1906,4879,492803
s2_native@0_10,S1+AEF,42,0.5,82,527781,2540,140,492169
s2_native@0_10,S1+AEF,43,0.5,82,527793,2490,128,492219
s2_native@0_10,S1+AEF,44,0.5,82,527767,2160,154,492549
s2_native@0_10,OPERA,,0.5,82,524419,1226,3502,493483
s2_frozen@0_10,S1-only,42,0.3,82,524460,2619,5087,493529
s2_frozen@0_10,S1-only,43,0.3,82,525749,3209,3798,492939
s2_frozen@0_10,S1-only,44,0.3,82,525581,2510,3966,493638
s2_frozen@0_10,S1+AEF,42,0.3,82,529459,3392,88,492756
s2_frozen@0_10,S1+AEF,43,0.3,82,529462,3352,85,492796
s2_frozen@0_10,S1+AEF,44,0.3,82,529450,2919,97,493229
s2_frozen@0_10,OPERA,,0.3,82,526272,1256,3275,494892
s2_frozen@0_10,S1-only,42,0.5,82,523390,2015,6157,494133
s2_frozen@0_10,S1-only,43,0.5,82,524919,2451,4628,493697
s2_frozen@0_10,S1-only,44,0.5,82,524683,1887,4864,494261
s2_frozen@0_10,S1+AEF,42,0.5,82,529418,2545,129,493603
s2_frozen@0_10,S1+AEF,43,0.5,82,529430,2513,117,493635
s2_frozen@0_10,S1+AEF,44,0.5,82,529410,2194,137,493954
s2_frozen@0_10,OPERA,,0.5,82,526272,1256,3275,494892
s2_native@0_20,S1-only,42,0.3,82,599537,3800,354,479067
s2_native@0_20,S1-only,43,0.3,82,599627,4232,264,478635
s2_native@0_20,S1-only,44,0.3,82,599529,3451,362,479416
s2_native@0_20,S1+AEF,42,0.3,82,599692,3360,199,479507
s2_native@0_20,S1+AEF,43,0.3,82,599704,3359,187,479508
s2_native@0_20,S1+AEF,44,0.3,82,599683,2996,208,479871
s2_native@0_20,OPERA,,0.3,82,598145,426,1746,482441
s2_native@0_20,S1-only,42,0.5,82,599495,2952,396,479915
s2_native@0_20,S1-only,43,0.5,82,599592,3318,299,479549
s2_native@0_20,S1-only,44,0.5,82,599487,2672,404,480195
s2_native@0_20,S1+AEF,42,0.5,82,599658,2525,233,480342
s2_native@0_20,S1+AEF,43,0.5,82,599659,2524,232,480343
s2_native@0_20,S1+AEF,44,0.5,82,599643,2233,248,480634
s2_native@0_20,OPERA,,0.5,82,598145,426,1746,482441
s2_frozen@0_20,S1-only,42,0.3,82,601221,3800,343,480510
s2_frozen@0_20,S1-only,43,0.3,82,601310,4234,254,480076
s2_frozen@0_20,S1-only,44,0.3,82,601216,3455,348,480855
s2_frozen@0_20,S1+AEF,42,0.3,82,601371,3320,193,480990
s2_frozen@0_20,S1+AEF,43,0.3,82,601385,3319,179,480991
s2_frozen@0_20,S1+AEF,44,0.3,82,601365,2961,199,481349
s2_frozen@0_20,OPERA,,0.3,82,599906,419,1658,483891
s2_frozen@0_20,S1-only,42,0.5,82,601171,2994,393,481316
s2_frozen@0_20,S1-only,43,0.5,82,601273,3348,291,480962
s2_frozen@0_20,S1-only,44,0.5,82,601169,2698,395,481612
s2_frozen@0_20,S1+AEF,42,0.5,82,601353,2515,211,481795
s2_frozen@0_20,S1+AEF,43,0.5,82,601351,2530,213,481780
s2_frozen@0_20,S1+AEF,44,0.5,82,601333,2223,231,482087
s2_frozen@0_20,OPERA,,0.5,82,599906,419,1658,483891
s2_native@10_0,S1-only,42,0.3,82,4418,6313,250,1083098
s2_native@10_0,S1-only,43,0.3,82,4483,7513,185,1081898
s2_native@10_0,S1-only,44,0.3,82,4372,5500,296,1083911
s2_native@10_0,S1+AEF,42,0.3,82,4660,6744,8,1082667
s2_native@10_0,S1+AEF,43,0.3,82,4659,6506,9,1082905
s2_native@10_0,S1+AEF,44,0.3,82,4655,5829,13,1083582
s2_native@10_0,OPERA,,0.3,82,2361,911,2307,1088500
s2_native@10_0,S1-only,42,0.5,82,4325,4553,343,1084858
s2_native@10_0,S1-only,43,0.5,82,4432,5526,236,1083885
s2_native@10_0,S1-only,44,0.5,82,4263,3938,405,1085473
s2_native@10_0,S1+AEF,42,0.5,82,4654,5081,14,1084330
s2_native@10_0,S1+AEF,43,0.5,82,4655,4834,13,1084577
s2_native@10_0,S1+AEF,44,0.5,82,4647,4267,21,1085144
s2_native@10_0,OPERA,,0.5,82,2361,911,2307,1088500
s2_frozen@10_0,S1-only,42,0.3,82,4448,6291,255,1085876
s2_frozen@10_0,S1-only,43,0.3,82,4518,7520,185,1084647
s2_frozen@10_0,S1-only,44,0.3,82,4411,5453,292,1086714
s2_frozen@10_0,S1+AEF,42,0.3,82,4690,6803,13,1085364
s2_frozen@10_0,S1+AEF,43,0.3,82,4691,6543,12,1085624
s2_frozen@10_0,S1+AEF,44,0.3,82,4686,5848,17,1086319
s2_frozen@10_0,OPERA,,0.3,82,2176,1119,2527,1091048
s2_frozen@10_0,S1-only,42,0.5,82,4359,4568,344,1087599
s2_frozen@10_0,S1-only,43,0.5,82,4459,5569,244,1086598
s2_frozen@10_0,S1-only,44,0.5,82,4300,3944,403,1088223
s2_frozen@10_0,S1+AEF,42,0.5,82,4684,5050,19,1087117
s2_frozen@10_0,S1+AEF,43,0.5,82,4684,4813,19,1087354
s2_frozen@10_0,S1+AEF,44,0.5,82,4674,4278,29,1087889
s2_frozen@10_0,OPERA,,0.5,82,2176,1119,2527,1091048
s2_native@10_10,S1-only,42,0.3,82,984,562,8,44919
s2_native@10_10,S1-only,43,0.3,82,990,677,2,44804
s2_native@10_10,S1-only,44,0.3,82,981,536,11,44945
s2_native@10_10,S1+AEF,42,0.3,82,992,707,0,44774
s2_native@10_10,S1+AEF,43,0.3,82,992,696,0,44785
s2_native@10_10,S1+AEF,44,0.3,82,992,654,0,44827
s2_native@10_10,OPERA,,0.3,82,806,285,186,45196
s2_native@10_10,S1-only,42,0.5,82,972,421,20,45060
s2_native@10_10,S1-only,43,0.5,82,989,524,3,44957
s2_native@10_10,S1-only,44,0.5,82,958,403,34,45078
s2_native@10_10,S1+AEF,42,0.5,82,992,573,0,44908
s2_native@10_10,S1+AEF,43,0.5,82,992,558,0,44923
s2_native@10_10,S1+AEF,44,0.5,82,992,530,0,44951
s2_native@10_10,OPERA,,0.5,82,806,285,186,45196
s2_frozen@10_10,S1-only,42,0.3,82,1007,545,8,45013
s2_frozen@10_10,S1-only,43,0.3,82,1013,686,2,44872
s2_frozen@10_10,S1-only,44,0.3,82,1000,527,15,45031
s2_frozen@10_10,S1+AEF,42,0.3,82,1015,706,0,44852
s2_frozen@10_10,S1+AEF,43,0.3,82,1015,681,0,44877
s2_frozen@10_10,S1+AEF,44,0.3,82,1015,645,0,44913
s2_frozen@10_10,OPERA,,0.3,82,770,321,245,45237
s2_frozen@10_10,S1-only,42,0.5,82,993,399,22,45159
s2_frozen@10_10,S1-only,43,0.5,82,1008,504,7,45054
s2_frozen@10_10,S1-only,44,0.5,82,982,382,33,45176
s2_frozen@10_10,S1+AEF,42,0.5,82,1015,556,0,45002
s2_frozen@10_10,S1+AEF,43,0.5,82,1015,544,0,45014
s2_frozen@10_10,S1+AEF,44,0.5,82,1015,520,0,45038
s2_frozen@10_10,OPERA,,0.5,82,770,321,245,45237
s2_native@10_20,S1-only,42,0.3,82,445,677,23,105768
s2_native@10_20,S1-only,43,0.3,82,453,825,15,105620
s2_native@10_20,S1-only,44,0.3,82,446,626,22,105819
s2_native@10_20,S1+AEF,42,0.3,82,468,526,0,105919
s2_native@10_20,S1+AEF,43,0.3,82,467,534,1,105911
s2_native@10_20,S1+AEF,44,0.3,82,467,463,1,105982
s2_native@10_20,OPERA,,0.3,82,206,56,262,106389
s2_native@10_20,S1-only,42,0.5,82,441,546,27,105899
s2_native@10_20,S1-only,43,0.5,82,449,639,19,105806
s2_native@10_20,S1-only,44,0.5,82,441,496,27,105949
s2_native@10_20,S1+AEF,42,0.5,82,466,420,2,106025
s2_native@10_20,S1+AEF,43,0.5,82,466,402,2,106043
s2_native@10_20,S1+AEF,44,0.5,82,463,351,5,106094
s2_native@10_20,OPERA,,0.5,82,206,56,262,106389
s2_frozen@10_20,S1-only,42,0.3,82,436,723,17,106392
s2_frozen@10_20,S1-only,43,0.3,82,441,864,12,106251
s2_frozen@10_20,S1-only,44,0.3,82,434,666,19,106449
s2_frozen@10_20,S1+AEF,42,0.3,82,452,556,1,106559
s2_frozen@10_20,S1+AEF,43,0.3,82,452,548,1,106567
s2_frozen@10_20,S1+AEF,44,0.3,82,452,483,1,106632
s2_frozen@10_20,OPERA,,0.3,82,184,85,269,107030
s2_frozen@10_20,S1-only,42,0.5,82,431,553,22,106562
s2_frozen@10_20,S1-only,43,0.5,82,438,673,15,106442
s2_frozen@10_20,S1-only,44,0.5,82,426,516,27,106599
s2_frozen@10_20,S1+AEF,42,0.5,82,452,417,1,106698
s2_frozen@10_20,S1+AEF,43,0.5,82,452,417,1,106698
s2_frozen@10_20,S1+AEF,44,0.5,82,451,357,2,106758
s2_frozen@10_20,OPERA,,0.5,82,184,85,269,107030
s2_native@20_0,S1-only,42,0.3,82,795793,0,61,0
s2_native@20_0,S1-only,43,0.3,82,795844,0,10,0
s2_native@20_0,S1-only,44,0.3,82,795854,0,0,0
s2_native@20_0,S1+AEF,42,0.3,82,795854,0,0,0
s2_native@20_0,S1+AEF,43,0.3,82,795854,0,0,0
s2_native@20_0,S1+AEF,44,0.3,82,795854,0,0,0
s2_native@20_0,OPERA,,0.3,82,795854,0,0,0
s2_native@20_0,S1-only,42,0.5,82,795560,0,294,0
s2_native@20_0,S1-only,43,0.5,82,795783,0,71,0
s2_native@20_0,S1-only,44,0.5,82,795853,0,1,0
s2_native@20_0,S1+AEF,42,0.5,82,795854,0,0,0
s2_native@20_0,S1+AEF,43,0.5,82,795854,0,0,0
s2_native@20_0,S1+AEF,44,0.5,82,795854,0,0,0
s2_native@20_0,OPERA,,0.5,82,795854,0,0,0
s2_frozen@20_0,S1-only,42,0.3,82,796954,0,65,0
s2_frozen@20_0,S1-only,43,0.3,82,797011,0,8,0
s2_frozen@20_0,S1-only,44,0.3,82,797019,0,0,0
s2_frozen@20_0,S1+AEF,42,0.3,82,797019,0,0,0
s2_frozen@20_0,S1+AEF,43,0.3,82,797019,0,0,0
s2_frozen@20_0,S1+AEF,44,0.3,82,797019,0,0,0
s2_frozen@20_0,OPERA,,0.3,82,797019,0,0,0
s2_frozen@20_0,S1-only,42,0.5,82,796717,0,302,0
s2_frozen@20_0,S1-only,43,0.5,82,796945,0,74,0
s2_frozen@20_0,S1-only,44,0.5,82,797019,0,0,0
s2_frozen@20_0,S1+AEF,42,0.5,82,797019,0,0,0
s2_frozen@20_0,S1+AEF,43,0.5,82,797019,0,0,0
s2_frozen@20_0,S1+AEF,44,0.5,82,797019,0,0,0
s2_frozen@20_0,OPERA,,0.5,82,797019,0,0,0
s2_native@20_10,S1-only,42,0.3,82,7733,0,0,0
s2_native@20_10,S1-only,43,0.3,82,7733,0,0,0
s2_native@20_10,S1-only,44,0.3,82,7733,0,0,0
s2_native@20_10,S1+AEF,42,0.3,82,7733,0,0,0
s2_native@20_10,S1+AEF,43,0.3,82,7733,0,0,0
s2_native@20_10,S1+AEF,44,0.3,82,7733,0,0,0
s2_native@20_10,OPERA,,0.3,82,7733,0,0,0
s2_native@20_10,S1-only,42,0.5,82,7733,0,0,0
s2_native@20_10,S1-only,43,0.5,82,7733,0,0,0
s2_native@20_10,S1-only,44,0.5,82,7733,0,0,0
s2_native@20_10,S1+AEF,42,0.5,82,7733,0,0,0
s2_native@20_10,S1+AEF,43,0.5,82,7733,0,0,0
s2_native@20_10,S1+AEF,44,0.5,82,7733,0,0,0
s2_native@20_10,OPERA,,0.5,82,7733,0,0,0
s2_frozen@20_10,S1-only,42,0.3,82,7819,0,0,0
s2_frozen@20_10,S1-only,43,0.3,82,7819,0,0,0
s2_frozen@20_10,S1-only,44,0.3,82,7819,0,0,0
s2_frozen@20_10,S1+AEF,42,0.3,82,7819,0,0,0
s2_frozen@20_10,S1+AEF,43,0.3,82,7819,0,0,0
s2_frozen@20_10,S1+AEF,44,0.3,82,7819,0,0,0
s2_frozen@20_10,OPERA,,0.3,82,7819,0,0,0
s2_frozen@20_10,S1-only,42,0.5,82,7819,0,0,0
s2_frozen@20_10,S1-only,43,0.5,82,7819,0,0,0
s2_frozen@20_10,S1-only,44,0.5,82,7819,0,0,0
s2_frozen@20_10,S1+AEF,42,0.5,82,7819,0,0,0
s2_frozen@20_10,S1+AEF,43,0.5,82,7819,0,0,0
s2_frozen@20_10,S1+AEF,44,0.5,82,7819,0,0,0
s2_frozen@20_10,OPERA,,0.5,82,7819,0,0,0
s2_native@20_20,S1-only,42,0.3,82,72025,0,0,0
s2_native@20_20,S1-only,43,0.3,82,72025,0,0,0
s2_native@20_20,S1-only,44,0.3,82,72025,0,0,0
s2_native@20_20,S1+AEF,42,0.3,82,72025,0,0,0
s2_native@20_20,S1+AEF,43,0.3,82,72025,0,0,0
s2_native@20_20,S1+AEF,44,0.3,82,72025,0,0,0
s2_native@20_20,OPERA,,0.3,82,72025,0,0,0
s2_native@20_20,S1-only,42,0.5,82,72025,0,0,0
s2_native@20_20,S1-only,43,0.5,82,72025,0,0,0
s2_native@20_20,S1-only,44,0.5,82,72025,0,0,0
s2_native@20_20,S1+AEF,42,0.5,82,72025,0,0,0
s2_native@20_20,S1+AEF,43,0.5,82,72025,0,0,0
s2_native@20_20,S1+AEF,44,0.5,82,72025,0,0,0
s2_native@20_20,OPERA,,0.5,82,72025,0,0,0
s2_frozen@20_20,S1-only,42,0.3,82,72305,0,0,0
s2_frozen@20_20,S1-only,43,0.3,82,72305,0,0,0
s2_frozen@20_20,S1-only,44,0.3,82,72305,0,0,0
s2_frozen@20_20,S1+AEF,42,0.3,82,72305,0,0,0
s2_frozen@20_20,S1+AEF,43,0.3,82,72305,0,0,0
s2_frozen@20_20,S1+AEF,44,0.3,82,72305,0,0,0
s2_frozen@20_20,OPERA,,0.3,82,72305,0,0,0
s2_frozen@20_20,S1-only,42,0.5,82,72305,0,0,0
s2_frozen@20_20,S1-only,43,0.5,82,72305,0,0,0
s2_frozen@20_20,S1-only,44,0.5,82,72305,0,0,0
s2_frozen@20_20,S1+AEF,42,0.5,82,72305,0,0,0
s2_frozen@20_20,S1+AEF,43,0.5,82,72305,0,0,0
s2_frozen@20_20,S1+AEF,44,0.5,82,72305,0,0,0
s2_frozen@20_20,OPERA,,0.5,82,72305,0,0,0
paper,S1-only,42,0.3,88,2860440,930037,38596,9533733
paper,S1-only,43,0.3,88,2879681,1633638,19355,8830132
paper,S1-only,44,0.3,88,2860855,1121234,38181,9342536
paper,S1+AEF,42,0.3,88,2883580,102588,15456,10361182
paper,S1+AEF,43,0.3,88,2883370,106386,15666,10357384
paper,S1+AEF,44,0.3,88,2881786,106215,17250,10357555
paper,OPERA,,0.3,88,2627859,2612,271177,10461158
paper,S1-only,42,0.5,88,2843173,760137,55863,9703633
paper,S1-only,43,0.5,88,2871428,1390203,27608,9073567
paper,S1-only,44,0.5,88,2844564,937684,54472,9526086
paper,S1+AEF,42,0.5,88,2873753,71579,25283,10392191
paper,S1+AEF,43,0.5,88,2873201,75372,25835,10388398
paper,S1+AEF,44,0.5,88,2871648,75629,27388,10388141
paper,OPERA,,0.5,88,2627859,2612,271177,10461158
s1_average,S1-only,42,0.3,88,2859817,925237,39459,9546679
s1_average,S1-only,43,0.3,88,2879329,1626324,19947,8845592
s1_average,S1-only,44,0.3,88,2860199,1116231,39077,9355685
s1_average,S1+AEF,42,0.3,88,2883072,98378,16204,10373538
s1_average,S1+AEF,43,0.3,88,2882878,102143,16398,10369773
s1_average,S1+AEF,44,0.3,88,2881222,102044,18054,10369872
s1_average,OPERA,,0.3,88,2628059,3938,271217,10467978
s1_average,S1-only,42,0.5,88,2843767,763775,55509,9708141
s1_average,S1-only,43,0.5,88,2871905,1394565,27371,9077351
s1_average,S1-only,44,0.5,88,2845261,941243,54015,9530673
s1_average,S1+AEF,42,0.5,88,2874353,72679,24923,10399237
s1_average,S1+AEF,43,0.5,88,2873851,76432,25425,10395484
s1_average,S1+AEF,44,0.5,88,2872330,76689,26946,10395227
s1_average,OPERA,,0.5,88,2628059,3938,271217,10467978
opera_union,S1-only,42,0.3,88,2860440,930037,38596,9533733
opera_union,S1-only,43,0.3,88,2879681,1633638,19355,8830132
opera_union,S1-only,44,0.3,88,2860855,1121234,38181,9342536
opera_union,S1+AEF,42,0.3,88,2883580,102588,15456,10361182
opera_union,S1+AEF,43,0.3,88,2883370,106386,15666,10357384
opera_union,S1+AEF,44,0.3,88,2881786,106215,17250,10357555
opera_union,OPERA,,0.3,88,2627859,2612,271177,10461158
opera_union,S1-only,42,0.5,88,2843173,760137,55863,9703633
opera_union,S1-only,43,0.5,88,2871428,1390203,27608,9073567
opera_union,S1-only,44,0.5,88,2844564,937684,54472,9526086
opera_union,S1+AEF,42,0.5,88,2873753,71579,25283,10392191
opera_union,S1+AEF,43,0.5,88,2873201,75372,25835,10388398
opera_union,S1+AEF,44,0.5,88,2871648,75629,27388,10388141
opera_union,OPERA,,0.5,88,2627859,2612,271177,10461158
s3_pure_paper,S1-only,42,0.3,88,2737867,846573,20301,9472493
s3_pure_paper,S1-only,43,0.3,88,2750801,1538107,7367,8780959
s3_pure_paper,S1-only,44,0.3,88,2738914,1038017,19254,9281049
s3_pure_paper,S1+AEF,42,0.3,88,2754507,21616,3661,10297450
s3_pure_paper,S1+AEF,43,0.3,88,2754398,23590,3770,10295476
s3_pure_paper,S1+AEF,44,0.3,88,2753886,24467,4282,10294599
s3_pure_paper,OPERA,,0.3,88,2605909,488,152259,10318578
s3_pure_paper,S1-only,42,0.5,88,2728029,694665,30139,9624401
s3_pure_paper,S1-only,43,0.5,88,2747729,1311753,10439,9007313
s3_pure_paper,S1-only,44,0.5,88,2730192,872243,27976,9446823
s3_pure_paper,S1+AEF,42,0.5,88,2752277,10788,5891,10308278
s3_pure_paper,S1+AEF,43,0.5,88,2751831,12146,6337,10306920
s3_pure_paper,S1+AEF,44,0.5,88,2751281,12991,6887,10306075
s3_pure_paper,OPERA,,0.5,88,2605909,488,152259,10318578
s3_pure_average,S1-only,42,0.3,88,2737718,842910,20678,9482692
s3_pure_average,S1-only,43,0.3,88,2750845,1531700,7551,8793902
s3_pure_average,S1-only,44,0.3,88,2738742,1034038,19654,9291564
s3_pure_average,S1+AEF,42,0.3,88,2754583,19070,3813,10306532
s3_pure_average,S1+AEF,43,0.3,88,2754485,20866,3911,10304736
s3_pure_average,S1+AEF,44,0.3,88,2753928,21781,4468,10303821
s3_pure_average,OPERA,,0.3,88,2606109,488,152287,10325114
s3_pure_average,S1-only,42,0.5,88,2728274,696858,30122,9628744
s3_pure_average,S1-only,43,0.5,88,2747972,1314616,10424,9010986
s3_pure_average,S1-only,44,0.5,88,2730466,874370,27930,9451232
s3_pure_average,S1+AEF,42,0.5,88,2752533,10509,5863,10315093
s3_pure_average,S1+AEF,43,0.5,88,2752125,11780,6271,10313822
s3_pure_average,S1+AEF,44,0.5,88,2751601,12641,6795,10312961
s3_pure_average,OPERA,,0.5,88,2606109,488,152287,10325114
refcut025_paper,S1-only,42,0.3,88,2899272,891205,54781,9517548
refcut025_paper,S1-only,43,0.3,88,2922562,1590757,31491,8817996
refcut025_paper,S1-only,44,0.3,88,2899451,1082638,54602,9326115
refcut025_paper,S1+AEF,42,0.3,88,2923167,63001,30886,10345752
refcut025_paper,S1+AEF,43,0.3,88,2923373,66383,30680,10342370
refcut025_paper,S1+AEF,44,0.3,88,2921295,66706,32758,10342047
refcut025_paper,OPERA,,0.3,88,2629472,999,324581,10407754
refcut025_paper,S1-only,42,0.5,88,2875948,727362,78105,9681391
refcut025_paper,S1-only,43,0.5,88,2909133,1352498,44920,9056255
refcut025_paper,S1-only,44,0.5,88,2877196,905052,76857,9503701
refcut025_paper,S1+AEF,42,0.5,88,2906084,39248,47969,10369505
refcut025_paper,S1+AEF,43,0.5,88,2906227,42346,47826,10366407
refcut025_paper,S1+AEF,44,0.5,88,2904137,43140,49916,10365613
refcut025_paper,OPERA,,0.5,88,2629472,999,324581,10407754
refcut025_average,S1-only,42,0.3,88,2897969,887085,56338,9529800
refcut025_average,S1-only,43,0.3,88,2921654,1583999,32653,8832886
refcut025_average,S1-only,44,0.3,88,2898132,1078298,56175,9338587
refcut025_average,S1+AEF,42,0.3,88,2921760,59690,32547,10357195
refcut025_average,S1+AEF,43,0.3,88,2921999,63022,32308,10353863
refcut025_average,S1+AEF,44,0.3,88,2919842,63424,34465,10353461
refcut025_average,OPERA,,0.3,88,2629672,2325,324635,10414560
refcut025_average,S1-only,42,0.5,88,2876619,730923,77688,9685962
refcut025_average,S1-only,43,0.5,88,2909708,1356762,44599,9060123
refcut025_average,S1-only,44,0.5,88,2877994,908510,76313,9508375
refcut025_average,S1+AEF,42,0.5,88,2906772,40260,47535,10376625
refcut025_average,S1+AEF,43,0.5,88,2906956,43327,47351,10373558
refcut025_average,S1+AEF,44,0.5,88,2904870,44149,49437,10372736
refcut025_average,OPERA,,0.5,88,2629672,2325,324635,10414560
refcut075_paper,S1-only,42,0.3,88,2815262,975215,28734,9543595
refcut075_paper,S1-only,43,0.3,88,2831568,1681751,12428,8837059
refcut075_paper,S1-only,44,0.3,88,2815934,1166155,28062,9352655
refcut075_paper,S1+AEF,42,0.3,88,2835882,150286,8114,10368524
refcut075_paper,S1+AEF,43,0.3,88,2835637,154119,8359,10364691
refcut075_paper,S1+AEF,44,0.3,88,2834561,153440,9435,10365370
refcut075_paper,OPERA,,0.3,88,2623014,7457,220982,10511353
refcut075_paper,S1-only,42,0.5,88,2802020,801290,41976,9717520
refcut075_paper,S1-only,43,0.5,88,2826196,1435435,17800,9083375
refcut075_paper,S1-only,44,0.5,88,2803591,978657,40405,9540153
refcut075_paper,S1+AEF,42,0.5,88,2830752,114580,13244,10404230
refcut075_paper,S1+AEF,43,0.5,88,2830041,118532,13955,10400278
refcut075_paper,S1+AEF,44,0.5,88,2828912,118365,15084,10400445
refcut075_paper,OPERA,,0.5,88,2623014,7457,220982,10511353
refcut075_average,S1-only,42,0.3,88,2814938,970116,29292,9556846
refcut075_average,S1-only,43,0.3,88,2831450,1674203,12780,8852759
refcut075_average,S1-only,44,0.3,88,2815594,1160836,28636,9366126
refcut075_average,S1+AEF,42,0.3,88,2835757,145693,8473,10381269
refcut075_average,S1+AEF,43,0.3,88,2835528,149493,8702,10377469
refcut075_average,S1+AEF,44,0.3,88,2834395,148871,9835,10378091
refcut075_average,OPERA,,0.3,88,2623214,8783,221016,10518179
refcut075_average,S1-only,42,0.5,88,2802452,805090,41778,9721872
refcut075_average,S1-only,43,0.5,88,2826569,1439901,17661,9087061
refcut075_average,S1-only,44,0.5,88,2804103,982401,40127,9544561
refcut075_average,S1+AEF,42,0.5,88,2831172,115860,13058,10411102
refcut075_average,S1+AEF,43,0.5,88,2830506,119777,13724,10407185
refcut075_average,S1+AEF,44,0.5,88,2829424,119595,14806,10407367
refcut075_average,OPERA,,0.5,88,2623214,8783,221016,10518179
s2_native@0_0,S1-only,42,0.3,88,0,4,0,107907
s2_native@0_0,S1-only,43,0.3,88,0,6,0,107905
s2_native@0_0,S1-only,44,0.3,88,0,0,0,107911
s2_native@0_0,S1+AEF,42,0.3,88,0,0,0,107911
s2_native@0_0,S1+AEF,43,0.3,88,0,0,0,107911
s2_native@0_0,S1+AEF,44,0.3,88,0,0,0,107911
s2_native@0_0,OPERA,,0.3,88,0,0,0,107911
s2_native@0_0,S1-only,42,0.5,88,0,3,0,107908
s2_native@0_0,S1-only,43,0.5,88,0,3,0,107908
s2_native@0_0,S1-only,44,0.5,88,0,0,0,107911
s2_native@0_0,S1+AEF,42,0.5,88,0,0,0,107911
s2_native@0_0,S1+AEF,43,0.5,88,0,0,0,107911
s2_native@0_0,S1+AEF,44,0.5,88,0,0,0,107911
s2_native@0_0,OPERA,,0.5,88,0,0,0,107911
s2_frozen@0_0,S1-only,42,0.3,88,0,4,0,107907
s2_frozen@0_0,S1-only,43,0.3,88,0,6,0,107905
s2_frozen@0_0,S1-only,44,0.3,88,0,0,0,107911
s2_frozen@0_0,S1+AEF,42,0.3,88,0,0,0,107911
s2_frozen@0_0,S1+AEF,43,0.3,88,0,0,0,107911
s2_frozen@0_0,S1+AEF,44,0.3,88,0,0,0,107911
s2_frozen@0_0,OPERA,,0.3,88,0,0,0,107911
s2_frozen@0_0,S1-only,42,0.5,88,0,3,0,107908
s2_frozen@0_0,S1-only,43,0.5,88,0,3,0,107908
s2_frozen@0_0,S1-only,44,0.5,88,0,0,0,107911
s2_frozen@0_0,S1+AEF,42,0.5,88,0,0,0,107911
s2_frozen@0_0,S1+AEF,43,0.5,88,0,0,0,107911
s2_frozen@0_0,S1+AEF,44,0.5,88,0,0,0,107911
s2_frozen@0_0,OPERA,,0.5,88,0,0,0,107911
s2_native@0_10,S1-only,42,0.3,88,114998,230743,1994,845552
s2_native@0_10,S1-only,43,0.3,88,116037,349793,955,726502
s2_native@0_10,S1-only,44,0.3,88,114332,270847,2660,805448
s2_native@0_10,S1+AEF,42,0.3,88,116054,6251,938,1070044
s2_native@0_10,S1+AEF,43,0.3,88,116024,6312,968,1069983
s2_native@0_10,S1+AEF,44,0.3,88,115989,6527,1003,1069768
s2_native@0_10,OPERA,,0.3,88,103468,254,13524,1076041
s2_native@0_10,S1-only,42,0.5,88,113872,200014,3120,876281
s2_native@0_10,S1-only,43,0.5,88,115635,318830,1357,757465
s2_native@0_10,S1-only,44,0.5,88,112951,240427,4041,835868
s2_native@0_10,S1+AEF,42,0.5,88,115573,4626,1419,1071669
s2_native@0_10,S1+AEF,43,0.5,88,115513,4681,1479,1071614
s2_native@0_10,S1+AEF,44,0.5,88,115487,4906,1505,1071389
s2_native@0_10,OPERA,,0.5,88,103468,254,13524,1076041
s2_frozen@0_10,S1-only,42,0.3,88,114953,230968,2015,845675
s2_frozen@0_10,S1-only,43,0.3,88,116003,349869,965,726774
s2_frozen@0_10,S1-only,44,0.3,88,114292,270906,2676,805737
s2_frozen@0_10,S1+AEF,42,0.3,88,116010,6349,958,1070294
s2_frozen@0_10,S1+AEF,43,0.3,88,115989,6383,979,1070260
s2_frozen@0_10,S1+AEF,44,0.3,88,115943,6587,1025,1070056
s2_frozen@0_10,OPERA,,0.3,88,103400,320,13568,1076323
s2_frozen@0_10,S1-only,42,0.5,88,113825,200131,3143,876512
s2_frozen@0_10,S1-only,43,0.5,88,115592,318872,1376,757771
s2_frozen@0_10,S1-only,44,0.5,88,112902,240477,4066,836166
s2_frozen@0_10,S1+AEF,42,0.5,88,115521,4667,1447,1071976
s2_frozen@0_10,S1+AEF,43,0.5,88,115441,4723,1527,1071920
s2_frozen@0_10,S1+AEF,44,0.5,88,115446,4981,1522,1071662
s2_frozen@0_10,OPERA,,0.5,88,103400,320,13568,1076323
s2_native@0_20,S1-only,42,0.3,88,2020,289,152,100178
s2_native@0_20,S1-only,43,0.3,88,2037,380,135,100087
s2_native@0_20,S1-only,44,0.3,88,2013,272,159,100195
s2_native@0_20,S1+AEF,42,0.3,88,2024,184,148,100283
s2_native@0_20,S1+AEF,43,0.3,88,2023,184,149,100283
s2_native@0_20,S1+AEF,44,0.3,88,2019,162,153,100305
s2_native@0_20,OPERA,,0.3,88,1703,21,469,100446
s2_native@0_20,S1-only,42,0.5,88,2005,203,167,100264
s2_native@0_20,S1-only,43,0.5,88,2026,276,146,100191
s2_native@0_20,S1-only,44,0.5,88,1996,196,176,100271
s2_native@0_20,S1+AEF,42,0.5,88,2007,124,165,100343
s2_native@0_20,S1+AEF,43,0.5,88,2004,124,168,100343
s2_native@0_20,S1+AEF,44,0.5,88,1991,109,181,100358
s2_native@0_20,OPERA,,0.5,88,1703,21,469,100446
s2_frozen@0_20,S1-only,42,0.3,88,2022,280,150,100187
s2_frozen@0_20,S1-only,43,0.3,88,2033,376,139,100091
s2_frozen@0_20,S1-only,44,0.3,88,2017,269,155,100198
s2_frozen@0_20,S1+AEF,42,0.3,88,2018,178,154,100289
s2_frozen@0_20,S1+AEF,43,0.3,88,2021,180,151,100287
s2_frozen@0_20,S1+AEF,44,0.3,88,2014,156,158,100311
s2_frozen@0_20,OPERA,,0.3,88,1712,12,460,100455
s2_frozen@0_20,S1-only,42,0.5,88,2002,200,170,100267
s2_frozen@0_20,S1-only,43,0.5,88,2023,278,149,100189
s2_frozen@0_20,S1-only,44,0.5,88,1985,198,187,100269
s2_frozen@0_20,S1+AEF,42,0.5,88,2004,122,168,100345
s2_frozen@0_20,S1+AEF,43,0.5,88,2005,127,167,100340
s2_frozen@0_20,S1+AEF,44,0.5,88,1988,115,184,100352
s2_frozen@0_20,OPERA,,0.5,88,1712,12,460,100455
s2_native@10_0,S1-only,42,0.3,88,267562,30387,9069,895858
s2_native@10_0,S1-only,43,0.3,88,271518,51612,5113,874633
s2_native@10_0,S1-only,44,0.3,88,267865,39834,8766,886411
s2_native@10_0,S1+AEF,42,0.3,88,271447,11610,5184,914635
s2_native@10_0,S1+AEF,43,0.3,88,271506,11970,5125,914275
s2_native@10_0,S1+AEF,44,0.3,88,271320,12047,5311,914198
s2_native@10_0,OPERA,,0.3,88,220142,1264,56489,924981
s2_native@10_0,S1-only,42,0.5,88,264386,23497,12245,902748
s2_native@10_0,S1-only,43,0.5,88,270098,42028,6533,884217
s2_native@10_0,S1-only,44,0.5,88,265110,32972,11521,893273
s2_native@10_0,S1+AEF,42,0.5,88,269607,8703,7024,917542
s2_native@10_0,S1+AEF,43,0.5,88,269657,9060,6974,917185
s2_native@10_0,S1+AEF,44,0.5,88,269479,9192,7152,917053
s2_native@10_0,OPERA,,0.5,88,220142,1264,56489,924981
s2_frozen@10_0,S1-only,42,0.3,88,267525,30361,9098,896220
s2_frozen@10_0,S1-only,43,0.3,88,271512,51556,5111,875025
s2_frozen@10_0,S1-only,44,0.3,88,267832,39679,8791,886902
s2_frozen@10_0,S1+AEF,42,0.3,88,271358,11593,5265,914988
s2_frozen@10_0,S1+AEF,43,0.3,88,271501,11999,5122,914582
s2_frozen@10_0,S1+AEF,44,0.3,88,271237,12036,5386,914545
s2_frozen@10_0,OPERA,,0.3,88,220062,1344,56561,925237
s2_frozen@10_0,S1-only,42,0.5,88,264345,23590,12278,902991
s2_frozen@10_0,S1-only,43,0.5,88,270064,41914,6559,884667
s2_frozen@10_0,S1-only,44,0.5,88,265099,33024,11524,893557
s2_frozen@10_0,S1+AEF,42,0.5,88,269589,8741,7034,917840
s2_frozen@10_0,S1+AEF,43,0.5,88,269583,9137,7040,917444
s2_frozen@10_0,S1+AEF,44,0.5,88,269449,9207,7174,917374
s2_frozen@10_0,OPERA,,0.5,88,220062,1344,56561,925237
s2_native@10_10,S1-only,42,0.3,88,2858023,922577,39603,9532745
s2_native@10_10,S1-only,43,0.3,88,2877636,1622924,19990,8832398
s2_native@10_10,S1-only,44,0.3,88,2858484,1113682,39142,9341640
s2_native@10_10,S1+AEF,42,0.3,88,2881378,96898,16248,10358424
s2_native@10_10,S1+AEF,43,0.3,88,2881128,100666,16498,10354656
s2_native@10_10,S1+AEF,44,0.3,88,2879524,100562,18102,10354760
s2_native@10_10,OPERA,,0.3,88,2627964,1017,269662,10454305
s2_native@10_10,S1-only,42,0.5,88,2842194,761027,55432,9694295
s2_native@10_10,S1-only,43,0.5,88,2870110,1391373,27516,9063949
s2_native@10_10,S1-only,44,0.5,88,2843456,938487,54170,9516835
s2_native@10_10,S1+AEF,42,0.5,88,2872608,70891,25018,10384431
s2_native@10_10,S1+AEF,43,0.5,88,2872109,74635,25517,10380687
s2_native@10_10,S1+AEF,44,0.5,88,2870607,74968,27019,10380354
s2_native@10_10,OPERA,,0.5,88,2627964,1017,269662,10454305
s2_frozen@10_10,S1-only,42,0.3,88,2858135,923048,39435,9539601
s2_frozen@10_10,S1-only,43,0.3,88,2877642,1623656,19928,8838993
s2_frozen@10_10,S1-only,44,0.3,88,2858513,1113981,39057,9348668
s2_frozen@10_10,S1+AEF,42,0.3,88,2881384,96922,16186,10365727
s2_frozen@10_10,S1+AEF,43,0.3,88,2881190,100690,16380,10361959
s2_frozen@10_10,S1+AEF,44,0.3,88,2879534,100592,18036,10362057
s2_frozen@10_10,OPERA,,0.3,88,2626528,2699,271042,10459950
s2_frozen@10_10,S1-only,42,0.5,88,2842090,761757,55480,9700892
s2_frozen@10_10,S1-only,43,0.5,88,2870219,1392082,27351,9070567
s2_frozen@10_10,S1-only,44,0.5,88,2843580,939167,53990,9523482
s2_frozen@10_10,S1+AEF,42,0.5,88,2872668,71250,24902,10391399
s2_frozen@10_10,S1+AEF,43,0.5,88,2872165,75002,25405,10387647
s2_frozen@10_10,S1+AEF,44,0.5,88,2870645,75262,26925,10387387
s2_frozen@10_10,OPERA,,0.5,88,2626528,2699,271042,10459950
s2_native@10_20,S1-only,42,0.3,88,102190,49154,3537,1017944
s2_native@10_20,S1-only,43,0.3,88,103406,100307,2321,966791
s2_native@10_20,S1-only,44,0.3,88,101558,46059,4169,1021039
s2_native@10_20,S1+AEF,42,0.3,88,103691,12472,2036,1054626
s2_native@10_20,S1+AEF,43,0.3,88,103737,13019,1990,1054079
s2_native@10_20,S1+AEF,44,0.3,88,103809,13561,1918,1053537
s2_native@10_20,OPERA,,0.3,88,81298,663,24429,1066435
s2_native@10_20,S1-only,42,0.5,88,100629,36957,5098,1030141
s2_native@10_20,S1-only,43,0.5,88,102591,81814,3136,985284
s2_native@10_20,S1-only,44,0.5,88,100011,33340,5716,1033758
s2_native@10_20,S1+AEF,42,0.5,88,102738,9371,2989,1057727
s2_native@10_20,S1+AEF,43,0.5,88,102817,9873,2910,1057225
s2_native@10_20,S1+AEF,44,0.5,88,102945,10426,2782,1056672
s2_native@10_20,OPERA,,0.5,88,81298,663,24429,1066435
s2_frozen@10_20,S1-only,42,0.3,88,101710,49064,3585,1018791
s2_frozen@10_20,S1-only,43,0.3,88,102986,100384,2309,967471
s2_frozen@10_20,S1-only,44,0.3,88,101110,45937,4185,1021918
s2_frozen@10_20,S1+AEF,42,0.3,88,103206,12413,2089,1055442
s2_frozen@10_20,S1+AEF,43,0.3,88,103265,12948,2030,1054907
s2_frozen@10_20,S1+AEF,44,0.3,88,103352,13503,1943,1054352
s2_frozen@10_20,OPERA,,0.3,88,81392,569,23903,1067286
s2_frozen@10_20,S1-only,42,0.5,88,100192,36918,5103,1030937
s2_frozen@10_20,S1-only,43,0.5,88,102118,81807,3177,986048
s2_frozen@10_20,S1-only,44,0.5,88,99568,33330,5727,1034525
s2_frozen@10_20,S1+AEF,42,0.5,88,102264,9360,3031,1058495
s2_frozen@10_20,S1+AEF,43,0.5,88,102330,9855,2965,1058000
s2_frozen@10_20,S1+AEF,44,0.5,88,102459,10386,2836,1057469
s2_frozen@10_20,OPERA,,0.5,88,81392,569,23903,1067286
s2_native@20_0,S1-only,42,0.3,88,5214,2374,1204,97914
s2_native@20_0,S1-only,43,0.3,88,5573,3232,845,97056
s2_native@20_0,S1-only,44,0.3,88,5132,2293,1286,97995
s2_native@20_0,S1+AEF,42,0.3,88,5680,906,738,99382
s2_native@20_0,S1+AEF,43,0.3,88,5702,952,716,99336
s2_native@20_0,S1+AEF,44,0.3,88,5687,967,731,99321
s2_native@20_0,OPERA,,0.3,88,3735,43,2683,100245
s2_native@20_0,S1-only,42,0.5,88,4998,1845,1420,98443
s2_native@20_0,S1-only,43,0.5,88,5440,2545,978,97743
s2_native@20_0,S1-only,44,0.5,88,4904,1726,1514,98562
s2_native@20_0,S1+AEF,42,0.5,88,5568,680,850,99608
s2_native@20_0,S1+AEF,43,0.5,88,5583,721,835,99567
s2_native@20_0,S1+AEF,44,0.5,88,5584,746,834,99542
s2_native@20_0,OPERA,,0.5,88,3735,43,2683,100245
s2_frozen@20_0,S1-only,42,0.3,88,5205,2395,1216,97890
s2_frozen@20_0,S1-only,43,0.3,88,5554,3255,867,97030
s2_frozen@20_0,S1-only,44,0.3,88,5113,2271,1308,98014
s2_frozen@20_0,S1+AEF,42,0.3,88,5673,909,748,99376
s2_frozen@20_0,S1+AEF,43,0.3,88,5691,952,730,99333
s2_frozen@20_0,S1+AEF,44,0.3,88,5688,970,733,99315
s2_frozen@20_0,OPERA,,0.3,88,3764,14,2657,100271
s2_frozen@20_0,S1-only,42,0.5,88,4978,1856,1443,98429
s2_frozen@20_0,S1-only,43,0.5,88,5434,2518,987,97767
s2_frozen@20_0,S1-only,44,0.5,88,4883,1729,1538,98556
s2_frozen@20_0,S1+AEF,42,0.5,88,5549,667,872,99618
s2_frozen@20_0,S1+AEF,43,0.5,88,5576,715,845,99570
s2_frozen@20_0,S1+AEF,44,0.5,88,5576,731,845,99554
s2_frozen@20_0,OPERA,,0.5,88,3764,14,2657,100271
s2_native@20_10,S1-only,42,0.3,88,122695,33272,4403,1031411
s2_native@20_10,S1-only,43,0.3,88,124493,54121,2605,1010562
s2_native@20_10,S1-only,44,0.3,88,122537,30854,4561,1033829
s2_native@20_10,S1+AEF,42,0.3,88,125201,12075,1897,1052608
s2_native@20_10,S1+AEF,43,0.3,88,125212,12569,1886,1052114
s2_native@20_10,S1+AEF,44,0.3,88,125124,12562,1974,1052121
s2_native@20_10,OPERA,,0.3,88,96944,441,30154,1064242
s2_native@20_10,S1-only,42,0.5,88,121294,24685,5804,1039998
s2_native@20_10,S1-only,43,0.5,88,123701,41090,3397,1023593
s2_native@20_10,S1-only,44,0.5,88,121031,22458,6067,1042225
s2_native@20_10,S1+AEF,42,0.5,88,124318,8932,2780,1055751
s2_native@20_10,S1+AEF,43,0.5,88,124314,9416,2784,1055267
s2_native@20_10,S1+AEF,44,0.5,88,124256,9478,2842,1055205
s2_native@20_10,OPERA,,0.5,88,96944,441,30154,1064242
s2_frozen@20_10,S1-only,42,0.3,88,122520,33370,4467,1031743
s2_frozen@20_10,S1-only,43,0.3,88,124335,54153,2652,1010960
s2_frozen@20_10,S1-only,44,0.3,88,122390,30939,4597,1034174
s2_frozen@20_10,S1+AEF,42,0.3,88,125090,12030,1897,1053083
s2_frozen@20_10,S1+AEF,43,0.3,88,125046,12489,1941,1052624
s2_frozen@20_10,S1+AEF,44,0.3,88,124948,12485,2039,1052628
s2_frozen@20_10,OPERA,,0.3,88,97136,249,29851,1064864
s2_frozen@20_10,S1-only,42,0.5,88,121083,24670,5904,1040443
s2_frozen@20_10,S1-only,43,0.5,88,123564,41120,3423,1023993
s2_frozen@20_10,S1-only,44,0.5,88,120854,22422,6133,1042691
s2_frozen@20_10,S1+AEF,42,0.5,88,124123,8832,2864,1056281
s2_frozen@20_10,S1+AEF,43,0.5,88,124134,9325,2853,1055788
s2_frozen@20_10,S1+AEF,44,0.5,88,124067,9323,2920,1055790
s2_frozen@20_10,OPERA,,0.5,88,97136,249,29851,1064864
s2_native@20_20,S1-only,42,0.3,88,0,277,0,105672
s2_native@20_20,S1-only,43,0.3,88,0,1260,0,104689
s2_native@20_20,S1-only,44,0.3,88,0,456,0,105493
s2_native@20_20,S1+AEF,42,0.3,88,0,0,0,105949
s2_native@20_20,S1+AEF,43,0.3,88,0,0,0,105949
s2_native@20_20,S1+AEF,44,0.3,88,0,0,0,105949
s2_native@20_20,OPERA,,0.3,88,0,0,0,105949
s2_native@20_20,S1-only,42,0.5,88,0,136,0,105813
s2_native@20_20,S1-only,43,0.5,88,0,883,0,105066
s2_native@20_20,S1-only,44,0.5,88,0,253,0,105696
s2_native@20_20,S1+AEF,42,0.5,88,0,0,0,105949
s2_native@20_20,S1+AEF,43,0.5,88,0,0,0,105949
s2_native@20_20,S1+AEF,44,0.5,88,0,0,0,105949
s2_native@20_20,OPERA,,0.5,88,0,0,0,105949
s2_frozen@20_20,S1-only,42,0.3,88,0,278,0,105671
s2_frozen@20_20,S1-only,43,0.3,88,0,1265,0,104684
s2_frozen@20_20,S1-only,44,0.3,88,0,451,0,105498
s2_frozen@20_20,S1+AEF,42,0.3,88,0,0,0,105949
s2_frozen@20_20,S1+AEF,43,0.3,88,0,0,0,105949
s2_frozen@20_20,S1+AEF,44,0.3,88,0,0,0,105949
s2_frozen@20_20,OPERA,,0.3,88,0,0,0,105949
s2_frozen@20_20,S1-only,42,0.5,88,0,140,0,105809
s2_frozen@20_20,S1-only,43,0.5,88,0,886,0,105063
s2_frozen@20_20,S1-only,44,0.5,88,0,263,0,105686
s2_frozen@20_20,S1+AEF,42,0.5,88,0,0,0,105949
s2_frozen@20_20,S1+AEF,43,0.5,88,0,0,0,105949
s2_frozen@20_20,S1+AEF,44,0.5,88,0,0,0,105949
s2_frozen@20_20,OPERA,,0.5,88,0,0,0,105949
paper,S1-only,42,0.3,89,7140855,416306,178340,5660087
paper,S1-only,43,0.3,89,7237269,831261,81926,5245132
paper,S1-only,44,0.3,89,7202411,705462,116784,5370931
paper,S1+AEF,42,0.3,89,7297335,51399,21860,6024994
paper,S1+AEF,43,0.3,89,7295027,38048,24168,6038345
paper,S1+AEF,44,0.3,89,7295317,39152,23878,6037241
paper,OPERA,,0.3,89,7274104,30192,45091,6046201
paper,S1-only,42,0.5,89,7102760,321444,216435,5754949
paper,S1-only,43,0.5,89,7215941,728155,103254,5348238
paper,S1-only,44,0.5,89,7173018,616066,146177,5460327
paper,S1+AEF,42,0.5,89,7295297,40974,23898,6035419
paper,S1+AEF,43,0.5,89,7292871,31822,26324,6044571
paper,S1+AEF,44,0.5,89,7293295,32598,25900,6043795
paper,OPERA,,0.5,89,7274104,30192,45091,6046201
s1_average,S1-only,42,0.3,89,7143500,419450,178714,5664906
s1_average,S1-only,43,0.3,89,7240011,833627,82203,5250729
s1_average,S1-only,44,0.3,89,7205083,708363,117131,5375993
s1_average,S1+AEF,42,0.3,89,7300198,53878,22016,6030478
s1_average,S1+AEF,43,0.3,89,7297910,40610,24304,6043746
s1_average,S1+AEF,44,0.3,89,7298203,41729,24011,6042627
s1_average,OPERA,,0.3,89,7276974,33327,45240,6051029
s1_average,S1-only,42,0.5,89,7105667,326428,216547,5757928
s1_average,S1-only,43,0.5,89,7218853,732944,103361,5351412
s1_average,S1-only,44,0.5,89,7175912,620721,146302,5463635
s1_average,S1+AEF,42,0.5,89,7298282,44266,23932,6040090
s1_average,S1+AEF,43,0.5,89,7295858,35082,26356,6049274
s1_average,S1+AEF,44,0.5,89,7296288,35849,25926,6048507
s1_average,OPERA,,0.5,89,7276974,33327,45240,6051029
opera_union,S1-only,42,0.3,89,7140855,416306,178340,5660087
opera_union,S1-only,43,0.3,89,7237269,831261,81926,5245132
opera_union,S1-only,44,0.3,89,7202411,705462,116784,5370931
opera_union,S1+AEF,42,0.3,89,7297335,51399,21860,6024994
opera_union,S1+AEF,43,0.3,89,7295027,38048,24168,6038345
opera_union,S1+AEF,44,0.3,89,7295317,39152,23878,6037241
opera_union,OPERA,,0.3,89,7274104,30192,45091,6046201
opera_union,S1-only,42,0.5,89,7102760,321444,216435,5754949
opera_union,S1-only,43,0.5,89,7215941,728155,103254,5348238
opera_union,S1-only,44,0.5,89,7173018,616066,146177,5460327
opera_union,S1+AEF,42,0.5,89,7295297,40974,23898,6035419
opera_union,S1+AEF,43,0.5,89,7292871,31822,26324,6044571
opera_union,S1+AEF,44,0.5,89,7293295,32598,25900,6043795
opera_union,OPERA,,0.5,89,7274104,30192,45091,6046201
s3_pure_paper,S1-only,42,0.3,89,7129909,406560,158806,5614308
s3_pure_paper,S1-only,43,0.3,89,7222247,816754,66468,5204114
s3_pure_paper,S1-only,44,0.3,89,7188698,692230,100017,5328638
s3_pure_paper,S1+AEF,42,0.3,89,7279977,37988,8738,5982880
s3_pure_paper,S1+AEF,43,0.3,89,7278627,26407,10088,5994461
s3_pure_paper,S1+AEF,44,0.3,89,7278864,27280,9851,5993588
s3_pure_paper,OPERA,,0.3,89,7264923,23387,23792,5997481
s3_pure_paper,S1-only,42,0.5,89,7093683,313956,195032,5706912
s3_pure_paper,S1-only,43,0.5,89,7202346,715497,86369,5305371
s3_pure_paper,S1-only,44,0.5,89,7160591,604600,128124,5416268
s3_pure_paper,S1+AEF,42,0.5,89,7278863,30168,9852,5990700
s3_pure_paper,S1+AEF,43,0.5,89,7277501,22666,11214,5998202
s3_pure_paper,S1+AEF,44,0.5,89,7277753,23168,10962,5997700
s3_pure_paper,OPERA,,0.5,89,7264923,23387,23792,5997481
s3_pure_average,S1-only,42,0.3,89,7132557,406662,159167,5618988
s3_pure_average,S1-only,43,0.3,89,7225024,816054,66700,5209596
s3_pure_average,S1-only,44,0.3,89,7191372,692063,100352,5333587
s3_pure_average,S1+AEF,42,0.3,89,7282883,37647,8841,5988003
s3_pure_average,S1+AEF,43,0.3,89,7281544,26176,10180,5999474
s3_pure_average,S1+AEF,44,0.3,89,7281780,27006,9944,5998644
s3_pure_average,OPERA,,0.3,89,7267783,23401,23941,6002249
s3_pure_average,S1-only,42,0.5,89,7096542,315785,195182,5709865
s3_pure_average,S1-only,43,0.5,89,7205220,717112,86504,5308538
s3_pure_average,S1-only,44,0.5,89,7163433,606070,128291,5419580
s3_pure_average,S1+AEF,42,0.5,89,7281823,30304,9901,5995346
s3_pure_average,S1+AEF,43,0.5,89,7280455,22758,11269,6002892
s3_pure_average,S1+AEF,44,0.5,89,7280713,23279,11011,6002371
s3_pure_average,OPERA,,0.5,89,7267783,23401,23941,6002249
refcut025_paper,S1-only,42,0.3,89,7144966,412195,191345,5647082
refcut025_paper,S1-only,43,0.3,89,7243156,825374,93155,5233903
refcut025_paper,S1-only,44,0.3,89,7207830,700043,128481,5359234
refcut025_paper,S1+AEF,42,0.3,89,7303525,45209,32786,6014068
refcut025_paper,S1+AEF,43,0.3,89,7300604,32471,35707,6026806
refcut025_paper,S1+AEF,44,0.3,89,7300980,33489,35331,6025788
refcut025_paper,OPERA,,0.3,89,7277179,27117,59132,6032160
refcut025_paper,S1-only,42,0.5,89,7105996,318208,230315,5741069
refcut025_paper,S1-only,43,0.5,89,7221177,722919,115134,5336358
refcut025_paper,S1-only,44,0.5,89,7177744,611340,158567,5447937
refcut025_paper,S1+AEF,42,0.5,89,7300603,35668,35708,6023609
refcut025_paper,S1+AEF,43,0.5,89,7297532,27161,38779,6032116
refcut025_paper,S1+AEF,44,0.5,89,7298085,27808,38226,6031469
refcut025_paper,OPERA,,0.5,89,7277179,27117,59132,6032160
refcut025_average,S1-only,42,0.3,89,7147573,415377,191758,5651862
refcut025_average,S1-only,43,0.3,89,7245861,827777,93470,5239462
refcut025_average,S1-only,44,0.3,89,7210464,702982,128867,5364257
refcut025_average,S1+AEF,42,0.3,89,7306292,47784,33039,6019455
refcut025_average,S1+AEF,43,0.3,89,7303383,35137,35948,6032102
refcut025_average,S1+AEF,44,0.3,89,7303769,36163,35562,6031076
refcut025_average,OPERA,,0.3,89,7280050,30251,59281,6036988
refcut025_average,S1-only,42,0.5,89,7108904,323191,230427,5744048
refcut025_average,S1-only,43,0.5,89,7224090,727707,115241,5339532
refcut025_average,S1-only,44,0.5,89,7180654,615979,158677,5451260
refcut025_average,S1+AEF,42,0.5,89,7303583,38965,35748,6028274
refcut025_average,S1+AEF,43,0.5,89,7300531,30409,38800,6036830
refcut025_average,S1+AEF,44,0.5,89,7301073,31064,38258,6036175
refcut025_average,OPERA,,0.5,89,7280050,30251,59281,6036988
refcut075_paper,S1-only,42,0.3,89,7136735,420426,169124,5669303
refcut075_paper,S1-only,43,0.3,89,7231487,837043,74372,5252686
refcut075_paper,S1-only,44,0.3,89,7197139,710734,108720,5378995
refcut075_paper,S1+AEF,42,0.3,89,7290850,57884,15009,6031845
refcut075_paper,S1+AEF,43,0.3,89,7288995,44080,16864,6045649
refcut075_paper,S1+AEF,44,0.3,89,7289241,45228,16618,6044501
refcut075_paper,OPERA,,0.3,89,7270854,33442,35005,6056287
refcut075_paper,S1-only,42,0.5,89,7099432,324772,206427,5764957
refcut075_paper,S1-only,43,0.5,89,7210745,733351,95114,5356378
refcut075_paper,S1-only,44,0.5,89,7168257,620827,137602,5468902
refcut075_paper,S1+AEF,42,0.5,89,7289337,46934,16522,6042795
refcut075_paper,S1+AEF,43,0.5,89,7287393,37300,18466,6052429
refcut075_paper,S1+AEF,44,0.5,89,7287715,38178,18144,6051551
refcut075_paper,OPERA,,0.5,89,7270854,33442,35005,6056287
refcut075_average,S1-only,42,0.3,89,7139384,423566,169489,5674131
refcut075_average,S1-only,43,0.3,89,7234246,839392,74627,5258305
refcut075_average,S1-only,44,0.3,89,7199815,713631,109058,5384066
refcut075_average,S1+AEF,42,0.3,89,7293747,60329,15126,6037368
refcut075_average,S1+AEF,43,0.3,89,7291906,46614,16967,6051083
refcut075_average,S1+AEF,44,0.3,89,7292151,47781,16722,6049916
refcut075_average,OPERA,,0.3,89,7273719,36582,35154,6061115
refcut075_average,S1-only,42,0.5,89,7102318,329777,206555,5767920
refcut075_average,S1-only,43,0.5,89,7213645,738152,95228,5359545
refcut075_average,S1-only,44,0.5,89,7171129,625504,137744,5472193
refcut075_average,S1+AEF,42,0.5,89,7292300,50248,16573,6047449
refcut075_average,S1+AEF,43,0.5,89,7290370,40570,18503,6057127
refcut075_average,S1+AEF,44,0.5,89,7290698,41439,18175,6056258
refcut075_average,OPERA,,0.5,89,7273719,36582,35154,6061115
s2_native@0_0,S1-only,42,0.3,89,95735,11194,0,0
s2_native@0_0,S1-only,43,0.3,89,95735,11194,0,0
s2_native@0_0,S1-only,44,0.3,89,95735,11194,0,0
s2_native@0_0,S1+AEF,42,0.3,89,95735,11194,0,0
s2_native@0_0,S1+AEF,43,0.3,89,95735,11194,0,0
s2_native@0_0,S1+AEF,44,0.3,89,95735,11194,0,0
s2_native@0_0,OPERA,,0.3,89,95689,11193,46,1
s2_native@0_0,S1-only,42,0.5,89,95734,11194,1,0
s2_native@0_0,S1-only,43,0.5,89,95735,11194,0,0
s2_native@0_0,S1-only,44,0.5,89,95734,11194,1,0
s2_native@0_0,S1+AEF,42,0.5,89,95735,11194,0,0
s2_native@0_0,S1+AEF,43,0.5,89,95735,11194,0,0
s2_native@0_0,S1+AEF,44,0.5,89,95735,11194,0,0
s2_native@0_0,OPERA,,0.5,89,95689,11193,46,1
s2_frozen@0_0,S1-only,42,0.3,89,95735,11194,0,0
s2_frozen@0_0,S1-only,43,0.3,89,95735,11194,0,0
s2_frozen@0_0,S1-only,44,0.3,89,95735,11194,0,0
s2_frozen@0_0,S1+AEF,42,0.3,89,95735,11194,0,0
s2_frozen@0_0,S1+AEF,43,0.3,89,95735,11194,0,0
s2_frozen@0_0,S1+AEF,44,0.3,89,95735,11194,0,0
s2_frozen@0_0,OPERA,,0.3,89,95689,11193,46,1
s2_frozen@0_0,S1-only,42,0.5,89,95734,11194,1,0
s2_frozen@0_0,S1-only,43,0.5,89,95735,11194,0,0
s2_frozen@0_0,S1-only,44,0.5,89,95734,11194,1,0
s2_frozen@0_0,S1+AEF,42,0.5,89,95735,11194,0,0
s2_frozen@0_0,S1+AEF,43,0.5,89,95735,11194,0,0
s2_frozen@0_0,S1+AEF,44,0.5,89,95735,11194,0,0
s2_frozen@0_0,OPERA,,0.5,89,95689,11193,46,1
s2_native@0_10,S1-only,42,0.3,89,106594,322,7,5
s2_native@0_10,S1-only,43,0.3,89,106601,327,0,0
s2_native@0_10,S1-only,44,0.3,89,106601,327,0,0
s2_native@0_10,S1+AEF,42,0.3,89,106601,327,0,0
s2_native@0_10,S1+AEF,43,0.3,89,106601,327,0,0
s2_native@0_10,S1+AEF,44,0.3,89,106601,327,0,0
s2_native@0_10,OPERA,,0.3,89,106601,327,0,0
s2_native@0_10,S1-only,42,0.5,89,106567,311,34,16
s2_native@0_10,S1-only,43,0.5,89,106601,327,0,0
s2_native@0_10,S1-only,44,0.5,89,106592,317,9,10
s2_native@0_10,S1+AEF,42,0.5,89,106601,327,0,0
s2_native@0_10,S1+AEF,43,0.5,89,106601,327,0,0
s2_native@0_10,S1+AEF,44,0.5,89,106601,327,0,0
s2_native@0_10,OPERA,,0.5,89,106601,327,0,0
s2_frozen@0_10,S1-only,42,0.3,89,106593,321,8,6
s2_frozen@0_10,S1-only,43,0.3,89,106601,327,0,0
s2_frozen@0_10,S1-only,44,0.3,89,106601,326,0,1
s2_frozen@0_10,S1+AEF,42,0.3,89,106601,327,0,0
s2_frozen@0_10,S1+AEF,43,0.3,89,106601,327,0,0
s2_frozen@0_10,S1+AEF,44,0.3,89,106601,327,0,0
s2_frozen@0_10,OPERA,,0.3,89,106601,327,0,0
s2_frozen@0_10,S1-only,42,0.5,89,106570,312,31,15
s2_frozen@0_10,S1-only,43,0.5,89,106601,327,0,0
s2_frozen@0_10,S1-only,44,0.5,89,106593,316,8,11
s2_frozen@0_10,S1+AEF,42,0.5,89,106601,327,0,0
s2_frozen@0_10,S1+AEF,43,0.5,89,106601,327,0,0
s2_frozen@0_10,S1+AEF,44,0.5,89,106601,327,0,0
s2_frozen@0_10,OPERA,,0.5,89,106601,327,0,0
s2_native@0_20,S1-only,42,0.3,89,1178437,14035,4342,5
s2_native@0_20,S1-only,43,0.3,89,1182742,14040,37,0
s2_native@0_20,S1-only,44,0.3,89,1181941,14039,838,1
s2_native@0_20,S1+AEF,42,0.3,89,1182779,14040,0,0
s2_native@0_20,S1+AEF,43,0.3,89,1182779,14040,0,0
s2_native@0_20,S1+AEF,44,0.3,89,1182779,14040,0,0
s2_native@0_20,OPERA,,0.3,89,1182692,14024,87,16
s2_native@0_20,S1-only,42,0.5,89,1176521,14021,6258,19
s2_native@0_20,S1-only,43,0.5,89,1182643,14040,136,0
s2_native@0_20,S1-only,44,0.5,89,1180812,14030,1967,10
s2_native@0_20,S1+AEF,42,0.5,89,1182779,14040,0,0
s2_native@0_20,S1+AEF,43,0.5,89,1182779,14040,0,0
s2_native@0_20,S1+AEF,44,0.5,89,1182779,14040,0,0
s2_native@0_20,OPERA,,0.5,89,1182692,14024,87,16
s2_frozen@0_20,S1-only,42,0.3,89,1178441,14054,4318,6
s2_frozen@0_20,S1-only,43,0.3,89,1182723,14060,36,0
s2_frozen@0_20,S1-only,44,0.3,89,1181929,14059,830,1
s2_frozen@0_20,S1+AEF,42,0.3,89,1182759,14060,0,0
s2_frozen@0_20,S1+AEF,43,0.3,89,1182759,14060,0,0
s2_frozen@0_20,S1+AEF,44,0.3,89,1182759,14060,0,0
s2_frozen@0_20,OPERA,,0.3,89,1182672,14044,87,16
s2_frozen@0_20,S1-only,42,0.5,89,1176514,14044,6245,16
s2_frozen@0_20,S1-only,43,0.5,89,1182625,14060,134,0
s2_frozen@0_20,S1-only,44,0.5,89,1180776,14049,1983,11
s2_frozen@0_20,S1+AEF,42,0.5,89,1182759,14060,0,0
s2_frozen@0_20,S1+AEF,43,0.5,89,1182759,14060,0,0
s2_frozen@0_20,S1+AEF,44,0.5,89,1182759,14060,0,0
s2_frozen@0_20,OPERA,,0.5,89,1182672,14044,87,16
s2_native@10_0,S1-only,42,0.3,89,0,38860,0,68396
s2_native@10_0,S1-only,43,0.3,89,0,59412,0,47844
s2_native@10_0,S1-only,44,0.3,89,0,51272,0,55984
s2_native@10_0,S1+AEF,42,0.3,89,0,0,0,107256
s2_native@10_0,S1+AEF,43,0.3,89,0,0,0,107256
s2_native@10_0,S1+AEF,44,0.3,89,0,0,0,107256
s2_native@10_0,OPERA,,0.3,89,0,0,0,107256
s2_native@10_0,S1-only,42,0.5,89,0,33467,0,73789
s2_native@10_0,S1-only,43,0.5,89,0,54043,0,53213
s2_native@10_0,S1-only,44,0.5,89,0,46222,0,61034
s2_native@10_0,S1+AEF,42,0.5,89,0,0,0,107256
s2_native@10_0,S1+AEF,43,0.5,89,0,0,0,107256
s2_native@10_0,S1+AEF,44,0.5,89,0,0,0,107256
s2_native@10_0,OPERA,,0.5,89,0,0,0,107256
s2_frozen@10_0,S1-only,42,0.3,89,0,38871,0,68385
s2_frozen@10_0,S1-only,43,0.3,89,0,59439,0,47817
s2_frozen@10_0,S1-only,44,0.3,89,0,51327,0,55929
s2_frozen@10_0,S1+AEF,42,0.3,89,0,0,0,107256
s2_frozen@10_0,S1+AEF,43,0.3,89,0,0,0,107256
s2_frozen@10_0,S1+AEF,44,0.3,89,0,0,0,107256
s2_frozen@10_0,OPERA,,0.3,89,0,0,0,107256
s2_frozen@10_0,S1-only,42,0.5,89,0,33555,0,73701
s2_frozen@10_0,S1-only,43,0.5,89,0,54000,0,53256
s2_frozen@10_0,S1-only,44,0.5,89,0,46252,0,61004
s2_frozen@10_0,S1+AEF,42,0.5,89,0,0,0,107256
s2_frozen@10_0,S1+AEF,43,0.5,89,0,0,0,107256
s2_frozen@10_0,S1+AEF,44,0.5,89,0,0,0,107256
s2_frozen@10_0,OPERA,,0.5,89,0,0,0,107256
s2_native@10_10,S1-only,42,0.3,89,0,0,14,107242
s2_native@10_10,S1-only,43,0.3,89,0,1,14,107241
s2_native@10_10,S1-only,44,0.3,89,0,0,14,107242
s2_native@10_10,S1+AEF,42,0.3,89,0,0,14,107242
s2_native@10_10,S1+AEF,43,0.3,89,0,0,14,107242
s2_native@10_10,S1+AEF,44,0.3,89,0,0,14,107242
s2_native@10_10,OPERA,,0.3,89,0,0,14,107242
s2_native@10_10,S1-only,42,0.5,89,0,0,14,107242
s2_native@10_10,S1-only,43,0.5,89,0,0,14,107242
s2_native@10_10,S1-only,44,0.5,89,0,0,14,107242
s2_native@10_10,S1+AEF,42,0.5,89,0,0,14,107242
s2_native@10_10,S1+AEF,43,0.5,89,0,0,14,107242
s2_native@10_10,S1+AEF,44,0.5,89,0,0,14,107242
s2_native@10_10,OPERA,,0.5,89,0,0,14,107242
s2_frozen@10_10,S1-only,42,0.3,89,0,0,15,107241
s2_frozen@10_10,S1-only,43,0.3,89,0,3,15,107238
s2_frozen@10_10,S1-only,44,0.3,89,0,0,15,107241
s2_frozen@10_10,S1+AEF,42,0.3,89,0,0,15,107241
s2_frozen@10_10,S1+AEF,43,0.3,89,0,0,15,107241
s2_frozen@10_10,S1+AEF,44,0.3,89,0,0,15,107241
s2_frozen@10_10,OPERA,,0.3,89,0,0,15,107241
s2_frozen@10_10,S1-only,42,0.5,89,0,0,15,107241
s2_frozen@10_10,S1-only,43,0.5,89,0,0,15,107241
s2_frozen@10_10,S1-only,44,0.5,89,0,0,15,107241
s2_frozen@10_10,S1+AEF,42,0.5,89,0,0,15,107241
s2_frozen@10_10,S1+AEF,43,0.5,89,0,0,15,107241
s2_frozen@10_10,S1+AEF,44,0.5,89,0,0,15,107241
s2_frozen@10_10,OPERA,,0.5,89,0,0,15,107241
s2_native@10_20,S1-only,42,0.3,89,552,96157,2963,1100808
s2_native@10_20,S1-only,43,0.3,89,604,149397,2911,1047568
s2_native@10_20,S1-only,44,0.3,89,521,133486,2994,1063479
s2_native@10_20,S1+AEF,42,0.3,89,503,524,3012,1196441
s2_native@10_20,S1+AEF,43,0.3,89,503,496,3012,1196469
s2_native@10_20,S1+AEF,44,0.3,89,502,491,3013,1196474
s2_native@10_20,OPERA,,0.3,89,405,329,3110,1196636
s2_native@10_20,S1-only,42,0.5,89,524,81797,2991,1115168
s2_native@10_20,S1-only,43,0.5,89,565,137715,2950,1059250
s2_native@10_20,S1-only,44,0.5,89,510,122416,3005,1074549
s2_native@10_20,S1+AEF,42,0.5,89,500,461,3015,1196504
s2_native@10_20,S1+AEF,43,0.5,89,501,449,3014,1196516
s2_native@10_20,S1+AEF,44,0.5,89,500,447,3015,1196518
s2_native@10_20,OPERA,,0.5,89,405,329,3110,1196636
s2_frozen@10_20,S1-only,42,0.3,89,551,96327,2953,1100649
s2_frozen@10_20,S1-only,43,0.3,89,598,149509,2906,1047467
s2_frozen@10_20,S1-only,44,0.3,89,520,133666,2984,1063310
s2_frozen@10_20,S1+AEF,42,0.3,89,497,532,3007,1196444
s2_frozen@10_20,S1+AEF,43,0.3,89,497,503,3007,1196473
s2_frozen@10_20,S1+AEF,44,0.3,89,497,503,3007,1196473
s2_frozen@10_20,OPERA,,0.3,89,386,348,3118,1196628
s2_frozen@10_20,S1-only,42,0.5,89,520,81966,2984,1115010
s2_frozen@10_20,S1-only,43,0.5,89,565,137836,2939,1059140
s2_frozen@10_20,S1-only,44,0.5,89,515,122527,2989,1074449
s2_frozen@10_20,S1+AEF,42,0.5,89,496,461,3008,1196515
s2_frozen@10_20,S1+AEF,43,0.5,89,497,458,3007,1196518
s2_frozen@10_20,S1+AEF,44,0.5,89,496,455,3008,1196521
s2_frozen@10_20,OPERA,,0.5,89,386,348,3118,1196628
s2_native@20_0,S1-only,42,0.3,89,819957,91084,9512,276266
s2_native@20_0,S1-only,43,0.3,89,823669,176080,5800,191270
s2_native@20_0,S1-only,44,0.3,89,822264,137669,7205,229681
s2_native@20_0,S1+AEF,42,0.3,89,825828,24977,3641,342373
s2_native@20_0,S1+AEF,43,0.3,89,824879,19360,4590,347990
s2_native@20_0,S1+AEF,44,0.3,89,825204,19863,4265,347487
s2_native@20_0,OPERA,,0.3,89,822236,17359,7233,349991
s2_native@20_0,S1-only,42,0.5,89,818143,75540,11326,291810
s2_native@20_0,S1-only,43,0.5,89,822804,155166,6665,212184
s2_native@20_0,S1-only,44,0.5,89,820967,120192,8502,247158
s2_native@20_0,S1+AEF,42,0.5,89,825236,21912,4233,345438
s2_native@20_0,S1+AEF,43,0.5,89,824473,18252,4996,349098
s2_native@20_0,S1+AEF,44,0.5,89,824676,18617,4793,348733
s2_native@20_0,OPERA,,0.5,89,822236,17359,7233,349991
s2_frozen@20_0,S1-only,42,0.3,89,820038,91167,9496,276118
s2_frozen@20_0,S1-only,43,0.3,89,823737,176172,5797,191113
s2_frozen@20_0,S1-only,44,0.3,89,822318,137680,7216,229605
s2_frozen@20_0,S1+AEF,42,0.3,89,825889,25059,3645,342226
s2_frozen@20_0,S1+AEF,43,0.3,89,824927,19389,4607,347896
s2_frozen@20_0,S1+AEF,44,0.3,89,825272,19932,4262,347353
s2_frozen@20_0,OPERA,,0.3,89,822413,17182,7121,350103
s2_frozen@20_0,S1-only,42,0.5,89,818230,75575,11304,291710
s2_frozen@20_0,S1-only,43,0.5,89,822852,155100,6682,212185
s2_frozen@20_0,S1-only,44,0.5,89,821040,120204,8494,247081
s2_frozen@20_0,S1+AEF,42,0.5,89,825278,21967,4256,345318
s2_frozen@20_0,S1+AEF,43,0.5,89,824536,18301,4998,348984
s2_frozen@20_0,S1+AEF,44,0.5,89,824749,18639,4785,348646
s2_frozen@20_0,OPERA,,0.5,89,822413,17182,7121,350103
s2_native@20_10,S1-only,42,0.3,89,496987,6238,48528,645059
s2_native@20_10,S1-only,43,0.3,89,514041,9125,31474,642172
s2_native@20_10,S1-only,44,0.3,89,507812,6432,37703,644865
s2_native@20_10,S1+AEF,42,0.3,89,545290,1492,225,649805
s2_native@20_10,S1+AEF,43,0.3,89,545294,1414,221,649883
s2_native@20_10,S1+AEF,44,0.3,89,545305,1729,210,649568
s2_native@20_10,OPERA,,0.3,89,543671,1209,1844,650088
s2_native@20_10,S1-only,42,0.5,89,491682,4597,53833,646700
s2_native@20_10,S1-only,43,0.5,89,508804,7232,36711,644065
s2_native@20_10,S1-only,44,0.5,89,502817,4941,42698,646356
s2_native@20_10,S1+AEF,42,0.5,89,545216,1137,299,650160
s2_native@20_10,S1+AEF,43,0.5,89,545219,1077,296,650220
s2_native@20_10,S1+AEF,44,0.5,89,545228,1274,287,650023
s2_native@20_10,OPERA,,0.5,89,543671,1209,1844,650088
s2_frozen@20_10,S1-only,42,0.3,89,497214,6207,48513,644878
s2_frozen@20_10,S1-only,43,0.3,89,514249,9108,31478,641977
s2_frozen@20_10,S1-only,44,0.3,89,507968,6420,37759,644665
s2_frozen@20_10,S1+AEF,42,0.3,89,545497,1463,230,649622
s2_frozen@20_10,S1+AEF,43,0.3,89,545501,1404,226,649681
s2_frozen@20_10,S1+AEF,44,0.3,89,545503,1743,224,649342
s2_frozen@20_10,OPERA,,0.3,89,543893,987,1834,650098
s2_frozen@20_10,S1-only,42,0.5,89,491918,4585,53809,646500
s2_frozen@20_10,S1-only,43,0.5,89,509000,7163,36727,643922
s2_frozen@20_10,S1-only,44,0.5,89,503047,4911,42680,646174
s2_frozen@20_10,S1+AEF,42,0.5,89,545433,1106,294,649979
s2_frozen@20_10,S1+AEF,43,0.5,89,545445,1056,282,650029
s2_frozen@20_10,S1+AEF,44,0.5,89,545449,1233,278,649852
s2_frozen@20_10,OPERA,,0.5,89,543893,987,1834,650098
s2_native@20_20,S1-only,42,0.3,89,7140268,418565,178775,5657980
s2_native@20_20,S1-only,43,0.3,89,7236893,832202,82150,5244343
s2_native@20_20,S1-only,44,0.3,89,7201956,707164,117087,5369381
s2_native@20_20,S1+AEF,42,0.3,89,7297061,53693,21982,6022852
s2_native@20_20,S1+AEF,43,0.3,89,7294758,40508,24285,6036037
s2_native@20_20,S1+AEF,44,0.3,89,7295138,41551,23905,6034994
s2_native@20_20,OPERA,,0.3,89,7273433,34984,45610,6041561
s2_native@20_20,S1-only,42,0.5,89,7102646,325397,216397,5751148
s2_native@20_20,S1-only,43,0.5,89,7215774,731968,103269,5344577
s2_native@20_20,S1-only,44,0.5,89,7172890,619487,146153,5457058
s2_native@20_20,S1+AEF,42,0.5,89,7295181,44189,23862,6032356
s2_native@20_20,S1+AEF,43,0.5,89,7292717,34889,26326,6041656
s2_native@20_20,S1+AEF,44,0.5,89,7293103,35783,25940,6040762
s2_native@20_20,OPERA,,0.5,89,7273433,34984,45610,6041561
s2_frozen@20_20,S1-only,42,0.3,89,7141833,418377,178489,5656889
s2_frozen@20_20,S1-only,43,0.3,89,7238317,832489,82005,5242777
s2_frozen@20_20,S1-only,44,0.3,89,7203380,707295,116942,5367971
s2_frozen@20_20,S1+AEF,42,0.3,89,7298308,53876,22014,6021390
s2_frozen@20_20,S1+AEF,43,0.3,89,7296020,40608,24302,6034658
s2_frozen@20_20,S1+AEF,44,0.3,89,7296313,41726,24009,6033540
s2_frozen@20_20,OPERA,,0.3,89,7275091,33326,45231,6041940
s2_frozen@20_20,S1-only,42,0.5,89,7104024,325430,216298,5749836
s2_frozen@20_20,S1-only,43,0.5,89,7217170,731875,103152,5343391
s2_frozen@20_20,S1-only,44,0.5,89,7174223,619709,146099,5455557
s2_frozen@20_20,S1+AEF,42,0.5,89,7296392,44264,23930,6031002
s2_frozen@20_20,S1+AEF,43,0.5,89,7293968,35080,26354,6040186
s2_frozen@20_20,S1+AEF,44,0.5,89,7294398,35847,25924,6039419
s2_frozen@20_20,OPERA,,0.5,89,7275091,33326,45231,6041940
