run,res,mask,threshold,sample_id,date,tp,fp,fn,tn,common_px_not_valid_in_run
width_k0_seed42_current_tta,10m,own,0.3,SID03,2022-07-10,334361,29777,22543,661895,0
width_k0_seed42_current_tta,10m,common,0.3,SID03,2022-07-10,334361,29777,22543,661895,0
width_k0_seed42_current_tta,10m,own,0.5,SID03,2022-07-10,331085,23465,25819,668207,0
width_k0_seed42_current_tta,10m,common,0.5,SID03,2022-07-10,331085,23465,25819,668207,0
width_k0_seed43_current_tta,10m,own,0.3,SID03,2022-07-10,336602,33915,20302,657757,0
width_k0_seed43_current_tta,10m,common,0.3,SID03,2022-07-10,336602,33915,20302,657757,0
width_k0_seed43_current_tta,10m,own,0.5,SID03,2022-07-10,333527,27255,23377,664417,0
width_k0_seed43_current_tta,10m,common,0.5,SID03,2022-07-10,333527,27255,23377,664417,0
width_k0_seed44_current_tta,10m,own,0.3,SID03,2022-07-10,333807,30382,23097,661290,0
width_k0_seed44_current_tta,10m,common,0.3,SID03,2022-07-10,333807,30382,23097,661290,0
width_k0_seed44_current_tta,10m,own,0.5,SID03,2022-07-10,330295,23978,26609,667694,0
width_k0_seed44_current_tta,10m,common,0.5,SID03,2022-07-10,330295,23978,26609,667694,0
width_k1_seed42_current_tta,10m,own,0.3,SID03,2022-07-10,336385,16108,20519,675564,0
width_k1_seed42_current_tta,10m,common,0.3,SID03,2022-07-10,336385,16108,20519,675564,0
width_k1_seed42_current_tta,10m,own,0.5,SID03,2022-07-10,330601,9969,26303,681703,0
width_k1_seed42_current_tta,10m,common,0.5,SID03,2022-07-10,330601,9969,26303,681703,0
width_k1_seed43_current_tta,10m,own,0.3,SID03,2022-07-10,342938,30808,13966,660864,0
width_k1_seed43_current_tta,10m,common,0.3,SID03,2022-07-10,342938,30808,13966,660864,0
width_k1_seed43_current_tta,10m,own,0.5,SID03,2022-07-10,339515,22667,17389,669005,0
width_k1_seed43_current_tta,10m,common,0.5,SID03,2022-07-10,339515,22667,17389,669005,0
width_k1_seed44_current_tta,10m,own,0.3,SID03,2022-07-10,338564,23086,18340,668586,0
width_k1_seed44_current_tta,10m,common,0.3,SID03,2022-07-10,338564,23086,18340,668586,0
width_k1_seed44_current_tta,10m,own,0.5,SID03,2022-07-10,334101,16064,22803,675608,0
width_k1_seed44_current_tta,10m,common,0.5,SID03,2022-07-10,334101,16064,22803,675608,0
width_k2_seed42_current_tta,10m,own,0.3,SID03,2022-07-10,337107,15794,19797,675878,0
width_k2_seed42_current_tta,10m,common,0.3,SID03,2022-07-10,337107,15794,19797,675878,0
width_k2_seed42_current_tta,10m,own,0.5,SID03,2022-07-10,331948,9748,24956,681924,0
width_k2_seed42_current_tta,10m,common,0.5,SID03,2022-07-10,331948,9748,24956,681924,0
width_k2_seed43_current_tta,10m,own,0.3,SID03,2022-07-10,340637,21854,16267,669818,0
width_k2_seed43_current_tta,10m,common,0.3,SID03,2022-07-10,340637,21854,16267,669818,0
width_k2_seed43_current_tta,10m,own,0.5,SID03,2022-07-10,336628,14517,20276,677155,0
width_k2_seed43_current_tta,10m,common,0.5,SID03,2022-07-10,336628,14517,20276,677155,0
width_k2_seed44_current_tta,10m,own,0.3,SID03,2022-07-10,338416,19931,18488,671741,0
width_k2_seed44_current_tta,10m,common,0.3,SID03,2022-07-10,338416,19931,18488,671741,0
width_k2_seed44_current_tta,10m,own,0.5,SID03,2022-07-10,334119,13217,22785,678455,0
width_k2_seed44_current_tta,10m,common,0.5,SID03,2022-07-10,334119,13217,22785,678455,0
width_k3_seed42_current_tta,10m,own,0.3,SID03,2022-07-10,336269,17383,20635,674289,0
width_k3_seed42_current_tta,10m,common,0.3,SID03,2022-07-10,336269,17383,20635,674289,0
width_k3_seed42_current_tta,10m,own,0.5,SID03,2022-07-10,331652,10960,25252,680712,0
width_k3_seed42_current_tta,10m,common,0.5,SID03,2022-07-10,331652,10960,25252,680712,0
width_k3_seed43_current_tta,10m,own,0.3,SID03,2022-07-10,338667,19836,18237,671836,0
width_k3_seed43_current_tta,10m,common,0.3,SID03,2022-07-10,338667,19836,18237,671836,0
width_k3_seed43_current_tta,10m,own,0.5,SID03,2022-07-10,334346,13373,22558,678299,0
width_k3_seed43_current_tta,10m,common,0.5,SID03,2022-07-10,334346,13373,22558,678299,0
width_k3_seed44_current_tta,10m,own,0.3,SID03,2022-07-10,343058,25736,13846,665936,0
width_k3_seed44_current_tta,10m,common,0.3,SID03,2022-07-10,343058,25736,13846,665936,0
width_k3_seed44_current_tta,10m,own,0.5,SID03,2022-07-10,339565,17617,17339,674055,0
width_k3_seed44_current_tta,10m,common,0.5,SID03,2022-07-10,339565,17617,17339,674055,0
width_k4_seed42_current_tta,10m,own,0.3,SID03,2022-07-10,336741,14904,20163,676768,0
width_k4_seed42_current_tta,10m,common,0.3,SID03,2022-07-10,336741,14904,20163,676768,0
width_k4_seed42_current_tta,10m,own,0.5,SID03,2022-07-10,331787,9013,25117,682659,0
width_k4_seed42_current_tta,10m,common,0.5,SID03,2022-07-10,331787,9013,25117,682659,0
width_k4_seed43_current_tta,10m,own,0.3,SID03,2022-07-10,339873,22556,17031,669116,0
width_k4_seed43_current_tta,10m,common,0.3,SID03,2022-07-10,339873,22556,17031,669116,0
width_k4_seed43_current_tta,10m,own,0.5,SID03,2022-07-10,336185,15578,20719,676094,0
width_k4_seed43_current_tta,10m,common,0.5,SID03,2022-07-10,336185,15578,20719,676094,0
width_k4_seed44_current_tta,10m,own,0.3,SID03,2022-07-10,341916,21387,14988,670285,0
width_k4_seed44_current_tta,10m,common,0.3,SID03,2022-07-10,341916,21387,14988,670285,0
width_k4_seed44_current_tta,10m,own,0.5,SID03,2022-07-10,338047,13766,18857,677906,0
width_k4_seed44_current_tta,10m,common,0.5,SID03,2022-07-10,338047,13766,18857,677906,0
width_k8_seed42_current_tta,10m,own,0.3,SID03,2022-07-10,339126,18802,17778,672870,0
width_k8_seed42_current_tta,10m,common,0.3,SID03,2022-07-10,339126,18802,17778,672870,0
width_k8_seed42_current_tta,10m,own,0.5,SID03,2022-07-10,334713,12393,22191,679279,0
width_k8_seed42_current_tta,10m,common,0.5,SID03,2022-07-10,334713,12393,22191,679279,0
width_k8_seed43_current_tta,10m,own,0.3,SID03,2022-07-10,343018,26417,13886,665255,0
width_k8_seed43_current_tta,10m,common,0.3,SID03,2022-07-10,343018,26417,13886,665255,0
width_k8_seed43_current_tta,10m,own,0.5,SID03,2022-07-10,339604,18814,17300,672858,0
width_k8_seed43_current_tta,10m,common,0.5,SID03,2022-07-10,339604,18814,17300,672858,0
width_k8_seed44_current_tta,10m,own,0.3,SID03,2022-07-10,342224,24473,14680,667199,0
width_k8_seed44_current_tta,10m,common,0.3,SID03,2022-07-10,342224,24473,14680,667199,0
width_k8_seed44_current_tta,10m,own,0.5,SID03,2022-07-10,338780,16701,18124,674971,0
width_k8_seed44_current_tta,10m,common,0.5,SID03,2022-07-10,338780,16701,18124,674971,0
width_k16_seed42_current_tta,10m,own,0.3,SID03,2022-07-10,341095,20577,15809,671095,0
width_k16_seed42_current_tta,10m,common,0.3,SID03,2022-07-10,341095,20577,15809,671095,0
width_k16_seed42_current_tta,10m,own,0.5,SID03,2022-07-10,337575,14020,19329,677652,0
width_k16_seed42_current_tta,10m,common,0.5,SID03,2022-07-10,337575,14020,19329,677652,0
width_k16_seed43_current_tta,10m,own,0.3,SID03,2022-07-10,343228,28657,13676,663015,0
width_k16_seed43_current_tta,10m,common,0.3,SID03,2022-07-10,343228,28657,13676,663015,0
width_k16_seed43_current_tta,10m,own,0.5,SID03,2022-07-10,340193,20685,16711,670987,0
width_k16_seed43_current_tta,10m,common,0.5,SID03,2022-07-10,340193,20685,16711,670987,0
width_k16_seed44_current_tta,10m,own,0.3,SID03,2022-07-10,340531,19029,16373,672643,0
width_k16_seed44_current_tta,10m,common,0.3,SID03,2022-07-10,340531,19029,16373,672643,0
width_k16_seed44_current_tta,10m,own,0.5,SID03,2022-07-10,336846,12685,20058,678987,0
width_k16_seed44_current_tta,10m,common,0.5,SID03,2022-07-10,336846,12685,20058,678987,0
train1000_k16_seed42_current_tta,10m,own,0.3,SID03,2022-07-10,333759,24167,23145,667505,0
train1000_k16_seed42_current_tta,10m,common,0.3,SID03,2022-07-10,333759,24167,23145,667505,0
train1000_k16_seed42_current_tta,10m,own,0.5,SID03,2022-07-10,328495,16452,28409,675220,0
train1000_k16_seed42_current_tta,10m,common,0.5,SID03,2022-07-10,328495,16452,28409,675220,0
train1000_k16_seed43_current_tta,10m,own,0.3,SID03,2022-07-10,339038,30777,17866,660895,0
train1000_k16_seed43_current_tta,10m,common,0.3,SID03,2022-07-10,339038,30777,17866,660895,0
train1000_k16_seed43_current_tta,10m,own,0.5,SID03,2022-07-10,334375,21609,22529,670063,0
train1000_k16_seed43_current_tta,10m,common,0.5,SID03,2022-07-10,334375,21609,22529,670063,0
train1000_k16_seed44_current_tta,10m,own,0.3,SID03,2022-07-10,332815,24908,24089,666764,0
train1000_k16_seed44_current_tta,10m,common,0.3,SID03,2022-07-10,332815,24908,24089,666764,0
train1000_k16_seed44_current_tta,10m,own,0.5,SID03,2022-07-10,327418,17523,29486,674149,0
train1000_k16_seed44_current_tta,10m,common,0.5,SID03,2022-07-10,327418,17523,29486,674149,0
train2000_k16_seed42_current_tta,10m,own,0.3,SID03,2022-07-10,337890,16297,19014,675375,0
train2000_k16_seed42_current_tta,10m,common,0.3,SID03,2022-07-10,337890,16297,19014,675375,0
train2000_k16_seed42_current_tta,10m,own,0.5,SID03,2022-07-10,332377,9815,24527,681857,0
train2000_k16_seed42_current_tta,10m,common,0.5,SID03,2022-07-10,332377,9815,24527,681857,0
train2000_k16_seed43_current_tta,10m,own,0.3,SID03,2022-07-10,340628,24040,16276,667632,0
train2000_k16_seed43_current_tta,10m,common,0.3,SID03,2022-07-10,340628,24040,16276,667632,0
train2000_k16_seed43_current_tta,10m,own,0.5,SID03,2022-07-10,336620,15233,20284,676439,0
train2000_k16_seed43_current_tta,10m,common,0.5,SID03,2022-07-10,336620,15233,20284,676439,0
train2000_k16_seed44_current_tta,10m,own,0.3,SID03,2022-07-10,340483,20683,16421,670989,0
train2000_k16_seed44_current_tta,10m,common,0.3,SID03,2022-07-10,340483,20683,16421,670989,0
train2000_k16_seed44_current_tta,10m,own,0.5,SID03,2022-07-10,336115,13160,20789,678512,0
train2000_k16_seed44_current_tta,10m,common,0.5,SID03,2022-07-10,336115,13160,20789,678512,0
train3000_k16_seed42_current_tta,10m,own,0.3,SID03,2022-07-10,339329,16416,17575,675256,0
train3000_k16_seed42_current_tta,10m,common,0.3,SID03,2022-07-10,339329,16416,17575,675256,0
train3000_k16_seed42_current_tta,10m,own,0.5,SID03,2022-07-10,334902,10159,22002,681513,0
train3000_k16_seed42_current_tta,10m,common,0.5,SID03,2022-07-10,334902,10159,22002,681513,0
train3000_k16_seed43_current_tta,10m,own,0.3,SID03,2022-07-10,342208,26053,14696,665619,0
train3000_k16_seed43_current_tta,10m,common,0.3,SID03,2022-07-10,342208,26053,14696,665619,0
train3000_k16_seed43_current_tta,10m,own,0.5,SID03,2022-07-10,339002,17959,17902,673713,0
train3000_k16_seed43_current_tta,10m,common,0.5,SID03,2022-07-10,339002,17959,17902,673713,0
train3000_k16_seed44_current_tta,10m,own,0.3,SID03,2022-07-10,337210,14511,19694,677161,0
train3000_k16_seed44_current_tta,10m,common,0.3,SID03,2022-07-10,337210,14511,19694,677161,0
train3000_k16_seed44_current_tta,10m,own,0.5,SID03,2022-07-10,332579,8893,24325,682779,0
train3000_k16_seed44_current_tta,10m,common,0.5,SID03,2022-07-10,332579,8893,24325,682779,0
width_k0_seed42_current_tta,10m,own,0.3,SID04,2022-03-05,139208,17064,24218,868086,0
width_k0_seed42_current_tta,10m,common,0.3,SID04,2022-03-05,139208,17064,24218,868086,0
width_k0_seed42_current_tta,10m,own,0.5,SID04,2022-03-05,137998,13091,25428,872059,0
width_k0_seed42_current_tta,10m,common,0.5,SID04,2022-03-05,137998,13091,25428,872059,0
width_k0_seed43_current_tta,10m,own,0.3,SID04,2022-03-05,139932,19161,23494,865989,0
width_k0_seed43_current_tta,10m,common,0.3,SID04,2022-03-05,139932,19161,23494,865989,0
width_k0_seed43_current_tta,10m,own,0.5,SID04,2022-03-05,139005,14995,24421,870155,0
width_k0_seed43_current_tta,10m,common,0.5,SID04,2022-03-05,139005,14995,24421,870155,0
width_k0_seed44_current_tta,10m,own,0.3,SID04,2022-03-05,139281,17451,24145,867699,0
width_k0_seed44_current_tta,10m,common,0.3,SID04,2022-03-05,139281,17451,24145,867699,0
width_k0_seed44_current_tta,10m,own,0.5,SID04,2022-03-05,138091,13668,25335,871482,0
width_k0_seed44_current_tta,10m,common,0.5,SID04,2022-03-05,138091,13668,25335,871482,0
width_k1_seed42_current_tta,10m,own,0.3,SID04,2022-03-05,141114,17900,22312,867250,0
width_k1_seed42_current_tta,10m,common,0.3,SID04,2022-03-05,141114,17900,22312,867250,0
width_k1_seed42_current_tta,10m,own,0.5,SID04,2022-03-05,140065,13381,23361,871769,0
width_k1_seed42_current_tta,10m,common,0.5,SID04,2022-03-05,140065,13381,23361,871769,0
width_k1_seed43_current_tta,10m,own,0.3,SID04,2022-03-05,140103,15288,23323,869862,0
width_k1_seed43_current_tta,10m,common,0.3,SID04,2022-03-05,140103,15288,23323,869862,0
width_k1_seed43_current_tta,10m,own,0.5,SID04,2022-03-05,138761,11509,24665,873641,0
width_k1_seed43_current_tta,10m,common,0.5,SID04,2022-03-05,138761,11509,24665,873641,0
width_k1_seed44_current_tta,10m,own,0.3,SID04,2022-03-05,140970,18982,22456,866168,0
width_k1_seed44_current_tta,10m,common,0.3,SID04,2022-03-05,140970,18982,22456,866168,0
width_k1_seed44_current_tta,10m,own,0.5,SID04,2022-03-05,139935,14339,23491,870811,0
width_k1_seed44_current_tta,10m,common,0.5,SID04,2022-03-05,139935,14339,23491,870811,0
width_k2_seed42_current_tta,10m,own,0.3,SID04,2022-03-05,143559,25911,19867,859239,0
width_k2_seed42_current_tta,10m,common,0.3,SID04,2022-03-05,143559,25911,19867,859239,0
width_k2_seed42_current_tta,10m,own,0.5,SID04,2022-03-05,142266,20679,21160,864471,0
width_k2_seed42_current_tta,10m,common,0.5,SID04,2022-03-05,142266,20679,21160,864471,0
width_k2_seed43_current_tta,10m,own,0.3,SID04,2022-03-05,143237,24582,20189,860568,0
width_k2_seed43_current_tta,10m,common,0.3,SID04,2022-03-05,143237,24582,20189,860568,0
width_k2_seed43_current_tta,10m,own,0.5,SID04,2022-03-05,142046,19531,21380,865619,0
width_k2_seed43_current_tta,10m,common,0.5,SID04,2022-03-05,142046,19531,21380,865619,0
width_k2_seed44_current_tta,10m,own,0.3,SID04,2022-03-05,143344,26037,20082,859113,0
width_k2_seed44_current_tta,10m,common,0.3,SID04,2022-03-05,143344,26037,20082,859113,0
width_k2_seed44_current_tta,10m,own,0.5,SID04,2022-03-05,142191,21103,21235,864047,0
width_k2_seed44_current_tta,10m,common,0.5,SID04,2022-03-05,142191,21103,21235,864047,0
width_k3_seed42_current_tta,10m,own,0.3,SID04,2022-03-05,143893,23430,19533,861720,0
width_k3_seed42_current_tta,10m,common,0.3,SID04,2022-03-05,143893,23430,19533,861720,0
width_k3_seed42_current_tta,10m,own,0.5,SID04,2022-03-05,142508,18403,20918,866747,0
width_k3_seed42_current_tta,10m,common,0.5,SID04,2022-03-05,142508,18403,20918,866747,0
width_k3_seed43_current_tta,10m,own,0.3,SID04,2022-03-05,141165,17168,22261,867982,0
width_k3_seed43_current_tta,10m,common,0.3,SID04,2022-03-05,141165,17168,22261,867982,0
width_k3_seed43_current_tta,10m,own,0.5,SID04,2022-03-05,139826,13372,23600,871778,0
width_k3_seed43_current_tta,10m,common,0.5,SID04,2022-03-05,139826,13372,23600,871778,0
width_k3_seed44_current_tta,10m,own,0.3,SID04,2022-03-05,141972,18058,21454,867092,0
width_k3_seed44_current_tta,10m,common,0.3,SID04,2022-03-05,141972,18058,21454,867092,0
width_k3_seed44_current_tta,10m,own,0.5,SID04,2022-03-05,140462,13827,22964,871323,0
width_k3_seed44_current_tta,10m,common,0.5,SID04,2022-03-05,140462,13827,22964,871323,0
width_k4_seed42_current_tta,10m,own,0.3,SID04,2022-03-05,142654,21168,20772,863982,0
width_k4_seed42_current_tta,10m,common,0.3,SID04,2022-03-05,142654,21168,20772,863982,0
width_k4_seed42_current_tta,10m,own,0.5,SID04,2022-03-05,141371,16604,22055,868546,0
width_k4_seed42_current_tta,10m,common,0.5,SID04,2022-03-05,141371,16604,22055,868546,0
width_k4_seed43_current_tta,10m,own,0.3,SID04,2022-03-05,140855,17592,22571,867558,0
width_k4_seed43_current_tta,10m,common,0.3,SID04,2022-03-05,140855,17592,22571,867558,0
width_k4_seed43_current_tta,10m,own,0.5,SID04,2022-03-05,139891,13639,23535,871511,0
width_k4_seed43_current_tta,10m,common,0.5,SID04,2022-03-05,139891,13639,23535,871511,0
width_k4_seed44_current_tta,10m,own,0.3,SID04,2022-03-05,143056,21662,20370,863488,0
width_k4_seed44_current_tta,10m,common,0.3,SID04,2022-03-05,143056,21662,20370,863488,0
width_k4_seed44_current_tta,10m,own,0.5,SID04,2022-03-05,141758,16959,21668,868191,0
width_k4_seed44_current_tta,10m,common,0.5,SID04,2022-03-05,141758,16959,21668,868191,0
width_k8_seed42_current_tta,10m,own,0.3,SID04,2022-03-05,144710,23438,18716,861712,0
width_k8_seed42_current_tta,10m,common,0.3,SID04,2022-03-05,144710,23438,18716,861712,0
width_k8_seed42_current_tta,10m,own,0.5,SID04,2022-03-05,142994,18452,20432,866698,0
width_k8_seed42_current_tta,10m,common,0.5,SID04,2022-03-05,142994,18452,20432,866698,0
width_k8_seed43_current_tta,10m,own,0.3,SID04,2022-03-05,142410,20599,21016,864551,0
width_k8_seed43_current_tta,10m,common,0.3,SID04,2022-03-05,142410,20599,21016,864551,0
width_k8_seed43_current_tta,10m,own,0.5,SID04,2022-03-05,141250,16067,22176,869083,0
width_k8_seed43_current_tta,10m,common,0.5,SID04,2022-03-05,141250,16067,22176,869083,0
width_k8_seed44_current_tta,10m,own,0.3,SID04,2022-03-05,143064,20683,20362,864467,0
width_k8_seed44_current_tta,10m,common,0.3,SID04,2022-03-05,143064,20683,20362,864467,0
width_k8_seed44_current_tta,10m,own,0.5,SID04,2022-03-05,141796,16128,21630,869022,0
width_k8_seed44_current_tta,10m,common,0.5,SID04,2022-03-05,141796,16128,21630,869022,0
width_k16_seed42_current_tta,10m,own,0.3,SID04,2022-03-05,145214,24872,18212,860278,0
width_k16_seed42_current_tta,10m,common,0.3,SID04,2022-03-05,145214,24872,18212,860278,0
width_k16_seed42_current_tta,10m,own,0.5,SID04,2022-03-05,143667,19879,19759,865271,0
width_k16_seed42_current_tta,10m,common,0.5,SID04,2022-03-05,143667,19879,19759,865271,0
width_k16_seed43_current_tta,10m,own,0.3,SID04,2022-03-05,144043,22449,19383,862701,0
width_k16_seed43_current_tta,10m,common,0.3,SID04,2022-03-05,144043,22449,19383,862701,0
width_k16_seed43_current_tta,10m,own,0.5,SID04,2022-03-05,142478,17838,20948,867312,0
width_k16_seed43_current_tta,10m,common,0.5,SID04,2022-03-05,142478,17838,20948,867312,0
width_k16_seed44_current_tta,10m,own,0.3,SID04,2022-03-05,143378,22248,20048,862902,0
width_k16_seed44_current_tta,10m,common,0.3,SID04,2022-03-05,143378,22248,20048,862902,0
width_k16_seed44_current_tta,10m,own,0.5,SID04,2022-03-05,142083,17667,21343,867483,0
width_k16_seed44_current_tta,10m,common,0.5,SID04,2022-03-05,142083,17667,21343,867483,0
train1000_k16_seed42_current_tta,10m,own,0.3,SID04,2022-03-05,140654,16355,22772,868795,0
train1000_k16_seed42_current_tta,10m,common,0.3,SID04,2022-03-05,140654,16355,22772,868795,0
train1000_k16_seed42_current_tta,10m,own,0.5,SID04,2022-03-05,138506,11512,24920,873638,0
train1000_k16_seed42_current_tta,10m,common,0.5,SID04,2022-03-05,138506,11512,24920,873638,0
train1000_k16_seed43_current_tta,10m,own,0.3,SID04,2022-03-05,140501,16504,22925,868646,0
train1000_k16_seed43_current_tta,10m,common,0.3,SID04,2022-03-05,140501,16504,22925,868646,0
train1000_k16_seed43_current_tta,10m,own,0.5,SID04,2022-03-05,138574,11864,24852,873286,0
train1000_k16_seed43_current_tta,10m,common,0.5,SID04,2022-03-05,138574,11864,24852,873286,0
train1000_k16_seed44_current_tta,10m,own,0.3,SID04,2022-03-05,140281,17784,23145,867366,0
train1000_k16_seed44_current_tta,10m,common,0.3,SID04,2022-03-05,140281,17784,23145,867366,0
train1000_k16_seed44_current_tta,10m,own,0.5,SID04,2022-03-05,138586,12841,24840,872309,0
train1000_k16_seed44_current_tta,10m,common,0.5,SID04,2022-03-05,138586,12841,24840,872309,0
train2000_k16_seed42_current_tta,10m,own,0.3,SID04,2022-03-05,144513,24638,18913,860512,0
train2000_k16_seed42_current_tta,10m,common,0.3,SID04,2022-03-05,144513,24638,18913,860512,0
train2000_k16_seed42_current_tta,10m,own,0.5,SID04,2022-03-05,142739,19095,20687,866055,0
train2000_k16_seed42_current_tta,10m,common,0.5,SID04,2022-03-05,142739,19095,20687,866055,0
train2000_k16_seed43_current_tta,10m,own,0.3,SID04,2022-03-05,144515,23994,18911,861156,0
train2000_k16_seed43_current_tta,10m,common,0.3,SID04,2022-03-05,144515,23994,18911,861156,0
train2000_k16_seed43_current_tta,10m,own,0.5,SID04,2022-03-05,142689,18601,20737,866549,0
train2000_k16_seed43_current_tta,10m,common,0.5,SID04,2022-03-05,142689,18601,20737,866549,0
train2000_k16_seed44_current_tta,10m,own,0.3,SID04,2022-03-05,143691,23130,19735,862020,0
train2000_k16_seed44_current_tta,10m,common,0.3,SID04,2022-03-05,143691,23130,19735,862020,0
train2000_k16_seed44_current_tta,10m,own,0.5,SID04,2022-03-05,142063,17891,21363,867259,0
train2000_k16_seed44_current_tta,10m,common,0.5,SID04,2022-03-05,142063,17891,21363,867259,0
train3000_k16_seed42_current_tta,10m,own,0.3,SID04,2022-03-05,144172,23742,19254,861408,0
train3000_k16_seed42_current_tta,10m,common,0.3,SID04,2022-03-05,144172,23742,19254,861408,0
train3000_k16_seed42_current_tta,10m,own,0.5,SID04,2022-03-05,142774,18857,20652,866293,0
train3000_k16_seed42_current_tta,10m,common,0.5,SID04,2022-03-05,142774,18857,20652,866293,0
train3000_k16_seed43_current_tta,10m,own,0.3,SID04,2022-03-05,144334,22967,19092,862183,0
train3000_k16_seed43_current_tta,10m,common,0.3,SID04,2022-03-05,144334,22967,19092,862183,0
train3000_k16_seed43_current_tta,10m,own,0.5,SID04,2022-03-05,142590,18087,20836,867063,0
train3000_k16_seed43_current_tta,10m,common,0.5,SID04,2022-03-05,142590,18087,20836,867063,0
train3000_k16_seed44_current_tta,10m,own,0.3,SID04,2022-03-05,144114,23217,19312,861933,0
train3000_k16_seed44_current_tta,10m,common,0.3,SID04,2022-03-05,144114,23217,19312,861933,0
train3000_k16_seed44_current_tta,10m,own,0.5,SID04,2022-03-05,142573,18376,20853,866774,0
train3000_k16_seed44_current_tta,10m,common,0.5,SID04,2022-03-05,142573,18376,20853,866774,0
width_k0_seed42_current_tta,10m,own,0.3,SID05,2022-08-09,552231,48996,4512,442837,0
width_k0_seed42_current_tta,10m,common,0.3,SID05,2022-08-09,552231,48996,4512,442837,0
width_k0_seed42_current_tta,10m,own,0.5,SID05,2022-08-09,550892,44607,5851,447226,0
width_k0_seed42_current_tta,10m,common,0.5,SID05,2022-08-09,550892,44607,5851,447226,0
width_k0_seed43_current_tta,10m,own,0.3,SID05,2022-08-09,553325,52022,3418,439811,0
width_k0_seed43_current_tta,10m,common,0.3,SID05,2022-08-09,553325,52022,3418,439811,0
width_k0_seed43_current_tta,10m,own,0.5,SID05,2022-08-09,552256,47456,4487,444377,0
width_k0_seed43_current_tta,10m,common,0.5,SID05,2022-08-09,552256,47456,4487,444377,0
width_k0_seed44_current_tta,10m,own,0.3,SID05,2022-08-09,552085,47189,4658,444644,0
width_k0_seed44_current_tta,10m,common,0.3,SID05,2022-08-09,552085,47189,4658,444644,0
width_k0_seed44_current_tta,10m,own,0.5,SID05,2022-08-09,550627,42620,6116,449213,0
width_k0_seed44_current_tta,10m,common,0.5,SID05,2022-08-09,550627,42620,6116,449213,0
width_k1_seed42_current_tta,10m,own,0.3,SID05,2022-08-09,552301,33316,4442,458517,0
width_k1_seed42_current_tta,10m,common,0.3,SID05,2022-08-09,552301,33316,4442,458517,0
width_k1_seed42_current_tta,10m,own,0.5,SID05,2022-08-09,550726,28068,6017,463765,0
width_k1_seed42_current_tta,10m,common,0.5,SID05,2022-08-09,550726,28068,6017,463765,0
width_k1_seed43_current_tta,10m,own,0.3,SID05,2022-08-09,554708,46668,2035,445165,0
width_k1_seed43_current_tta,10m,common,0.3,SID05,2022-08-09,554708,46668,2035,445165,0
width_k1_seed43_current_tta,10m,own,0.5,SID05,2022-08-09,553779,41527,2964,450306,0
width_k1_seed43_current_tta,10m,common,0.5,SID05,2022-08-09,553779,41527,2964,450306,0
width_k1_seed44_current_tta,10m,own,0.3,SID05,2022-08-09,554322,47385,2421,444448,0
width_k1_seed44_current_tta,10m,common,0.3,SID05,2022-08-09,554322,47385,2421,444448,0
width_k1_seed44_current_tta,10m,own,0.5,SID05,2022-08-09,553225,42015,3518,449818,0
width_k1_seed44_current_tta,10m,common,0.5,SID05,2022-08-09,553225,42015,3518,449818,0
width_k2_seed42_current_tta,10m,own,0.3,SID05,2022-08-09,552062,33042,4681,458791,0
width_k2_seed42_current_tta,10m,common,0.3,SID05,2022-08-09,552062,33042,4681,458791,0
width_k2_seed42_current_tta,10m,own,0.5,SID05,2022-08-09,550431,28025,6312,463808,0
width_k2_seed42_current_tta,10m,common,0.5,SID05,2022-08-09,550431,28025,6312,463808,0
width_k2_seed43_current_tta,10m,own,0.3,SID05,2022-08-09,553314,37184,3429,454649,0
width_k2_seed43_current_tta,10m,common,0.3,SID05,2022-08-09,553314,37184,3429,454649,0
width_k2_seed43_current_tta,10m,own,0.5,SID05,2022-08-09,552047,31985,4696,459848,0
width_k2_seed43_current_tta,10m,common,0.5,SID05,2022-08-09,552047,31985,4696,459848,0
width_k2_seed44_current_tta,10m,own,0.3,SID05,2022-08-09,552973,36065,3770,455768,0
width_k2_seed44_current_tta,10m,common,0.3,SID05,2022-08-09,552973,36065,3770,455768,0
width_k2_seed44_current_tta,10m,own,0.5,SID05,2022-08-09,551657,30924,5086,460909,0
width_k2_seed44_current_tta,10m,common,0.5,SID05,2022-08-09,551657,30924,5086,460909,0
width_k3_seed42_current_tta,10m,own,0.3,SID05,2022-08-09,553365,34356,3378,457477,0
width_k3_seed42_current_tta,10m,common,0.3,SID05,2022-08-09,553365,34356,3378,457477,0
width_k3_seed42_current_tta,10m,own,0.5,SID05,2022-08-09,552087,29589,4656,462244,0
width_k3_seed42_current_tta,10m,common,0.5,SID05,2022-08-09,552087,29589,4656,462244,0
width_k3_seed43_current_tta,10m,own,0.3,SID05,2022-08-09,554631,40497,2112,451336,0
width_k3_seed43_current_tta,10m,common,0.3,SID05,2022-08-09,554631,40497,2112,451336,0
width_k3_seed43_current_tta,10m,own,0.5,SID05,2022-08-09,553601,35379,3142,456454,0
width_k3_seed43_current_tta,10m,common,0.5,SID05,2022-08-09,553601,35379,3142,456454,0
width_k3_seed44_current_tta,10m,own,0.3,SID05,2022-08-09,554479,37585,2264,454248,0
width_k3_seed44_current_tta,10m,common,0.3,SID05,2022-08-09,554479,37585,2264,454248,0
width_k3_seed44_current_tta,10m,own,0.5,SID05,2022-08-09,553374,32498,3369,459335,0
width_k3_seed44_current_tta,10m,common,0.5,SID05,2022-08-09,553374,32498,3369,459335,0
width_k4_seed42_current_tta,10m,own,0.3,SID05,2022-08-09,553848,38150,2895,453683,0
width_k4_seed42_current_tta,10m,common,0.3,SID05,2022-08-09,553848,38150,2895,453683,0
width_k4_seed42_current_tta,10m,own,0.5,SID05,2022-08-09,552700,33224,4043,458609,0
width_k4_seed42_current_tta,10m,common,0.5,SID05,2022-08-09,552700,33224,4043,458609,0
width_k4_seed43_current_tta,10m,own,0.3,SID05,2022-08-09,554350,40880,2393,450953,0
width_k4_seed43_current_tta,10m,common,0.3,SID05,2022-08-09,554350,40880,2393,450953,0
width_k4_seed43_current_tta,10m,own,0.5,SID05,2022-08-09,553413,36102,3330,455731,0
width_k4_seed43_current_tta,10m,common,0.5,SID05,2022-08-09,553413,36102,3330,455731,0
width_k4_seed44_current_tta,10m,own,0.3,SID05,2022-08-09,554680,40704,2063,451129,0
width_k4_seed44_current_tta,10m,common,0.3,SID05,2022-08-09,554680,40704,2063,451129,0
width_k4_seed44_current_tta,10m,own,0.5,SID05,2022-08-09,553647,35444,3096,456389,0
width_k4_seed44_current_tta,10m,common,0.5,SID05,2022-08-09,553647,35444,3096,456389,0
width_k8_seed42_current_tta,10m,own,0.3,SID05,2022-08-09,553803,33393,2940,458440,0
width_k8_seed42_current_tta,10m,common,0.3,SID05,2022-08-09,553803,33393,2940,458440,0
width_k8_seed42_current_tta,10m,own,0.5,SID05,2022-08-09,552532,28613,4211,463220,0
width_k8_seed42_current_tta,10m,common,0.5,SID05,2022-08-09,552532,28613,4211,463220,0
width_k8_seed43_current_tta,10m,own,0.3,SID05,2022-08-09,554267,39081,2476,452752,0
width_k8_seed43_current_tta,10m,common,0.3,SID05,2022-08-09,554267,39081,2476,452752,0
width_k8_seed43_current_tta,10m,own,0.5,SID05,2022-08-09,553238,34225,3505,457608,0
width_k8_seed43_current_tta,10m,common,0.5,SID05,2022-08-09,553238,34225,3505,457608,0
width_k8_seed44_current_tta,10m,own,0.3,SID05,2022-08-09,554631,38352,2112,453481,0
width_k8_seed44_current_tta,10m,common,0.3,SID05,2022-08-09,554631,38352,2112,453481,0
width_k8_seed44_current_tta,10m,own,0.5,SID05,2022-08-09,553587,33354,3156,458479,0
width_k8_seed44_current_tta,10m,common,0.5,SID05,2022-08-09,553587,33354,3156,458479,0
width_k16_seed42_current_tta,10m,own,0.3,SID05,2022-08-09,553838,34143,2905,457690,0
width_k16_seed42_current_tta,10m,common,0.3,SID05,2022-08-09,553838,34143,2905,457690,0
width_k16_seed42_current_tta,10m,own,0.5,SID05,2022-08-09,552685,29836,4058,461997,0
width_k16_seed42_current_tta,10m,common,0.5,SID05,2022-08-09,552685,29836,4058,461997,0
width_k16_seed43_current_tta,10m,own,0.3,SID05,2022-08-09,554938,38310,1805,453523,0
width_k16_seed43_current_tta,10m,common,0.3,SID05,2022-08-09,554938,38310,1805,453523,0
width_k16_seed43_current_tta,10m,own,0.5,SID05,2022-08-09,553979,33415,2764,458418,0
width_k16_seed43_current_tta,10m,common,0.5,SID05,2022-08-09,553979,33415,2764,458418,0
width_k16_seed44_current_tta,10m,own,0.3,SID05,2022-08-09,554586,36505,2157,455328,0
width_k16_seed44_current_tta,10m,common,0.3,SID05,2022-08-09,554586,36505,2157,455328,0
width_k16_seed44_current_tta,10m,own,0.5,SID05,2022-08-09,553533,31846,3210,459987,0
width_k16_seed44_current_tta,10m,common,0.5,SID05,2022-08-09,553533,31846,3210,459987,0
train1000_k16_seed42_current_tta,10m,own,0.3,SID05,2022-08-09,551260,38876,5483,452957,0
train1000_k16_seed42_current_tta,10m,common,0.3,SID05,2022-08-09,551260,38876,5483,452957,0
train1000_k16_seed42_current_tta,10m,own,0.5,SID05,2022-08-09,549210,33015,7533,458818,0
train1000_k16_seed42_current_tta,10m,common,0.5,SID05,2022-08-09,549210,33015,7533,458818,0
train1000_k16_seed43_current_tta,10m,own,0.3,SID05,2022-08-09,552003,43779,4740,448054,0
train1000_k16_seed43_current_tta,10m,common,0.3,SID05,2022-08-09,552003,43779,4740,448054,0
train1000_k16_seed43_current_tta,10m,own,0.5,SID05,2022-08-09,550326,37253,6417,454580,0
train1000_k16_seed43_current_tta,10m,common,0.5,SID05,2022-08-09,550326,37253,6417,454580,0
train1000_k16_seed44_current_tta,10m,own,0.3,SID05,2022-08-09,549729,36748,7014,455085,0
train1000_k16_seed44_current_tta,10m,common,0.3,SID05,2022-08-09,549729,36748,7014,455085,0
train1000_k16_seed44_current_tta,10m,own,0.5,SID05,2022-08-09,547517,30921,9226,460912,0
train1000_k16_seed44_current_tta,10m,common,0.5,SID05,2022-08-09,547517,30921,9226,460912,0
train2000_k16_seed42_current_tta,10m,own,0.3,SID05,2022-08-09,553377,32272,3366,459561,0
train2000_k16_seed42_current_tta,10m,common,0.3,SID05,2022-08-09,553377,32272,3366,459561,0
train2000_k16_seed42_current_tta,10m,own,0.5,SID05,2022-08-09,551760,27271,4983,464562,0
train2000_k16_seed42_current_tta,10m,common,0.5,SID05,2022-08-09,551760,27271,4983,464562,0
train2000_k16_seed43_current_tta,10m,own,0.3,SID05,2022-08-09,554023,34797,2720,457036,0
train2000_k16_seed43_current_tta,10m,common,0.3,SID05,2022-08-09,554023,34797,2720,457036,0
train2000_k16_seed43_current_tta,10m,own,0.5,SID05,2022-08-09,552578,29088,4165,462745,0
train2000_k16_seed43_current_tta,10m,common,0.5,SID05,2022-08-09,552578,29088,4165,462745,0
train2000_k16_seed44_current_tta,10m,own,0.3,SID05,2022-08-09,554402,37427,2341,454406,0
train2000_k16_seed44_current_tta,10m,common,0.3,SID05,2022-08-09,554402,37427,2341,454406,0
train2000_k16_seed44_current_tta,10m,own,0.5,SID05,2022-08-09,553254,32047,3489,459786,0
train2000_k16_seed44_current_tta,10m,common,0.5,SID05,2022-08-09,553254,32047,3489,459786,0
train3000_k16_seed42_current_tta,10m,own,0.3,SID05,2022-08-09,553795,32653,2948,459180,0
train3000_k16_seed42_current_tta,10m,common,0.3,SID05,2022-08-09,553795,32653,2948,459180,0
train3000_k16_seed42_current_tta,10m,own,0.5,SID05,2022-08-09,552470,28246,4273,463587,0
train3000_k16_seed42_current_tta,10m,common,0.5,SID05,2022-08-09,552470,28246,4273,463587,0
train3000_k16_seed43_current_tta,10m,own,0.3,SID05,2022-08-09,554865,38886,1878,452947,0
train3000_k16_seed43_current_tta,10m,common,0.3,SID05,2022-08-09,554865,38886,1878,452947,0
train3000_k16_seed43_current_tta,10m,own,0.5,SID05,2022-08-09,553871,33784,2872,458049,0
train3000_k16_seed43_current_tta,10m,common,0.5,SID05,2022-08-09,553871,33784,2872,458049,0
train3000_k16_seed44_current_tta,10m,own,0.3,SID05,2022-08-09,553738,33823,3005,458010,0
train3000_k16_seed44_current_tta,10m,common,0.3,SID05,2022-08-09,553738,33823,3005,458010,0
train3000_k16_seed44_current_tta,10m,own,0.5,SID05,2022-08-09,552546,29207,4197,462626,0
train3000_k16_seed44_current_tta,10m,common,0.5,SID05,2022-08-09,552546,29207,4197,462626,0
width_k0_seed42_current_tta,10m,own,0.3,SID06,2022-06-29,738052,31173,12505,266846,0
width_k0_seed42_current_tta,10m,common,0.3,SID06,2022-06-29,738052,31173,12505,266846,0
width_k0_seed42_current_tta,10m,own,0.5,SID06,2022-06-29,734734,28145,15823,269874,0
width_k0_seed42_current_tta,10m,common,0.5,SID06,2022-06-29,734734,28145,15823,269874,0
width_k0_seed43_current_tta,10m,own,0.3,SID06,2022-06-29,741190,34862,9367,263157,0
width_k0_seed43_current_tta,10m,common,0.3,SID06,2022-06-29,741190,34862,9367,263157,0
width_k0_seed43_current_tta,10m,own,0.5,SID06,2022-06-29,738853,31742,11704,266277,0
width_k0_seed43_current_tta,10m,common,0.5,SID06,2022-06-29,738853,31742,11704,266277,0
width_k0_seed44_current_tta,10m,own,0.3,SID06,2022-06-29,733863,28420,16694,269599,0
width_k0_seed44_current_tta,10m,common,0.3,SID06,2022-06-29,733863,28420,16694,269599,0
width_k0_seed44_current_tta,10m,own,0.5,SID06,2022-06-29,728306,24991,22251,273028,0
width_k0_seed44_current_tta,10m,common,0.5,SID06,2022-06-29,728306,24991,22251,273028,0
width_k1_seed42_current_tta,10m,own,0.3,SID06,2022-06-29,731560,7510,18997,290509,0
width_k1_seed42_current_tta,10m,common,0.3,SID06,2022-06-29,731560,7510,18997,290509,0
width_k1_seed42_current_tta,10m,own,0.5,SID06,2022-06-29,723756,4100,26801,293919,0
width_k1_seed42_current_tta,10m,common,0.5,SID06,2022-06-29,723756,4100,26801,293919,0
width_k1_seed43_current_tta,10m,own,0.3,SID06,2022-06-29,742300,20156,8257,277863,0
width_k1_seed43_current_tta,10m,common,0.3,SID06,2022-06-29,742300,20156,8257,277863,0
width_k1_seed43_current_tta,10m,own,0.5,SID06,2022-06-29,738773,14885,11784,283134,0
width_k1_seed43_current_tta,10m,common,0.5,SID06,2022-06-29,738773,14885,11784,283134,0
width_k1_seed44_current_tta,10m,own,0.3,SID06,2022-06-29,742854,26431,7703,271588,0
width_k1_seed44_current_tta,10m,common,0.3,SID06,2022-06-29,742854,26431,7703,271588,0
width_k1_seed44_current_tta,10m,own,0.5,SID06,2022-06-29,739970,21105,10587,276914,0
width_k1_seed44_current_tta,10m,common,0.5,SID06,2022-06-29,739970,21105,10587,276914,0
width_k2_seed42_current_tta,10m,own,0.3,SID06,2022-06-29,728806,6476,21751,291543,0
width_k2_seed42_current_tta,10m,common,0.3,SID06,2022-06-29,728806,6476,21751,291543,0
width_k2_seed42_current_tta,10m,own,0.5,SID06,2022-06-29,720386,3406,30171,294613,0
width_k2_seed42_current_tta,10m,common,0.5,SID06,2022-06-29,720386,3406,30171,294613,0
width_k2_seed43_current_tta,10m,own,0.3,SID06,2022-06-29,736401,12103,14156,285916,0
width_k2_seed43_current_tta,10m,common,0.3,SID06,2022-06-29,736401,12103,14156,285916,0
width_k2_seed43_current_tta,10m,own,0.5,SID06,2022-06-29,731021,8037,19536,289982,0
width_k2_seed43_current_tta,10m,common,0.5,SID06,2022-06-29,731021,8037,19536,289982,0
width_k2_seed44_current_tta,10m,own,0.3,SID06,2022-06-29,734318,12388,16239,285631,0
width_k2_seed44_current_tta,10m,common,0.3,SID06,2022-06-29,734318,12388,16239,285631,0
width_k2_seed44_current_tta,10m,own,0.5,SID06,2022-06-29,727926,7785,22631,290234,0
width_k2_seed44_current_tta,10m,common,0.5,SID06,2022-06-29,727926,7785,22631,290234,0
width_k3_seed42_current_tta,10m,own,0.3,SID06,2022-06-29,737694,12703,12863,285316,0
width_k3_seed42_current_tta,10m,common,0.3,SID06,2022-06-29,737694,12703,12863,285316,0
width_k3_seed42_current_tta,10m,own,0.5,SID06,2022-06-29,732532,8388,18025,289631,0
width_k3_seed42_current_tta,10m,common,0.5,SID06,2022-06-29,732532,8388,18025,289631,0
width_k3_seed43_current_tta,10m,own,0.3,SID06,2022-06-29,742017,16337,8540,281682,0
width_k3_seed43_current_tta,10m,common,0.3,SID06,2022-06-29,742017,16337,8540,281682,0
width_k3_seed43_current_tta,10m,own,0.5,SID06,2022-06-29,738004,11784,12553,286235,0
width_k3_seed43_current_tta,10m,common,0.5,SID06,2022-06-29,738004,11784,12553,286235,0
width_k3_seed44_current_tta,10m,own,0.3,SID06,2022-06-29,741112,12296,9445,285723,0
width_k3_seed44_current_tta,10m,common,0.3,SID06,2022-06-29,741112,12296,9445,285723,0
width_k3_seed44_current_tta,10m,own,0.5,SID06,2022-06-29,736716,8336,13841,289683,0
width_k3_seed44_current_tta,10m,common,0.5,SID06,2022-06-29,736716,8336,13841,289683,0
width_k4_seed42_current_tta,10m,own,0.3,SID06,2022-06-29,738398,13222,12159,284797,0
width_k4_seed42_current_tta,10m,common,0.3,SID06,2022-06-29,738398,13222,12159,284797,0
width_k4_seed42_current_tta,10m,own,0.5,SID06,2022-06-29,733117,8688,17440,289331,0
width_k4_seed42_current_tta,10m,common,0.5,SID06,2022-06-29,733117,8688,17440,289331,0
width_k4_seed43_current_tta,10m,own,0.3,SID06,2022-06-29,740625,16280,9932,281739,0
width_k4_seed43_current_tta,10m,common,0.3,SID06,2022-06-29,740625,16280,9932,281739,0
width_k4_seed43_current_tta,10m,own,0.5,SID06,2022-06-29,736759,12067,13798,285952,0
width_k4_seed43_current_tta,10m,common,0.5,SID06,2022-06-29,736759,12067,13798,285952,0
width_k4_seed44_current_tta,10m,own,0.3,SID06,2022-06-29,740535,12753,10022,285266,0
width_k4_seed44_current_tta,10m,common,0.3,SID06,2022-06-29,740535,12753,10022,285266,0
width_k4_seed44_current_tta,10m,own,0.5,SID06,2022-06-29,735772,8482,14785,289537,0
width_k4_seed44_current_tta,10m,common,0.5,SID06,2022-06-29,735772,8482,14785,289537,0
width_k8_seed42_current_tta,10m,own,0.3,SID06,2022-06-29,738170,10742,12387,287277,0
width_k8_seed42_current_tta,10m,common,0.3,SID06,2022-06-29,738170,10742,12387,287277,0
width_k8_seed42_current_tta,10m,own,0.5,SID06,2022-06-29,732635,6933,17922,291086,0
width_k8_seed42_current_tta,10m,common,0.5,SID06,2022-06-29,732635,6933,17922,291086,0
width_k8_seed43_current_tta,10m,own,0.3,SID06,2022-06-29,741184,14123,9373,283896,0
width_k8_seed43_current_tta,10m,common,0.3,SID06,2022-06-29,741184,14123,9373,283896,0
width_k8_seed43_current_tta,10m,own,0.5,SID06,2022-06-29,737233,10265,13324,287754,0
width_k8_seed43_current_tta,10m,common,0.5,SID06,2022-06-29,737233,10265,13324,287754,0
width_k8_seed44_current_tta,10m,own,0.3,SID06,2022-06-29,741407,14006,9150,284013,0
width_k8_seed44_current_tta,10m,common,0.3,SID06,2022-06-29,741407,14006,9150,284013,0
width_k8_seed44_current_tta,10m,own,0.5,SID06,2022-06-29,736974,9946,13583,288073,0
width_k8_seed44_current_tta,10m,common,0.5,SID06,2022-06-29,736974,9946,13583,288073,0
width_k16_seed42_current_tta,10m,own,0.3,SID06,2022-06-29,738246,11003,12311,287016,0
width_k16_seed42_current_tta,10m,common,0.3,SID06,2022-06-29,738246,11003,12311,287016,0
width_k16_seed42_current_tta,10m,own,0.5,SID06,2022-06-29,733350,7658,17207,290361,0
width_k16_seed42_current_tta,10m,common,0.5,SID06,2022-06-29,733350,7658,17207,290361,0
width_k16_seed43_current_tta,10m,own,0.3,SID06,2022-06-29,742404,14749,8153,283270,0
width_k16_seed43_current_tta,10m,common,0.3,SID06,2022-06-29,742404,14749,8153,283270,0
width_k16_seed43_current_tta,10m,own,0.5,SID06,2022-06-29,738642,10987,11915,287032,0
width_k16_seed43_current_tta,10m,common,0.5,SID06,2022-06-29,738642,10987,11915,287032,0
width_k16_seed44_current_tta,10m,own,0.3,SID06,2022-06-29,741738,13568,8819,284451,0
width_k16_seed44_current_tta,10m,common,0.3,SID06,2022-06-29,741738,13568,8819,284451,0
width_k16_seed44_current_tta,10m,own,0.5,SID06,2022-06-29,737544,9937,13013,288082,0
width_k16_seed44_current_tta,10m,common,0.5,SID06,2022-06-29,737544,9937,13013,288082,0
train1000_k16_seed42_current_tta,10m,own,0.3,SID06,2022-06-29,728604,20155,21953,277864,0
train1000_k16_seed42_current_tta,10m,common,0.3,SID06,2022-06-29,728604,20155,21953,277864,0
train1000_k16_seed42_current_tta,10m,own,0.5,SID06,2022-06-29,717002,15623,33555,282396,0
train1000_k16_seed42_current_tta,10m,common,0.5,SID06,2022-06-29,717002,15623,33555,282396,0
train1000_k16_seed43_current_tta,10m,own,0.3,SID06,2022-06-29,734406,24235,16151,273784,0
train1000_k16_seed43_current_tta,10m,common,0.3,SID06,2022-06-29,734406,24235,16151,273784,0
train1000_k16_seed43_current_tta,10m,own,0.5,SID06,2022-06-29,726012,19277,24545,278742,0
train1000_k16_seed43_current_tta,10m,common,0.5,SID06,2022-06-29,726012,19277,24545,278742,0
train1000_k16_seed44_current_tta,10m,own,0.3,SID06,2022-06-29,719052,17834,31505,280185,0
train1000_k16_seed44_current_tta,10m,common,0.3,SID06,2022-06-29,719052,17834,31505,280185,0
train1000_k16_seed44_current_tta,10m,own,0.5,SID06,2022-06-29,689103,13543,61454,284476,0
train1000_k16_seed44_current_tta,10m,common,0.5,SID06,2022-06-29,689103,13543,61454,284476,0
train2000_k16_seed42_current_tta,10m,own,0.3,SID06,2022-06-29,732605,7575,17952,290444,0
train2000_k16_seed42_current_tta,10m,common,0.3,SID06,2022-06-29,732605,7575,17952,290444,0
train2000_k16_seed42_current_tta,10m,own,0.5,SID06,2022-06-29,724259,4415,26298,293604,0
train2000_k16_seed42_current_tta,10m,common,0.5,SID06,2022-06-29,724259,4415,26298,293604,0
train2000_k16_seed43_current_tta,10m,own,0.3,SID06,2022-06-29,738102,12023,12455,285996,0
train2000_k16_seed43_current_tta,10m,common,0.3,SID06,2022-06-29,738102,12023,12455,285996,0
train2000_k16_seed43_current_tta,10m,own,0.5,SID06,2022-06-29,730949,7300,19608,290719,0
train2000_k16_seed43_current_tta,10m,common,0.5,SID06,2022-06-29,730949,7300,19608,290719,0
train2000_k16_seed44_current_tta,10m,own,0.3,SID06,2022-06-29,739739,12845,10818,285174,0
train2000_k16_seed44_current_tta,10m,common,0.3,SID06,2022-06-29,739739,12845,10818,285174,0
train2000_k16_seed44_current_tta,10m,own,0.5,SID06,2022-06-29,734195,8119,16362,289900,0
train2000_k16_seed44_current_tta,10m,common,0.5,SID06,2022-06-29,734195,8119,16362,289900,0
train3000_k16_seed42_current_tta,10m,own,0.3,SID06,2022-06-29,736457,8613,14100,289406,0
train3000_k16_seed42_current_tta,10m,common,0.3,SID06,2022-06-29,736457,8613,14100,289406,0
train3000_k16_seed42_current_tta,10m,own,0.5,SID06,2022-06-29,730329,5520,20228,292499,0
train3000_k16_seed42_current_tta,10m,common,0.5,SID06,2022-06-29,730329,5520,20228,292499,0
train3000_k16_seed43_current_tta,10m,own,0.3,SID06,2022-06-29,742415,14769,8142,283250,0
train3000_k16_seed43_current_tta,10m,common,0.3,SID06,2022-06-29,742415,14769,8142,283250,0
train3000_k16_seed43_current_tta,10m,own,0.5,SID06,2022-06-29,738424,10680,12133,287339,0
train3000_k16_seed43_current_tta,10m,common,0.5,SID06,2022-06-29,738424,10680,12133,287339,0
train3000_k16_seed44_current_tta,10m,own,0.3,SID06,2022-06-29,736810,9313,13747,288706,0
train3000_k16_seed44_current_tta,10m,common,0.3,SID06,2022-06-29,736810,9313,13747,288706,0
train3000_k16_seed44_current_tta,10m,own,0.5,SID06,2022-06-29,731210,6121,19347,291898,0
train3000_k16_seed44_current_tta,10m,common,0.5,SID06,2022-06-29,731210,6121,19347,291898,0
width_k0_seed42_current_tta,10m,own,0.3,SID14,2022-03-31,115202,10934,12195,910245,0
width_k0_seed42_current_tta,10m,common,0.3,SID14,2022-03-31,115202,10934,12195,910245,0
width_k0_seed42_current_tta,10m,own,0.5,SID14,2022-03-31,113147,8465,14250,912714,0
width_k0_seed42_current_tta,10m,common,0.5,SID14,2022-03-31,113147,8465,14250,912714,0
width_k0_seed43_current_tta,10m,own,0.3,SID14,2022-03-31,117052,13145,10345,908034,0
width_k0_seed43_current_tta,10m,common,0.3,SID14,2022-03-31,117052,13145,10345,908034,0
width_k0_seed43_current_tta,10m,own,0.5,SID14,2022-03-31,115534,10451,11863,910728,0
width_k0_seed43_current_tta,10m,common,0.5,SID14,2022-03-31,115534,10451,11863,910728,0
width_k0_seed44_current_tta,10m,own,0.3,SID14,2022-03-31,114388,9927,13009,911252,0
width_k0_seed44_current_tta,10m,common,0.3,SID14,2022-03-31,114388,9927,13009,911252,0
width_k0_seed44_current_tta,10m,own,0.5,SID14,2022-03-31,112032,7483,15365,913696,0
width_k0_seed44_current_tta,10m,common,0.5,SID14,2022-03-31,112032,7483,15365,913696,0
width_k1_seed42_current_tta,10m,own,0.3,SID14,2022-03-31,117463,13860,9934,907319,0
width_k1_seed42_current_tta,10m,common,0.3,SID14,2022-03-31,117463,13860,9934,907319,0
width_k1_seed42_current_tta,10m,own,0.5,SID14,2022-03-31,116212,9775,11185,911404,0
width_k1_seed42_current_tta,10m,common,0.5,SID14,2022-03-31,116212,9775,11185,911404,0
width_k1_seed43_current_tta,10m,own,0.3,SID14,2022-03-31,117990,12334,9407,908845,0
width_k1_seed43_current_tta,10m,common,0.3,SID14,2022-03-31,117990,12334,9407,908845,0
width_k1_seed43_current_tta,10m,own,0.5,SID14,2022-03-31,116645,8984,10752,912195,0
width_k1_seed43_current_tta,10m,common,0.5,SID14,2022-03-31,116645,8984,10752,912195,0
width_k1_seed44_current_tta,10m,own,0.3,SID14,2022-03-31,117662,13859,9735,907320,0
width_k1_seed44_current_tta,10m,common,0.3,SID14,2022-03-31,117662,13859,9735,907320,0
width_k1_seed44_current_tta,10m,own,0.5,SID14,2022-03-31,116174,10384,11223,910795,0
width_k1_seed44_current_tta,10m,common,0.5,SID14,2022-03-31,116174,10384,11223,910795,0
width_k2_seed42_current_tta,10m,own,0.3,SID14,2022-03-31,118946,14559,8451,906620,0
width_k2_seed42_current_tta,10m,common,0.3,SID14,2022-03-31,118946,14559,8451,906620,0
width_k2_seed42_current_tta,10m,own,0.5,SID14,2022-03-31,117792,11012,9605,910167,0
width_k2_seed42_current_tta,10m,common,0.5,SID14,2022-03-31,117792,11012,9605,910167,0
width_k2_seed43_current_tta,10m,own,0.3,SID14,2022-03-31,117930,13742,9467,907437,0
width_k2_seed43_current_tta,10m,common,0.3,SID14,2022-03-31,117930,13742,9467,907437,0
width_k2_seed43_current_tta,10m,own,0.5,SID14,2022-03-31,116614,10111,10783,911068,0
width_k2_seed43_current_tta,10m,common,0.5,SID14,2022-03-31,116614,10111,10783,911068,0
width_k2_seed44_current_tta,10m,own,0.3,SID14,2022-03-31,118680,15022,8717,906157,0
width_k2_seed44_current_tta,10m,common,0.3,SID14,2022-03-31,118680,15022,8717,906157,0
width_k2_seed44_current_tta,10m,own,0.5,SID14,2022-03-31,117685,11553,9712,909626,0
width_k2_seed44_current_tta,10m,common,0.5,SID14,2022-03-31,117685,11553,9712,909626,0
width_k3_seed42_current_tta,10m,own,0.3,SID14,2022-03-31,116908,10298,10489,910881,0
width_k3_seed42_current_tta,10m,common,0.3,SID14,2022-03-31,116908,10298,10489,910881,0
width_k3_seed42_current_tta,10m,own,0.5,SID14,2022-03-31,115641,7309,11756,913870,0
width_k3_seed42_current_tta,10m,common,0.5,SID14,2022-03-31,115641,7309,11756,913870,0
width_k3_seed43_current_tta,10m,own,0.3,SID14,2022-03-31,116235,8411,11162,912768,0
width_k3_seed43_current_tta,10m,common,0.3,SID14,2022-03-31,116235,8411,11162,912768,0
width_k3_seed43_current_tta,10m,own,0.5,SID14,2022-03-31,114617,5868,12780,915311,0
width_k3_seed43_current_tta,10m,common,0.5,SID14,2022-03-31,114617,5868,12780,915311,0
width_k3_seed44_current_tta,10m,own,0.3,SID14,2022-03-31,117652,12577,9745,908602,0
width_k3_seed44_current_tta,10m,common,0.3,SID14,2022-03-31,117652,12577,9745,908602,0
width_k3_seed44_current_tta,10m,own,0.5,SID14,2022-03-31,116727,9062,10670,912117,0
width_k3_seed44_current_tta,10m,common,0.5,SID14,2022-03-31,116727,9062,10670,912117,0
width_k4_seed42_current_tta,10m,own,0.3,SID14,2022-03-31,117512,12402,9885,908777,0
width_k4_seed42_current_tta,10m,common,0.3,SID14,2022-03-31,117512,12402,9885,908777,0
width_k4_seed42_current_tta,10m,own,0.5,SID14,2022-03-31,116393,8789,11004,912390,0
width_k4_seed42_current_tta,10m,common,0.5,SID14,2022-03-31,116393,8789,11004,912390,0
width_k4_seed43_current_tta,10m,own,0.3,SID14,2022-03-31,117091,11308,10306,909871,0
width_k4_seed43_current_tta,10m,common,0.3,SID14,2022-03-31,117091,11308,10306,909871,0
width_k4_seed43_current_tta,10m,own,0.5,SID14,2022-03-31,116034,8155,11363,913024,0
width_k4_seed43_current_tta,10m,common,0.5,SID14,2022-03-31,116034,8155,11363,913024,0
width_k4_seed44_current_tta,10m,own,0.3,SID14,2022-03-31,117687,12339,9710,908840,0
width_k4_seed44_current_tta,10m,common,0.3,SID14,2022-03-31,117687,12339,9710,908840,0
width_k4_seed44_current_tta,10m,own,0.5,SID14,2022-03-31,116664,9094,10733,912085,0
width_k4_seed44_current_tta,10m,common,0.5,SID14,2022-03-31,116664,9094,10733,912085,0
width_k8_seed42_current_tta,10m,own,0.3,SID14,2022-03-31,117051,11273,10346,909906,0
width_k8_seed42_current_tta,10m,common,0.3,SID14,2022-03-31,117051,11273,10346,909906,0
width_k8_seed42_current_tta,10m,own,0.5,SID14,2022-03-31,115929,8279,11468,912900,0
width_k8_seed42_current_tta,10m,common,0.5,SID14,2022-03-31,115929,8279,11468,912900,0
width_k8_seed43_current_tta,10m,own,0.3,SID14,2022-03-31,116954,10472,10443,910707,0
width_k8_seed43_current_tta,10m,common,0.3,SID14,2022-03-31,116954,10472,10443,910707,0
width_k8_seed43_current_tta,10m,own,0.5,SID14,2022-03-31,115864,7391,11533,913788,0
width_k8_seed43_current_tta,10m,common,0.5,SID14,2022-03-31,115864,7391,11533,913788,0
width_k8_seed44_current_tta,10m,own,0.3,SID14,2022-03-31,117672,12182,9725,908997,0
width_k8_seed44_current_tta,10m,common,0.3,SID14,2022-03-31,117672,12182,9725,908997,0
width_k8_seed44_current_tta,10m,own,0.5,SID14,2022-03-31,116667,9015,10730,912164,0
width_k8_seed44_current_tta,10m,common,0.5,SID14,2022-03-31,116667,9015,10730,912164,0
width_k16_seed42_current_tta,10m,own,0.3,SID14,2022-03-31,117048,10875,10349,910304,0
width_k16_seed42_current_tta,10m,common,0.3,SID14,2022-03-31,117048,10875,10349,910304,0
width_k16_seed42_current_tta,10m,own,0.5,SID14,2022-03-31,116069,7888,11328,913291,0
width_k16_seed42_current_tta,10m,common,0.5,SID14,2022-03-31,116069,7888,11328,913291,0
width_k16_seed43_current_tta,10m,own,0.3,SID14,2022-03-31,116602,10090,10795,911089,0
width_k16_seed43_current_tta,10m,common,0.3,SID14,2022-03-31,116602,10090,10795,911089,0
width_k16_seed43_current_tta,10m,own,0.5,SID14,2022-03-31,115391,7090,12006,914089,0
width_k16_seed43_current_tta,10m,common,0.5,SID14,2022-03-31,115391,7090,12006,914089,0
width_k16_seed44_current_tta,10m,own,0.3,SID14,2022-03-31,116970,10827,10427,910352,0
width_k16_seed44_current_tta,10m,common,0.3,SID14,2022-03-31,116970,10827,10427,910352,0
width_k16_seed44_current_tta,10m,own,0.5,SID14,2022-03-31,115985,7808,11412,913371,0
width_k16_seed44_current_tta,10m,common,0.5,SID14,2022-03-31,115985,7808,11412,913371,0
train1000_k16_seed42_current_tta,10m,own,0.3,SID14,2022-03-31,115127,8391,12270,912788,0
train1000_k16_seed42_current_tta,10m,common,0.3,SID14,2022-03-31,115127,8391,12270,912788,0
train1000_k16_seed42_current_tta,10m,own,0.5,SID14,2022-03-31,112575,5434,14822,915745,0
train1000_k16_seed42_current_tta,10m,common,0.5,SID14,2022-03-31,112575,5434,14822,915745,0
train1000_k16_seed43_current_tta,10m,own,0.3,SID14,2022-03-31,114588,7788,12809,913391,0
train1000_k16_seed43_current_tta,10m,common,0.3,SID14,2022-03-31,114588,7788,12809,913391,0
train1000_k16_seed43_current_tta,10m,own,0.5,SID14,2022-03-31,111864,4959,15533,916220,0
train1000_k16_seed43_current_tta,10m,common,0.5,SID14,2022-03-31,111864,4959,15533,916220,0
train1000_k16_seed44_current_tta,10m,own,0.3,SID14,2022-03-31,113712,8055,13685,913124,0
train1000_k16_seed44_current_tta,10m,common,0.3,SID14,2022-03-31,113712,8055,13685,913124,0
train1000_k16_seed44_current_tta,10m,own,0.5,SID14,2022-03-31,110649,5118,16748,916061,0
train1000_k16_seed44_current_tta,10m,common,0.5,SID14,2022-03-31,110649,5118,16748,916061,0
train2000_k16_seed42_current_tta,10m,own,0.3,SID14,2022-03-31,117750,12531,9647,908648,0
train2000_k16_seed42_current_tta,10m,common,0.3,SID14,2022-03-31,117750,12531,9647,908648,0
train2000_k16_seed42_current_tta,10m,own,0.5,SID14,2022-03-31,116668,8976,10729,912203,0
train2000_k16_seed42_current_tta,10m,common,0.5,SID14,2022-03-31,116668,8976,10729,912203,0
train2000_k16_seed43_current_tta,10m,own,0.3,SID14,2022-03-31,117626,11721,9771,909458,0
train2000_k16_seed43_current_tta,10m,common,0.3,SID14,2022-03-31,117626,11721,9771,909458,0
train2000_k16_seed43_current_tta,10m,own,0.5,SID14,2022-03-31,116466,8443,10931,912736,0
train2000_k16_seed43_current_tta,10m,common,0.5,SID14,2022-03-31,116466,8443,10931,912736,0
train2000_k16_seed44_current_tta,10m,own,0.3,SID14,2022-03-31,118296,14496,9101,906683,0
train2000_k16_seed44_current_tta,10m,common,0.3,SID14,2022-03-31,118296,14496,9101,906683,0
train2000_k16_seed44_current_tta,10m,own,0.5,SID14,2022-03-31,117300,10832,10097,910347,0
train2000_k16_seed44_current_tta,10m,common,0.5,SID14,2022-03-31,117300,10832,10097,910347,0
train3000_k16_seed42_current_tta,10m,own,0.3,SID14,2022-03-31,117179,10945,10218,910234,0
train3000_k16_seed42_current_tta,10m,common,0.3,SID14,2022-03-31,117179,10945,10218,910234,0
train3000_k16_seed42_current_tta,10m,own,0.5,SID14,2022-03-31,116173,7808,11224,913371,0
train3000_k16_seed42_current_tta,10m,common,0.5,SID14,2022-03-31,116173,7808,11224,913371,0
train3000_k16_seed43_current_tta,10m,own,0.3,SID14,2022-03-31,117047,10759,10350,910420,0
train3000_k16_seed43_current_tta,10m,common,0.3,SID14,2022-03-31,117047,10759,10350,910420,0
train3000_k16_seed43_current_tta,10m,own,0.5,SID14,2022-03-31,115964,7741,11433,913438,0
train3000_k16_seed43_current_tta,10m,common,0.5,SID14,2022-03-31,115964,7741,11433,913438,0
train3000_k16_seed44_current_tta,10m,own,0.3,SID14,2022-03-31,118041,13071,9356,908108,0
train3000_k16_seed44_current_tta,10m,common,0.3,SID14,2022-03-31,118041,13071,9356,908108,0
train3000_k16_seed44_current_tta,10m,own,0.5,SID14,2022-03-31,117101,9814,10296,911365,0
train3000_k16_seed44_current_tta,10m,common,0.5,SID14,2022-03-31,117101,9814,10296,911365,0
width_k0_seed42_current_tta,10m,own,0.3,SID15,2022-02-24,715269,6885,73016,253406,0
width_k0_seed42_current_tta,10m,common,0.3,SID15,2022-02-24,715269,6885,73016,253406,0
width_k0_seed42_current_tta,10m,own,0.5,SID15,2022-02-24,703640,4562,84645,255729,0
width_k0_seed42_current_tta,10m,common,0.5,SID15,2022-02-24,703640,4562,84645,255729,0
width_k0_seed43_current_tta,10m,own,0.3,SID15,2022-02-24,737599,10941,50686,249350,0
width_k0_seed43_current_tta,10m,common,0.3,SID15,2022-02-24,737599,10941,50686,249350,0
width_k0_seed43_current_tta,10m,own,0.5,SID15,2022-02-24,726621,7636,61664,252655,0
width_k0_seed43_current_tta,10m,common,0.5,SID15,2022-02-24,726621,7636,61664,252655,0
width_k0_seed44_current_tta,10m,own,0.3,SID15,2022-02-24,705585,6827,82700,253464,0
width_k0_seed44_current_tta,10m,common,0.3,SID15,2022-02-24,705585,6827,82700,253464,0
width_k0_seed44_current_tta,10m,own,0.5,SID15,2022-02-24,694618,4545,93667,255746,0
width_k0_seed44_current_tta,10m,common,0.5,SID15,2022-02-24,694618,4545,93667,255746,0
width_k1_seed42_current_tta,10m,own,0.3,SID15,2022-02-24,781878,33529,6407,226762,0
width_k1_seed42_current_tta,10m,common,0.3,SID15,2022-02-24,781878,33529,6407,226762,0
width_k1_seed42_current_tta,10m,own,0.5,SID15,2022-02-24,778372,25325,9913,234966,0
width_k1_seed42_current_tta,10m,common,0.5,SID15,2022-02-24,778372,25325,9913,234966,0
width_k1_seed43_current_tta,10m,own,0.3,SID15,2022-02-24,782295,33550,5990,226741,0
width_k1_seed43_current_tta,10m,common,0.3,SID15,2022-02-24,782295,33550,5990,226741,0
width_k1_seed43_current_tta,10m,own,0.5,SID15,2022-02-24,779392,26103,8893,234188,0
width_k1_seed43_current_tta,10m,common,0.5,SID15,2022-02-24,779392,26103,8893,234188,0
width_k1_seed44_current_tta,10m,own,0.3,SID15,2022-02-24,772424,20210,15861,240081,0
width_k1_seed44_current_tta,10m,common,0.3,SID15,2022-02-24,772424,20210,15861,240081,0
width_k1_seed44_current_tta,10m,own,0.5,SID15,2022-02-24,767142,14602,21143,245689,0
width_k1_seed44_current_tta,10m,common,0.5,SID15,2022-02-24,767142,14602,21143,245689,0
width_k2_seed42_current_tta,10m,own,0.3,SID15,2022-02-24,787024,55493,1261,204798,0
width_k2_seed42_current_tta,10m,common,0.3,SID15,2022-02-24,787024,55493,1261,204798,0
width_k2_seed42_current_tta,10m,own,0.5,SID15,2022-02-24,785969,44745,2316,215546,0
width_k2_seed42_current_tta,10m,common,0.5,SID15,2022-02-24,785969,44745,2316,215546,0
width_k2_seed43_current_tta,10m,own,0.3,SID15,2022-02-24,787981,77180,304,183111,0
width_k2_seed43_current_tta,10m,common,0.3,SID15,2022-02-24,787981,77180,304,183111,0
width_k2_seed43_current_tta,10m,own,0.5,SID15,2022-02-24,787474,59820,811,200471,0
width_k2_seed43_current_tta,10m,common,0.5,SID15,2022-02-24,787474,59820,811,200471,0
width_k2_seed44_current_tta,10m,own,0.3,SID15,2022-02-24,785172,41516,3113,218775,0
width_k2_seed44_current_tta,10m,common,0.3,SID15,2022-02-24,785172,41516,3113,218775,0
width_k2_seed44_current_tta,10m,own,0.5,SID15,2022-02-24,783107,32942,5178,227349,0
width_k2_seed44_current_tta,10m,common,0.5,SID15,2022-02-24,783107,32942,5178,227349,0
width_k3_seed42_current_tta,10m,own,0.3,SID15,2022-02-24,787903,76234,382,184057,0
width_k3_seed42_current_tta,10m,common,0.3,SID15,2022-02-24,787903,76234,382,184057,0
width_k3_seed42_current_tta,10m,own,0.5,SID15,2022-02-24,787401,61090,884,199201,0
width_k3_seed42_current_tta,10m,common,0.5,SID15,2022-02-24,787401,61090,884,199201,0
width_k3_seed43_current_tta,10m,own,0.3,SID15,2022-02-24,786504,51004,1781,209287,0
width_k3_seed43_current_tta,10m,common,0.3,SID15,2022-02-24,786504,51004,1781,209287,0
width_k3_seed43_current_tta,10m,own,0.5,SID15,2022-02-24,784726,40674,3559,219617,0
width_k3_seed43_current_tta,10m,common,0.5,SID15,2022-02-24,784726,40674,3559,219617,0
width_k3_seed44_current_tta,10m,own,0.3,SID15,2022-02-24,788127,81000,158,179291,0
width_k3_seed44_current_tta,10m,common,0.3,SID15,2022-02-24,788127,81000,158,179291,0
width_k3_seed44_current_tta,10m,own,0.5,SID15,2022-02-24,787775,65667,510,194624,0
width_k3_seed44_current_tta,10m,common,0.5,SID15,2022-02-24,787775,65667,510,194624,0
width_k4_seed42_current_tta,10m,own,0.3,SID15,2022-02-24,786388,49328,1897,210963,0
width_k4_seed42_current_tta,10m,common,0.3,SID15,2022-02-24,786388,49328,1897,210963,0
width_k4_seed42_current_tta,10m,own,0.5,SID15,2022-02-24,784634,37201,3651,223090,0
width_k4_seed42_current_tta,10m,common,0.5,SID15,2022-02-24,784634,37201,3651,223090,0
width_k4_seed43_current_tta,10m,own,0.3,SID15,2022-02-24,783416,34630,4869,225661,0
width_k4_seed43_current_tta,10m,common,0.3,SID15,2022-02-24,783416,34630,4869,225661,0
width_k4_seed43_current_tta,10m,own,0.5,SID15,2022-02-24,780011,26737,8274,233554,0
width_k4_seed43_current_tta,10m,common,0.5,SID15,2022-02-24,780011,26737,8274,233554,0
width_k4_seed44_current_tta,10m,own,0.3,SID15,2022-02-24,788105,83641,180,176650,0
width_k4_seed44_current_tta,10m,common,0.3,SID15,2022-02-24,788105,83641,180,176650,0
width_k4_seed44_current_tta,10m,own,0.5,SID15,2022-02-24,787666,65856,619,194435,0
width_k4_seed44_current_tta,10m,common,0.5,SID15,2022-02-24,787666,65856,619,194435,0
width_k8_seed42_current_tta,10m,own,0.3,SID15,2022-02-24,788059,73521,226,186770,0
width_k8_seed42_current_tta,10m,common,0.3,SID15,2022-02-24,788059,73521,226,186770,0
width_k8_seed42_current_tta,10m,own,0.5,SID15,2022-02-24,787654,60116,631,200175,0
width_k8_seed42_current_tta,10m,common,0.5,SID15,2022-02-24,787654,60116,631,200175,0
width_k8_seed43_current_tta,10m,own,0.3,SID15,2022-02-24,787879,69214,406,191077,0
width_k8_seed43_current_tta,10m,common,0.3,SID15,2022-02-24,787879,69214,406,191077,0
width_k8_seed43_current_tta,10m,own,0.5,SID15,2022-02-24,787336,56438,949,203853,0
width_k8_seed43_current_tta,10m,common,0.5,SID15,2022-02-24,787336,56438,949,203853,0
width_k8_seed44_current_tta,10m,own,0.3,SID15,2022-02-24,787507,63220,778,197071,0
width_k8_seed44_current_tta,10m,common,0.3,SID15,2022-02-24,787507,63220,778,197071,0
width_k8_seed44_current_tta,10m,own,0.5,SID15,2022-02-24,786430,49699,1855,210592,0
width_k8_seed44_current_tta,10m,common,0.5,SID15,2022-02-24,786430,49699,1855,210592,0
width_k16_seed42_current_tta,10m,own,0.3,SID15,2022-02-24,787077,62237,1208,198054,0
width_k16_seed42_current_tta,10m,common,0.3,SID15,2022-02-24,787077,62237,1208,198054,0
width_k16_seed42_current_tta,10m,own,0.5,SID15,2022-02-24,785723,49234,2562,211057,0
width_k16_seed42_current_tta,10m,common,0.5,SID15,2022-02-24,785723,49234,2562,211057,0
width_k16_seed43_current_tta,10m,own,0.3,SID15,2022-02-24,788175,83960,110,176331,0
width_k16_seed43_current_tta,10m,common,0.3,SID15,2022-02-24,788175,83960,110,176331,0
width_k16_seed43_current_tta,10m,own,0.5,SID15,2022-02-24,787962,69940,323,190351,0
width_k16_seed43_current_tta,10m,common,0.5,SID15,2022-02-24,787962,69940,323,190351,0
width_k16_seed44_current_tta,10m,own,0.3,SID15,2022-02-24,788178,85099,107,175192,0
width_k16_seed44_current_tta,10m,common,0.3,SID15,2022-02-24,788178,85099,107,175192,0
width_k16_seed44_current_tta,10m,own,0.5,SID15,2022-02-24,787952,71742,333,188549,0
width_k16_seed44_current_tta,10m,common,0.5,SID15,2022-02-24,787952,71742,333,188549,0
train1000_k16_seed42_current_tta,10m,own,0.3,SID15,2022-02-24,745504,6833,42781,253458,0
train1000_k16_seed42_current_tta,10m,common,0.3,SID15,2022-02-24,745504,6833,42781,253458,0
train1000_k16_seed42_current_tta,10m,own,0.5,SID15,2022-02-24,729802,3671,58483,256620,0
train1000_k16_seed42_current_tta,10m,common,0.5,SID15,2022-02-24,729802,3671,58483,256620,0
train1000_k16_seed43_current_tta,10m,own,0.3,SID15,2022-02-24,754514,9271,33771,251020,0
train1000_k16_seed43_current_tta,10m,common,0.3,SID15,2022-02-24,754514,9271,33771,251020,0
train1000_k16_seed43_current_tta,10m,own,0.5,SID15,2022-02-24,743688,5265,44597,255026,0
train1000_k16_seed43_current_tta,10m,common,0.5,SID15,2022-02-24,743688,5265,44597,255026,0
train1000_k16_seed44_current_tta,10m,own,0.3,SID15,2022-02-24,732040,5050,56245,255241,0
train1000_k16_seed44_current_tta,10m,common,0.3,SID15,2022-02-24,732040,5050,56245,255241,0
train1000_k16_seed44_current_tta,10m,own,0.5,SID15,2022-02-24,713947,2429,74338,257862,0
train1000_k16_seed44_current_tta,10m,common,0.5,SID15,2022-02-24,713947,2429,74338,257862,0
train2000_k16_seed42_current_tta,10m,own,0.3,SID15,2022-02-24,787290,54840,995,205451,0
train2000_k16_seed42_current_tta,10m,common,0.3,SID15,2022-02-24,787290,54840,995,205451,0
train2000_k16_seed42_current_tta,10m,own,0.5,SID15,2022-02-24,786221,41981,2064,218310,0
train2000_k16_seed42_current_tta,10m,common,0.5,SID15,2022-02-24,786221,41981,2064,218310,0
train2000_k16_seed43_current_tta,10m,own,0.3,SID15,2022-02-24,787816,63922,469,196369,0
train2000_k16_seed43_current_tta,10m,common,0.3,SID15,2022-02-24,787816,63922,469,196369,0
train2000_k16_seed43_current_tta,10m,own,0.5,SID15,2022-02-24,787226,51811,1059,208480,0
train2000_k16_seed43_current_tta,10m,common,0.5,SID15,2022-02-24,787226,51811,1059,208480,0
train2000_k16_seed44_current_tta,10m,own,0.3,SID15,2022-02-24,788112,72384,173,187907,0
train2000_k16_seed44_current_tta,10m,common,0.3,SID15,2022-02-24,788112,72384,173,187907,0
train2000_k16_seed44_current_tta,10m,own,0.5,SID15,2022-02-24,787829,59704,456,200587,0
train2000_k16_seed44_current_tta,10m,common,0.5,SID15,2022-02-24,787829,59704,456,200587,0
train3000_k16_seed42_current_tta,10m,own,0.3,SID15,2022-02-24,787887,70691,398,189600,0
train3000_k16_seed42_current_tta,10m,common,0.3,SID15,2022-02-24,787887,70691,398,189600,0
train3000_k16_seed42_current_tta,10m,own,0.5,SID15,2022-02-24,787348,55922,937,204369,0
train3000_k16_seed42_current_tta,10m,common,0.5,SID15,2022-02-24,787348,55922,937,204369,0
train3000_k16_seed43_current_tta,10m,own,0.3,SID15,2022-02-24,788200,90583,85,169708,0
train3000_k16_seed43_current_tta,10m,common,0.3,SID15,2022-02-24,788200,90583,85,169708,0
train3000_k16_seed43_current_tta,10m,own,0.5,SID15,2022-02-24,788115,76157,170,184134,0
train3000_k16_seed43_current_tta,10m,common,0.5,SID15,2022-02-24,788115,76157,170,184134,0
train3000_k16_seed44_current_tta,10m,own,0.3,SID15,2022-02-24,788199,93260,86,167031,0
train3000_k16_seed44_current_tta,10m,common,0.3,SID15,2022-02-24,788199,93260,86,167031,0
train3000_k16_seed44_current_tta,10m,own,0.5,SID15,2022-02-24,788120,78072,165,182219,0
train3000_k16_seed44_current_tta,10m,common,0.5,SID15,2022-02-24,788120,78072,165,182219,0
width_k0_seed42_current_tta,10m,own,0.3,SID17,2022-02-19,34968,17204,2320,994084,0
width_k0_seed42_current_tta,10m,common,0.3,SID17,2022-02-19,34968,17204,2320,994084,0
width_k0_seed42_current_tta,10m,own,0.5,SID17,2022-02-19,34478,14065,2810,997223,0
width_k0_seed42_current_tta,10m,common,0.5,SID17,2022-02-19,34478,14065,2810,997223,0
width_k0_seed43_current_tta,10m,own,0.3,SID17,2022-02-19,35189,18646,2099,992642,0
width_k0_seed43_current_tta,10m,common,0.3,SID17,2022-02-19,35189,18646,2099,992642,0
width_k0_seed43_current_tta,10m,own,0.5,SID17,2022-02-19,34811,15100,2477,996188,0
width_k0_seed43_current_tta,10m,common,0.5,SID17,2022-02-19,34811,15100,2477,996188,0
width_k0_seed44_current_tta,10m,own,0.3,SID17,2022-02-19,34878,17133,2410,994155,0
width_k0_seed44_current_tta,10m,common,0.3,SID17,2022-02-19,34878,17133,2410,994155,0
width_k0_seed44_current_tta,10m,own,0.5,SID17,2022-02-19,34292,13930,2996,997358,0
width_k0_seed44_current_tta,10m,common,0.5,SID17,2022-02-19,34292,13930,2996,997358,0
width_k1_seed42_current_tta,10m,own,0.3,SID17,2022-02-19,36461,21615,827,989673,0
width_k1_seed42_current_tta,10m,common,0.3,SID17,2022-02-19,36461,21615,827,989673,0
width_k1_seed42_current_tta,10m,own,0.5,SID17,2022-02-19,36285,17721,1003,993567,0
width_k1_seed42_current_tta,10m,common,0.5,SID17,2022-02-19,36285,17721,1003,993567,0
width_k1_seed43_current_tta,10m,own,0.3,SID17,2022-02-19,36335,18773,953,992515,0
width_k1_seed43_current_tta,10m,common,0.3,SID17,2022-02-19,36335,18773,953,992515,0
width_k1_seed43_current_tta,10m,own,0.5,SID17,2022-02-19,36046,15403,1242,995885,0
width_k1_seed43_current_tta,10m,common,0.5,SID17,2022-02-19,36046,15403,1242,995885,0
width_k1_seed44_current_tta,10m,own,0.3,SID17,2022-02-19,36344,20682,944,990606,0
width_k1_seed44_current_tta,10m,common,0.3,SID17,2022-02-19,36344,20682,944,990606,0
width_k1_seed44_current_tta,10m,own,0.5,SID17,2022-02-19,36150,16763,1138,994525,0
width_k1_seed44_current_tta,10m,common,0.5,SID17,2022-02-19,36150,16763,1138,994525,0
width_k2_seed42_current_tta,10m,own,0.3,SID17,2022-02-19,36494,21217,794,990071,0
width_k2_seed42_current_tta,10m,common,0.3,SID17,2022-02-19,36494,21217,794,990071,0
width_k2_seed42_current_tta,10m,own,0.5,SID17,2022-02-19,36341,17787,947,993501,0
width_k2_seed42_current_tta,10m,common,0.5,SID17,2022-02-19,36341,17787,947,993501,0
width_k2_seed43_current_tta,10m,own,0.3,SID17,2022-02-19,36442,21612,846,989676,0
width_k2_seed43_current_tta,10m,common,0.3,SID17,2022-02-19,36442,21612,846,989676,0
width_k2_seed43_current_tta,10m,own,0.5,SID17,2022-02-19,36224,18081,1064,993207,0
width_k2_seed43_current_tta,10m,common,0.5,SID17,2022-02-19,36224,18081,1064,993207,0
width_k2_seed44_current_tta,10m,own,0.3,SID17,2022-02-19,36349,18424,939,992864,0
width_k2_seed44_current_tta,10m,common,0.3,SID17,2022-02-19,36349,18424,939,992864,0
width_k2_seed44_current_tta,10m,own,0.5,SID17,2022-02-19,36078,15180,1210,996108,0
width_k2_seed44_current_tta,10m,common,0.5,SID17,2022-02-19,36078,15180,1210,996108,0
width_k3_seed42_current_tta,10m,own,0.3,SID17,2022-02-19,36529,21641,759,989647,0
width_k3_seed42_current_tta,10m,common,0.3,SID17,2022-02-19,36529,21641,759,989647,0
width_k3_seed42_current_tta,10m,own,0.5,SID17,2022-02-19,36354,18327,934,992961,0
width_k3_seed42_current_tta,10m,common,0.5,SID17,2022-02-19,36354,18327,934,992961,0
width_k3_seed43_current_tta,10m,own,0.3,SID17,2022-02-19,36523,22138,765,989150,0
width_k3_seed43_current_tta,10m,common,0.3,SID17,2022-02-19,36523,22138,765,989150,0
width_k3_seed43_current_tta,10m,own,0.5,SID17,2022-02-19,36329,18778,959,992510,0
width_k3_seed43_current_tta,10m,common,0.5,SID17,2022-02-19,36329,18778,959,992510,0
width_k3_seed44_current_tta,10m,own,0.3,SID17,2022-02-19,36582,22472,706,988816,0
width_k3_seed44_current_tta,10m,common,0.3,SID17,2022-02-19,36582,22472,706,988816,0
width_k3_seed44_current_tta,10m,own,0.5,SID17,2022-02-19,36409,18660,879,992628,0
width_k3_seed44_current_tta,10m,common,0.5,SID17,2022-02-19,36409,18660,879,992628,0
width_k4_seed42_current_tta,10m,own,0.3,SID17,2022-02-19,36729,24269,559,987019,0
width_k4_seed42_current_tta,10m,common,0.3,SID17,2022-02-19,36729,24269,559,987019,0
width_k4_seed42_current_tta,10m,own,0.5,SID17,2022-02-19,36534,20685,754,990603,0
width_k4_seed42_current_tta,10m,common,0.5,SID17,2022-02-19,36534,20685,754,990603,0
width_k4_seed43_current_tta,10m,own,0.3,SID17,2022-02-19,36446,20142,842,991146,0
width_k4_seed43_current_tta,10m,common,0.3,SID17,2022-02-19,36446,20142,842,991146,0
width_k4_seed43_current_tta,10m,own,0.5,SID17,2022-02-19,36261,16947,1027,994341,0
width_k4_seed43_current_tta,10m,common,0.5,SID17,2022-02-19,36261,16947,1027,994341,0
width_k4_seed44_current_tta,10m,own,0.3,SID17,2022-02-19,36722,23659,566,987629,0
width_k4_seed44_current_tta,10m,common,0.3,SID17,2022-02-19,36722,23659,566,987629,0
width_k4_seed44_current_tta,10m,own,0.5,SID17,2022-02-19,36536,20105,752,991183,0
width_k4_seed44_current_tta,10m,common,0.5,SID17,2022-02-19,36536,20105,752,991183,0
width_k8_seed42_current_tta,10m,own,0.3,SID17,2022-02-19,36577,21099,711,990189,0
width_k8_seed42_current_tta,10m,common,0.3,SID17,2022-02-19,36577,21099,711,990189,0
width_k8_seed42_current_tta,10m,own,0.5,SID17,2022-02-19,36389,17891,899,993397,0
width_k8_seed42_current_tta,10m,common,0.5,SID17,2022-02-19,36389,17891,899,993397,0
width_k8_seed43_current_tta,10m,own,0.3,SID17,2022-02-19,36564,20778,724,990510,0
width_k8_seed43_current_tta,10m,common,0.3,SID17,2022-02-19,36564,20778,724,990510,0
width_k8_seed43_current_tta,10m,own,0.5,SID17,2022-02-19,36389,17571,899,993717,0
width_k8_seed43_current_tta,10m,common,0.5,SID17,2022-02-19,36389,17571,899,993717,0
width_k8_seed44_current_tta,10m,own,0.3,SID17,2022-02-19,36537,19478,751,991810,0
width_k8_seed44_current_tta,10m,common,0.3,SID17,2022-02-19,36537,19478,751,991810,0
width_k8_seed44_current_tta,10m,own,0.5,SID17,2022-02-19,36320,16446,968,994842,0
width_k8_seed44_current_tta,10m,common,0.5,SID17,2022-02-19,36320,16446,968,994842,0
width_k16_seed42_current_tta,10m,own,0.3,SID17,2022-02-19,36721,23334,567,987954,0
width_k16_seed42_current_tta,10m,common,0.3,SID17,2022-02-19,36721,23334,567,987954,0
width_k16_seed42_current_tta,10m,own,0.5,SID17,2022-02-19,36544,20122,744,991166,0
width_k16_seed42_current_tta,10m,common,0.5,SID17,2022-02-19,36544,20122,744,991166,0
width_k16_seed43_current_tta,10m,own,0.3,SID17,2022-02-19,36655,21878,633,989410,0
width_k16_seed43_current_tta,10m,common,0.3,SID17,2022-02-19,36655,21878,633,989410,0
width_k16_seed43_current_tta,10m,own,0.5,SID17,2022-02-19,36469,18619,819,992669,0
width_k16_seed43_current_tta,10m,common,0.5,SID17,2022-02-19,36469,18619,819,992669,0
width_k16_seed44_current_tta,10m,own,0.3,SID17,2022-02-19,36689,22256,599,989032,0
width_k16_seed44_current_tta,10m,common,0.3,SID17,2022-02-19,36689,22256,599,989032,0
width_k16_seed44_current_tta,10m,own,0.5,SID17,2022-02-19,36511,19036,777,992252,0
width_k16_seed44_current_tta,10m,common,0.5,SID17,2022-02-19,36511,19036,777,992252,0
train1000_k16_seed42_current_tta,10m,own,0.3,SID17,2022-02-19,35872,22506,1416,988782,0
train1000_k16_seed42_current_tta,10m,common,0.3,SID17,2022-02-19,35872,22506,1416,988782,0
train1000_k16_seed42_current_tta,10m,own,0.5,SID17,2022-02-19,35260,17264,2028,994024,0
train1000_k16_seed42_current_tta,10m,common,0.5,SID17,2022-02-19,35260,17264,2028,994024,0
train1000_k16_seed43_current_tta,10m,own,0.3,SID17,2022-02-19,36031,23318,1257,987970,0
train1000_k16_seed43_current_tta,10m,common,0.3,SID17,2022-02-19,36031,23318,1257,987970,0
train1000_k16_seed43_current_tta,10m,own,0.5,SID17,2022-02-19,35489,17219,1799,994069,0
train1000_k16_seed43_current_tta,10m,common,0.5,SID17,2022-02-19,35489,17219,1799,994069,0
train1000_k16_seed44_current_tta,10m,own,0.3,SID17,2022-02-19,35682,22143,1606,989145,0
train1000_k16_seed44_current_tta,10m,common,0.3,SID17,2022-02-19,35682,22143,1606,989145,0
train1000_k16_seed44_current_tta,10m,own,0.5,SID17,2022-02-19,35039,16829,2249,994459,0
train1000_k16_seed44_current_tta,10m,common,0.5,SID17,2022-02-19,35039,16829,2249,994459,0
train2000_k16_seed42_current_tta,10m,own,0.3,SID17,2022-02-19,36706,24299,582,986989,0
train2000_k16_seed42_current_tta,10m,common,0.3,SID17,2022-02-19,36706,24299,582,986989,0
train2000_k16_seed42_current_tta,10m,own,0.5,SID17,2022-02-19,36545,20307,743,990981,0
train2000_k16_seed42_current_tta,10m,common,0.5,SID17,2022-02-19,36545,20307,743,990981,0
train2000_k16_seed43_current_tta,10m,own,0.3,SID17,2022-02-19,36576,22525,712,988763,0
train2000_k16_seed43_current_tta,10m,common,0.3,SID17,2022-02-19,36576,22525,712,988763,0
train2000_k16_seed43_current_tta,10m,own,0.5,SID17,2022-02-19,36363,18748,925,992540,0
train2000_k16_seed43_current_tta,10m,common,0.5,SID17,2022-02-19,36363,18748,925,992540,0
train2000_k16_seed44_current_tta,10m,own,0.3,SID17,2022-02-19,36739,23652,549,987636,0
train2000_k16_seed44_current_tta,10m,common,0.3,SID17,2022-02-19,36739,23652,549,987636,0
train2000_k16_seed44_current_tta,10m,own,0.5,SID17,2022-02-19,36525,19639,763,991649,0
train2000_k16_seed44_current_tta,10m,common,0.5,SID17,2022-02-19,36525,19639,763,991649,0
train3000_k16_seed42_current_tta,10m,own,0.3,SID17,2022-02-19,36704,23214,584,988074,0
train3000_k16_seed42_current_tta,10m,common,0.3,SID17,2022-02-19,36704,23214,584,988074,0
train3000_k16_seed42_current_tta,10m,own,0.5,SID17,2022-02-19,36513,19857,775,991431,0
train3000_k16_seed42_current_tta,10m,common,0.5,SID17,2022-02-19,36513,19857,775,991431,0
train3000_k16_seed43_current_tta,10m,own,0.3,SID17,2022-02-19,36703,23048,585,988240,0
train3000_k16_seed43_current_tta,10m,common,0.3,SID17,2022-02-19,36703,23048,585,988240,0
train3000_k16_seed43_current_tta,10m,own,0.5,SID17,2022-02-19,36521,19589,767,991699,0
train3000_k16_seed43_current_tta,10m,common,0.5,SID17,2022-02-19,36521,19589,767,991699,0
train3000_k16_seed44_current_tta,10m,own,0.3,SID17,2022-02-19,36710,22877,578,988411,0
train3000_k16_seed44_current_tta,10m,common,0.3,SID17,2022-02-19,36710,22877,578,988411,0
train3000_k16_seed44_current_tta,10m,own,0.5,SID17,2022-02-19,36531,19455,757,991833,0
train3000_k16_seed44_current_tta,10m,common,0.5,SID17,2022-02-19,36531,19455,757,991833,0
width_k0_seed42_current_tta,10m,own,0.3,SID18,2022-03-20,54243,7542,82,986709,0
width_k0_seed42_current_tta,10m,common,0.3,SID18,2022-03-20,54243,7542,82,986709,0
width_k0_seed42_current_tta,10m,own,0.5,SID18,2022-03-20,54024,5360,301,988891,0
width_k0_seed42_current_tta,10m,common,0.5,SID18,2022-03-20,54024,5360,301,988891,0
width_k0_seed43_current_tta,10m,own,0.3,SID18,2022-03-20,54241,10868,84,983383,0
width_k0_seed43_current_tta,10m,common,0.3,SID18,2022-03-20,54241,10868,84,983383,0
width_k0_seed43_current_tta,10m,own,0.5,SID18,2022-03-20,53975,6992,350,987259,0
width_k0_seed43_current_tta,10m,common,0.5,SID18,2022-03-20,53975,6992,350,987259,0
width_k0_seed44_current_tta,10m,own,0.3,SID18,2022-03-20,54200,6554,125,987697,0
width_k0_seed44_current_tta,10m,common,0.3,SID18,2022-03-20,54200,6554,125,987697,0
width_k0_seed44_current_tta,10m,own,0.5,SID18,2022-03-20,53956,4819,369,989432,0
width_k0_seed44_current_tta,10m,common,0.5,SID18,2022-03-20,53956,4819,369,989432,0
width_k1_seed42_current_tta,10m,own,0.3,SID18,2022-03-20,54325,9088,0,985163,0
width_k1_seed42_current_tta,10m,common,0.3,SID18,2022-03-20,54325,9088,0,985163,0
width_k1_seed42_current_tta,10m,own,0.5,SID18,2022-03-20,54320,6966,5,987285,0
width_k1_seed42_current_tta,10m,common,0.5,SID18,2022-03-20,54320,6966,5,987285,0
width_k1_seed43_current_tta,10m,own,0.3,SID18,2022-03-20,54325,7317,0,986934,0
width_k1_seed43_current_tta,10m,common,0.3,SID18,2022-03-20,54325,7317,0,986934,0
width_k1_seed43_current_tta,10m,own,0.5,SID18,2022-03-20,54318,5673,7,988578,0
width_k1_seed43_current_tta,10m,common,0.5,SID18,2022-03-20,54318,5673,7,988578,0
width_k1_seed44_current_tta,10m,own,0.3,SID18,2022-03-20,54324,8559,1,985692,0
width_k1_seed44_current_tta,10m,common,0.3,SID18,2022-03-20,54324,8559,1,985692,0
width_k1_seed44_current_tta,10m,own,0.5,SID18,2022-03-20,54284,6660,41,987591,0
width_k1_seed44_current_tta,10m,common,0.5,SID18,2022-03-20,54284,6660,41,987591,0
width_k2_seed42_current_tta,10m,own,0.3,SID18,2022-03-20,54325,8485,0,985766,0
width_k2_seed42_current_tta,10m,common,0.3,SID18,2022-03-20,54325,8485,0,985766,0
width_k2_seed42_current_tta,10m,own,0.5,SID18,2022-03-20,54322,6758,3,987493,0
width_k2_seed42_current_tta,10m,common,0.5,SID18,2022-03-20,54322,6758,3,987493,0
width_k2_seed43_current_tta,10m,own,0.3,SID18,2022-03-20,54325,9390,0,984861,0
width_k2_seed43_current_tta,10m,common,0.3,SID18,2022-03-20,54325,9390,0,984861,0
width_k2_seed43_current_tta,10m,own,0.5,SID18,2022-03-20,54325,7397,0,986854,0
width_k2_seed43_current_tta,10m,common,0.5,SID18,2022-03-20,54325,7397,0,986854,0
width_k2_seed44_current_tta,10m,own,0.3,SID18,2022-03-20,54325,9071,0,985180,0
width_k2_seed44_current_tta,10m,common,0.3,SID18,2022-03-20,54325,9071,0,985180,0
width_k2_seed44_current_tta,10m,own,0.5,SID18,2022-03-20,54325,7433,0,986818,0
width_k2_seed44_current_tta,10m,common,0.5,SID18,2022-03-20,54325,7433,0,986818,0
width_k3_seed42_current_tta,10m,own,0.3,SID18,2022-03-20,54325,10155,0,984096,0
width_k3_seed42_current_tta,10m,common,0.3,SID18,2022-03-20,54325,10155,0,984096,0
width_k3_seed42_current_tta,10m,own,0.5,SID18,2022-03-20,54325,7236,0,987015,0
width_k3_seed42_current_tta,10m,common,0.5,SID18,2022-03-20,54325,7236,0,987015,0
width_k3_seed43_current_tta,10m,own,0.3,SID18,2022-03-20,54325,8655,0,985596,0
width_k3_seed43_current_tta,10m,common,0.3,SID18,2022-03-20,54325,8655,0,985596,0
width_k3_seed43_current_tta,10m,own,0.5,SID18,2022-03-20,54320,6717,5,987534,0
width_k3_seed43_current_tta,10m,common,0.5,SID18,2022-03-20,54320,6717,5,987534,0
width_k3_seed44_current_tta,10m,own,0.3,SID18,2022-03-20,54325,8786,0,985465,0
width_k3_seed44_current_tta,10m,common,0.3,SID18,2022-03-20,54325,8786,0,985465,0
width_k3_seed44_current_tta,10m,own,0.5,SID18,2022-03-20,54324,6672,1,987579,0
width_k3_seed44_current_tta,10m,common,0.5,SID18,2022-03-20,54324,6672,1,987579,0
width_k4_seed42_current_tta,10m,own,0.3,SID18,2022-03-20,54325,9077,0,985174,0
width_k4_seed42_current_tta,10m,common,0.3,SID18,2022-03-20,54325,9077,0,985174,0
width_k4_seed42_current_tta,10m,own,0.5,SID18,2022-03-20,54323,7310,2,986941,0
width_k4_seed42_current_tta,10m,common,0.5,SID18,2022-03-20,54323,7310,2,986941,0
width_k4_seed43_current_tta,10m,own,0.3,SID18,2022-03-20,54325,9122,0,985129,0
width_k4_seed43_current_tta,10m,common,0.3,SID18,2022-03-20,54325,9122,0,985129,0
width_k4_seed43_current_tta,10m,own,0.5,SID18,2022-03-20,54325,7289,0,986962,0
width_k4_seed43_current_tta,10m,common,0.5,SID18,2022-03-20,54325,7289,0,986962,0
width_k4_seed44_current_tta,10m,own,0.3,SID18,2022-03-20,54325,10935,0,983316,0
width_k4_seed44_current_tta,10m,common,0.3,SID18,2022-03-20,54325,10935,0,983316,0
width_k4_seed44_current_tta,10m,own,0.5,SID18,2022-03-20,54325,7970,0,986281,0
width_k4_seed44_current_tta,10m,common,0.5,SID18,2022-03-20,54325,7970,0,986281,0
width_k8_seed42_current_tta,10m,own,0.3,SID18,2022-03-20,54325,9553,0,984698,0
width_k8_seed42_current_tta,10m,common,0.3,SID18,2022-03-20,54325,9553,0,984698,0
width_k8_seed42_current_tta,10m,own,0.5,SID18,2022-03-20,54325,7637,0,986614,0
width_k8_seed42_current_tta,10m,common,0.5,SID18,2022-03-20,54325,7637,0,986614,0
width_k8_seed43_current_tta,10m,own,0.3,SID18,2022-03-20,54325,8655,0,985596,0
width_k8_seed43_current_tta,10m,common,0.3,SID18,2022-03-20,54325,8655,0,985596,0
width_k8_seed43_current_tta,10m,own,0.5,SID18,2022-03-20,54325,6646,0,987605,0
width_k8_seed43_current_tta,10m,common,0.5,SID18,2022-03-20,54325,6646,0,987605,0
width_k8_seed44_current_tta,10m,own,0.3,SID18,2022-03-20,54325,8399,0,985852,0
width_k8_seed44_current_tta,10m,common,0.3,SID18,2022-03-20,54325,8399,0,985852,0
width_k8_seed44_current_tta,10m,own,0.5,SID18,2022-03-20,54319,6617,6,987634,0
width_k8_seed44_current_tta,10m,common,0.5,SID18,2022-03-20,54319,6617,6,987634,0
width_k16_seed42_current_tta,10m,own,0.3,SID18,2022-03-20,54325,11889,0,982362,0
width_k16_seed42_current_tta,10m,common,0.3,SID18,2022-03-20,54325,11889,0,982362,0
width_k16_seed42_current_tta,10m,own,0.5,SID18,2022-03-20,54325,8359,0,985892,0
width_k16_seed42_current_tta,10m,common,0.5,SID18,2022-03-20,54325,8359,0,985892,0
width_k16_seed43_current_tta,10m,own,0.3,SID18,2022-03-20,54325,10450,0,983801,0
width_k16_seed43_current_tta,10m,common,0.3,SID18,2022-03-20,54325,10450,0,983801,0
width_k16_seed43_current_tta,10m,own,0.5,SID18,2022-03-20,54325,8510,0,985741,0
width_k16_seed43_current_tta,10m,common,0.5,SID18,2022-03-20,54325,8510,0,985741,0
width_k16_seed44_current_tta,10m,own,0.3,SID18,2022-03-20,54325,9787,0,984464,0
width_k16_seed44_current_tta,10m,common,0.3,SID18,2022-03-20,54325,9787,0,984464,0
width_k16_seed44_current_tta,10m,own,0.5,SID18,2022-03-20,54325,7914,0,986337,0
width_k16_seed44_current_tta,10m,common,0.5,SID18,2022-03-20,54325,7914,0,986337,0
train1000_k16_seed42_current_tta,10m,own,0.3,SID18,2022-03-20,54230,9810,95,984441,0
train1000_k16_seed42_current_tta,10m,common,0.3,SID18,2022-03-20,54230,9810,95,984441,0
train1000_k16_seed42_current_tta,10m,own,0.5,SID18,2022-03-20,53910,5149,415,989102,0
train1000_k16_seed42_current_tta,10m,common,0.5,SID18,2022-03-20,53910,5149,415,989102,0
train1000_k16_seed43_current_tta,10m,own,0.3,SID18,2022-03-20,54261,10017,64,984234,0
train1000_k16_seed43_current_tta,10m,common,0.3,SID18,2022-03-20,54261,10017,64,984234,0
train1000_k16_seed43_current_tta,10m,own,0.5,SID18,2022-03-20,53976,5349,349,988902,0
train1000_k16_seed43_current_tta,10m,common,0.5,SID18,2022-03-20,53976,5349,349,988902,0
train1000_k16_seed44_current_tta,10m,own,0.3,SID18,2022-03-20,54197,7540,128,986711,0
train1000_k16_seed44_current_tta,10m,common,0.3,SID18,2022-03-20,54197,7540,128,986711,0
train1000_k16_seed44_current_tta,10m,own,0.5,SID18,2022-03-20,53828,4364,497,989887,0
train1000_k16_seed44_current_tta,10m,common,0.5,SID18,2022-03-20,53828,4364,497,989887,0
train2000_k16_seed42_current_tta,10m,own,0.3,SID18,2022-03-20,54325,7052,0,987199,0
train2000_k16_seed42_current_tta,10m,common,0.3,SID18,2022-03-20,54325,7052,0,987199,0
train2000_k16_seed42_current_tta,10m,own,0.5,SID18,2022-03-20,54322,5303,3,988948,0
train2000_k16_seed42_current_tta,10m,common,0.5,SID18,2022-03-20,54322,5303,3,988948,0
train2000_k16_seed43_current_tta,10m,own,0.3,SID18,2022-03-20,54325,8354,0,985897,0
train2000_k16_seed43_current_tta,10m,common,0.3,SID18,2022-03-20,54325,8354,0,985897,0
train2000_k16_seed43_current_tta,10m,own,0.5,SID18,2022-03-20,54325,6508,0,987743,0
train2000_k16_seed43_current_tta,10m,common,0.5,SID18,2022-03-20,54325,6508,0,987743,0
train2000_k16_seed44_current_tta,10m,own,0.3,SID18,2022-03-20,54325,8119,0,986132,0
train2000_k16_seed44_current_tta,10m,common,0.3,SID18,2022-03-20,54325,8119,0,986132,0
train2000_k16_seed44_current_tta,10m,own,0.5,SID18,2022-03-20,54322,6334,3,987917,0
train2000_k16_seed44_current_tta,10m,common,0.5,SID18,2022-03-20,54322,6334,3,987917,0
train3000_k16_seed42_current_tta,10m,own,0.3,SID18,2022-03-20,54325,8767,0,985484,0
train3000_k16_seed42_current_tta,10m,common,0.3,SID18,2022-03-20,54325,8767,0,985484,0
train3000_k16_seed42_current_tta,10m,own,0.5,SID18,2022-03-20,54325,6794,0,987457,0
train3000_k16_seed42_current_tta,10m,common,0.5,SID18,2022-03-20,54325,6794,0,987457,0
train3000_k16_seed43_current_tta,10m,own,0.3,SID18,2022-03-20,54325,11268,0,982983,0
train3000_k16_seed43_current_tta,10m,common,0.3,SID18,2022-03-20,54325,11268,0,982983,0
train3000_k16_seed43_current_tta,10m,own,0.5,SID18,2022-03-20,54325,7905,0,986346,0
train3000_k16_seed43_current_tta,10m,common,0.5,SID18,2022-03-20,54325,7905,0,986346,0
train3000_k16_seed44_current_tta,10m,own,0.3,SID18,2022-03-20,54325,9364,0,984887,0
train3000_k16_seed44_current_tta,10m,common,0.3,SID18,2022-03-20,54325,9364,0,984887,0
train3000_k16_seed44_current_tta,10m,own,0.5,SID18,2022-03-20,54325,7542,0,986709,0
train3000_k16_seed44_current_tta,10m,common,0.5,SID18,2022-03-20,54325,7542,0,986709,0
width_k0_seed42_current_tta,10m,own,0.3,SID21,2021-10-26,295600,26210,8027,718739,0
width_k0_seed42_current_tta,10m,common,0.3,SID21,2021-10-26,295600,26210,8027,696638,0
width_k0_seed42_current_tta,10m,own,0.5,SID21,2021-10-26,294337,24010,9290,720939,0
width_k0_seed42_current_tta,10m,common,0.5,SID21,2021-10-26,294337,24010,9290,698838,0
width_k0_seed43_current_tta,10m,own,0.3,SID21,2021-10-26,296859,28805,6768,716144,0
width_k0_seed43_current_tta,10m,common,0.3,SID21,2021-10-26,296859,28805,6768,694043,0
width_k0_seed43_current_tta,10m,own,0.5,SID21,2021-10-26,295723,26377,7904,718572,0
width_k0_seed43_current_tta,10m,common,0.5,SID21,2021-10-26,295723,26377,7904,696471,0
width_k0_seed44_current_tta,10m,own,0.3,SID21,2021-10-26,294684,25442,8943,719507,0
width_k0_seed44_current_tta,10m,common,0.3,SID21,2021-10-26,294684,25442,8943,697406,0
width_k0_seed44_current_tta,10m,own,0.5,SID21,2021-10-26,293339,23283,10288,721666,0
width_k0_seed44_current_tta,10m,common,0.5,SID21,2021-10-26,293339,23283,10288,699565,0
width_k1_seed42_current_tta,10m,own,0.3,SID21,2021-10-26,298326,29025,5301,715924,0
width_k1_seed42_current_tta,10m,common,0.3,SID21,2021-10-26,298326,29025,5301,693823,0
width_k1_seed42_current_tta,10m,own,0.5,SID21,2021-10-26,297357,26242,6270,718707,0
width_k1_seed42_current_tta,10m,common,0.5,SID21,2021-10-26,297357,26242,6270,696606,0
width_k1_seed43_current_tta,10m,own,0.3,SID21,2021-10-26,297369,26114,6258,718835,0
width_k1_seed43_current_tta,10m,common,0.3,SID21,2021-10-26,297369,26114,6258,696734,0
width_k1_seed43_current_tta,10m,own,0.5,SID21,2021-10-26,296309,23296,7318,721653,0
width_k1_seed43_current_tta,10m,common,0.5,SID21,2021-10-26,296309,23296,7318,699552,0
width_k1_seed44_current_tta,10m,own,0.3,SID21,2021-10-26,298723,31795,4904,713154,0
width_k1_seed44_current_tta,10m,common,0.3,SID21,2021-10-26,298723,31795,4904,691053,0
width_k1_seed44_current_tta,10m,own,0.5,SID21,2021-10-26,298040,28123,5587,716826,0
width_k1_seed44_current_tta,10m,common,0.5,SID21,2021-10-26,298040,28123,5587,694725,0
width_k2_seed42_current_tta,10m,own,0.3,SID21,2021-10-26,298105,27469,5522,717480,0
width_k2_seed42_current_tta,10m,common,0.3,SID21,2021-10-26,298105,27469,5522,695379,0
width_k2_seed42_current_tta,10m,own,0.5,SID21,2021-10-26,297220,24760,6407,720189,0
width_k2_seed42_current_tta,10m,common,0.5,SID21,2021-10-26,297220,24760,6407,698088,0
width_k2_seed43_current_tta,10m,own,0.3,SID21,2021-10-26,299640,37716,3987,707233,0
width_k2_seed43_current_tta,10m,common,0.3,SID21,2021-10-26,299640,37716,3987,685132,0
width_k2_seed43_current_tta,10m,own,0.5,SID21,2021-10-26,299094,33336,4533,711613,0
width_k2_seed43_current_tta,10m,common,0.5,SID21,2021-10-26,299094,33336,4533,689512,0
width_k2_seed44_current_tta,10m,own,0.3,SID21,2021-10-26,297378,25506,6249,719443,0
width_k2_seed44_current_tta,10m,common,0.3,SID21,2021-10-26,297378,25506,6249,697342,0
width_k2_seed44_current_tta,10m,own,0.5,SID21,2021-10-26,296336,23062,7291,721887,0
width_k2_seed44_current_tta,10m,common,0.5,SID21,2021-10-26,296336,23062,7291,699786,0
width_k3_seed42_current_tta,10m,own,0.3,SID21,2021-10-26,297209,24285,6418,720664,0
width_k3_seed42_current_tta,10m,common,0.3,SID21,2021-10-26,297209,24285,6418,698563,0
width_k3_seed42_current_tta,10m,own,0.5,SID21,2021-10-26,296182,22136,7445,722813,0
width_k3_seed42_current_tta,10m,common,0.5,SID21,2021-10-26,296182,22136,7445,700712,0
width_k3_seed43_current_tta,10m,own,0.3,SID21,2021-10-26,297943,25035,5684,719914,0
width_k3_seed43_current_tta,10m,common,0.3,SID21,2021-10-26,297943,25035,5684,697813,0
width_k3_seed43_current_tta,10m,own,0.5,SID21,2021-10-26,297077,22874,6550,722075,0
width_k3_seed43_current_tta,10m,common,0.5,SID21,2021-10-26,297077,22874,6550,699974,0
width_k3_seed44_current_tta,10m,own,0.3,SID21,2021-10-26,297415,23938,6212,721011,0
width_k3_seed44_current_tta,10m,common,0.3,SID21,2021-10-26,297415,23938,6212,698910,0
width_k3_seed44_current_tta,10m,own,0.5,SID21,2021-10-26,296441,21587,7186,723362,0
width_k3_seed44_current_tta,10m,common,0.5,SID21,2021-10-26,296441,21587,7186,701261,0
width_k4_seed42_current_tta,10m,own,0.3,SID21,2021-10-26,297973,26408,5654,718541,0
width_k4_seed42_current_tta,10m,common,0.3,SID21,2021-10-26,297973,26408,5654,696440,0
width_k4_seed42_current_tta,10m,own,0.5,SID21,2021-10-26,297117,24194,6510,720755,0
width_k4_seed42_current_tta,10m,common,0.5,SID21,2021-10-26,297117,24194,6510,698654,0
width_k4_seed43_current_tta,10m,own,0.3,SID21,2021-10-26,297101,23265,6526,721684,0
width_k4_seed43_current_tta,10m,common,0.3,SID21,2021-10-26,297101,23265,6526,699583,0
width_k4_seed43_current_tta,10m,own,0.5,SID21,2021-10-26,296109,21268,7518,723681,0
width_k4_seed43_current_tta,10m,common,0.5,SID21,2021-10-26,296109,21268,7518,701580,0
width_k4_seed44_current_tta,10m,own,0.3,SID21,2021-10-26,298551,27979,5076,716970,0
width_k4_seed44_current_tta,10m,common,0.3,SID21,2021-10-26,298551,27979,5076,694869,0
width_k4_seed44_current_tta,10m,own,0.5,SID21,2021-10-26,297730,25246,5897,719703,0
width_k4_seed44_current_tta,10m,common,0.5,SID21,2021-10-26,297730,25246,5897,697602,0
width_k8_seed42_current_tta,10m,own,0.3,SID21,2021-10-26,298141,25874,5486,719075,0
width_k8_seed42_current_tta,10m,common,0.3,SID21,2021-10-26,298141,25874,5486,696974,0
width_k8_seed42_current_tta,10m,own,0.5,SID21,2021-10-26,297211,23655,6416,721294,0
width_k8_seed42_current_tta,10m,common,0.5,SID21,2021-10-26,297211,23655,6416,699193,0
width_k8_seed43_current_tta,10m,own,0.3,SID21,2021-10-26,296468,22131,7159,722818,0
width_k8_seed43_current_tta,10m,common,0.3,SID21,2021-10-26,296468,22131,7159,700717,0
width_k8_seed43_current_tta,10m,own,0.5,SID21,2021-10-26,295277,20087,8350,724862,0
width_k8_seed43_current_tta,10m,common,0.5,SID21,2021-10-26,295277,20087,8350,702761,0
width_k8_seed44_current_tta,10m,own,0.3,SID21,2021-10-26,297047,23419,6580,721530,0
width_k8_seed44_current_tta,10m,common,0.3,SID21,2021-10-26,297047,23419,6580,699429,0
width_k8_seed44_current_tta,10m,own,0.5,SID21,2021-10-26,295991,21442,7636,723507,0
width_k8_seed44_current_tta,10m,common,0.5,SID21,2021-10-26,295991,21442,7636,701406,0
width_k16_seed42_current_tta,10m,own,0.3,SID21,2021-10-26,297239,22519,6388,722430,0
width_k16_seed42_current_tta,10m,common,0.3,SID21,2021-10-26,297239,22519,6388,700329,0
width_k16_seed42_current_tta,10m,own,0.5,SID21,2021-10-26,296278,20691,7349,724258,0
width_k16_seed42_current_tta,10m,common,0.5,SID21,2021-10-26,296278,20691,7349,702157,0
width_k16_seed43_current_tta,10m,own,0.3,SID21,2021-10-26,298362,25731,5265,719218,0
width_k16_seed43_current_tta,10m,common,0.3,SID21,2021-10-26,298362,25731,5265,697117,0
width_k16_seed43_current_tta,10m,own,0.5,SID21,2021-10-26,297570,23541,6057,721408,0
width_k16_seed43_current_tta,10m,common,0.5,SID21,2021-10-26,297570,23541,6057,699307,0
width_k16_seed44_current_tta,10m,own,0.3,SID21,2021-10-26,297436,22634,6191,722315,0
width_k16_seed44_current_tta,10m,common,0.3,SID21,2021-10-26,297436,22634,6191,700214,0
width_k16_seed44_current_tta,10m,own,0.5,SID21,2021-10-26,296546,20698,7081,724251,0
width_k16_seed44_current_tta,10m,common,0.5,SID21,2021-10-26,296546,20698,7081,702150,0
train1000_k16_seed42_current_tta,10m,own,0.3,SID21,2021-10-26,297078,25603,6549,719346,0
train1000_k16_seed42_current_tta,10m,common,0.3,SID21,2021-10-26,297078,25603,6549,697245,0
train1000_k16_seed42_current_tta,10m,own,0.5,SID21,2021-10-26,295535,22631,8092,722318,0
train1000_k16_seed42_current_tta,10m,common,0.5,SID21,2021-10-26,295535,22631,8092,700217,0
train1000_k16_seed43_current_tta,10m,own,0.3,SID21,2021-10-26,297598,28912,6029,716037,0
train1000_k16_seed43_current_tta,10m,common,0.3,SID21,2021-10-26,297598,28912,6029,693936,0
train1000_k16_seed43_current_tta,10m,own,0.5,SID21,2021-10-26,296276,24844,7351,720105,0
train1000_k16_seed43_current_tta,10m,common,0.5,SID21,2021-10-26,296276,24844,7351,698004,0
train1000_k16_seed44_current_tta,10m,own,0.3,SID21,2021-10-26,296143,24377,7484,720572,0
train1000_k16_seed44_current_tta,10m,common,0.3,SID21,2021-10-26,296143,24377,7484,698471,0
train1000_k16_seed44_current_tta,10m,own,0.5,SID21,2021-10-26,294507,21422,9120,723527,0
train1000_k16_seed44_current_tta,10m,common,0.5,SID21,2021-10-26,294507,21422,9120,701426,0
train2000_k16_seed42_current_tta,10m,own,0.3,SID21,2021-10-26,297172,23437,6455,721512,0
train2000_k16_seed42_current_tta,10m,common,0.3,SID21,2021-10-26,297172,23437,6455,699411,0
train2000_k16_seed42_current_tta,10m,own,0.5,SID21,2021-10-26,296126,21091,7501,723858,0
train2000_k16_seed42_current_tta,10m,common,0.5,SID21,2021-10-26,296126,21091,7501,701757,0
train2000_k16_seed43_current_tta,10m,own,0.3,SID21,2021-10-26,298837,29215,4790,715734,0
train2000_k16_seed43_current_tta,10m,common,0.3,SID21,2021-10-26,298837,29215,4790,693633,0
train2000_k16_seed43_current_tta,10m,own,0.5,SID21,2021-10-26,297994,25770,5633,719179,0
train2000_k16_seed43_current_tta,10m,common,0.5,SID21,2021-10-26,297994,25770,5633,697078,0
train2000_k16_seed44_current_tta,10m,own,0.3,SID21,2021-10-26,298178,25932,5449,719017,0
train2000_k16_seed44_current_tta,10m,common,0.3,SID21,2021-10-26,298178,25932,5449,696916,0
train2000_k16_seed44_current_tta,10m,own,0.5,SID21,2021-10-26,297244,23096,6383,721853,0
train2000_k16_seed44_current_tta,10m,common,0.5,SID21,2021-10-26,297244,23096,6383,699752,0
train3000_k16_seed42_current_tta,10m,own,0.3,SID21,2021-10-26,297035,22327,6592,722622,0
train3000_k16_seed42_current_tta,10m,common,0.3,SID21,2021-10-26,297035,22327,6592,700521,0
train3000_k16_seed42_current_tta,10m,own,0.5,SID21,2021-10-26,296037,20357,7590,724592,0
train3000_k16_seed42_current_tta,10m,common,0.5,SID21,2021-10-26,296037,20357,7590,702491,0
train3000_k16_seed43_current_tta,10m,own,0.3,SID21,2021-10-26,298426,25681,5201,719268,0
train3000_k16_seed43_current_tta,10m,common,0.3,SID21,2021-10-26,298426,25681,5201,697167,0
train3000_k16_seed43_current_tta,10m,own,0.5,SID21,2021-10-26,297556,23154,6071,721795,0
train3000_k16_seed43_current_tta,10m,common,0.5,SID21,2021-10-26,297556,23154,6071,699694,0
train3000_k16_seed44_current_tta,10m,own,0.3,SID21,2021-10-26,298085,24875,5542,720074,0
train3000_k16_seed44_current_tta,10m,common,0.3,SID21,2021-10-26,298085,24875,5542,697973,0
train3000_k16_seed44_current_tta,10m,own,0.5,SID21,2021-10-26,297233,22642,6394,722307,0
train3000_k16_seed44_current_tta,10m,common,0.5,SID21,2021-10-26,297233,22642,6394,700206,0
width_k0_seed42_current_tta,10m,own,0.3,SID22,2021-12-21,254404,23833,20062,750277,0
width_k0_seed42_current_tta,10m,common,0.3,SID22,2021-12-21,251436,19520,15401,566211,0
width_k0_seed42_current_tta,10m,own,0.5,SID22,2021-12-21,250086,18383,24380,755727,0
width_k0_seed42_current_tta,10m,common,0.5,SID22,2021-12-21,247559,15159,19278,570572,0
width_k0_seed43_current_tta,10m,own,0.3,SID22,2021-12-21,259597,43934,14869,730176,0
width_k0_seed43_current_tta,10m,common,0.3,SID22,2021-12-21,256279,35961,10558,549770,0
width_k0_seed43_current_tta,10m,own,0.5,SID22,2021-12-21,257570,35252,16896,738858,0
width_k0_seed43_current_tta,10m,common,0.5,SID22,2021-12-21,254570,28652,12267,557079,0
width_k0_seed44_current_tta,10m,own,0.3,SID22,2021-12-21,256398,26007,18068,748103,0
width_k0_seed44_current_tta,10m,common,0.3,SID22,2021-12-21,253428,21521,13409,564210,0
width_k0_seed44_current_tta,10m,own,0.5,SID22,2021-12-21,252845,20193,21621,753917,0
width_k0_seed44_current_tta,10m,common,0.5,SID22,2021-12-21,250251,16895,16586,568836,0
width_k1_seed42_current_tta,10m,own,0.3,SID22,2021-12-21,262366,17183,12100,756927,0
width_k1_seed42_current_tta,10m,common,0.3,SID22,2021-12-21,258232,15222,8605,570509,0
width_k1_seed42_current_tta,10m,own,0.5,SID22,2021-12-21,259314,12384,15152,761726,0
width_k1_seed42_current_tta,10m,common,0.5,SID22,2021-12-21,255803,11283,11034,574448,0
width_k1_seed43_current_tta,10m,own,0.3,SID22,2021-12-21,265101,26845,9365,747265,0
width_k1_seed43_current_tta,10m,common,0.3,SID22,2021-12-21,260803,23349,6034,562382,0
width_k1_seed43_current_tta,10m,own,0.5,SID22,2021-12-21,262990,20652,11476,753458,0
width_k1_seed43_current_tta,10m,common,0.5,SID22,2021-12-21,259224,18285,7613,567446,0
width_k1_seed44_current_tta,10m,own,0.3,SID22,2021-12-21,263116,24718,11350,749392,0
width_k1_seed44_current_tta,10m,common,0.3,SID22,2021-12-21,259313,21419,7524,564312,0
width_k1_seed44_current_tta,10m,own,0.5,SID22,2021-12-21,260578,18309,13888,755801,0
width_k1_seed44_current_tta,10m,common,0.5,SID22,2021-12-21,257163,16192,9674,569539,0
width_k2_seed42_current_tta,10m,own,0.3,SID22,2021-12-21,269099,34881,5367,739229,0
width_k2_seed42_current_tta,10m,common,0.3,SID22,2021-12-21,262590,29343,4247,556388,0
width_k2_seed42_current_tta,10m,own,0.5,SID22,2021-12-21,267807,27513,6659,746597,0
width_k2_seed42_current_tta,10m,common,0.5,SID22,2021-12-21,261801,23650,5036,562081,0
width_k2_seed43_current_tta,10m,own,0.3,SID22,2021-12-21,268779,29582,5687,744528,0
width_k2_seed43_current_tta,10m,common,0.3,SID22,2021-12-21,261996,24717,4841,561014,0
width_k2_seed43_current_tta,10m,own,0.5,SID22,2021-12-21,267241,22806,7225,751304,0
width_k2_seed43_current_tta,10m,common,0.5,SID22,2021-12-21,260886,19612,5951,566119,0
width_k2_seed44_current_tta,10m,own,0.3,SID22,2021-12-21,268295,32624,6171,741486,0
width_k2_seed44_current_tta,10m,common,0.3,SID22,2021-12-21,262021,27208,4816,558523,0
width_k2_seed44_current_tta,10m,own,0.5,SID22,2021-12-21,266823,25468,7643,748642,0
width_k2_seed44_current_tta,10m,common,0.5,SID22,2021-12-21,261068,21668,5769,564063,0
width_k3_seed42_current_tta,10m,own,0.3,SID22,2021-12-21,268964,30519,5502,743591,0
width_k3_seed42_current_tta,10m,common,0.3,SID22,2021-12-21,262163,25168,4674,560563,0
width_k3_seed42_current_tta,10m,own,0.5,SID22,2021-12-21,267556,23726,6910,750384,0
width_k3_seed42_current_tta,10m,common,0.5,SID22,2021-12-21,261162,20094,5675,565637,0
width_k3_seed43_current_tta,10m,own,0.3,SID22,2021-12-21,268461,33975,6005,740135,0
width_k3_seed43_current_tta,10m,common,0.3,SID22,2021-12-21,262198,28476,4639,557255,0
width_k3_seed43_current_tta,10m,own,0.5,SID22,2021-12-21,267099,26881,7367,747229,0
width_k3_seed43_current_tta,10m,common,0.5,SID22,2021-12-21,261324,22967,5513,562764,0
width_k3_seed44_current_tta,10m,own,0.3,SID22,2021-12-21,266338,20826,8128,753284,0
width_k3_seed44_current_tta,10m,common,0.3,SID22,2021-12-21,260652,18070,6185,567661,0
width_k3_seed44_current_tta,10m,own,0.5,SID22,2021-12-21,264211,15552,10255,758558,0
width_k3_seed44_current_tta,10m,common,0.5,SID22,2021-12-21,259153,13770,7684,571961,0
width_k4_seed42_current_tta,10m,own,0.3,SID22,2021-12-21,267837,28466,6629,745644,0
width_k4_seed42_current_tta,10m,common,0.3,SID22,2021-12-21,261569,24141,5268,561590,0
width_k4_seed42_current_tta,10m,own,0.5,SID22,2021-12-21,266278,22447,8188,751663,0
width_k4_seed42_current_tta,10m,common,0.5,SID22,2021-12-21,260558,19353,6279,566378,0
width_k4_seed43_current_tta,10m,own,0.3,SID22,2021-12-21,268215,28271,6251,745839,0
width_k4_seed43_current_tta,10m,common,0.3,SID22,2021-12-21,261898,23942,4939,561789,0
width_k4_seed43_current_tta,10m,own,0.5,SID22,2021-12-21,266807,22105,7659,752005,0
width_k4_seed43_current_tta,10m,common,0.5,SID22,2021-12-21,260950,19097,5887,566634,0
width_k4_seed44_current_tta,10m,own,0.3,SID22,2021-12-21,267111,24821,7355,749289,0
width_k4_seed44_current_tta,10m,common,0.3,SID22,2021-12-21,261149,21269,5688,564462,0
width_k4_seed44_current_tta,10m,own,0.5,SID22,2021-12-21,265297,19203,9169,754907,0
width_k4_seed44_current_tta,10m,common,0.5,SID22,2021-12-21,259923,16758,6914,568973,0
width_k8_seed42_current_tta,10m,own,0.3,SID22,2021-12-21,269733,35102,4733,739008,0
width_k8_seed42_current_tta,10m,common,0.3,SID22,2021-12-21,262679,28747,4158,556984,0
width_k8_seed42_current_tta,10m,own,0.5,SID22,2021-12-21,268660,27871,5806,746239,0
width_k8_seed42_current_tta,10m,common,0.5,SID22,2021-12-21,261914,23192,4923,562539,0
width_k8_seed43_current_tta,10m,own,0.3,SID22,2021-12-21,268499,29174,5967,744936,0
width_k8_seed43_current_tta,10m,common,0.3,SID22,2021-12-21,262051,24665,4786,561066,0
width_k8_seed43_current_tta,10m,own,0.5,SID22,2021-12-21,267136,22767,7330,751343,0
width_k8_seed43_current_tta,10m,common,0.5,SID22,2021-12-21,261100,19676,5737,566055,0
width_k8_seed44_current_tta,10m,own,0.3,SID22,2021-12-21,269606,33454,4860,740656,0
width_k8_seed44_current_tta,10m,common,0.3,SID22,2021-12-21,262535,27538,4302,558193,0
width_k8_seed44_current_tta,10m,own,0.5,SID22,2021-12-21,268486,26427,5980,747683,0
width_k8_seed44_current_tta,10m,common,0.5,SID22,2021-12-21,261741,22146,5096,563585,0
width_k16_seed42_current_tta,10m,own,0.3,SID22,2021-12-21,269516,34817,4950,739293,0
width_k16_seed42_current_tta,10m,common,0.3,SID22,2021-12-21,262695,28791,4142,556940,0
width_k16_seed42_current_tta,10m,own,0.5,SID22,2021-12-21,268529,28323,5937,745787,0
width_k16_seed42_current_tta,10m,common,0.5,SID22,2021-12-21,262040,23829,4797,561902,0
width_k16_seed43_current_tta,10m,own,0.3,SID22,2021-12-21,269204,33164,5262,740946,0
width_k16_seed43_current_tta,10m,common,0.3,SID22,2021-12-21,262500,27812,4337,557919,0
width_k16_seed43_current_tta,10m,own,0.5,SID22,2021-12-21,268066,26718,6400,747392,0
width_k16_seed43_current_tta,10m,common,0.5,SID22,2021-12-21,261733,22875,5104,562856,0
width_k16_seed44_current_tta,10m,own,0.3,SID22,2021-12-21,269668,35443,4798,738667,0
width_k16_seed44_current_tta,10m,common,0.3,SID22,2021-12-21,262701,29386,4136,556345,0
width_k16_seed44_current_tta,10m,own,0.5,SID22,2021-12-21,268672,28605,5794,745505,0
width_k16_seed44_current_tta,10m,common,0.5,SID22,2021-12-21,262041,24137,4796,561594,0
train1000_k16_seed42_current_tta,10m,own,0.3,SID22,2021-12-21,258758,28137,15708,745973,0
train1000_k16_seed42_current_tta,10m,common,0.3,SID22,2021-12-21,255481,22648,11356,563083,0
train1000_k16_seed42_current_tta,10m,own,0.5,SID22,2021-12-21,255297,19045,19169,755065,0
train1000_k16_seed42_current_tta,10m,common,0.5,SID22,2021-12-21,252402,15257,14435,570474,0
train1000_k16_seed43_current_tta,10m,own,0.3,SID22,2021-12-21,259035,28605,15431,745505,0
train1000_k16_seed43_current_tta,10m,common,0.3,SID22,2021-12-21,255903,23315,10934,562416,0
train1000_k16_seed43_current_tta,10m,own,0.5,SID22,2021-12-21,255815,19003,18651,755107,0
train1000_k16_seed43_current_tta,10m,common,0.5,SID22,2021-12-21,253098,16001,13739,569730,0
train1000_k16_seed44_current_tta,10m,own,0.3,SID22,2021-12-21,257094,28193,17372,745917,0
train1000_k16_seed44_current_tta,10m,common,0.3,SID22,2021-12-21,254140,22490,12697,563241,0
train1000_k16_seed44_current_tta,10m,own,0.5,SID22,2021-12-21,253542,19607,20924,754503,0
train1000_k16_seed44_current_tta,10m,common,0.5,SID22,2021-12-21,250982,15425,15855,570306,0
train2000_k16_seed42_current_tta,10m,own,0.3,SID22,2021-12-21,268279,27518,6187,746592,0
train2000_k16_seed42_current_tta,10m,common,0.3,SID22,2021-12-21,261952,23396,4885,562335,0
train2000_k16_seed42_current_tta,10m,own,0.5,SID22,2021-12-21,266684,20950,7782,753160,0
train2000_k16_seed42_current_tta,10m,common,0.5,SID22,2021-12-21,260885,18196,5952,567535,0
train2000_k16_seed43_current_tta,10m,own,0.3,SID22,2021-12-21,267001,27775,7465,746335,0
train2000_k16_seed43_current_tta,10m,common,0.3,SID22,2021-12-21,261435,24170,5402,561561,0
train2000_k16_seed43_current_tta,10m,own,0.5,SID22,2021-12-21,265023,21220,9443,752890,0
train2000_k16_seed43_current_tta,10m,common,0.5,SID22,2021-12-21,260174,18767,6663,566964,0
train2000_k16_seed44_current_tta,10m,own,0.3,SID22,2021-12-21,267358,28679,7108,745431,0
train2000_k16_seed44_current_tta,10m,common,0.3,SID22,2021-12-21,261691,24734,5146,560997,0
train2000_k16_seed44_current_tta,10m,own,0.5,SID22,2021-12-21,265679,22134,8787,751976,0
train2000_k16_seed44_current_tta,10m,common,0.5,SID22,2021-12-21,260608,19372,6229,566359,0
train3000_k16_seed42_current_tta,10m,own,0.3,SID22,2021-12-21,269385,30835,5081,743275,0
train3000_k16_seed42_current_tta,10m,common,0.3,SID22,2021-12-21,262455,25455,4382,560276,0
train3000_k16_seed42_current_tta,10m,own,0.5,SID22,2021-12-21,268312,24533,6154,749577,0
train3000_k16_seed42_current_tta,10m,common,0.5,SID22,2021-12-21,261691,20675,5146,565056,0
train3000_k16_seed43_current_tta,10m,own,0.3,SID22,2021-12-21,268935,31867,5531,742243,0
train3000_k16_seed43_current_tta,10m,common,0.3,SID22,2021-12-21,262385,26875,4452,558856,0
train3000_k16_seed43_current_tta,10m,own,0.5,SID22,2021-12-21,267632,25324,6834,748786,0
train3000_k16_seed43_current_tta,10m,common,0.5,SID22,2021-12-21,261511,21754,5326,563977,0
train3000_k16_seed44_current_tta,10m,own,0.3,SID22,2021-12-21,269165,32356,5301,741754,0
train3000_k16_seed44_current_tta,10m,common,0.3,SID22,2021-12-21,262413,27199,4424,558532,0
train3000_k16_seed44_current_tta,10m,own,0.5,SID22,2021-12-21,267941,25813,6525,748297,0
train3000_k16_seed44_current_tta,10m,common,0.5,SID22,2021-12-21,261614,22038,5223,563693,0
width_k0_seed42_current_tta,10m,own,0.3,SID23,2022-03-22,3102,2524,127854,915096,0
width_k0_seed42_current_tta,10m,common,0.3,SID23,2022-03-22,3102,2524,127776,890810,0
width_k0_seed42_current_tta,10m,own,0.5,SID23,2022-03-22,2063,1754,128893,915866,0
width_k0_seed42_current_tta,10m,common,0.5,SID23,2022-03-22,2063,1754,128815,891580,0
width_k0_seed43_current_tta,10m,own,0.3,SID23,2022-03-22,5178,4563,125778,913057,0
width_k0_seed43_current_tta,10m,common,0.3,SID23,2022-03-22,5178,4563,125700,888771,0
width_k0_seed43_current_tta,10m,own,0.5,SID23,2022-03-22,4016,3323,126940,914297,0
width_k0_seed43_current_tta,10m,common,0.5,SID23,2022-03-22,4016,3323,126862,890011,0
width_k0_seed44_current_tta,10m,own,0.3,SID23,2022-03-22,1995,2113,128961,915507,0
width_k0_seed44_current_tta,10m,common,0.3,SID23,2022-03-22,1995,2113,128883,891221,0
width_k0_seed44_current_tta,10m,own,0.5,SID23,2022-03-22,1061,1174,129895,916446,0
width_k0_seed44_current_tta,10m,common,0.5,SID23,2022-03-22,1061,1174,129817,892160,0
width_k1_seed42_current_tta,10m,own,0.3,SID23,2022-03-22,116201,4703,14755,912917,0
width_k1_seed42_current_tta,10m,common,0.3,SID23,2022-03-22,116199,4703,14679,888631,0
width_k1_seed42_current_tta,10m,own,0.5,SID23,2022-03-22,112482,3312,18474,914308,0
width_k1_seed42_current_tta,10m,common,0.5,SID23,2022-03-22,112482,3312,18396,890022,0
width_k1_seed43_current_tta,10m,own,0.3,SID23,2022-03-22,117824,5446,13132,912174,0
width_k1_seed43_current_tta,10m,common,0.3,SID23,2022-03-22,117819,5446,13059,887888,0
width_k1_seed43_current_tta,10m,own,0.5,SID23,2022-03-22,113632,3674,17324,913946,0
width_k1_seed43_current_tta,10m,common,0.5,SID23,2022-03-22,113632,3674,17246,889660,0
width_k1_seed44_current_tta,10m,own,0.3,SID23,2022-03-22,118480,6216,12476,911404,0
width_k1_seed44_current_tta,10m,common,0.3,SID23,2022-03-22,118480,6216,12398,887118,0
width_k1_seed44_current_tta,10m,own,0.5,SID23,2022-03-22,113013,3945,17943,913675,0
width_k1_seed44_current_tta,10m,common,0.5,SID23,2022-03-22,113013,3945,17865,889389,0
width_k2_seed42_current_tta,10m,own,0.3,SID23,2022-03-22,121631,7017,9325,910603,0
width_k2_seed42_current_tta,10m,common,0.3,SID23,2022-03-22,121621,7017,9257,886317,0
width_k2_seed42_current_tta,10m,own,0.5,SID23,2022-03-22,117884,4803,13072,912817,0
width_k2_seed42_current_tta,10m,common,0.5,SID23,2022-03-22,117881,4803,12997,888531,0
width_k2_seed43_current_tta,10m,own,0.3,SID23,2022-03-22,115858,4582,15098,913038,0
width_k2_seed43_current_tta,10m,common,0.3,SID23,2022-03-22,115857,4582,15021,888752,0
width_k2_seed43_current_tta,10m,own,0.5,SID23,2022-03-22,112219,3506,18737,914114,0
width_k2_seed43_current_tta,10m,common,0.5,SID23,2022-03-22,112219,3506,18659,889828,0
width_k2_seed44_current_tta,10m,own,0.3,SID23,2022-03-22,118062,6284,12894,911336,0
width_k2_seed44_current_tta,10m,common,0.3,SID23,2022-03-22,118049,6284,12829,887050,0
width_k2_seed44_current_tta,10m,own,0.5,SID23,2022-03-22,114239,4470,16717,913150,0
width_k2_seed44_current_tta,10m,common,0.5,SID23,2022-03-22,114233,4470,16645,888864,0
width_k3_seed42_current_tta,10m,own,0.3,SID23,2022-03-22,123552,9438,7404,908182,0
width_k3_seed42_current_tta,10m,common,0.3,SID23,2022-03-22,123529,9438,7349,883896,0
width_k3_seed42_current_tta,10m,own,0.5,SID23,2022-03-22,119946,6962,11010,910658,0
width_k3_seed42_current_tta,10m,common,0.5,SID23,2022-03-22,119931,6962,10947,886372,0
width_k3_seed43_current_tta,10m,own,0.3,SID23,2022-03-22,118422,6003,12534,911617,0
width_k3_seed43_current_tta,10m,common,0.3,SID23,2022-03-22,118401,6003,12477,887331,0
width_k3_seed43_current_tta,10m,own,0.5,SID23,2022-03-22,114624,4385,16332,913235,0
width_k3_seed43_current_tta,10m,common,0.5,SID23,2022-03-22,114610,4385,16268,888949,0
width_k3_seed44_current_tta,10m,own,0.3,SID23,2022-03-22,122132,6580,8824,911040,0
width_k3_seed44_current_tta,10m,common,0.3,SID23,2022-03-22,122114,6580,8764,886754,0
width_k3_seed44_current_tta,10m,own,0.5,SID23,2022-03-22,118306,4717,12650,912903,0
width_k3_seed44_current_tta,10m,common,0.5,SID23,2022-03-22,118295,4717,12583,888617,0
width_k4_seed42_current_tta,10m,own,0.3,SID23,2022-03-22,118863,5525,12093,912095,0
width_k4_seed42_current_tta,10m,common,0.3,SID23,2022-03-22,118845,5525,12033,887809,0
width_k4_seed42_current_tta,10m,own,0.5,SID23,2022-03-22,115076,4066,15880,913554,0
width_k4_seed42_current_tta,10m,common,0.5,SID23,2022-03-22,115065,4066,15813,889268,0
width_k4_seed43_current_tta,10m,own,0.3,SID23,2022-03-22,122125,7741,8831,909879,0
width_k4_seed43_current_tta,10m,common,0.3,SID23,2022-03-22,122111,7741,8767,885593,0
width_k4_seed43_current_tta,10m,own,0.5,SID23,2022-03-22,118585,5618,12371,912002,0
width_k4_seed43_current_tta,10m,common,0.5,SID23,2022-03-22,118576,5618,12302,887716,0
width_k4_seed44_current_tta,10m,own,0.3,SID23,2022-03-22,122927,8378,8029,909242,0
width_k4_seed44_current_tta,10m,common,0.3,SID23,2022-03-22,122906,8378,7972,884956,0
width_k4_seed44_current_tta,10m,own,0.5,SID23,2022-03-22,119327,5995,11629,911625,0
width_k4_seed44_current_tta,10m,common,0.5,SID23,2022-03-22,119315,5995,11563,887339,0
width_k8_seed42_current_tta,10m,own,0.3,SID23,2022-03-22,121093,7232,9863,910388,0
width_k8_seed42_current_tta,10m,common,0.3,SID23,2022-03-22,121070,7232,9808,886102,0
width_k8_seed42_current_tta,10m,own,0.5,SID23,2022-03-22,117289,5435,13667,912185,0
width_k8_seed42_current_tta,10m,common,0.5,SID23,2022-03-22,117274,5435,13604,887899,0
width_k8_seed43_current_tta,10m,own,0.3,SID23,2022-03-22,124492,8666,6464,908954,0
width_k8_seed43_current_tta,10m,common,0.3,SID23,2022-03-22,124474,8666,6404,884668,0
width_k8_seed43_current_tta,10m,own,0.5,SID23,2022-03-22,120754,6145,10202,911475,0
width_k8_seed43_current_tta,10m,common,0.5,SID23,2022-03-22,120743,6145,10135,887189,0
width_k8_seed44_current_tta,10m,own,0.3,SID23,2022-03-22,120917,7085,10039,910535,0
width_k8_seed44_current_tta,10m,common,0.3,SID23,2022-03-22,120899,7085,9979,886249,0
width_k8_seed44_current_tta,10m,own,0.5,SID23,2022-03-22,116974,5163,13982,912457,0
width_k8_seed44_current_tta,10m,common,0.5,SID23,2022-03-22,116965,5163,13913,888171,0
width_k16_seed42_current_tta,10m,own,0.3,SID23,2022-03-22,121393,8717,9563,908903,0
width_k16_seed42_current_tta,10m,common,0.3,SID23,2022-03-22,121366,8709,9512,884625,0
width_k16_seed42_current_tta,10m,own,0.5,SID23,2022-03-22,117902,6474,13054,911146,0
width_k16_seed42_current_tta,10m,common,0.5,SID23,2022-03-22,117885,6474,12993,886860,0
width_k16_seed43_current_tta,10m,own,0.3,SID23,2022-03-22,119258,7296,11698,910324,0
width_k16_seed43_current_tta,10m,common,0.3,SID23,2022-03-22,119234,7296,11644,886038,0
width_k16_seed43_current_tta,10m,own,0.5,SID23,2022-03-22,115679,5354,15277,912266,0
width_k16_seed43_current_tta,10m,common,0.5,SID23,2022-03-22,115664,5354,15214,887980,0
width_k16_seed44_current_tta,10m,own,0.3,SID23,2022-03-22,117468,6578,13488,911042,0
width_k16_seed44_current_tta,10m,common,0.3,SID23,2022-03-22,117446,6578,13432,886756,0
width_k16_seed44_current_tta,10m,own,0.5,SID23,2022-03-22,113726,4920,17230,912700,0
width_k16_seed44_current_tta,10m,common,0.5,SID23,2022-03-22,113714,4920,17164,888414,0
train1000_k16_seed42_current_tta,10m,own,0.3,SID23,2022-03-22,42648,2671,88308,914949,0
train1000_k16_seed42_current_tta,10m,common,0.3,SID23,2022-03-22,42648,2671,88230,890663,0
train1000_k16_seed42_current_tta,10m,own,0.5,SID23,2022-03-22,11820,1635,119136,915985,0
train1000_k16_seed42_current_tta,10m,common,0.5,SID23,2022-03-22,11820,1635,119058,891699,0
train1000_k16_seed43_current_tta,10m,own,0.3,SID23,2022-03-22,30781,3267,100175,914353,0
train1000_k16_seed43_current_tta,10m,common,0.3,SID23,2022-03-22,30781,3267,100097,890067,0
train1000_k16_seed43_current_tta,10m,own,0.5,SID23,2022-03-22,10522,1503,120434,916117,0
train1000_k16_seed43_current_tta,10m,common,0.5,SID23,2022-03-22,10522,1503,120356,891831,0
train1000_k16_seed44_current_tta,10m,own,0.3,SID23,2022-03-22,8964,2021,121992,915599,0
train1000_k16_seed44_current_tta,10m,common,0.3,SID23,2022-03-22,8964,2021,121914,891313,0
train1000_k16_seed44_current_tta,10m,own,0.5,SID23,2022-03-22,4057,839,126899,916781,0
train1000_k16_seed44_current_tta,10m,common,0.5,SID23,2022-03-22,4057,839,126821,892495,0
train2000_k16_seed42_current_tta,10m,own,0.3,SID23,2022-03-22,122946,7599,8010,910021,0
train2000_k16_seed42_current_tta,10m,common,0.3,SID23,2022-03-22,122927,7594,7951,885740,0
train2000_k16_seed42_current_tta,10m,own,0.5,SID23,2022-03-22,119043,5362,11913,912258,0
train2000_k16_seed42_current_tta,10m,common,0.5,SID23,2022-03-22,119033,5362,11845,887972,0
train2000_k16_seed43_current_tta,10m,own,0.3,SID23,2022-03-22,122889,7480,8067,910140,0
train2000_k16_seed43_current_tta,10m,common,0.3,SID23,2022-03-22,122864,7480,8014,885854,0
train2000_k16_seed43_current_tta,10m,own,0.5,SID23,2022-03-22,118552,5239,12404,912381,0
train2000_k16_seed43_current_tta,10m,common,0.5,SID23,2022-03-22,118536,5239,12342,888095,0
train2000_k16_seed44_current_tta,10m,own,0.3,SID23,2022-03-22,123721,7696,7235,909924,0
train2000_k16_seed44_current_tta,10m,common,0.3,SID23,2022-03-22,123699,7696,7179,885638,0
train2000_k16_seed44_current_tta,10m,own,0.5,SID23,2022-03-22,120367,5537,10589,912083,0
train2000_k16_seed44_current_tta,10m,common,0.5,SID23,2022-03-22,120354,5537,10524,887797,0
train3000_k16_seed42_current_tta,10m,own,0.3,SID23,2022-03-22,121743,8113,9213,909507,0
train3000_k16_seed42_current_tta,10m,common,0.3,SID23,2022-03-22,121717,8106,9161,885228,0
train3000_k16_seed42_current_tta,10m,own,0.5,SID23,2022-03-22,118018,5902,12938,911718,0
train3000_k16_seed42_current_tta,10m,common,0.5,SID23,2022-03-22,118001,5902,12877,887432,0
train3000_k16_seed43_current_tta,10m,own,0.3,SID23,2022-03-22,120810,7934,10146,909686,0
train3000_k16_seed43_current_tta,10m,common,0.3,SID23,2022-03-22,120775,7925,10103,885409,0
train3000_k16_seed43_current_tta,10m,own,0.5,SID23,2022-03-22,117286,5840,13670,911780,0
train3000_k16_seed43_current_tta,10m,common,0.5,SID23,2022-03-22,117264,5840,13614,887494,0
train3000_k16_seed44_current_tta,10m,own,0.3,SID23,2022-03-22,121551,7151,9405,910469,0
train3000_k16_seed44_current_tta,10m,common,0.3,SID23,2022-03-22,121526,7151,9352,886183,0
train3000_k16_seed44_current_tta,10m,own,0.5,SID23,2022-03-22,118165,5276,12791,912344,0
train3000_k16_seed44_current_tta,10m,common,0.5,SID23,2022-03-22,118148,5276,12730,888058,0
width_k0_seed42_current_tta,10m,own,0.3,SID25,2022-03-19,92559,31462,13370,911185,0
width_k0_seed42_current_tta,10m,common,0.3,SID25,2022-03-19,28977,8485,4773,253734,0
width_k0_seed42_current_tta,10m,own,0.5,SID25,2022-03-19,91592,27740,14337,914907,0
width_k0_seed42_current_tta,10m,common,0.5,SID25,2022-03-19,28593,6731,5157,255488,0
width_k0_seed43_current_tta,10m,own,0.3,SID25,2022-03-19,92780,30822,13149,911825,0
width_k0_seed43_current_tta,10m,common,0.3,SID25,2022-03-19,28771,7762,4979,254457,0
width_k0_seed43_current_tta,10m,own,0.5,SID25,2022-03-19,91728,27170,14201,915477,0
width_k0_seed43_current_tta,10m,common,0.5,SID25,2022-03-19,28425,6289,5325,255930,0
width_k0_seed44_current_tta,10m,own,0.3,SID25,2022-03-19,91369,27713,14560,914934,0
width_k0_seed44_current_tta,10m,common,0.3,SID25,2022-03-19,28035,6175,5715,256044,0
width_k0_seed44_current_tta,10m,own,0.5,SID25,2022-03-19,89555,24569,16374,918078,0
width_k0_seed44_current_tta,10m,common,0.5,SID25,2022-03-19,27037,4981,6713,257238,0
width_k1_seed42_current_tta,10m,own,0.3,SID25,2022-03-19,30769,5819,2981,256400,0
width_k1_seed42_current_tta,10m,common,0.3,SID25,2022-03-19,30769,5819,2981,256400,0
width_k1_seed42_current_tta,10m,own,0.5,SID25,2022-03-19,30184,4052,3566,258167,0
width_k1_seed42_current_tta,10m,common,0.5,SID25,2022-03-19,30184,4052,3566,258167,0
width_k1_seed43_current_tta,10m,own,0.3,SID25,2022-03-19,31078,6785,2672,255434,0
width_k1_seed43_current_tta,10m,common,0.3,SID25,2022-03-19,31078,6785,2672,255434,0
width_k1_seed43_current_tta,10m,own,0.5,SID25,2022-03-19,30362,4842,3388,257377,0
width_k1_seed43_current_tta,10m,common,0.5,SID25,2022-03-19,30362,4842,3388,257377,0
width_k1_seed44_current_tta,10m,own,0.3,SID25,2022-03-19,31423,8548,2327,253671,0
width_k1_seed44_current_tta,10m,common,0.3,SID25,2022-03-19,31423,8548,2327,253671,0
width_k1_seed44_current_tta,10m,own,0.5,SID25,2022-03-19,30687,6759,3063,255460,0
width_k1_seed44_current_tta,10m,common,0.5,SID25,2022-03-19,30687,6759,3063,255460,0
width_k2_seed42_current_tta,10m,own,0.3,SID25,2022-03-19,31534,6531,2216,255688,0
width_k2_seed42_current_tta,10m,common,0.3,SID25,2022-03-19,31534,6531,2216,255688,0
width_k2_seed42_current_tta,10m,own,0.5,SID25,2022-03-19,30831,4951,2919,257268,0
width_k2_seed42_current_tta,10m,common,0.5,SID25,2022-03-19,30831,4951,2919,257268,0
width_k2_seed43_current_tta,10m,own,0.3,SID25,2022-03-19,31152,6002,2598,256217,0
width_k2_seed43_current_tta,10m,common,0.3,SID25,2022-03-19,31152,6002,2598,256217,0
width_k2_seed43_current_tta,10m,own,0.5,SID25,2022-03-19,30309,4003,3441,258216,0
width_k2_seed43_current_tta,10m,common,0.5,SID25,2022-03-19,30309,4003,3441,258216,0
width_k2_seed44_current_tta,10m,own,0.3,SID25,2022-03-19,32286,9488,1464,252731,0
width_k2_seed44_current_tta,10m,common,0.3,SID25,2022-03-19,32286,9488,1464,252731,0
width_k2_seed44_current_tta,10m,own,0.5,SID25,2022-03-19,31781,7753,1969,254466,0
width_k2_seed44_current_tta,10m,common,0.5,SID25,2022-03-19,31781,7753,1969,254466,0
width_k3_seed42_current_tta,10m,own,0.3,SID25,2022-03-19,31821,7897,1929,254322,0
width_k3_seed42_current_tta,10m,common,0.3,SID25,2022-03-19,31821,7897,1929,254322,0
width_k3_seed42_current_tta,10m,own,0.5,SID25,2022-03-19,31276,6459,2474,255760,0
width_k3_seed42_current_tta,10m,common,0.5,SID25,2022-03-19,31276,6459,2474,255760,0
width_k3_seed43_current_tta,10m,own,0.3,SID25,2022-03-19,31302,7204,2448,255015,0
width_k3_seed43_current_tta,10m,common,0.3,SID25,2022-03-19,31302,7204,2448,255015,0
width_k3_seed43_current_tta,10m,own,0.5,SID25,2022-03-19,30672,5849,3078,256370,0
width_k3_seed43_current_tta,10m,common,0.5,SID25,2022-03-19,30672,5849,3078,256370,0
width_k3_seed44_current_tta,10m,own,0.3,SID25,2022-03-19,31545,6613,2205,255606,0
width_k3_seed44_current_tta,10m,common,0.3,SID25,2022-03-19,31545,6613,2205,255606,0
width_k3_seed44_current_tta,10m,own,0.5,SID25,2022-03-19,30849,4976,2901,257243,0
width_k3_seed44_current_tta,10m,common,0.5,SID25,2022-03-19,30849,4976,2901,257243,0
width_k4_seed42_current_tta,10m,own,0.3,SID25,2022-03-19,31134,5383,2616,256836,0
width_k4_seed42_current_tta,10m,common,0.3,SID25,2022-03-19,31134,5383,2616,256836,0
width_k4_seed42_current_tta,10m,own,0.5,SID25,2022-03-19,30374,3577,3376,258642,0
width_k4_seed42_current_tta,10m,common,0.5,SID25,2022-03-19,30374,3577,3376,258642,0
width_k4_seed43_current_tta,10m,own,0.3,SID25,2022-03-19,30874,5915,2876,256304,0
width_k4_seed43_current_tta,10m,common,0.3,SID25,2022-03-19,30874,5915,2876,256304,0
width_k4_seed43_current_tta,10m,own,0.5,SID25,2022-03-19,30423,4326,3327,257893,0
width_k4_seed43_current_tta,10m,common,0.5,SID25,2022-03-19,30423,4326,3327,257893,0
width_k4_seed44_current_tta,10m,own,0.3,SID25,2022-03-19,31744,7124,2006,255095,0
width_k4_seed44_current_tta,10m,common,0.3,SID25,2022-03-19,31744,7124,2006,255095,0
width_k4_seed44_current_tta,10m,own,0.5,SID25,2022-03-19,31175,5657,2575,256562,0
width_k4_seed44_current_tta,10m,common,0.5,SID25,2022-03-19,31175,5657,2575,256562,0
width_k8_seed42_current_tta,10m,own,0.3,SID25,2022-03-19,31693,6663,2057,255556,0
width_k8_seed42_current_tta,10m,common,0.3,SID25,2022-03-19,31693,6663,2057,255556,0
width_k8_seed42_current_tta,10m,own,0.5,SID25,2022-03-19,31032,5182,2718,257037,0
width_k8_seed42_current_tta,10m,common,0.5,SID25,2022-03-19,31032,5182,2718,257037,0
width_k8_seed43_current_tta,10m,own,0.3,SID25,2022-03-19,31844,7443,1906,254776,0
width_k8_seed43_current_tta,10m,common,0.3,SID25,2022-03-19,31844,7443,1906,254776,0
width_k8_seed43_current_tta,10m,own,0.5,SID25,2022-03-19,31119,5842,2631,256377,0
width_k8_seed43_current_tta,10m,common,0.5,SID25,2022-03-19,31119,5842,2631,256377,0
width_k8_seed44_current_tta,10m,own,0.3,SID25,2022-03-19,31491,6281,2259,255938,0
width_k8_seed44_current_tta,10m,common,0.3,SID25,2022-03-19,31491,6281,2259,255938,0
width_k8_seed44_current_tta,10m,own,0.5,SID25,2022-03-19,30830,4780,2920,257439,0
width_k8_seed44_current_tta,10m,common,0.5,SID25,2022-03-19,30830,4780,2920,257439,0
width_k16_seed42_current_tta,10m,own,0.3,SID25,2022-03-19,31163,5752,2587,256467,0
width_k16_seed42_current_tta,10m,common,0.3,SID25,2022-03-19,31163,5752,2587,256467,0
width_k16_seed42_current_tta,10m,own,0.5,SID25,2022-03-19,30605,4214,3145,258005,0
width_k16_seed42_current_tta,10m,common,0.5,SID25,2022-03-19,30605,4214,3145,258005,0
width_k16_seed43_current_tta,10m,own,0.3,SID25,2022-03-19,31533,6640,2217,255579,0
width_k16_seed43_current_tta,10m,common,0.3,SID25,2022-03-19,31533,6640,2217,255579,0
width_k16_seed43_current_tta,10m,own,0.5,SID25,2022-03-19,30951,5414,2799,256805,0
width_k16_seed43_current_tta,10m,common,0.5,SID25,2022-03-19,30951,5414,2799,256805,0
width_k16_seed44_current_tta,10m,own,0.3,SID25,2022-03-19,31381,5938,2369,256281,0
width_k16_seed44_current_tta,10m,common,0.3,SID25,2022-03-19,31381,5938,2369,256281,0
width_k16_seed44_current_tta,10m,own,0.5,SID25,2022-03-19,30746,4682,3004,257537,0
width_k16_seed44_current_tta,10m,common,0.5,SID25,2022-03-19,30746,4682,3004,257537,0
train1000_k16_seed42_current_tta,10m,own,0.3,SID25,2022-03-19,26787,2682,6963,259537,0
train1000_k16_seed42_current_tta,10m,common,0.3,SID25,2022-03-19,26787,2682,6963,259537,0
train1000_k16_seed42_current_tta,10m,own,0.5,SID25,2022-03-19,22607,1600,11143,260619,0
train1000_k16_seed42_current_tta,10m,common,0.5,SID25,2022-03-19,22607,1600,11143,260619,0
train1000_k16_seed43_current_tta,10m,own,0.3,SID25,2022-03-19,29268,6102,4482,256117,0
train1000_k16_seed43_current_tta,10m,common,0.3,SID25,2022-03-19,29268,6102,4482,256117,0
train1000_k16_seed43_current_tta,10m,own,0.5,SID25,2022-03-19,28040,3647,5710,258572,0
train1000_k16_seed43_current_tta,10m,common,0.5,SID25,2022-03-19,28040,3647,5710,258572,0
train1000_k16_seed44_current_tta,10m,own,0.3,SID25,2022-03-19,23936,2410,9814,259809,0
train1000_k16_seed44_current_tta,10m,common,0.3,SID25,2022-03-19,23936,2410,9814,259809,0
train1000_k16_seed44_current_tta,10m,own,0.5,SID25,2022-03-19,14949,1174,18801,261045,0
train1000_k16_seed44_current_tta,10m,common,0.5,SID25,2022-03-19,14949,1174,18801,261045,0
train2000_k16_seed42_current_tta,10m,own,0.3,SID25,2022-03-19,31092,5415,2658,256804,0
train2000_k16_seed42_current_tta,10m,common,0.3,SID25,2022-03-19,31092,5415,2658,256804,0
train2000_k16_seed42_current_tta,10m,own,0.5,SID25,2022-03-19,30262,3579,3488,258640,0
train2000_k16_seed42_current_tta,10m,common,0.5,SID25,2022-03-19,30262,3579,3488,258640,0
train2000_k16_seed43_current_tta,10m,own,0.3,SID25,2022-03-19,31572,7869,2178,254350,0
train2000_k16_seed43_current_tta,10m,common,0.3,SID25,2022-03-19,31572,7869,2178,254350,0
train2000_k16_seed43_current_tta,10m,own,0.5,SID25,2022-03-19,30887,6251,2863,255968,0
train2000_k16_seed43_current_tta,10m,common,0.5,SID25,2022-03-19,30887,6251,2863,255968,0
train2000_k16_seed44_current_tta,10m,own,0.3,SID25,2022-03-19,31205,6052,2545,256167,0
train2000_k16_seed44_current_tta,10m,common,0.3,SID25,2022-03-19,31205,6052,2545,256167,0
train2000_k16_seed44_current_tta,10m,own,0.5,SID25,2022-03-19,30486,4563,3264,257656,0
train2000_k16_seed44_current_tta,10m,common,0.5,SID25,2022-03-19,30486,4563,3264,257656,0
train3000_k16_seed42_current_tta,10m,own,0.3,SID25,2022-03-19,31274,5674,2476,256545,0
train3000_k16_seed42_current_tta,10m,common,0.3,SID25,2022-03-19,31274,5674,2476,256545,0
train3000_k16_seed42_current_tta,10m,own,0.5,SID25,2022-03-19,30622,4271,3128,257948,0
train3000_k16_seed42_current_tta,10m,common,0.5,SID25,2022-03-19,30622,4271,3128,257948,0
train3000_k16_seed43_current_tta,10m,own,0.3,SID25,2022-03-19,31576,7198,2174,255021,0
train3000_k16_seed43_current_tta,10m,common,0.3,SID25,2022-03-19,31576,7198,2174,255021,0
train3000_k16_seed43_current_tta,10m,own,0.5,SID25,2022-03-19,30976,5785,2774,256434,0
train3000_k16_seed43_current_tta,10m,common,0.5,SID25,2022-03-19,30976,5785,2774,256434,0
train3000_k16_seed44_current_tta,10m,own,0.3,SID25,2022-03-19,31065,5484,2685,256735,0
train3000_k16_seed44_current_tta,10m,common,0.3,SID25,2022-03-19,31065,5484,2685,256735,0
train3000_k16_seed44_current_tta,10m,own,0.5,SID25,2022-03-19,30368,4050,3382,258169,0
train3000_k16_seed44_current_tta,10m,common,0.5,SID25,2022-03-19,30368,4050,3382,258169,0
width_k0_seed42_current_tta,10m,own,0.3,SID26,2022-01-06,0,2646,20453,1025477,0
width_k0_seed42_current_tta,10m,common,0.3,SID26,2022-01-06,0,2646,20453,1025477,0
width_k0_seed42_current_tta,10m,own,0.5,SID26,2022-01-06,0,1620,20453,1026503,0
width_k0_seed42_current_tta,10m,common,0.5,SID26,2022-01-06,0,1620,20453,1026503,0
width_k0_seed43_current_tta,10m,own,0.3,SID26,2022-01-06,0,12029,20453,1016094,0
width_k0_seed43_current_tta,10m,common,0.3,SID26,2022-01-06,0,12029,20453,1016094,0
width_k0_seed43_current_tta,10m,own,0.5,SID26,2022-01-06,0,6792,20453,1021331,0
width_k0_seed43_current_tta,10m,common,0.5,SID26,2022-01-06,0,6792,20453,1021331,0
width_k0_seed44_current_tta,10m,own,0.3,SID26,2022-01-06,0,1536,20453,1026587,0
width_k0_seed44_current_tta,10m,common,0.3,SID26,2022-01-06,0,1536,20453,1026587,0
width_k0_seed44_current_tta,10m,own,0.5,SID26,2022-01-06,0,713,20453,1027410,0
width_k0_seed44_current_tta,10m,common,0.5,SID26,2022-01-06,0,713,20453,1027410,0
width_k1_seed42_current_tta,10m,own,0.3,SID26,2022-01-06,3081,536,17372,1027587,0
width_k1_seed42_current_tta,10m,common,0.3,SID26,2022-01-06,3081,536,17372,1027587,0
width_k1_seed42_current_tta,10m,own,0.5,SID26,2022-01-06,1977,203,18476,1027920,0
width_k1_seed42_current_tta,10m,common,0.5,SID26,2022-01-06,1977,203,18476,1027920,0
width_k1_seed43_current_tta,10m,own,0.3,SID26,2022-01-06,1128,64,19325,1028059,0
width_k1_seed43_current_tta,10m,common,0.3,SID26,2022-01-06,1128,64,19325,1028059,0
width_k1_seed43_current_tta,10m,own,0.5,SID26,2022-01-06,420,0,20033,1028123,0
width_k1_seed43_current_tta,10m,common,0.5,SID26,2022-01-06,420,0,20033,1028123,0
width_k1_seed44_current_tta,10m,own,0.3,SID26,2022-01-06,4272,1289,16181,1026834,0
width_k1_seed44_current_tta,10m,common,0.3,SID26,2022-01-06,4272,1289,16181,1026834,0
width_k1_seed44_current_tta,10m,own,0.5,SID26,2022-01-06,2907,399,17546,1027724,0
width_k1_seed44_current_tta,10m,common,0.5,SID26,2022-01-06,2907,399,17546,1027724,0
width_k2_seed42_current_tta,10m,own,0.3,SID26,2022-01-06,3540,456,16913,1027667,0
width_k2_seed42_current_tta,10m,common,0.3,SID26,2022-01-06,3540,456,16913,1027667,0
width_k2_seed42_current_tta,10m,own,0.5,SID26,2022-01-06,2399,134,18054,1027989,0
width_k2_seed42_current_tta,10m,common,0.5,SID26,2022-01-06,2399,134,18054,1027989,0
width_k2_seed43_current_tta,10m,own,0.3,SID26,2022-01-06,3431,364,17022,1027759,0
width_k2_seed43_current_tta,10m,common,0.3,SID26,2022-01-06,3431,364,17022,1027759,0
width_k2_seed43_current_tta,10m,own,0.5,SID26,2022-01-06,2331,53,18122,1028070,0
width_k2_seed43_current_tta,10m,common,0.5,SID26,2022-01-06,2331,53,18122,1028070,0
width_k2_seed44_current_tta,10m,own,0.3,SID26,2022-01-06,4007,662,16446,1027461,0
width_k2_seed44_current_tta,10m,common,0.3,SID26,2022-01-06,4007,662,16446,1027461,0
width_k2_seed44_current_tta,10m,own,0.5,SID26,2022-01-06,2774,115,17679,1028008,0
width_k2_seed44_current_tta,10m,common,0.5,SID26,2022-01-06,2774,115,17679,1028008,0
width_k3_seed42_current_tta,10m,own,0.3,SID26,2022-01-06,5605,1714,14848,1026409,0
width_k3_seed42_current_tta,10m,common,0.3,SID26,2022-01-06,5605,1714,14848,1026409,0
width_k3_seed42_current_tta,10m,own,0.5,SID26,2022-01-06,3988,758,16465,1027365,0
width_k3_seed42_current_tta,10m,common,0.5,SID26,2022-01-06,3988,758,16465,1027365,0
width_k3_seed43_current_tta,10m,own,0.3,SID26,2022-01-06,3191,283,17262,1027840,0
width_k3_seed43_current_tta,10m,common,0.3,SID26,2022-01-06,3191,283,17262,1027840,0
width_k3_seed43_current_tta,10m,own,0.5,SID26,2022-01-06,2146,31,18307,1028092,0
width_k3_seed43_current_tta,10m,common,0.5,SID26,2022-01-06,2146,31,18307,1028092,0
width_k3_seed44_current_tta,10m,own,0.3,SID26,2022-01-06,4982,1307,15471,1026816,0
width_k3_seed44_current_tta,10m,common,0.3,SID26,2022-01-06,4982,1307,15471,1026816,0
width_k3_seed44_current_tta,10m,own,0.5,SID26,2022-01-06,3686,630,16767,1027493,0
width_k3_seed44_current_tta,10m,common,0.5,SID26,2022-01-06,3686,630,16767,1027493,0
width_k4_seed42_current_tta,10m,own,0.3,SID26,2022-01-06,2800,292,17653,1027831,0
width_k4_seed42_current_tta,10m,common,0.3,SID26,2022-01-06,2800,292,17653,1027831,0
width_k4_seed42_current_tta,10m,own,0.5,SID26,2022-01-06,1726,90,18727,1028033,0
width_k4_seed42_current_tta,10m,common,0.5,SID26,2022-01-06,1726,90,18727,1028033,0
width_k4_seed43_current_tta,10m,own,0.3,SID26,2022-01-06,4591,935,15862,1027188,0
width_k4_seed43_current_tta,10m,common,0.3,SID26,2022-01-06,4591,935,15862,1027188,0
width_k4_seed43_current_tta,10m,own,0.5,SID26,2022-01-06,3344,364,17109,1027759,0
width_k4_seed43_current_tta,10m,common,0.5,SID26,2022-01-06,3344,364,17109,1027759,0
width_k4_seed44_current_tta,10m,own,0.3,SID26,2022-01-06,7485,2101,12968,1026022,0
width_k4_seed44_current_tta,10m,common,0.3,SID26,2022-01-06,7485,2101,12968,1026022,0
width_k4_seed44_current_tta,10m,own,0.5,SID26,2022-01-06,5311,1002,15142,1027121,0
width_k4_seed44_current_tta,10m,common,0.5,SID26,2022-01-06,5311,1002,15142,1027121,0
width_k8_seed42_current_tta,10m,own,0.3,SID26,2022-01-06,4869,1190,15584,1026933,0
width_k8_seed42_current_tta,10m,common,0.3,SID26,2022-01-06,4869,1190,15584,1026933,0
width_k8_seed42_current_tta,10m,own,0.5,SID26,2022-01-06,3605,480,16848,1027643,0
width_k8_seed42_current_tta,10m,common,0.5,SID26,2022-01-06,3605,480,16848,1027643,0
width_k8_seed43_current_tta,10m,own,0.3,SID26,2022-01-06,4644,841,15809,1027282,0
width_k8_seed43_current_tta,10m,common,0.3,SID26,2022-01-06,4644,841,15809,1027282,0
width_k8_seed43_current_tta,10m,own,0.5,SID26,2022-01-06,3296,275,17157,1027848,0
width_k8_seed43_current_tta,10m,common,0.5,SID26,2022-01-06,3296,275,17157,1027848,0
width_k8_seed44_current_tta,10m,own,0.3,SID26,2022-01-06,5465,1427,14988,1026696,0
width_k8_seed44_current_tta,10m,common,0.3,SID26,2022-01-06,5465,1427,14988,1026696,0
width_k8_seed44_current_tta,10m,own,0.5,SID26,2022-01-06,3993,643,16460,1027480,0
width_k8_seed44_current_tta,10m,common,0.5,SID26,2022-01-06,3993,643,16460,1027480,0
width_k16_seed42_current_tta,10m,own,0.3,SID26,2022-01-06,5867,1413,14586,1026710,0
width_k16_seed42_current_tta,10m,common,0.3,SID26,2022-01-06,5867,1413,14586,1026710,0
width_k16_seed42_current_tta,10m,own,0.5,SID26,2022-01-06,4191,647,16262,1027476,0
width_k16_seed42_current_tta,10m,common,0.5,SID26,2022-01-06,4191,647,16262,1027476,0
width_k16_seed43_current_tta,10m,own,0.3,SID26,2022-01-06,5027,1191,15426,1026932,0
width_k16_seed43_current_tta,10m,common,0.3,SID26,2022-01-06,5027,1191,15426,1026932,0
width_k16_seed43_current_tta,10m,own,0.5,SID26,2022-01-06,3462,446,16991,1027677,0
width_k16_seed43_current_tta,10m,common,0.5,SID26,2022-01-06,3462,446,16991,1027677,0
width_k16_seed44_current_tta,10m,own,0.3,SID26,2022-01-06,5833,1360,14620,1026763,0
width_k16_seed44_current_tta,10m,common,0.3,SID26,2022-01-06,5833,1360,14620,1026763,0
width_k16_seed44_current_tta,10m,own,0.5,SID26,2022-01-06,4141,656,16312,1027467,0
width_k16_seed44_current_tta,10m,common,0.5,SID26,2022-01-06,4141,656,16312,1027467,0
train1000_k16_seed42_current_tta,10m,own,0.3,SID26,2022-01-06,20,3118,20433,1025005,0
train1000_k16_seed42_current_tta,10m,common,0.3,SID26,2022-01-06,20,3118,20433,1025005,0
train1000_k16_seed42_current_tta,10m,own,0.5,SID26,2022-01-06,0,1460,20453,1026663,0
train1000_k16_seed42_current_tta,10m,common,0.5,SID26,2022-01-06,0,1460,20453,1026663,0
train1000_k16_seed43_current_tta,10m,own,0.3,SID26,2022-01-06,797,4633,19656,1023490,0
train1000_k16_seed43_current_tta,10m,common,0.3,SID26,2022-01-06,797,4633,19656,1023490,0
train1000_k16_seed43_current_tta,10m,own,0.5,SID26,2022-01-06,269,1613,20184,1026510,0
train1000_k16_seed43_current_tta,10m,common,0.5,SID26,2022-01-06,269,1613,20184,1026510,0
train1000_k16_seed44_current_tta,10m,own,0.3,SID26,2022-01-06,0,2703,20453,1025420,0
train1000_k16_seed44_current_tta,10m,common,0.3,SID26,2022-01-06,0,2703,20453,1025420,0
train1000_k16_seed44_current_tta,10m,own,0.5,SID26,2022-01-06,0,1391,20453,1026732,0
train1000_k16_seed44_current_tta,10m,common,0.5,SID26,2022-01-06,0,1391,20453,1026732,0
train2000_k16_seed42_current_tta,10m,own,0.3,SID26,2022-01-06,5108,1000,15345,1027123,0
train2000_k16_seed42_current_tta,10m,common,0.3,SID26,2022-01-06,5108,1000,15345,1027123,0
train2000_k16_seed42_current_tta,10m,own,0.5,SID26,2022-01-06,3559,361,16894,1027762,0
train2000_k16_seed42_current_tta,10m,common,0.5,SID26,2022-01-06,3559,361,16894,1027762,0
train2000_k16_seed43_current_tta,10m,own,0.3,SID26,2022-01-06,4710,799,15743,1027324,0
train2000_k16_seed43_current_tta,10m,common,0.3,SID26,2022-01-06,4710,799,15743,1027324,0
train2000_k16_seed43_current_tta,10m,own,0.5,SID26,2022-01-06,3129,156,17324,1027967,0
train2000_k16_seed43_current_tta,10m,common,0.5,SID26,2022-01-06,3129,156,17324,1027967,0
train2000_k16_seed44_current_tta,10m,own,0.3,SID26,2022-01-06,3579,316,16874,1027807,0
train2000_k16_seed44_current_tta,10m,common,0.3,SID26,2022-01-06,3579,316,16874,1027807,0
train2000_k16_seed44_current_tta,10m,own,0.5,SID26,2022-01-06,2390,38,18063,1028085,0
train2000_k16_seed44_current_tta,10m,common,0.5,SID26,2022-01-06,2390,38,18063,1028085,0
train3000_k16_seed42_current_tta,10m,own,0.3,SID26,2022-01-06,6273,1431,14180,1026692,0
train3000_k16_seed42_current_tta,10m,common,0.3,SID26,2022-01-06,6273,1431,14180,1026692,0
train3000_k16_seed42_current_tta,10m,own,0.5,SID26,2022-01-06,4383,625,16070,1027498,0
train3000_k16_seed42_current_tta,10m,common,0.5,SID26,2022-01-06,4383,625,16070,1027498,0
train3000_k16_seed43_current_tta,10m,own,0.3,SID26,2022-01-06,6158,1304,14295,1026819,0
train3000_k16_seed43_current_tta,10m,common,0.3,SID26,2022-01-06,6158,1304,14295,1026819,0
train3000_k16_seed43_current_tta,10m,own,0.5,SID26,2022-01-06,4182,441,16271,1027682,0
train3000_k16_seed43_current_tta,10m,common,0.5,SID26,2022-01-06,4182,441,16271,1027682,0
train3000_k16_seed44_current_tta,10m,own,0.3,SID26,2022-01-06,4305,419,16148,1027704,0
train3000_k16_seed44_current_tta,10m,common,0.3,SID26,2022-01-06,4305,419,16148,1027704,0
train3000_k16_seed44_current_tta,10m,own,0.5,SID26,2022-01-06,2604,58,17849,1028065,0
train3000_k16_seed44_current_tta,10m,common,0.5,SID26,2022-01-06,2604,58,17849,1028065,0
width_k0_seed42_current_tta,10m,own,0.3,SID27,2022-03-22,1616,28921,8214,1009825,0
width_k0_seed42_current_tta,10m,common,0.3,SID27,2022-03-22,1616,4144,8214,770512,0
width_k0_seed42_current_tta,10m,own,0.5,SID27,2022-03-22,1221,25073,8609,1013673,0
width_k0_seed42_current_tta,10m,common,0.5,SID27,2022-03-22,1221,2987,8609,771669,0
width_k0_seed43_current_tta,10m,own,0.3,SID27,2022-03-22,1550,37869,8280,1000877,0
width_k0_seed43_current_tta,10m,common,0.3,SID27,2022-03-22,1550,7530,8280,767126,0
width_k0_seed43_current_tta,10m,own,0.5,SID27,2022-03-22,1246,35288,8584,1003458,0
width_k0_seed43_current_tta,10m,common,0.5,SID27,2022-03-22,1246,5956,8584,768700,0
width_k0_seed44_current_tta,10m,own,0.3,SID27,2022-03-22,943,19796,8887,1018950,0
width_k0_seed44_current_tta,10m,common,0.3,SID27,2022-03-22,943,2425,8887,772231,0
width_k0_seed44_current_tta,10m,own,0.5,SID27,2022-03-22,519,17538,9311,1021208,0
width_k0_seed44_current_tta,10m,common,0.5,SID27,2022-03-22,519,1705,9311,772951,0
width_k1_seed42_current_tta,10m,own,0.3,SID27,2022-03-22,8019,7199,1811,1031547,0
width_k1_seed42_current_tta,10m,common,0.3,SID27,2022-03-22,8019,6547,1811,768109,0
width_k1_seed42_current_tta,10m,own,0.5,SID27,2022-03-22,6756,3626,3074,1035120,0
width_k1_seed42_current_tta,10m,common,0.5,SID27,2022-03-22,6756,3570,3074,771086,0
width_k1_seed43_current_tta,10m,own,0.3,SID27,2022-03-22,8076,6924,1754,1031822,0
width_k1_seed43_current_tta,10m,common,0.3,SID27,2022-03-22,8076,6662,1754,767994,0
width_k1_seed43_current_tta,10m,own,0.5,SID27,2022-03-22,7124,4210,2706,1034536,0
width_k1_seed43_current_tta,10m,common,0.5,SID27,2022-03-22,7124,4192,2706,770464,0
width_k1_seed44_current_tta,10m,own,0.3,SID27,2022-03-22,5266,5807,4564,1032939,0
width_k1_seed44_current_tta,10m,common,0.3,SID27,2022-03-22,5266,4099,4564,770557,0
width_k1_seed44_current_tta,10m,own,0.5,SID27,2022-03-22,3604,2543,6226,1036203,0
width_k1_seed44_current_tta,10m,common,0.5,SID27,2022-03-22,3604,1901,6226,772755,0
width_k2_seed42_current_tta,10m,own,0.3,SID27,2022-03-22,8503,6999,1327,1031747,0
width_k2_seed42_current_tta,10m,common,0.3,SID27,2022-03-22,8503,6843,1327,767813,0
width_k2_seed42_current_tta,10m,own,0.5,SID27,2022-03-22,7729,4358,2101,1034388,0
width_k2_seed42_current_tta,10m,common,0.5,SID27,2022-03-22,7729,4349,2101,770307,0
width_k2_seed43_current_tta,10m,own,0.3,SID27,2022-03-22,8371,7053,1459,1031693,0
width_k2_seed43_current_tta,10m,common,0.3,SID27,2022-03-22,8371,6954,1459,767702,0
width_k2_seed43_current_tta,10m,own,0.5,SID27,2022-03-22,7438,4578,2392,1034168,0
width_k2_seed43_current_tta,10m,common,0.5,SID27,2022-03-22,7438,4578,2392,770078,0
width_k2_seed44_current_tta,10m,own,0.3,SID27,2022-03-22,8656,7596,1174,1031150,0
width_k2_seed44_current_tta,10m,common,0.3,SID27,2022-03-22,8656,7268,1174,767388,0
width_k2_seed44_current_tta,10m,own,0.5,SID27,2022-03-22,7660,4867,2170,1033879,0
width_k2_seed44_current_tta,10m,common,0.5,SID27,2022-03-22,7660,4753,2170,769903,0
width_k3_seed42_current_tta,10m,own,0.3,SID27,2022-03-22,8607,7941,1223,1030805,0
width_k3_seed42_current_tta,10m,common,0.3,SID27,2022-03-22,8607,7897,1223,766759,0
width_k3_seed42_current_tta,10m,own,0.5,SID27,2022-03-22,7846,5430,1984,1033316,0
width_k3_seed42_current_tta,10m,common,0.5,SID27,2022-03-22,7846,5430,1984,769226,0
width_k3_seed43_current_tta,10m,own,0.3,SID27,2022-03-22,8999,9542,831,1029204,0
width_k3_seed43_current_tta,10m,common,0.3,SID27,2022-03-22,8999,9408,831,765248,0
width_k3_seed43_current_tta,10m,own,0.5,SID27,2022-03-22,8532,6630,1298,1032116,0
width_k3_seed43_current_tta,10m,common,0.5,SID27,2022-03-22,8532,6629,1298,768027,0
width_k3_seed44_current_tta,10m,own,0.3,SID27,2022-03-22,8693,7696,1137,1031050,0
width_k3_seed44_current_tta,10m,common,0.3,SID27,2022-03-22,8693,7692,1137,766964,0
width_k3_seed44_current_tta,10m,own,0.5,SID27,2022-03-22,7923,5392,1907,1033354,0
width_k3_seed44_current_tta,10m,common,0.5,SID27,2022-03-22,7923,5392,1907,769264,0
width_k4_seed42_current_tta,10m,own,0.3,SID27,2022-03-22,8633,8762,1197,1029984,0
width_k4_seed42_current_tta,10m,common,0.3,SID27,2022-03-22,8633,7290,1197,767366,0
width_k4_seed42_current_tta,10m,own,0.5,SID27,2022-03-22,7938,4933,1892,1033813,0
width_k4_seed42_current_tta,10m,common,0.5,SID27,2022-03-22,7938,4829,1892,769827,0
width_k4_seed43_current_tta,10m,own,0.3,SID27,2022-03-22,8621,6733,1209,1032013,0
width_k4_seed43_current_tta,10m,common,0.3,SID27,2022-03-22,8621,6733,1209,767923,0
width_k4_seed43_current_tta,10m,own,0.5,SID27,2022-03-22,7725,4648,2105,1034098,0
width_k4_seed43_current_tta,10m,common,0.5,SID27,2022-03-22,7725,4648,2105,770008,0
width_k4_seed44_current_tta,10m,own,0.3,SID27,2022-03-22,8860,8232,970,1030514,0
width_k4_seed44_current_tta,10m,common,0.3,SID27,2022-03-22,8860,8224,970,766432,0
width_k4_seed44_current_tta,10m,own,0.5,SID27,2022-03-22,8222,5804,1608,1032942,0
width_k4_seed44_current_tta,10m,common,0.5,SID27,2022-03-22,8222,5804,1608,768852,0
width_k8_seed42_current_tta,10m,own,0.3,SID27,2022-03-22,9064,8474,766,1030272,0
width_k8_seed42_current_tta,10m,common,0.3,SID27,2022-03-22,9064,8428,766,766228,0
width_k8_seed42_current_tta,10m,own,0.5,SID27,2022-03-22,8555,5962,1275,1032784,0
width_k8_seed42_current_tta,10m,common,0.5,SID27,2022-03-22,8555,5962,1275,768694,0
width_k8_seed43_current_tta,10m,own,0.3,SID27,2022-03-22,9098,9957,732,1028789,0
width_k8_seed43_current_tta,10m,common,0.3,SID27,2022-03-22,9098,9791,732,764865,0
width_k8_seed43_current_tta,10m,own,0.5,SID27,2022-03-22,8577,6968,1253,1031778,0
width_k8_seed43_current_tta,10m,common,0.5,SID27,2022-03-22,8577,6958,1253,767698,0
width_k8_seed44_current_tta,10m,own,0.3,SID27,2022-03-22,9022,8694,808,1030052,0
width_k8_seed44_current_tta,10m,common,0.3,SID27,2022-03-22,9022,8694,808,765962,0
width_k8_seed44_current_tta,10m,own,0.5,SID27,2022-03-22,8564,6338,1266,1032408,0
width_k8_seed44_current_tta,10m,common,0.5,SID27,2022-03-22,8564,6338,1266,768318,0
width_k16_seed42_current_tta,10m,own,0.3,SID27,2022-03-22,9175,9533,655,1029213,0
width_k16_seed42_current_tta,10m,common,0.3,SID27,2022-03-22,9175,9522,655,765134,0
width_k16_seed42_current_tta,10m,own,0.5,SID27,2022-03-22,8850,7187,980,1031559,0
width_k16_seed42_current_tta,10m,common,0.5,SID27,2022-03-22,8850,7187,980,767469,0
width_k16_seed43_current_tta,10m,own,0.3,SID27,2022-03-22,8707,7429,1123,1031317,0
width_k16_seed43_current_tta,10m,common,0.3,SID27,2022-03-22,8707,7429,1123,767227,0
width_k16_seed43_current_tta,10m,own,0.5,SID27,2022-03-22,7975,5276,1855,1033470,0
width_k16_seed43_current_tta,10m,common,0.5,SID27,2022-03-22,7975,5276,1855,769380,0
width_k16_seed44_current_tta,10m,own,0.3,SID27,2022-03-22,9237,9380,593,1029366,0
width_k16_seed44_current_tta,10m,common,0.3,SID27,2022-03-22,9237,9380,593,765276,0
width_k16_seed44_current_tta,10m,own,0.5,SID27,2022-03-22,8817,6910,1013,1031836,0
width_k16_seed44_current_tta,10m,common,0.5,SID27,2022-03-22,8817,6910,1013,767746,0
train1000_k16_seed42_current_tta,10m,own,0.3,SID27,2022-03-22,528,25332,9302,1013414,0
train1000_k16_seed42_current_tta,10m,common,0.3,SID27,2022-03-22,528,3568,9302,771088,0
train1000_k16_seed42_current_tta,10m,own,0.5,SID27,2022-03-22,196,16789,9634,1021957,0
train1000_k16_seed42_current_tta,10m,common,0.5,SID27,2022-03-22,196,2210,9634,772446,0
train1000_k16_seed43_current_tta,10m,own,0.3,SID27,2022-03-22,1675,20788,8155,1017958,0
train1000_k16_seed43_current_tta,10m,common,0.3,SID27,2022-03-22,1675,4560,8155,770096,0
train1000_k16_seed43_current_tta,10m,own,0.5,SID27,2022-03-22,1095,10741,8735,1028005,0
train1000_k16_seed43_current_tta,10m,common,0.5,SID27,2022-03-22,1095,2473,8735,772183,0
train1000_k16_seed44_current_tta,10m,own,0.3,SID27,2022-03-22,1419,24176,8411,1014570,0
train1000_k16_seed44_current_tta,10m,common,0.3,SID27,2022-03-22,1419,4820,8411,769836,0
train1000_k16_seed44_current_tta,10m,own,0.5,SID27,2022-03-22,918,17030,8912,1021716,0
train1000_k16_seed44_current_tta,10m,common,0.5,SID27,2022-03-22,918,2777,8912,771879,0
train2000_k16_seed42_current_tta,10m,own,0.3,SID27,2022-03-22,8136,6811,1694,1031935,0
train2000_k16_seed42_current_tta,10m,common,0.3,SID27,2022-03-22,8136,6525,1694,768131,0
train2000_k16_seed42_current_tta,10m,own,0.5,SID27,2022-03-22,7229,4325,2601,1034421,0
train2000_k16_seed42_current_tta,10m,common,0.5,SID27,2022-03-22,7229,4244,2601,770412,0
train2000_k16_seed43_current_tta,10m,own,0.3,SID27,2022-03-22,8687,8100,1143,1030646,0
train2000_k16_seed43_current_tta,10m,common,0.3,SID27,2022-03-22,8687,8055,1143,766601,0
train2000_k16_seed43_current_tta,10m,own,0.5,SID27,2022-03-22,7899,5448,1931,1033298,0
train2000_k16_seed43_current_tta,10m,common,0.5,SID27,2022-03-22,7899,5448,1931,769208,0
train2000_k16_seed44_current_tta,10m,own,0.3,SID27,2022-03-22,9067,10051,763,1028695,0
train2000_k16_seed44_current_tta,10m,common,0.3,SID27,2022-03-22,9067,9636,763,765020,0
train2000_k16_seed44_current_tta,10m,own,0.5,SID27,2022-03-22,8552,6854,1278,1031892,0
train2000_k16_seed44_current_tta,10m,common,0.5,SID27,2022-03-22,8552,6693,1278,767963,0
train3000_k16_seed42_current_tta,10m,own,0.3,SID27,2022-03-22,8978,8555,852,1030191,0
train3000_k16_seed42_current_tta,10m,common,0.3,SID27,2022-03-22,8978,8555,852,766101,0
train3000_k16_seed42_current_tta,10m,own,0.5,SID27,2022-03-22,8419,6067,1411,1032679,0
train3000_k16_seed42_current_tta,10m,common,0.5,SID27,2022-03-22,8419,6067,1411,768589,0
train3000_k16_seed43_current_tta,10m,own,0.3,SID27,2022-03-22,8984,8663,846,1030083,0
train3000_k16_seed43_current_tta,10m,common,0.3,SID27,2022-03-22,8984,8663,846,765993,0
train3000_k16_seed43_current_tta,10m,own,0.5,SID27,2022-03-22,8425,6318,1405,1032428,0
train3000_k16_seed43_current_tta,10m,common,0.5,SID27,2022-03-22,8425,6318,1405,768338,0
train3000_k16_seed44_current_tta,10m,own,0.3,SID27,2022-03-22,9238,10149,592,1028597,0
train3000_k16_seed44_current_tta,10m,common,0.3,SID27,2022-03-22,9238,10082,592,764574,0
train3000_k16_seed44_current_tta,10m,own,0.5,SID27,2022-03-22,8788,7504,1042,1031242,0
train3000_k16_seed44_current_tta,10m,common,0.5,SID27,2022-03-22,8788,7504,1042,767152,0
width_k0_seed42_current_tta,10m,own,0.3,SID28,2022-03-17,519223,11538,5421,512394,0
width_k0_seed42_current_tta,10m,common,0.3,SID28,2022-03-17,519223,11538,5421,511654,0
width_k0_seed42_current_tta,10m,own,0.5,SID28,2022-03-17,517176,8480,7468,515452,0
width_k0_seed42_current_tta,10m,common,0.5,SID28,2022-03-17,517176,8480,7468,514712,0
width_k0_seed43_current_tta,10m,own,0.3,SID28,2022-03-17,522022,16492,2622,507440,0
width_k0_seed43_current_tta,10m,common,0.3,SID28,2022-03-17,522022,16492,2622,506700,0
width_k0_seed43_current_tta,10m,own,0.5,SID28,2022-03-17,520906,12587,3738,511345,0
width_k0_seed43_current_tta,10m,common,0.5,SID28,2022-03-17,520906,12587,3738,510605,0
width_k0_seed44_current_tta,10m,own,0.3,SID28,2022-03-17,518700,11557,5944,512375,0
width_k0_seed44_current_tta,10m,common,0.3,SID28,2022-03-17,518700,11557,5944,511635,0
width_k0_seed44_current_tta,10m,own,0.5,SID28,2022-03-17,515860,8530,8784,515402,0
width_k0_seed44_current_tta,10m,common,0.5,SID28,2022-03-17,515860,8530,8784,514662,0
width_k1_seed42_current_tta,10m,own,0.3,SID28,2022-03-17,524644,140423,0,383509,0
width_k1_seed42_current_tta,10m,common,0.3,SID28,2022-03-17,524644,140423,0,382769,0
width_k1_seed42_current_tta,10m,own,0.5,SID28,2022-03-17,524644,119152,0,404780,0
width_k1_seed42_current_tta,10m,common,0.5,SID28,2022-03-17,524644,119152,0,404040,0
width_k1_seed43_current_tta,10m,own,0.3,SID28,2022-03-17,524644,116324,0,407608,0
width_k1_seed43_current_tta,10m,common,0.3,SID28,2022-03-17,524644,116324,0,406868,0
width_k1_seed43_current_tta,10m,own,0.5,SID28,2022-03-17,524644,86683,0,437249,0
width_k1_seed43_current_tta,10m,common,0.5,SID28,2022-03-17,524644,86683,0,436509,0
width_k1_seed44_current_tta,10m,own,0.3,SID28,2022-03-17,524624,57861,20,466071,0
width_k1_seed44_current_tta,10m,common,0.3,SID28,2022-03-17,524624,57861,20,465331,0
width_k1_seed44_current_tta,10m,own,0.5,SID28,2022-03-17,524567,42700,77,481232,0
width_k1_seed44_current_tta,10m,common,0.5,SID28,2022-03-17,524567,42700,77,480492,0
width_k2_seed42_current_tta,10m,own,0.3,SID28,2022-03-17,524644,121051,0,402881,0
width_k2_seed42_current_tta,10m,common,0.3,SID28,2022-03-17,524644,121051,0,402141,0
width_k2_seed42_current_tta,10m,own,0.5,SID28,2022-03-17,524640,105507,4,418425,0
width_k2_seed42_current_tta,10m,common,0.5,SID28,2022-03-17,524640,105507,4,417685,0
width_k2_seed43_current_tta,10m,own,0.3,SID28,2022-03-17,524644,157346,0,366586,0
width_k2_seed43_current_tta,10m,common,0.3,SID28,2022-03-17,524644,157346,0,365846,0
width_k2_seed43_current_tta,10m,own,0.5,SID28,2022-03-17,524644,138513,0,385419,0
width_k2_seed43_current_tta,10m,common,0.5,SID28,2022-03-17,524644,138513,0,384679,0
width_k2_seed44_current_tta,10m,own,0.3,SID28,2022-03-17,524644,148143,0,375789,0
width_k2_seed44_current_tta,10m,common,0.3,SID28,2022-03-17,524644,148143,0,375049,0
width_k2_seed44_current_tta,10m,own,0.5,SID28,2022-03-17,524644,128523,0,395409,0
width_k2_seed44_current_tta,10m,common,0.5,SID28,2022-03-17,524644,128523,0,394669,0
width_k3_seed42_current_tta,10m,own,0.3,SID28,2022-03-17,524644,160688,0,363244,0
width_k3_seed42_current_tta,10m,common,0.3,SID28,2022-03-17,524644,160688,0,362504,0
width_k3_seed42_current_tta,10m,own,0.5,SID28,2022-03-17,524644,135790,0,388142,0
width_k3_seed42_current_tta,10m,common,0.5,SID28,2022-03-17,524644,135790,0,387402,0
width_k3_seed43_current_tta,10m,own,0.3,SID28,2022-03-17,524644,112508,0,411424,0
width_k3_seed43_current_tta,10m,common,0.3,SID28,2022-03-17,524644,112508,0,410684,0
width_k3_seed43_current_tta,10m,own,0.5,SID28,2022-03-17,524644,87012,0,436920,0
width_k3_seed43_current_tta,10m,common,0.5,SID28,2022-03-17,524644,87012,0,436180,0
width_k3_seed44_current_tta,10m,own,0.3,SID28,2022-03-17,524644,173336,0,350596,0
width_k3_seed44_current_tta,10m,common,0.3,SID28,2022-03-17,524644,173336,0,349856,0
width_k3_seed44_current_tta,10m,own,0.5,SID28,2022-03-17,524644,154157,0,369775,0
width_k3_seed44_current_tta,10m,common,0.5,SID28,2022-03-17,524644,154157,0,369035,0
width_k4_seed42_current_tta,10m,own,0.3,SID28,2022-03-17,524644,123257,0,400675,0
width_k4_seed42_current_tta,10m,common,0.3,SID28,2022-03-17,524644,123257,0,399935,0
width_k4_seed42_current_tta,10m,own,0.5,SID28,2022-03-17,524644,99559,0,424373,0
width_k4_seed42_current_tta,10m,common,0.5,SID28,2022-03-17,524644,99559,0,423633,0
width_k4_seed43_current_tta,10m,own,0.3,SID28,2022-03-17,524644,150397,0,373535,0
width_k4_seed43_current_tta,10m,common,0.3,SID28,2022-03-17,524644,150397,0,372795,0
width_k4_seed43_current_tta,10m,own,0.5,SID28,2022-03-17,524644,133621,0,390311,0
width_k4_seed43_current_tta,10m,common,0.5,SID28,2022-03-17,524644,133621,0,389571,0
width_k4_seed44_current_tta,10m,own,0.3,SID28,2022-03-17,524644,150452,0,373480,0
width_k4_seed44_current_tta,10m,common,0.3,SID28,2022-03-17,524644,150452,0,372740,0
width_k4_seed44_current_tta,10m,own,0.5,SID28,2022-03-17,524644,131981,0,391951,0
width_k4_seed44_current_tta,10m,common,0.5,SID28,2022-03-17,524644,131981,0,391211,0
width_k8_seed42_current_tta,10m,own,0.3,SID28,2022-03-17,524644,177108,0,346824,0
width_k8_seed42_current_tta,10m,common,0.3,SID28,2022-03-17,524644,177108,0,346084,0
width_k8_seed42_current_tta,10m,own,0.5,SID28,2022-03-17,524644,158282,0,365650,0
width_k8_seed42_current_tta,10m,common,0.5,SID28,2022-03-17,524644,158282,0,364910,0
width_k8_seed43_current_tta,10m,own,0.3,SID28,2022-03-17,524644,187566,0,336366,0
width_k8_seed43_current_tta,10m,common,0.3,SID28,2022-03-17,524644,187566,0,335626,0
width_k8_seed43_current_tta,10m,own,0.5,SID28,2022-03-17,524644,168225,0,355707,0
width_k8_seed43_current_tta,10m,common,0.5,SID28,2022-03-17,524644,168225,0,354967,0
width_k8_seed44_current_tta,10m,own,0.3,SID28,2022-03-17,524644,147351,0,376581,0
width_k8_seed44_current_tta,10m,common,0.3,SID28,2022-03-17,524644,147351,0,375841,0
width_k8_seed44_current_tta,10m,own,0.5,SID28,2022-03-17,524644,121413,0,402519,0
width_k8_seed44_current_tta,10m,common,0.5,SID28,2022-03-17,524644,121413,0,401779,0
width_k16_seed42_current_tta,10m,own,0.3,SID28,2022-03-17,524644,155684,0,368248,0
width_k16_seed42_current_tta,10m,common,0.3,SID28,2022-03-17,524644,155684,0,367508,0
width_k16_seed42_current_tta,10m,own,0.5,SID28,2022-03-17,524644,130645,0,393287,0
width_k16_seed42_current_tta,10m,common,0.5,SID28,2022-03-17,524644,130645,0,392547,0
width_k16_seed43_current_tta,10m,own,0.3,SID28,2022-03-17,524644,157940,0,365992,0
width_k16_seed43_current_tta,10m,common,0.3,SID28,2022-03-17,524644,157940,0,365252,0
width_k16_seed43_current_tta,10m,own,0.5,SID28,2022-03-17,524644,134079,0,389853,0
width_k16_seed43_current_tta,10m,common,0.5,SID28,2022-03-17,524644,134079,0,389113,0
width_k16_seed44_current_tta,10m,own,0.3,SID28,2022-03-17,524644,163005,0,360927,0
width_k16_seed44_current_tta,10m,common,0.3,SID28,2022-03-17,524644,163005,0,360187,0
width_k16_seed44_current_tta,10m,own,0.5,SID28,2022-03-17,524644,133979,0,389953,0
width_k16_seed44_current_tta,10m,common,0.5,SID28,2022-03-17,524644,133979,0,389213,0
train1000_k16_seed42_current_tta,10m,own,0.3,SID28,2022-03-17,523685,26533,959,497399,0
train1000_k16_seed42_current_tta,10m,common,0.3,SID28,2022-03-17,523685,26533,959,496659,0
train1000_k16_seed42_current_tta,10m,own,0.5,SID28,2022-03-17,522755,18382,1889,505550,0
train1000_k16_seed42_current_tta,10m,common,0.5,SID28,2022-03-17,522755,18382,1889,504810,0
train1000_k16_seed43_current_tta,10m,own,0.3,SID28,2022-03-17,523909,28662,735,495270,0
train1000_k16_seed43_current_tta,10m,common,0.3,SID28,2022-03-17,523909,28662,735,494530,0
train1000_k16_seed43_current_tta,10m,own,0.5,SID28,2022-03-17,523176,20000,1468,503932,0
train1000_k16_seed43_current_tta,10m,common,0.5,SID28,2022-03-17,523176,20000,1468,503192,0
train1000_k16_seed44_current_tta,10m,own,0.3,SID28,2022-03-17,522237,16888,2407,507044,0
train1000_k16_seed44_current_tta,10m,common,0.3,SID28,2022-03-17,522237,16888,2407,506304,0
train1000_k16_seed44_current_tta,10m,own,0.5,SID28,2022-03-17,520312,11386,4332,512546,0
train1000_k16_seed44_current_tta,10m,common,0.5,SID28,2022-03-17,520312,11386,4332,511806,0
train2000_k16_seed42_current_tta,10m,own,0.3,SID28,2022-03-17,524644,167116,0,356816,0
train2000_k16_seed42_current_tta,10m,common,0.3,SID28,2022-03-17,524644,167116,0,356076,0
train2000_k16_seed42_current_tta,10m,own,0.5,SID28,2022-03-17,524644,148838,0,375094,0
train2000_k16_seed42_current_tta,10m,common,0.5,SID28,2022-03-17,524644,148838,0,374354,0
train2000_k16_seed43_current_tta,10m,own,0.3,SID28,2022-03-17,524644,153126,0,370806,0
train2000_k16_seed43_current_tta,10m,common,0.3,SID28,2022-03-17,524644,153126,0,370066,0
train2000_k16_seed43_current_tta,10m,own,0.5,SID28,2022-03-17,524644,136865,0,387067,0
train2000_k16_seed43_current_tta,10m,common,0.5,SID28,2022-03-17,524644,136865,0,386327,0
train2000_k16_seed44_current_tta,10m,own,0.3,SID28,2022-03-17,524644,186497,0,337435,0
train2000_k16_seed44_current_tta,10m,common,0.3,SID28,2022-03-17,524644,186497,0,336695,0
train2000_k16_seed44_current_tta,10m,own,0.5,SID28,2022-03-17,524644,166966,0,356966,0
train2000_k16_seed44_current_tta,10m,common,0.5,SID28,2022-03-17,524644,166966,0,356226,0
train3000_k16_seed42_current_tta,10m,own,0.3,SID28,2022-03-17,524644,174519,0,349413,0
train3000_k16_seed42_current_tta,10m,common,0.3,SID28,2022-03-17,524644,174519,0,348673,0
train3000_k16_seed42_current_tta,10m,own,0.5,SID28,2022-03-17,524644,154711,0,369221,0
train3000_k16_seed42_current_tta,10m,common,0.5,SID28,2022-03-17,524644,154711,0,368481,0
train3000_k16_seed43_current_tta,10m,own,0.3,SID28,2022-03-17,524644,178862,0,345070,0
train3000_k16_seed43_current_tta,10m,common,0.3,SID28,2022-03-17,524644,178862,0,344330,0
train3000_k16_seed43_current_tta,10m,own,0.5,SID28,2022-03-17,524644,160581,0,363351,0
train3000_k16_seed43_current_tta,10m,common,0.5,SID28,2022-03-17,524644,160581,0,362611,0
train3000_k16_seed44_current_tta,10m,own,0.3,SID28,2022-03-17,524644,182429,0,341503,0
train3000_k16_seed44_current_tta,10m,common,0.3,SID28,2022-03-17,524644,182429,0,340763,0
train3000_k16_seed44_current_tta,10m,own,0.5,SID28,2022-03-17,524644,163166,0,360766,0
train3000_k16_seed44_current_tta,10m,common,0.5,SID28,2022-03-17,524644,163166,0,360026,0
width_k0_seed42_current_tta,10m,own,0.3,SID31,2022-03-17,6369,3595,27742,1010870,0
width_k0_seed42_current_tta,10m,common,0.3,SID31,2022-03-17,6369,3595,27742,1010870,0
width_k0_seed42_current_tta,10m,own,0.5,SID31,2022-03-17,5629,2492,28482,1011973,0
width_k0_seed42_current_tta,10m,common,0.5,SID31,2022-03-17,5629,2492,28482,1011973,0
width_k0_seed43_current_tta,10m,own,0.3,SID31,2022-03-17,5984,4594,28127,1009871,0
width_k0_seed43_current_tta,10m,common,0.3,SID31,2022-03-17,5984,4594,28127,1009871,0
width_k0_seed43_current_tta,10m,own,0.5,SID31,2022-03-17,5366,3010,28745,1011455,0
width_k0_seed43_current_tta,10m,common,0.5,SID31,2022-03-17,5366,3010,28745,1011455,0
width_k0_seed44_current_tta,10m,own,0.3,SID31,2022-03-17,5861,4214,28250,1010251,0
width_k0_seed44_current_tta,10m,common,0.3,SID31,2022-03-17,5861,4214,28250,1010251,0
width_k0_seed44_current_tta,10m,own,0.5,SID31,2022-03-17,5311,2942,28800,1011523,0
width_k0_seed44_current_tta,10m,common,0.5,SID31,2022-03-17,5311,2942,28800,1011523,0
width_k1_seed42_current_tta,10m,own,0.3,SID31,2022-03-17,11321,7713,22790,1006752,0
width_k1_seed42_current_tta,10m,common,0.3,SID31,2022-03-17,11321,7713,22790,1006752,0
width_k1_seed42_current_tta,10m,own,0.5,SID31,2022-03-17,9845,5498,24266,1008967,0
width_k1_seed42_current_tta,10m,common,0.5,SID31,2022-03-17,9845,5498,24266,1008967,0
width_k1_seed43_current_tta,10m,own,0.3,SID31,2022-03-17,11256,7014,22855,1007451,0
width_k1_seed43_current_tta,10m,common,0.3,SID31,2022-03-17,11256,7014,22855,1007451,0
width_k1_seed43_current_tta,10m,own,0.5,SID31,2022-03-17,9851,5140,24260,1009325,0
width_k1_seed43_current_tta,10m,common,0.5,SID31,2022-03-17,9851,5140,24260,1009325,0
width_k1_seed44_current_tta,10m,own,0.3,SID31,2022-03-17,9115,5881,24996,1008584,0
width_k1_seed44_current_tta,10m,common,0.3,SID31,2022-03-17,9115,5881,24996,1008584,0
width_k1_seed44_current_tta,10m,own,0.5,SID31,2022-03-17,8090,4120,26021,1010345,0
width_k1_seed44_current_tta,10m,common,0.5,SID31,2022-03-17,8090,4120,26021,1010345,0
width_k2_seed42_current_tta,10m,own,0.3,SID31,2022-03-17,12693,10792,21418,1003673,0
width_k2_seed42_current_tta,10m,common,0.3,SID31,2022-03-17,12693,10792,21418,1003673,0
width_k2_seed42_current_tta,10m,own,0.5,SID31,2022-03-17,11416,8283,22695,1006182,0
width_k2_seed42_current_tta,10m,common,0.5,SID31,2022-03-17,11416,8283,22695,1006182,0
width_k2_seed43_current_tta,10m,own,0.3,SID31,2022-03-17,12317,9495,21794,1004970,0
width_k2_seed43_current_tta,10m,common,0.3,SID31,2022-03-17,12317,9495,21794,1004970,0
width_k2_seed43_current_tta,10m,own,0.5,SID31,2022-03-17,11124,7082,22987,1007383,0
width_k2_seed43_current_tta,10m,common,0.5,SID31,2022-03-17,11124,7082,22987,1007383,0
width_k2_seed44_current_tta,10m,own,0.3,SID31,2022-03-17,12308,9546,21803,1004919,0
width_k2_seed44_current_tta,10m,common,0.3,SID31,2022-03-17,12308,9546,21803,1004919,0
width_k2_seed44_current_tta,10m,own,0.5,SID31,2022-03-17,11243,7302,22868,1007163,0
width_k2_seed44_current_tta,10m,common,0.5,SID31,2022-03-17,11243,7302,22868,1007163,0
width_k3_seed42_current_tta,10m,own,0.3,SID31,2022-03-17,12027,8145,22084,1006320,0
width_k3_seed42_current_tta,10m,common,0.3,SID31,2022-03-17,12027,8145,22084,1006320,0
width_k3_seed42_current_tta,10m,own,0.5,SID31,2022-03-17,10950,6151,23161,1008314,0
width_k3_seed42_current_tta,10m,common,0.5,SID31,2022-03-17,10950,6151,23161,1008314,0
width_k3_seed43_current_tta,10m,own,0.3,SID31,2022-03-17,11306,6424,22805,1008041,0
width_k3_seed43_current_tta,10m,common,0.3,SID31,2022-03-17,11306,6424,22805,1008041,0
width_k3_seed43_current_tta,10m,own,0.5,SID31,2022-03-17,10069,4679,24042,1009786,0
width_k3_seed43_current_tta,10m,common,0.5,SID31,2022-03-17,10069,4679,24042,1009786,0
width_k3_seed44_current_tta,10m,own,0.3,SID31,2022-03-17,12151,7540,21960,1006925,0
width_k3_seed44_current_tta,10m,common,0.3,SID31,2022-03-17,12151,7540,21960,1006925,0
width_k3_seed44_current_tta,10m,own,0.5,SID31,2022-03-17,11031,5518,23080,1008947,0
width_k3_seed44_current_tta,10m,common,0.5,SID31,2022-03-17,11031,5518,23080,1008947,0
width_k4_seed42_current_tta,10m,own,0.3,SID31,2022-03-17,11793,8024,22318,1006441,0
width_k4_seed42_current_tta,10m,common,0.3,SID31,2022-03-17,11793,8024,22318,1006441,0
width_k4_seed42_current_tta,10m,own,0.5,SID31,2022-03-17,10662,6081,23449,1008384,0
width_k4_seed42_current_tta,10m,common,0.5,SID31,2022-03-17,10662,6081,23449,1008384,0
width_k4_seed43_current_tta,10m,own,0.3,SID31,2022-03-17,11715,7947,22396,1006518,0
width_k4_seed43_current_tta,10m,common,0.3,SID31,2022-03-17,11715,7947,22396,1006518,0
width_k4_seed43_current_tta,10m,own,0.5,SID31,2022-03-17,10682,6075,23429,1008390,0
width_k4_seed43_current_tta,10m,common,0.5,SID31,2022-03-17,10682,6075,23429,1008390,0
width_k4_seed44_current_tta,10m,own,0.3,SID31,2022-03-17,12091,8091,22020,1006374,0
width_k4_seed44_current_tta,10m,common,0.3,SID31,2022-03-17,12091,8091,22020,1006374,0
width_k4_seed44_current_tta,10m,own,0.5,SID31,2022-03-17,11056,6011,23055,1008454,0
width_k4_seed44_current_tta,10m,common,0.5,SID31,2022-03-17,11056,6011,23055,1008454,0
width_k8_seed42_current_tta,10m,own,0.3,SID31,2022-03-17,12970,10108,21141,1004357,0
width_k8_seed42_current_tta,10m,common,0.3,SID31,2022-03-17,12970,10108,21141,1004357,0
width_k8_seed42_current_tta,10m,own,0.5,SID31,2022-03-17,11989,7828,22122,1006637,0
width_k8_seed42_current_tta,10m,common,0.5,SID31,2022-03-17,11989,7828,22122,1006637,0
width_k8_seed43_current_tta,10m,own,0.3,SID31,2022-03-17,12182,8189,21929,1006276,0
width_k8_seed43_current_tta,10m,common,0.3,SID31,2022-03-17,12182,8189,21929,1006276,0
width_k8_seed43_current_tta,10m,own,0.5,SID31,2022-03-17,11100,6217,23011,1008248,0
width_k8_seed43_current_tta,10m,common,0.5,SID31,2022-03-17,11100,6217,23011,1008248,0
width_k8_seed44_current_tta,10m,own,0.3,SID31,2022-03-17,13055,9748,21056,1004717,0
width_k8_seed44_current_tta,10m,common,0.3,SID31,2022-03-17,13055,9748,21056,1004717,0
width_k8_seed44_current_tta,10m,own,0.5,SID31,2022-03-17,12055,7557,22056,1006908,0
width_k8_seed44_current_tta,10m,common,0.5,SID31,2022-03-17,12055,7557,22056,1006908,0
width_k16_seed42_current_tta,10m,own,0.3,SID31,2022-03-17,12932,10174,21179,1004291,0
width_k16_seed42_current_tta,10m,common,0.3,SID31,2022-03-17,12932,10174,21179,1004291,0
width_k16_seed42_current_tta,10m,own,0.5,SID31,2022-03-17,11995,7944,22116,1006521,0
width_k16_seed42_current_tta,10m,common,0.5,SID31,2022-03-17,11995,7944,22116,1006521,0
width_k16_seed43_current_tta,10m,own,0.3,SID31,2022-03-17,12253,8083,21858,1006382,0
width_k16_seed43_current_tta,10m,common,0.3,SID31,2022-03-17,12253,8083,21858,1006382,0
width_k16_seed43_current_tta,10m,own,0.5,SID31,2022-03-17,11318,6179,22793,1008286,0
width_k16_seed43_current_tta,10m,common,0.5,SID31,2022-03-17,11318,6179,22793,1008286,0
width_k16_seed44_current_tta,10m,own,0.3,SID31,2022-03-17,12503,8936,21608,1005529,0
width_k16_seed44_current_tta,10m,common,0.3,SID31,2022-03-17,12503,8936,21608,1005529,0
width_k16_seed44_current_tta,10m,own,0.5,SID31,2022-03-17,11443,6938,22668,1007527,0
width_k16_seed44_current_tta,10m,common,0.5,SID31,2022-03-17,11443,6938,22668,1007527,0
train1000_k16_seed42_current_tta,10m,own,0.3,SID31,2022-03-17,4531,1631,29580,1012834,0
train1000_k16_seed42_current_tta,10m,common,0.3,SID31,2022-03-17,4531,1631,29580,1012834,0
train1000_k16_seed42_current_tta,10m,own,0.5,SID31,2022-03-17,3648,909,30463,1013556,0
train1000_k16_seed42_current_tta,10m,common,0.5,SID31,2022-03-17,3648,909,30463,1013556,0
train1000_k16_seed43_current_tta,10m,own,0.3,SID31,2022-03-17,4392,1809,29719,1012656,0
train1000_k16_seed43_current_tta,10m,common,0.3,SID31,2022-03-17,4392,1809,29719,1012656,0
train1000_k16_seed43_current_tta,10m,own,0.5,SID31,2022-03-17,3553,730,30558,1013735,0
train1000_k16_seed43_current_tta,10m,common,0.5,SID31,2022-03-17,3553,730,30558,1013735,0
train1000_k16_seed44_current_tta,10m,own,0.3,SID31,2022-03-17,4392,1922,29719,1012543,0
train1000_k16_seed44_current_tta,10m,common,0.3,SID31,2022-03-17,4392,1922,29719,1012543,0
train1000_k16_seed44_current_tta,10m,own,0.5,SID31,2022-03-17,3574,951,30537,1013514,0
train1000_k16_seed44_current_tta,10m,common,0.5,SID31,2022-03-17,3574,951,30537,1013514,0
train2000_k16_seed42_current_tta,10m,own,0.3,SID31,2022-03-17,11145,7001,22966,1007464,0
train2000_k16_seed42_current_tta,10m,common,0.3,SID31,2022-03-17,11145,7001,22966,1007464,0
train2000_k16_seed42_current_tta,10m,own,0.5,SID31,2022-03-17,9760,4891,24351,1009574,0
train2000_k16_seed42_current_tta,10m,common,0.5,SID31,2022-03-17,9760,4891,24351,1009574,0
train2000_k16_seed43_current_tta,10m,own,0.3,SID31,2022-03-17,10441,5258,23670,1009207,0
train2000_k16_seed43_current_tta,10m,common,0.3,SID31,2022-03-17,10441,5258,23670,1009207,0
train2000_k16_seed43_current_tta,10m,own,0.5,SID31,2022-03-17,9118,3613,24993,1010852,0
train2000_k16_seed43_current_tta,10m,common,0.5,SID31,2022-03-17,9118,3613,24993,1010852,0
train2000_k16_seed44_current_tta,10m,own,0.3,SID31,2022-03-17,11850,7529,22261,1006936,0
train2000_k16_seed44_current_tta,10m,common,0.3,SID31,2022-03-17,11850,7529,22261,1006936,0
train2000_k16_seed44_current_tta,10m,own,0.5,SID31,2022-03-17,10563,5338,23548,1009127,0
train2000_k16_seed44_current_tta,10m,common,0.5,SID31,2022-03-17,10563,5338,23548,1009127,0
train3000_k16_seed42_current_tta,10m,own,0.3,SID31,2022-03-17,12570,9553,21541,1004912,0
train3000_k16_seed42_current_tta,10m,common,0.3,SID31,2022-03-17,12570,9553,21541,1004912,0
train3000_k16_seed42_current_tta,10m,own,0.5,SID31,2022-03-17,11570,7252,22541,1007213,0
train3000_k16_seed42_current_tta,10m,common,0.5,SID31,2022-03-17,11570,7252,22541,1007213,0
train3000_k16_seed43_current_tta,10m,own,0.3,SID31,2022-03-17,11653,6846,22458,1007619,0
train3000_k16_seed43_current_tta,10m,common,0.3,SID31,2022-03-17,11653,6846,22458,1007619,0
train3000_k16_seed43_current_tta,10m,own,0.5,SID31,2022-03-17,10488,5074,23623,1009391,0
train3000_k16_seed43_current_tta,10m,common,0.5,SID31,2022-03-17,10488,5074,23623,1009391,0
train3000_k16_seed44_current_tta,10m,own,0.3,SID31,2022-03-17,13207,10199,20904,1004266,0
train3000_k16_seed44_current_tta,10m,common,0.3,SID31,2022-03-17,13207,10199,20904,1004266,0
train3000_k16_seed44_current_tta,10m,own,0.5,SID31,2022-03-17,11976,7861,22135,1006604,0
train3000_k16_seed44_current_tta,10m,common,0.5,SID31,2022-03-17,11976,7861,22135,1006604,0
width_k0_seed42_current_tta,10m,own,0.3,SID33,2021-12-17,44692,2271,237869,763744,0
width_k0_seed42_current_tta,10m,common,0.3,SID33,2021-12-17,44692,2271,237669,763744,0
width_k0_seed42_current_tta,10m,own,0.5,SID33,2021-12-17,33598,1223,248963,764792,0
width_k0_seed42_current_tta,10m,common,0.5,SID33,2021-12-17,33598,1223,248763,764792,0
width_k0_seed43_current_tta,10m,own,0.3,SID33,2021-12-17,89177,3653,193384,762362,0
width_k0_seed43_current_tta,10m,common,0.3,SID33,2021-12-17,89177,3653,193184,762362,0
width_k0_seed43_current_tta,10m,own,0.5,SID33,2021-12-17,72340,2321,210221,763694,0
width_k0_seed43_current_tta,10m,common,0.5,SID33,2021-12-17,72340,2321,210021,763694,0
width_k0_seed44_current_tta,10m,own,0.3,SID33,2021-12-17,57470,2798,225091,763217,0
width_k0_seed44_current_tta,10m,common,0.3,SID33,2021-12-17,57470,2798,224891,763217,0
width_k0_seed44_current_tta,10m,own,0.5,SID33,2021-12-17,43650,1731,238911,764284,0
width_k0_seed44_current_tta,10m,common,0.5,SID33,2021-12-17,43650,1731,238711,764284,0
width_k1_seed42_current_tta,10m,own,0.3,SID33,2021-12-17,189573,3098,92988,762917,0
width_k1_seed42_current_tta,10m,common,0.3,SID33,2021-12-17,189512,3098,92849,762917,0
width_k1_seed42_current_tta,10m,own,0.5,SID33,2021-12-17,172192,1625,110369,764390,0
width_k1_seed42_current_tta,10m,common,0.5,SID33,2021-12-17,172167,1625,110194,764390,0
width_k1_seed43_current_tta,10m,own,0.3,SID33,2021-12-17,197816,2561,84745,763454,0
width_k1_seed43_current_tta,10m,common,0.3,SID33,2021-12-17,197751,2561,84610,763454,0
width_k1_seed43_current_tta,10m,own,0.5,SID33,2021-12-17,183588,1334,98973,764681,0
width_k1_seed43_current_tta,10m,common,0.5,SID33,2021-12-17,183574,1334,98787,764681,0
width_k1_seed44_current_tta,10m,own,0.3,SID33,2021-12-17,183373,1573,99188,764442,0
width_k1_seed44_current_tta,10m,common,0.3,SID33,2021-12-17,183373,1573,98988,764442,0
width_k1_seed44_current_tta,10m,own,0.5,SID33,2021-12-17,163774,684,118787,765331,0
width_k1_seed44_current_tta,10m,common,0.5,SID33,2021-12-17,163774,684,118587,765331,0
width_k2_seed42_current_tta,10m,own,0.3,SID33,2021-12-17,187321,1004,95240,765011,0
width_k2_seed42_current_tta,10m,common,0.3,SID33,2021-12-17,187288,1004,95073,765011,0
width_k2_seed42_current_tta,10m,own,0.5,SID33,2021-12-17,174138,451,108423,765564,0
width_k2_seed42_current_tta,10m,common,0.5,SID33,2021-12-17,174135,451,108226,765564,0
width_k2_seed43_current_tta,10m,own,0.3,SID33,2021-12-17,178906,945,103655,765070,0
width_k2_seed43_current_tta,10m,common,0.3,SID33,2021-12-17,178880,945,103481,765070,0
width_k2_seed43_current_tta,10m,own,0.5,SID33,2021-12-17,164001,457,118560,765558,0
width_k2_seed43_current_tta,10m,common,0.5,SID33,2021-12-17,164001,457,118360,765558,0
width_k2_seed44_current_tta,10m,own,0.3,SID33,2021-12-17,194757,2082,87804,763933,0
width_k2_seed44_current_tta,10m,common,0.3,SID33,2021-12-17,194707,2082,87654,763933,0
width_k2_seed44_current_tta,10m,own,0.5,SID33,2021-12-17,180925,1051,101636,764964,0
width_k2_seed44_current_tta,10m,common,0.5,SID33,2021-12-17,180909,1051,101452,764964,0
width_k3_seed42_current_tta,10m,own,0.3,SID33,2021-12-17,180429,2104,102132,763911,0
width_k3_seed42_current_tta,10m,common,0.3,SID33,2021-12-17,180342,2104,102019,763911,0
width_k3_seed42_current_tta,10m,own,0.5,SID33,2021-12-17,165463,1092,117098,764923,0
width_k3_seed42_current_tta,10m,common,0.5,SID33,2021-12-17,165433,1092,116928,764923,0
width_k3_seed43_current_tta,10m,own,0.3,SID33,2021-12-17,189267,2382,93294,763633,0
width_k3_seed43_current_tta,10m,common,0.3,SID33,2021-12-17,189190,2382,93171,763633,0
width_k3_seed43_current_tta,10m,own,0.5,SID33,2021-12-17,174605,1427,107956,764588,0
width_k3_seed43_current_tta,10m,common,0.5,SID33,2021-12-17,174572,1427,107789,764588,0
width_k3_seed44_current_tta,10m,own,0.3,SID33,2021-12-17,213717,3343,68844,762672,0
width_k3_seed44_current_tta,10m,common,0.3,SID33,2021-12-17,213534,3343,68827,762672,0
width_k3_seed44_current_tta,10m,own,0.5,SID33,2021-12-17,200877,1834,81684,764181,0
width_k3_seed44_current_tta,10m,common,0.5,SID33,2021-12-17,200714,1834,81647,764181,0
width_k4_seed42_current_tta,10m,own,0.3,SID33,2021-12-17,203007,4470,79554,761545,0
width_k4_seed42_current_tta,10m,common,0.3,SID33,2021-12-17,202842,4470,79519,761545,0
width_k4_seed42_current_tta,10m,own,0.5,SID33,2021-12-17,189721,2749,92840,763266,0
width_k4_seed42_current_tta,10m,common,0.5,SID33,2021-12-17,189606,2749,92755,763266,0
width_k4_seed43_current_tta,10m,own,0.3,SID33,2021-12-17,177155,1389,105406,764626,0
width_k4_seed43_current_tta,10m,common,0.3,SID33,2021-12-17,177115,1389,105246,764626,0
width_k4_seed43_current_tta,10m,own,0.5,SID33,2021-12-17,163275,724,119286,765291,0
width_k4_seed43_current_tta,10m,common,0.5,SID33,2021-12-17,163270,724,119091,765291,0
width_k4_seed44_current_tta,10m,own,0.3,SID33,2021-12-17,208670,2135,73891,763880,0
width_k4_seed44_current_tta,10m,common,0.3,SID33,2021-12-17,208519,2135,73842,763880,0
width_k4_seed44_current_tta,10m,own,0.5,SID33,2021-12-17,196675,1127,85886,764888,0
width_k4_seed44_current_tta,10m,common,0.5,SID33,2021-12-17,196583,1127,85778,764888,0
width_k8_seed42_current_tta,10m,own,0.3,SID33,2021-12-17,192736,2029,89825,763986,0
width_k8_seed42_current_tta,10m,common,0.3,SID33,2021-12-17,192583,2029,89778,763986,0
width_k8_seed42_current_tta,10m,own,0.5,SID33,2021-12-17,178107,1025,104454,764990,0
width_k8_seed42_current_tta,10m,common,0.5,SID33,2021-12-17,178014,1025,104347,764990,0
width_k8_seed43_current_tta,10m,own,0.3,SID33,2021-12-17,192649,1248,89912,764767,0
width_k8_seed43_current_tta,10m,common,0.3,SID33,2021-12-17,192541,1248,89820,764767,0
width_k8_seed43_current_tta,10m,own,0.5,SID33,2021-12-17,179095,638,103466,765377,0
width_k8_seed43_current_tta,10m,common,0.5,SID33,2021-12-17,179048,638,103313,765377,0
width_k8_seed44_current_tta,10m,own,0.3,SID33,2021-12-17,175971,991,106590,765024,0
width_k8_seed44_current_tta,10m,common,0.3,SID33,2021-12-17,175897,991,106464,765024,0
width_k8_seed44_current_tta,10m,own,0.5,SID33,2021-12-17,159673,464,122888,765551,0
width_k8_seed44_current_tta,10m,common,0.5,SID33,2021-12-17,159636,464,122725,765551,0
width_k16_seed42_current_tta,10m,own,0.3,SID33,2021-12-17,182376,1104,100185,764911,0
width_k16_seed42_current_tta,10m,common,0.3,SID33,2021-12-17,182282,1104,100079,764911,0
width_k16_seed42_current_tta,10m,own,0.5,SID33,2021-12-17,167787,575,114774,765440,0
width_k16_seed42_current_tta,10m,common,0.5,SID33,2021-12-17,167758,575,114603,765440,0
width_k16_seed43_current_tta,10m,own,0.3,SID33,2021-12-17,166589,498,115972,765517,0
width_k16_seed43_current_tta,10m,common,0.3,SID33,2021-12-17,166577,498,115784,765517,0
width_k16_seed43_current_tta,10m,own,0.5,SID33,2021-12-17,149687,232,132874,765783,0
width_k16_seed43_current_tta,10m,common,0.5,SID33,2021-12-17,149687,232,132674,765783,0
width_k16_seed44_current_tta,10m,own,0.3,SID33,2021-12-17,175601,683,106960,765332,0
width_k16_seed44_current_tta,10m,common,0.3,SID33,2021-12-17,175504,683,106857,765332,0
width_k16_seed44_current_tta,10m,own,0.5,SID33,2021-12-17,159052,339,123509,765676,0
width_k16_seed44_current_tta,10m,common,0.5,SID33,2021-12-17,159000,339,123361,765676,0
train1000_k16_seed42_current_tta,10m,own,0.3,SID33,2021-12-17,122113,1755,160448,764260,0
train1000_k16_seed42_current_tta,10m,common,0.3,SID33,2021-12-17,122113,1755,160248,764260,0
train1000_k16_seed42_current_tta,10m,own,0.5,SID33,2021-12-17,99715,827,182846,765188,0
train1000_k16_seed42_current_tta,10m,common,0.5,SID33,2021-12-17,99715,827,182646,765188,0
train1000_k16_seed43_current_tta,10m,own,0.3,SID33,2021-12-17,114477,1017,168084,764998,0
train1000_k16_seed43_current_tta,10m,common,0.3,SID33,2021-12-17,114477,1017,167884,764998,0
train1000_k16_seed43_current_tta,10m,own,0.5,SID33,2021-12-17,89159,443,193402,765572,0
train1000_k16_seed43_current_tta,10m,common,0.5,SID33,2021-12-17,89159,443,193202,765572,0
train1000_k16_seed44_current_tta,10m,own,0.3,SID33,2021-12-17,102359,1908,180202,764107,0
train1000_k16_seed44_current_tta,10m,common,0.3,SID33,2021-12-17,102359,1908,180002,764107,0
train1000_k16_seed44_current_tta,10m,own,0.5,SID33,2021-12-17,76036,1006,206525,765009,0
train1000_k16_seed44_current_tta,10m,common,0.5,SID33,2021-12-17,76036,1006,206325,765009,0
train2000_k16_seed42_current_tta,10m,own,0.3,SID33,2021-12-17,190186,2062,92375,763953,0
train2000_k16_seed42_current_tta,10m,common,0.3,SID33,2021-12-17,190175,2062,92186,763953,0
train2000_k16_seed42_current_tta,10m,own,0.5,SID33,2021-12-17,175557,1072,107004,764943,0
train2000_k16_seed42_current_tta,10m,common,0.5,SID33,2021-12-17,175557,1072,106804,764943,0
train2000_k16_seed43_current_tta,10m,own,0.3,SID33,2021-12-17,181309,791,101252,765224,0
train2000_k16_seed43_current_tta,10m,common,0.3,SID33,2021-12-17,181304,791,101057,765224,0
train2000_k16_seed43_current_tta,10m,own,0.5,SID33,2021-12-17,165312,349,117249,765666,0
train2000_k16_seed43_current_tta,10m,common,0.5,SID33,2021-12-17,165312,349,117049,765666,0
train2000_k16_seed44_current_tta,10m,own,0.3,SID33,2021-12-17,195364,1989,87197,764026,0
train2000_k16_seed44_current_tta,10m,common,0.3,SID33,2021-12-17,195267,1989,87094,764026,0
train2000_k16_seed44_current_tta,10m,own,0.5,SID33,2021-12-17,180787,965,101774,765050,0
train2000_k16_seed44_current_tta,10m,common,0.5,SID33,2021-12-17,180732,965,101629,765050,0
train3000_k16_seed42_current_tta,10m,own,0.3,SID33,2021-12-17,181428,1036,101133,764979,0
train3000_k16_seed42_current_tta,10m,common,0.3,SID33,2021-12-17,181385,1036,100976,764979,0
train3000_k16_seed42_current_tta,10m,own,0.5,SID33,2021-12-17,167122,515,115439,765500,0
train3000_k16_seed42_current_tta,10m,common,0.5,SID33,2021-12-17,167111,515,115250,765500,0
train3000_k16_seed43_current_tta,10m,own,0.3,SID33,2021-12-17,173386,552,109175,765463,0
train3000_k16_seed43_current_tta,10m,common,0.3,SID33,2021-12-17,173376,552,108985,765463,0
train3000_k16_seed43_current_tta,10m,own,0.5,SID33,2021-12-17,158447,260,124114,765755,0
train3000_k16_seed43_current_tta,10m,common,0.5,SID33,2021-12-17,158447,260,123914,765755,0
train3000_k16_seed44_current_tta,10m,own,0.3,SID33,2021-12-17,196010,1553,86551,764462,0
train3000_k16_seed44_current_tta,10m,common,0.3,SID33,2021-12-17,195851,1553,86510,764462,0
train3000_k16_seed44_current_tta,10m,own,0.5,SID33,2021-12-17,183442,758,99119,765257,0
train3000_k16_seed44_current_tta,10m,common,0.5,SID33,2021-12-17,183334,758,99027,765257,0
width_k0_seed42_current_tta,10m,own,0.3,SID36,2022-09-01,140895,30216,20875,856590,0
width_k0_seed42_current_tta,10m,common,0.3,SID36,2022-09-01,140895,30216,20875,856590,0
width_k0_seed42_current_tta,10m,own,0.5,SID36,2022-09-01,138124,25432,23646,861374,0
width_k0_seed42_current_tta,10m,common,0.5,SID36,2022-09-01,138124,25432,23646,861374,0
width_k0_seed43_current_tta,10m,own,0.3,SID36,2022-09-01,143479,33413,18291,853393,0
width_k0_seed43_current_tta,10m,common,0.3,SID36,2022-09-01,143479,33413,18291,853393,0
width_k0_seed43_current_tta,10m,own,0.5,SID36,2022-09-01,140917,28458,20853,858348,0
width_k0_seed43_current_tta,10m,common,0.5,SID36,2022-09-01,140917,28458,20853,858348,0
width_k0_seed44_current_tta,10m,own,0.3,SID36,2022-09-01,141678,31753,20092,855053,0
width_k0_seed44_current_tta,10m,common,0.3,SID36,2022-09-01,141678,31753,20092,855053,0
width_k0_seed44_current_tta,10m,own,0.5,SID36,2022-09-01,139010,26885,22760,859921,0
width_k0_seed44_current_tta,10m,common,0.5,SID36,2022-09-01,139010,26885,22760,859921,0
width_k1_seed42_current_tta,10m,own,0.3,SID36,2022-09-01,137652,16992,24118,869814,0
width_k1_seed42_current_tta,10m,common,0.3,SID36,2022-09-01,137652,16992,24118,869814,0
width_k1_seed42_current_tta,10m,own,0.5,SID36,2022-09-01,132685,11690,29085,875116,0
width_k1_seed42_current_tta,10m,common,0.5,SID36,2022-09-01,132685,11690,29085,875116,0
width_k1_seed43_current_tta,10m,own,0.3,SID36,2022-09-01,139157,16602,22613,870204,0
width_k1_seed43_current_tta,10m,common,0.3,SID36,2022-09-01,139157,16602,22613,870204,0
width_k1_seed43_current_tta,10m,own,0.5,SID36,2022-09-01,134727,11165,27043,875641,0
width_k1_seed43_current_tta,10m,common,0.5,SID36,2022-09-01,134727,11165,27043,875641,0
width_k1_seed44_current_tta,10m,own,0.3,SID36,2022-09-01,141231,22997,20539,863809,0
width_k1_seed44_current_tta,10m,common,0.3,SID36,2022-09-01,141231,22997,20539,863809,0
width_k1_seed44_current_tta,10m,own,0.5,SID36,2022-09-01,136922,17802,24848,869004,0
width_k1_seed44_current_tta,10m,common,0.5,SID36,2022-09-01,136922,17802,24848,869004,0
width_k2_seed42_current_tta,10m,own,0.3,SID36,2022-09-01,131552,10230,30218,876576,0
width_k2_seed42_current_tta,10m,common,0.3,SID36,2022-09-01,131552,10230,30218,876576,0
width_k2_seed42_current_tta,10m,own,0.5,SID36,2022-09-01,125225,5808,36545,880998,0
width_k2_seed42_current_tta,10m,common,0.5,SID36,2022-09-01,125225,5808,36545,880998,0
width_k2_seed43_current_tta,10m,own,0.3,SID36,2022-09-01,133386,9182,28384,877624,0
width_k2_seed43_current_tta,10m,common,0.3,SID36,2022-09-01,133386,9182,28384,877624,0
width_k2_seed43_current_tta,10m,own,0.5,SID36,2022-09-01,127272,5114,34498,881692,0
width_k2_seed43_current_tta,10m,common,0.5,SID36,2022-09-01,127272,5114,34498,881692,0
width_k2_seed44_current_tta,10m,own,0.3,SID36,2022-09-01,131760,8748,30010,878058,0
width_k2_seed44_current_tta,10m,common,0.3,SID36,2022-09-01,131760,8748,30010,878058,0
width_k2_seed44_current_tta,10m,own,0.5,SID36,2022-09-01,126126,4769,35644,882037,0
width_k2_seed44_current_tta,10m,common,0.5,SID36,2022-09-01,126126,4769,35644,882037,0
width_k3_seed42_current_tta,10m,own,0.3,SID36,2022-09-01,132904,7733,28866,879073,0
width_k3_seed42_current_tta,10m,common,0.3,SID36,2022-09-01,132904,7733,28866,879073,0
width_k3_seed42_current_tta,10m,own,0.5,SID36,2022-09-01,126532,3678,35238,883128,0
width_k3_seed42_current_tta,10m,common,0.5,SID36,2022-09-01,126532,3678,35238,883128,0
width_k3_seed43_current_tta,10m,own,0.3,SID36,2022-09-01,130887,5630,30883,881176,0
width_k3_seed43_current_tta,10m,common,0.3,SID36,2022-09-01,130887,5630,30883,881176,0
width_k3_seed43_current_tta,10m,own,0.5,SID36,2022-09-01,123321,2498,38449,884308,0
width_k3_seed43_current_tta,10m,common,0.5,SID36,2022-09-01,123321,2498,38449,884308,0
width_k3_seed44_current_tta,10m,own,0.3,SID36,2022-09-01,139108,13706,22662,873100,0
width_k3_seed44_current_tta,10m,common,0.3,SID36,2022-09-01,139108,13706,22662,873100,0
width_k3_seed44_current_tta,10m,own,0.5,SID36,2022-09-01,134119,7938,27651,878868,0
width_k3_seed44_current_tta,10m,common,0.5,SID36,2022-09-01,134119,7938,27651,878868,0
width_k4_seed42_current_tta,10m,own,0.3,SID36,2022-09-01,128864,4172,32906,882634,0
width_k4_seed42_current_tta,10m,common,0.3,SID36,2022-09-01,128864,4172,32906,882634,0
width_k4_seed42_current_tta,10m,own,0.5,SID36,2022-09-01,121083,1624,40687,885182,0
width_k4_seed42_current_tta,10m,common,0.5,SID36,2022-09-01,121083,1624,40687,885182,0
width_k4_seed43_current_tta,10m,own,0.3,SID36,2022-09-01,131652,5970,30118,880836,0
width_k4_seed43_current_tta,10m,common,0.3,SID36,2022-09-01,131652,5970,30118,880836,0
width_k4_seed43_current_tta,10m,own,0.5,SID36,2022-09-01,125182,2751,36588,884055,0
width_k4_seed43_current_tta,10m,common,0.5,SID36,2022-09-01,125182,2751,36588,884055,0
width_k4_seed44_current_tta,10m,own,0.3,SID36,2022-09-01,134932,8772,26838,878034,0
width_k4_seed44_current_tta,10m,common,0.3,SID36,2022-09-01,134932,8772,26838,878034,0
width_k4_seed44_current_tta,10m,own,0.5,SID36,2022-09-01,128730,4299,33040,882507,0
width_k4_seed44_current_tta,10m,common,0.5,SID36,2022-09-01,128730,4299,33040,882507,0
width_k8_seed42_current_tta,10m,own,0.3,SID36,2022-09-01,131959,5596,29811,881210,0
width_k8_seed42_current_tta,10m,common,0.3,SID36,2022-09-01,131959,5596,29811,881210,0
width_k8_seed42_current_tta,10m,own,0.5,SID36,2022-09-01,125222,2266,36548,884540,0
width_k8_seed42_current_tta,10m,common,0.5,SID36,2022-09-01,125222,2266,36548,884540,0
width_k8_seed43_current_tta,10m,own,0.3,SID36,2022-09-01,131466,4972,30304,881834,0
width_k8_seed43_current_tta,10m,common,0.3,SID36,2022-09-01,131466,4972,30304,881834,0
width_k8_seed43_current_tta,10m,own,0.5,SID36,2022-09-01,124386,2161,37384,884645,0
width_k8_seed43_current_tta,10m,common,0.5,SID36,2022-09-01,124386,2161,37384,884645,0
width_k8_seed44_current_tta,10m,own,0.3,SID36,2022-09-01,134590,7483,27180,879323,0
width_k8_seed44_current_tta,10m,common,0.3,SID36,2022-09-01,134590,7483,27180,879323,0
width_k8_seed44_current_tta,10m,own,0.5,SID36,2022-09-01,128686,3482,33084,883324,0
width_k8_seed44_current_tta,10m,common,0.5,SID36,2022-09-01,128686,3482,33084,883324,0
width_k16_seed42_current_tta,10m,own,0.3,SID36,2022-09-01,133212,6132,28558,880674,0
width_k16_seed42_current_tta,10m,common,0.3,SID36,2022-09-01,133212,6132,28558,880674,0
width_k16_seed42_current_tta,10m,own,0.5,SID36,2022-09-01,127461,2888,34309,883918,0
width_k16_seed42_current_tta,10m,common,0.5,SID36,2022-09-01,127461,2888,34309,883918,0
width_k16_seed43_current_tta,10m,own,0.3,SID36,2022-09-01,135981,8506,25789,878300,0
width_k16_seed43_current_tta,10m,common,0.3,SID36,2022-09-01,135981,8506,25789,878300,0
width_k16_seed43_current_tta,10m,own,0.5,SID36,2022-09-01,130367,4541,31403,882265,0
width_k16_seed43_current_tta,10m,common,0.5,SID36,2022-09-01,130367,4541,31403,882265,0
width_k16_seed44_current_tta,10m,own,0.3,SID36,2022-09-01,132376,5465,29394,881341,0
width_k16_seed44_current_tta,10m,common,0.3,SID36,2022-09-01,132376,5465,29394,881341,0
width_k16_seed44_current_tta,10m,own,0.5,SID36,2022-09-01,126260,2477,35510,884329,0
width_k16_seed44_current_tta,10m,common,0.5,SID36,2022-09-01,126260,2477,35510,884329,0
train1000_k16_seed42_current_tta,10m,own,0.3,SID36,2022-09-01,138307,24805,23463,862001,0
train1000_k16_seed42_current_tta,10m,common,0.3,SID36,2022-09-01,138307,24805,23463,862001,0
train1000_k16_seed42_current_tta,10m,own,0.5,SID36,2022-09-01,133638,19198,28132,867608,0
train1000_k16_seed42_current_tta,10m,common,0.5,SID36,2022-09-01,133638,19198,28132,867608,0
train1000_k16_seed43_current_tta,10m,own,0.3,SID36,2022-09-01,141021,26999,20749,859807,0
train1000_k16_seed43_current_tta,10m,common,0.3,SID36,2022-09-01,141021,26999,20749,859807,0
train1000_k16_seed43_current_tta,10m,own,0.5,SID36,2022-09-01,136643,20501,25127,866305,0
train1000_k16_seed43_current_tta,10m,common,0.5,SID36,2022-09-01,136643,20501,25127,866305,0
train1000_k16_seed44_current_tta,10m,own,0.3,SID36,2022-09-01,139056,26203,22714,860603,0
train1000_k16_seed44_current_tta,10m,common,0.3,SID36,2022-09-01,139056,26203,22714,860603,0
train1000_k16_seed44_current_tta,10m,own,0.5,SID36,2022-09-01,134671,20427,27099,866379,0
train1000_k16_seed44_current_tta,10m,common,0.5,SID36,2022-09-01,134671,20427,27099,866379,0
train2000_k16_seed42_current_tta,10m,own,0.3,SID36,2022-09-01,130413,9320,31357,877486,0
train2000_k16_seed42_current_tta,10m,common,0.3,SID36,2022-09-01,130413,9320,31357,877486,0
train2000_k16_seed42_current_tta,10m,own,0.5,SID36,2022-09-01,119200,5268,42570,881538,0
train2000_k16_seed42_current_tta,10m,common,0.5,SID36,2022-09-01,119200,5268,42570,881538,0
train2000_k16_seed43_current_tta,10m,own,0.3,SID36,2022-09-01,134868,11467,26902,875339,0
train2000_k16_seed43_current_tta,10m,common,0.3,SID36,2022-09-01,134868,11467,26902,875339,0
train2000_k16_seed43_current_tta,10m,own,0.5,SID36,2022-09-01,125522,6098,36248,880708,0
train2000_k16_seed43_current_tta,10m,common,0.5,SID36,2022-09-01,125522,6098,36248,880708,0
train2000_k16_seed44_current_tta,10m,own,0.3,SID36,2022-09-01,135939,11421,25831,875385,0
train2000_k16_seed44_current_tta,10m,common,0.3,SID36,2022-09-01,135939,11421,25831,875385,0
train2000_k16_seed44_current_tta,10m,own,0.5,SID36,2022-09-01,129768,6195,32002,880611,0
train2000_k16_seed44_current_tta,10m,common,0.5,SID36,2022-09-01,129768,6195,32002,880611,0
train3000_k16_seed42_current_tta,10m,own,0.3,SID36,2022-09-01,128718,4694,33052,882112,0
train3000_k16_seed42_current_tta,10m,common,0.3,SID36,2022-09-01,128718,4694,33052,882112,0
train3000_k16_seed42_current_tta,10m,own,0.5,SID36,2022-09-01,120943,1907,40827,884899,0
train3000_k16_seed42_current_tta,10m,common,0.5,SID36,2022-09-01,120943,1907,40827,884899,0
train3000_k16_seed43_current_tta,10m,own,0.3,SID36,2022-09-01,132519,6720,29251,880086,0
train3000_k16_seed43_current_tta,10m,common,0.3,SID36,2022-09-01,132519,6720,29251,880086,0
train3000_k16_seed43_current_tta,10m,own,0.5,SID36,2022-09-01,125195,2987,36575,883819,0
train3000_k16_seed43_current_tta,10m,common,0.5,SID36,2022-09-01,125195,2987,36575,883819,0
train3000_k16_seed44_current_tta,10m,own,0.3,SID36,2022-09-01,128623,4606,33147,882200,0
train3000_k16_seed44_current_tta,10m,common,0.3,SID36,2022-09-01,128623,4606,33147,882200,0
train3000_k16_seed44_current_tta,10m,own,0.5,SID36,2022-09-01,121218,1992,40552,884814,0
train3000_k16_seed44_current_tta,10m,common,0.5,SID36,2022-09-01,121218,1992,40552,884814,0
width_k0_seed42_current_tta,10m,own,0.3,SID37,2022-03-18,895264,31350,7154,114808,0
width_k0_seed42_current_tta,10m,common,0.3,SID37,2022-03-18,895264,31350,7154,114808,0
width_k0_seed42_current_tta,10m,own,0.5,SID37,2022-03-18,891664,27948,10754,118210,0
width_k0_seed42_current_tta,10m,common,0.5,SID37,2022-03-18,891664,27948,10754,118210,0
width_k0_seed43_current_tta,10m,own,0.3,SID37,2022-03-18,899875,37522,2543,108636,0
width_k0_seed43_current_tta,10m,common,0.3,SID37,2022-03-18,899875,37522,2543,108636,0
width_k0_seed43_current_tta,10m,own,0.5,SID37,2022-03-18,898041,33801,4377,112357,0
width_k0_seed43_current_tta,10m,common,0.5,SID37,2022-03-18,898041,33801,4377,112357,0
width_k0_seed44_current_tta,10m,own,0.3,SID37,2022-03-18,895549,32167,6869,113991,0
width_k0_seed44_current_tta,10m,common,0.3,SID37,2022-03-18,895549,32167,6869,113991,0
width_k0_seed44_current_tta,10m,own,0.5,SID37,2022-03-18,891811,28445,10607,117713,0
width_k0_seed44_current_tta,10m,common,0.5,SID37,2022-03-18,891811,28445,10607,117713,0
width_k1_seed42_current_tta,10m,own,0.3,SID37,2022-03-18,850556,455,51862,145703,0
width_k1_seed42_current_tta,10m,common,0.3,SID37,2022-03-18,850556,455,51862,145703,0
width_k1_seed42_current_tta,10m,own,0.5,SID37,2022-03-18,823089,0,79329,146158,0
width_k1_seed42_current_tta,10m,common,0.5,SID37,2022-03-18,823089,0,79329,146158,0
width_k1_seed43_current_tta,10m,own,0.3,SID37,2022-03-18,890509,12355,11909,133803,0
width_k1_seed43_current_tta,10m,common,0.3,SID37,2022-03-18,890509,12355,11909,133803,0
width_k1_seed43_current_tta,10m,own,0.5,SID37,2022-03-18,883330,9126,19088,137032,0
width_k1_seed43_current_tta,10m,common,0.5,SID37,2022-03-18,883330,9126,19088,137032,0
width_k1_seed44_current_tta,10m,own,0.3,SID37,2022-03-18,888986,13357,13432,132801,0
width_k1_seed44_current_tta,10m,common,0.3,SID37,2022-03-18,888986,13357,13432,132801,0
width_k1_seed44_current_tta,10m,own,0.5,SID37,2022-03-18,879274,7284,23144,138874,0
width_k1_seed44_current_tta,10m,common,0.5,SID37,2022-03-18,879274,7284,23144,138874,0
width_k2_seed42_current_tta,10m,own,0.3,SID37,2022-03-18,896735,15677,5683,130481,0
width_k2_seed42_current_tta,10m,common,0.3,SID37,2022-03-18,896735,15677,5683,130481,0
width_k2_seed42_current_tta,10m,own,0.5,SID37,2022-03-18,893175,11363,9243,134795,0
width_k2_seed42_current_tta,10m,common,0.5,SID37,2022-03-18,893175,11363,9243,134795,0
width_k2_seed43_current_tta,10m,own,0.3,SID37,2022-03-18,880248,4671,22170,141487,0
width_k2_seed43_current_tta,10m,common,0.3,SID37,2022-03-18,880248,4671,22170,141487,0
width_k2_seed43_current_tta,10m,own,0.5,SID37,2022-03-18,870641,2245,31777,143913,0
width_k2_seed43_current_tta,10m,common,0.5,SID37,2022-03-18,870641,2245,31777,143913,0
width_k2_seed44_current_tta,10m,own,0.3,SID37,2022-03-18,888128,7335,14290,138823,0
width_k2_seed44_current_tta,10m,common,0.3,SID37,2022-03-18,888128,7335,14290,138823,0
width_k2_seed44_current_tta,10m,own,0.5,SID37,2022-03-18,881785,4344,20633,141814,0
width_k2_seed44_current_tta,10m,common,0.5,SID37,2022-03-18,881785,4344,20633,141814,0
width_k3_seed42_current_tta,10m,own,0.3,SID37,2022-03-18,889330,10735,13088,135423,0
width_k3_seed42_current_tta,10m,common,0.3,SID37,2022-03-18,889330,10735,13088,135423,0
width_k3_seed42_current_tta,10m,own,0.5,SID37,2022-03-18,883316,6894,19102,139264,0
width_k3_seed42_current_tta,10m,common,0.5,SID37,2022-03-18,883316,6894,19102,139264,0
width_k3_seed43_current_tta,10m,own,0.3,SID37,2022-03-18,859783,1719,42635,144439,0
width_k3_seed43_current_tta,10m,common,0.3,SID37,2022-03-18,859783,1719,42635,144439,0
width_k3_seed43_current_tta,10m,own,0.5,SID37,2022-03-18,844071,387,58347,145771,0
width_k3_seed43_current_tta,10m,common,0.5,SID37,2022-03-18,844071,387,58347,145771,0
width_k3_seed44_current_tta,10m,own,0.3,SID37,2022-03-18,868204,1811,34214,144347,0
width_k3_seed44_current_tta,10m,common,0.3,SID37,2022-03-18,868204,1811,34214,144347,0
width_k3_seed44_current_tta,10m,own,0.5,SID37,2022-03-18,854982,581,47436,145577,0
width_k3_seed44_current_tta,10m,common,0.5,SID37,2022-03-18,854982,581,47436,145577,0
width_k4_seed42_current_tta,10m,own,0.3,SID37,2022-03-18,867633,2971,34785,143187,0
width_k4_seed42_current_tta,10m,common,0.3,SID37,2022-03-18,867633,2971,34785,143187,0
width_k4_seed42_current_tta,10m,own,0.5,SID37,2022-03-18,855647,621,46771,145537,0
width_k4_seed42_current_tta,10m,common,0.5,SID37,2022-03-18,855647,621,46771,145537,0
width_k4_seed43_current_tta,10m,own,0.3,SID37,2022-03-18,877894,5928,24524,140230,0
width_k4_seed43_current_tta,10m,common,0.3,SID37,2022-03-18,877894,5928,24524,140230,0
width_k4_seed43_current_tta,10m,own,0.5,SID37,2022-03-18,867593,3063,34825,143095,0
width_k4_seed43_current_tta,10m,common,0.5,SID37,2022-03-18,867593,3063,34825,143095,0
width_k4_seed44_current_tta,10m,own,0.3,SID37,2022-03-18,869080,3048,33338,143110,0
width_k4_seed44_current_tta,10m,common,0.3,SID37,2022-03-18,869080,3048,33338,143110,0
width_k4_seed44_current_tta,10m,own,0.5,SID37,2022-03-18,854891,1423,47527,144735,0
width_k4_seed44_current_tta,10m,common,0.5,SID37,2022-03-18,854891,1423,47527,144735,0
width_k8_seed42_current_tta,10m,own,0.3,SID37,2022-03-18,881709,6482,20709,139676,0
width_k8_seed42_current_tta,10m,common,0.3,SID37,2022-03-18,881709,6482,20709,139676,0
width_k8_seed42_current_tta,10m,own,0.5,SID37,2022-03-18,872491,2947,29927,143211,0
width_k8_seed42_current_tta,10m,common,0.5,SID37,2022-03-18,872491,2947,29927,143211,0
width_k8_seed43_current_tta,10m,own,0.3,SID37,2022-03-18,879282,5659,23136,140499,0
width_k8_seed43_current_tta,10m,common,0.3,SID37,2022-03-18,879282,5659,23136,140499,0
width_k8_seed43_current_tta,10m,own,0.5,SID37,2022-03-18,870404,2996,32014,143162,0
width_k8_seed43_current_tta,10m,common,0.5,SID37,2022-03-18,870404,2996,32014,143162,0
width_k8_seed44_current_tta,10m,own,0.3,SID37,2022-03-18,881427,5630,20991,140528,0
width_k8_seed44_current_tta,10m,common,0.3,SID37,2022-03-18,881427,5630,20991,140528,0
width_k8_seed44_current_tta,10m,own,0.5,SID37,2022-03-18,873617,3364,28801,142794,0
width_k8_seed44_current_tta,10m,common,0.5,SID37,2022-03-18,873617,3364,28801,142794,0
width_k16_seed42_current_tta,10m,own,0.3,SID37,2022-03-18,881747,5518,20671,140640,0
width_k16_seed42_current_tta,10m,common,0.3,SID37,2022-03-18,881747,5518,20671,140640,0
width_k16_seed42_current_tta,10m,own,0.5,SID37,2022-03-18,875020,3579,27398,142579,0
width_k16_seed42_current_tta,10m,common,0.5,SID37,2022-03-18,875020,3579,27398,142579,0
width_k16_seed43_current_tta,10m,own,0.3,SID37,2022-03-18,884741,7635,17677,138523,0
width_k16_seed43_current_tta,10m,common,0.3,SID37,2022-03-18,884741,7635,17677,138523,0
width_k16_seed43_current_tta,10m,own,0.5,SID37,2022-03-18,877802,5082,24616,141076,0
width_k16_seed43_current_tta,10m,common,0.5,SID37,2022-03-18,877802,5082,24616,141076,0
width_k16_seed44_current_tta,10m,own,0.3,SID37,2022-03-18,881456,5142,20962,141016,0
width_k16_seed44_current_tta,10m,common,0.3,SID37,2022-03-18,881456,5142,20962,141016,0
width_k16_seed44_current_tta,10m,own,0.5,SID37,2022-03-18,874524,3394,27894,142764,0
width_k16_seed44_current_tta,10m,common,0.5,SID37,2022-03-18,874524,3394,27894,142764,0
train1000_k16_seed42_current_tta,10m,own,0.3,SID37,2022-03-18,894139,19974,8279,126184,0
train1000_k16_seed42_current_tta,10m,common,0.3,SID37,2022-03-18,894139,19974,8279,126184,0
train1000_k16_seed42_current_tta,10m,own,0.5,SID37,2022-03-18,887973,15448,14445,130710,0
train1000_k16_seed42_current_tta,10m,common,0.5,SID37,2022-03-18,887973,15448,14445,130710,0
train1000_k16_seed43_current_tta,10m,own,0.3,SID37,2022-03-18,896286,23805,6132,122353,0
train1000_k16_seed43_current_tta,10m,common,0.3,SID37,2022-03-18,896286,23805,6132,122353,0
train1000_k16_seed43_current_tta,10m,own,0.5,SID37,2022-03-18,891108,17910,11310,128248,0
train1000_k16_seed43_current_tta,10m,common,0.5,SID37,2022-03-18,891108,17910,11310,128248,0
train1000_k16_seed44_current_tta,10m,own,0.3,SID37,2022-03-18,891367,19989,11051,126169,0
train1000_k16_seed44_current_tta,10m,common,0.3,SID37,2022-03-18,891367,19989,11051,126169,0
train1000_k16_seed44_current_tta,10m,own,0.5,SID37,2022-03-18,883481,15107,18937,131051,0
train1000_k16_seed44_current_tta,10m,common,0.5,SID37,2022-03-18,883481,15107,18937,131051,0
train2000_k16_seed42_current_tta,10m,own,0.3,SID37,2022-03-18,870458,2407,31960,143751,0
train2000_k16_seed42_current_tta,10m,common,0.3,SID37,2022-03-18,870458,2407,31960,143751,0
train2000_k16_seed42_current_tta,10m,own,0.5,SID37,2022-03-18,857354,1135,45064,145023,0
train2000_k16_seed42_current_tta,10m,common,0.5,SID37,2022-03-18,857354,1135,45064,145023,0
train2000_k16_seed43_current_tta,10m,own,0.3,SID37,2022-03-18,892030,11279,10388,134879,0
train2000_k16_seed43_current_tta,10m,common,0.3,SID37,2022-03-18,892030,11279,10388,134879,0
train2000_k16_seed43_current_tta,10m,own,0.5,SID37,2022-03-18,886721,7693,15697,138465,0
train2000_k16_seed43_current_tta,10m,common,0.5,SID37,2022-03-18,886721,7693,15697,138465,0
train2000_k16_seed44_current_tta,10m,own,0.3,SID37,2022-03-18,889416,8447,13002,137711,0
train2000_k16_seed44_current_tta,10m,common,0.3,SID37,2022-03-18,889416,8447,13002,137711,0
train2000_k16_seed44_current_tta,10m,own,0.5,SID37,2022-03-18,883227,5075,19191,141083,0
train2000_k16_seed44_current_tta,10m,common,0.5,SID37,2022-03-18,883227,5075,19191,141083,0
train3000_k16_seed42_current_tta,10m,own,0.3,SID37,2022-03-18,879059,4274,23359,141884,0
train3000_k16_seed42_current_tta,10m,common,0.3,SID37,2022-03-18,879059,4274,23359,141884,0
train3000_k16_seed42_current_tta,10m,own,0.5,SID37,2022-03-18,871191,2524,31227,143634,0
train3000_k16_seed42_current_tta,10m,common,0.5,SID37,2022-03-18,871191,2524,31227,143634,0
train3000_k16_seed43_current_tta,10m,own,0.3,SID37,2022-03-18,886572,8584,15846,137574,0
train3000_k16_seed43_current_tta,10m,common,0.3,SID37,2022-03-18,886572,8584,15846,137574,0
train3000_k16_seed43_current_tta,10m,own,0.5,SID37,2022-03-18,879744,6263,22674,139895,0
train3000_k16_seed43_current_tta,10m,common,0.5,SID37,2022-03-18,879744,6263,22674,139895,0
train3000_k16_seed44_current_tta,10m,own,0.3,SID37,2022-03-18,883082,4559,19336,141599,0
train3000_k16_seed44_current_tta,10m,common,0.3,SID37,2022-03-18,883082,4559,19336,141599,0
train3000_k16_seed44_current_tta,10m,own,0.5,SID37,2022-03-18,876181,2725,26237,143433,0
train3000_k16_seed44_current_tta,10m,common,0.5,SID37,2022-03-18,876181,2725,26237,143433,0
width_k0_seed42_current_tta,10m,own,0.3,SID39,2022-08-21,314328,23509,9838,700901,0
width_k0_seed42_current_tta,10m,common,0.3,SID39,2022-08-21,314328,23509,9838,700901,0
width_k0_seed42_current_tta,10m,own,0.5,SID39,2022-08-21,312644,17788,11522,706622,0
width_k0_seed42_current_tta,10m,common,0.5,SID39,2022-08-21,312644,17788,11522,706622,0
width_k0_seed43_current_tta,10m,own,0.3,SID39,2022-08-21,316599,30833,7567,693577,0
width_k0_seed43_current_tta,10m,common,0.3,SID39,2022-08-21,316599,30833,7567,693577,0
width_k0_seed43_current_tta,10m,own,0.5,SID39,2022-08-21,315755,24585,8411,699825,0
width_k0_seed43_current_tta,10m,common,0.5,SID39,2022-08-21,315755,24585,8411,699825,0
width_k0_seed44_current_tta,10m,own,0.3,SID39,2022-08-21,315070,24061,9096,700349,0
width_k0_seed44_current_tta,10m,common,0.3,SID39,2022-08-21,315070,24061,9096,700349,0
width_k0_seed44_current_tta,10m,own,0.5,SID39,2022-08-21,313087,18618,11079,705792,0
width_k0_seed44_current_tta,10m,common,0.5,SID39,2022-08-21,313087,18618,11079,705792,0
width_k1_seed42_current_tta,10m,own,0.3,SID39,2022-08-21,314372,10052,9794,714358,0
width_k1_seed42_current_tta,10m,common,0.3,SID39,2022-08-21,314372,10052,9794,714358,0
width_k1_seed42_current_tta,10m,own,0.5,SID39,2022-08-21,309732,5105,14434,719305,0
width_k1_seed42_current_tta,10m,common,0.5,SID39,2022-08-21,309732,5105,14434,719305,0
width_k1_seed43_current_tta,10m,own,0.3,SID39,2022-08-21,314392,9420,9774,714990,0
width_k1_seed43_current_tta,10m,common,0.3,SID39,2022-08-21,314392,9420,9774,714990,0
width_k1_seed43_current_tta,10m,own,0.5,SID39,2022-08-21,310126,4722,14040,719688,0
width_k1_seed43_current_tta,10m,common,0.5,SID39,2022-08-21,310126,4722,14040,719688,0
width_k1_seed44_current_tta,10m,own,0.3,SID39,2022-08-21,315974,17528,8192,706882,0
width_k1_seed44_current_tta,10m,common,0.3,SID39,2022-08-21,315974,17528,8192,706882,0
width_k1_seed44_current_tta,10m,own,0.5,SID39,2022-08-21,313222,10953,10944,713457,0
width_k1_seed44_current_tta,10m,common,0.5,SID39,2022-08-21,313222,10953,10944,713457,0
width_k2_seed42_current_tta,10m,own,0.3,SID39,2022-08-21,312488,7038,11678,717372,0
width_k2_seed42_current_tta,10m,common,0.3,SID39,2022-08-21,312488,7038,11678,717372,0
width_k2_seed42_current_tta,10m,own,0.5,SID39,2022-08-21,307615,3205,16551,721205,0
width_k2_seed42_current_tta,10m,common,0.5,SID39,2022-08-21,307615,3205,16551,721205,0
width_k2_seed43_current_tta,10m,own,0.3,SID39,2022-08-21,315582,11808,8584,712602,0
width_k2_seed43_current_tta,10m,common,0.3,SID39,2022-08-21,315582,11808,8584,712602,0
width_k2_seed43_current_tta,10m,own,0.5,SID39,2022-08-21,312726,6418,11440,717992,0
width_k2_seed43_current_tta,10m,common,0.5,SID39,2022-08-21,312726,6418,11440,717992,0
width_k2_seed44_current_tta,10m,own,0.3,SID39,2022-08-21,313332,7812,10834,716598,0
width_k2_seed44_current_tta,10m,common,0.3,SID39,2022-08-21,313332,7812,10834,716598,0
width_k2_seed44_current_tta,10m,own,0.5,SID39,2022-08-21,309364,3626,14802,720784,0
width_k2_seed44_current_tta,10m,common,0.5,SID39,2022-08-21,309364,3626,14802,720784,0
width_k3_seed42_current_tta,10m,own,0.3,SID39,2022-08-21,312119,5986,12047,718424,0
width_k3_seed42_current_tta,10m,common,0.3,SID39,2022-08-21,312119,5986,12047,718424,0
width_k3_seed42_current_tta,10m,own,0.5,SID39,2022-08-21,306909,2547,17257,721863,0
width_k3_seed42_current_tta,10m,common,0.5,SID39,2022-08-21,306909,2547,17257,721863,0
width_k3_seed43_current_tta,10m,own,0.3,SID39,2022-08-21,314271,10770,9895,713640,0
width_k3_seed43_current_tta,10m,common,0.3,SID39,2022-08-21,314271,10770,9895,713640,0
width_k3_seed43_current_tta,10m,own,0.5,SID39,2022-08-21,310976,5813,13190,718597,0
width_k3_seed43_current_tta,10m,common,0.5,SID39,2022-08-21,310976,5813,13190,718597,0
width_k3_seed44_current_tta,10m,own,0.3,SID39,2022-08-21,315936,11798,8230,712612,0
width_k3_seed44_current_tta,10m,common,0.3,SID39,2022-08-21,315936,11798,8230,712612,0
width_k3_seed44_current_tta,10m,own,0.5,SID39,2022-08-21,312800,6563,11366,717847,0
width_k3_seed44_current_tta,10m,common,0.5,SID39,2022-08-21,312800,6563,11366,717847,0
width_k4_seed42_current_tta,10m,own,0.3,SID39,2022-08-21,314042,9300,10124,715110,0
width_k4_seed42_current_tta,10m,common,0.3,SID39,2022-08-21,314042,9300,10124,715110,0
width_k4_seed42_current_tta,10m,own,0.5,SID39,2022-08-21,310472,4572,13694,719838,0
width_k4_seed42_current_tta,10m,common,0.5,SID39,2022-08-21,310472,4572,13694,719838,0
width_k4_seed43_current_tta,10m,own,0.3,SID39,2022-08-21,314494,9374,9672,715036,0
width_k4_seed43_current_tta,10m,common,0.3,SID39,2022-08-21,314494,9374,9672,715036,0
width_k4_seed43_current_tta,10m,own,0.5,SID39,2022-08-21,311043,4890,13123,719520,0
width_k4_seed43_current_tta,10m,common,0.5,SID39,2022-08-21,311043,4890,13123,719520,0
width_k4_seed44_current_tta,10m,own,0.3,SID39,2022-08-21,314549,10035,9617,714375,0
width_k4_seed44_current_tta,10m,common,0.3,SID39,2022-08-21,314549,10035,9617,714375,0
width_k4_seed44_current_tta,10m,own,0.5,SID39,2022-08-21,310678,5075,13488,719335,0
width_k4_seed44_current_tta,10m,common,0.5,SID39,2022-08-21,310678,5075,13488,719335,0
width_k8_seed42_current_tta,10m,own,0.3,SID39,2022-08-21,314799,10040,9367,714370,0
width_k8_seed42_current_tta,10m,common,0.3,SID39,2022-08-21,314799,10040,9367,714370,0
width_k8_seed42_current_tta,10m,own,0.5,SID39,2022-08-21,311324,5284,12842,719126,0
width_k8_seed42_current_tta,10m,common,0.5,SID39,2022-08-21,311324,5284,12842,719126,0
width_k8_seed43_current_tta,10m,own,0.3,SID39,2022-08-21,313393,7098,10773,717312,0
width_k8_seed43_current_tta,10m,common,0.3,SID39,2022-08-21,313393,7098,10773,717312,0
width_k8_seed43_current_tta,10m,own,0.5,SID39,2022-08-21,309007,3509,15159,720901,0
width_k8_seed43_current_tta,10m,common,0.5,SID39,2022-08-21,309007,3509,15159,720901,0
width_k8_seed44_current_tta,10m,own,0.3,SID39,2022-08-21,314396,9869,9770,714541,0
width_k8_seed44_current_tta,10m,common,0.3,SID39,2022-08-21,314396,9869,9770,714541,0
width_k8_seed44_current_tta,10m,own,0.5,SID39,2022-08-21,310799,5055,13367,719355,0
width_k8_seed44_current_tta,10m,common,0.5,SID39,2022-08-21,310799,5055,13367,719355,0
width_k16_seed42_current_tta,10m,own,0.3,SID39,2022-08-21,315212,11953,8954,712457,0
width_k16_seed42_current_tta,10m,common,0.3,SID39,2022-08-21,315212,11953,8954,712457,0
width_k16_seed42_current_tta,10m,own,0.5,SID39,2022-08-21,312640,7323,11526,717087,0
width_k16_seed42_current_tta,10m,common,0.5,SID39,2022-08-21,312640,7323,11526,717087,0
width_k16_seed43_current_tta,10m,own,0.3,SID39,2022-08-21,315016,11717,9150,712693,0
width_k16_seed43_current_tta,10m,common,0.3,SID39,2022-08-21,315016,11717,9150,712693,0
width_k16_seed43_current_tta,10m,own,0.5,SID39,2022-08-21,312077,7010,12089,717400,0
width_k16_seed43_current_tta,10m,common,0.5,SID39,2022-08-21,312077,7010,12089,717400,0
width_k16_seed44_current_tta,10m,own,0.3,SID39,2022-08-21,315039,10362,9127,714048,0
width_k16_seed44_current_tta,10m,common,0.3,SID39,2022-08-21,315039,10362,9127,714048,0
width_k16_seed44_current_tta,10m,own,0.5,SID39,2022-08-21,312136,5788,12030,718622,0
width_k16_seed44_current_tta,10m,common,0.5,SID39,2022-08-21,312136,5788,12030,718622,0
train1000_k16_seed42_current_tta,10m,own,0.3,SID39,2022-08-21,313889,16292,10277,708118,0
train1000_k16_seed42_current_tta,10m,common,0.3,SID39,2022-08-21,313889,16292,10277,708118,0
train1000_k16_seed42_current_tta,10m,own,0.5,SID39,2022-08-21,309566,9815,14600,714595,0
train1000_k16_seed42_current_tta,10m,common,0.5,SID39,2022-08-21,309566,9815,14600,714595,0
train1000_k16_seed43_current_tta,10m,own,0.3,SID39,2022-08-21,314920,17534,9246,706876,0
train1000_k16_seed43_current_tta,10m,common,0.3,SID39,2022-08-21,314920,17534,9246,706876,0
train1000_k16_seed43_current_tta,10m,own,0.5,SID39,2022-08-21,310003,10511,14163,713899,0
train1000_k16_seed43_current_tta,10m,common,0.5,SID39,2022-08-21,310003,10511,14163,713899,0
train1000_k16_seed44_current_tta,10m,own,0.3,SID39,2022-08-21,312678,14485,11488,709925,0
train1000_k16_seed44_current_tta,10m,common,0.3,SID39,2022-08-21,312678,14485,11488,709925,0
train1000_k16_seed44_current_tta,10m,own,0.5,SID39,2022-08-21,307313,8548,16853,715862,0
train1000_k16_seed44_current_tta,10m,common,0.5,SID39,2022-08-21,307313,8548,16853,715862,0
train2000_k16_seed42_current_tta,10m,own,0.3,SID39,2022-08-21,311543,7519,12623,716891,0
train2000_k16_seed42_current_tta,10m,common,0.3,SID39,2022-08-21,311543,7519,12623,716891,0
train2000_k16_seed42_current_tta,10m,own,0.5,SID39,2022-08-21,305672,3519,18494,720891,0
train2000_k16_seed42_current_tta,10m,common,0.5,SID39,2022-08-21,305672,3519,18494,720891,0
train2000_k16_seed43_current_tta,10m,own,0.3,SID39,2022-08-21,313637,10427,10529,713983,0
train2000_k16_seed43_current_tta,10m,common,0.3,SID39,2022-08-21,313637,10427,10529,713983,0
train2000_k16_seed43_current_tta,10m,own,0.5,SID39,2022-08-21,308347,5259,15819,719151,0
train2000_k16_seed43_current_tta,10m,common,0.5,SID39,2022-08-21,308347,5259,15819,719151,0
train2000_k16_seed44_current_tta,10m,own,0.3,SID39,2022-08-21,314941,10402,9225,714008,0
train2000_k16_seed44_current_tta,10m,common,0.3,SID39,2022-08-21,314941,10402,9225,714008,0
train2000_k16_seed44_current_tta,10m,own,0.5,SID39,2022-08-21,311171,5146,12995,719264,0
train2000_k16_seed44_current_tta,10m,common,0.5,SID39,2022-08-21,311171,5146,12995,719264,0
train3000_k16_seed42_current_tta,10m,own,0.3,SID39,2022-08-21,313588,8436,10578,715974,0
train3000_k16_seed42_current_tta,10m,common,0.3,SID39,2022-08-21,313588,8436,10578,715974,0
train3000_k16_seed42_current_tta,10m,own,0.5,SID39,2022-08-21,309604,4499,14562,719911,0
train3000_k16_seed42_current_tta,10m,common,0.5,SID39,2022-08-21,309604,4499,14562,719911,0
train3000_k16_seed43_current_tta,10m,own,0.3,SID39,2022-08-21,313825,9215,10341,715195,0
train3000_k16_seed43_current_tta,10m,common,0.3,SID39,2022-08-21,313825,9215,10341,715195,0
train3000_k16_seed43_current_tta,10m,own,0.5,SID39,2022-08-21,309693,4821,14473,719589,0
train3000_k16_seed43_current_tta,10m,common,0.5,SID39,2022-08-21,309693,4821,14473,719589,0
train3000_k16_seed44_current_tta,10m,own,0.3,SID39,2022-08-21,313017,7096,11149,717314,0
train3000_k16_seed44_current_tta,10m,common,0.3,SID39,2022-08-21,313017,7096,11149,717314,0
train3000_k16_seed44_current_tta,10m,own,0.5,SID39,2022-08-21,308835,3409,15331,721001,0
train3000_k16_seed44_current_tta,10m,common,0.5,SID39,2022-08-21,308835,3409,15331,721001,0
width_k0_seed42_current_tta,10m,own,0.3,SID40,2021-10-12,611647,17011,648,419270,0
width_k0_seed42_current_tta,10m,common,0.3,SID40,2021-10-12,611647,17011,648,419270,0
width_k0_seed42_current_tta,10m,own,0.5,SID40,2021-10-12,610995,13566,1300,422715,0
width_k0_seed42_current_tta,10m,common,0.5,SID40,2021-10-12,610995,13566,1300,422715,0
width_k0_seed43_current_tta,10m,own,0.3,SID40,2021-10-12,612028,21227,267,415054,0
width_k0_seed43_current_tta,10m,common,0.3,SID40,2021-10-12,612028,21227,267,415054,0
width_k0_seed43_current_tta,10m,own,0.5,SID40,2021-10-12,611632,17430,663,418851,0
width_k0_seed43_current_tta,10m,common,0.5,SID40,2021-10-12,611632,17430,663,418851,0
width_k0_seed44_current_tta,10m,own,0.3,SID40,2021-10-12,611889,18901,406,417380,0
width_k0_seed44_current_tta,10m,common,0.3,SID40,2021-10-12,611889,18901,406,417380,0
width_k0_seed44_current_tta,10m,own,0.5,SID40,2021-10-12,611430,15432,865,420849,0
width_k0_seed44_current_tta,10m,common,0.5,SID40,2021-10-12,611430,15432,865,420849,0
width_k1_seed42_current_tta,10m,own,0.3,SID40,2021-10-12,612131,14304,164,421977,0
width_k1_seed42_current_tta,10m,common,0.3,SID40,2021-10-12,612131,14304,164,421977,0
width_k1_seed42_current_tta,10m,own,0.5,SID40,2021-10-12,611824,10133,471,426148,0
width_k1_seed42_current_tta,10m,common,0.5,SID40,2021-10-12,611824,10133,471,426148,0
width_k1_seed43_current_tta,10m,own,0.3,SID40,2021-10-12,612143,14823,152,421458,0
width_k1_seed43_current_tta,10m,common,0.3,SID40,2021-10-12,612143,14823,152,421458,0
width_k1_seed43_current_tta,10m,own,0.5,SID40,2021-10-12,611831,10890,464,425391,0
width_k1_seed43_current_tta,10m,common,0.5,SID40,2021-10-12,611831,10890,464,425391,0
width_k1_seed44_current_tta,10m,own,0.3,SID40,2021-10-12,612186,16851,109,419430,0
width_k1_seed44_current_tta,10m,common,0.3,SID40,2021-10-12,612186,16851,109,419430,0
width_k1_seed44_current_tta,10m,own,0.5,SID40,2021-10-12,611956,12578,339,423703,0
width_k1_seed44_current_tta,10m,common,0.5,SID40,2021-10-12,611956,12578,339,423703,0
width_k2_seed42_current_tta,10m,own,0.3,SID40,2021-10-12,612149,14675,146,421606,0
width_k2_seed42_current_tta,10m,common,0.3,SID40,2021-10-12,612149,14675,146,421606,0
width_k2_seed42_current_tta,10m,own,0.5,SID40,2021-10-12,611908,10714,387,425567,0
width_k2_seed42_current_tta,10m,common,0.5,SID40,2021-10-12,611908,10714,387,425567,0
width_k2_seed43_current_tta,10m,own,0.3,SID40,2021-10-12,612245,17937,50,418344,0
width_k2_seed43_current_tta,10m,common,0.3,SID40,2021-10-12,612245,17937,50,418344,0
width_k2_seed43_current_tta,10m,own,0.5,SID40,2021-10-12,612196,13810,99,422471,0
width_k2_seed43_current_tta,10m,common,0.5,SID40,2021-10-12,612196,13810,99,422471,0
width_k2_seed44_current_tta,10m,own,0.3,SID40,2021-10-12,612226,17991,69,418290,0
width_k2_seed44_current_tta,10m,common,0.3,SID40,2021-10-12,612226,17991,69,418290,0
width_k2_seed44_current_tta,10m,own,0.5,SID40,2021-10-12,612129,14061,166,422220,0
width_k2_seed44_current_tta,10m,common,0.5,SID40,2021-10-12,612129,14061,166,422220,0
width_k3_seed42_current_tta,10m,own,0.3,SID40,2021-10-12,612233,16011,62,420270,0
width_k3_seed42_current_tta,10m,common,0.3,SID40,2021-10-12,612233,16011,62,420270,0
width_k3_seed42_current_tta,10m,own,0.5,SID40,2021-10-12,612137,12086,158,424195,0
width_k3_seed42_current_tta,10m,common,0.5,SID40,2021-10-12,612137,12086,158,424195,0
width_k3_seed43_current_tta,10m,own,0.3,SID40,2021-10-12,612173,12523,122,423758,0
width_k3_seed43_current_tta,10m,common,0.3,SID40,2021-10-12,612173,12523,122,423758,0
width_k3_seed43_current_tta,10m,own,0.5,SID40,2021-10-12,611927,8977,368,427304,0
width_k3_seed43_current_tta,10m,common,0.5,SID40,2021-10-12,611927,8977,368,427304,0
width_k3_seed44_current_tta,10m,own,0.3,SID40,2021-10-12,612057,9754,238,426527,0
width_k3_seed44_current_tta,10m,common,0.3,SID40,2021-10-12,612057,9754,238,426527,0
width_k3_seed44_current_tta,10m,own,0.5,SID40,2021-10-12,611483,6354,812,429927,0
width_k3_seed44_current_tta,10m,common,0.5,SID40,2021-10-12,611483,6354,812,429927,0
width_k4_seed42_current_tta,10m,own,0.3,SID40,2021-10-12,612052,11418,243,424863,0
width_k4_seed42_current_tta,10m,common,0.3,SID40,2021-10-12,612052,11418,243,424863,0
width_k4_seed42_current_tta,10m,own,0.5,SID40,2021-10-12,611710,7990,585,428291,0
width_k4_seed42_current_tta,10m,common,0.5,SID40,2021-10-12,611710,7990,585,428291,0
width_k4_seed43_current_tta,10m,own,0.3,SID40,2021-10-12,612166,12273,129,424008,0
width_k4_seed43_current_tta,10m,common,0.3,SID40,2021-10-12,612166,12273,129,424008,0
width_k4_seed43_current_tta,10m,own,0.5,SID40,2021-10-12,611908,8675,387,427606,0
width_k4_seed43_current_tta,10m,common,0.5,SID40,2021-10-12,611908,8675,387,427606,0
width_k4_seed44_current_tta,10m,own,0.3,SID40,2021-10-12,612172,12383,123,423898,0
width_k4_seed44_current_tta,10m,common,0.3,SID40,2021-10-12,612172,12383,123,423898,0
width_k4_seed44_current_tta,10m,own,0.5,SID40,2021-10-12,611965,8787,330,427494,0
width_k4_seed44_current_tta,10m,common,0.5,SID40,2021-10-12,611965,8787,330,427494,0
width_k8_seed42_current_tta,10m,own,0.3,SID40,2021-10-12,612167,12037,128,424244,0
width_k8_seed42_current_tta,10m,common,0.3,SID40,2021-10-12,612167,12037,128,424244,0
width_k8_seed42_current_tta,10m,own,0.5,SID40,2021-10-12,611932,8412,363,427869,0
width_k8_seed42_current_tta,10m,common,0.5,SID40,2021-10-12,611932,8412,363,427869,0
width_k8_seed43_current_tta,10m,own,0.3,SID40,2021-10-12,612131,11441,164,424840,0
width_k8_seed43_current_tta,10m,common,0.3,SID40,2021-10-12,612131,11441,164,424840,0
width_k8_seed43_current_tta,10m,own,0.5,SID40,2021-10-12,611817,7919,478,428362,0
width_k8_seed43_current_tta,10m,common,0.5,SID40,2021-10-12,611817,7919,478,428362,0
width_k8_seed44_current_tta,10m,own,0.3,SID40,2021-10-12,612186,12153,109,424128,0
width_k8_seed44_current_tta,10m,common,0.3,SID40,2021-10-12,612186,12153,109,424128,0
width_k8_seed44_current_tta,10m,own,0.5,SID40,2021-10-12,611966,8429,329,427852,0
width_k8_seed44_current_tta,10m,common,0.5,SID40,2021-10-12,611966,8429,329,427852,0
width_k16_seed42_current_tta,10m,own,0.3,SID40,2021-10-12,612113,11340,182,424941,0
width_k16_seed42_current_tta,10m,common,0.3,SID40,2021-10-12,612113,11340,182,424941,0
width_k16_seed42_current_tta,10m,own,0.5,SID40,2021-10-12,611830,8034,465,428247,0
width_k16_seed42_current_tta,10m,common,0.5,SID40,2021-10-12,611830,8034,465,428247,0
width_k16_seed43_current_tta,10m,own,0.3,SID40,2021-10-12,612091,10058,204,426223,0
width_k16_seed43_current_tta,10m,common,0.3,SID40,2021-10-12,612091,10058,204,426223,0
width_k16_seed43_current_tta,10m,own,0.5,SID40,2021-10-12,611700,6802,595,429479,0
width_k16_seed43_current_tta,10m,common,0.5,SID40,2021-10-12,611700,6802,595,429479,0
width_k16_seed44_current_tta,10m,own,0.3,SID40,2021-10-12,612128,10802,167,425479,0
width_k16_seed44_current_tta,10m,common,0.3,SID40,2021-10-12,612128,10802,167,425479,0
width_k16_seed44_current_tta,10m,own,0.5,SID40,2021-10-12,611777,7496,518,428785,0
width_k16_seed44_current_tta,10m,common,0.5,SID40,2021-10-12,611777,7496,518,428785,0
train1000_k16_seed42_current_tta,10m,own,0.3,SID40,2021-10-12,611717,14867,578,421414,0
train1000_k16_seed42_current_tta,10m,common,0.3,SID40,2021-10-12,611717,14867,578,421414,0
train1000_k16_seed42_current_tta,10m,own,0.5,SID40,2021-10-12,610861,10930,1434,425351,0
train1000_k16_seed42_current_tta,10m,common,0.5,SID40,2021-10-12,610861,10930,1434,425351,0
train1000_k16_seed43_current_tta,10m,own,0.3,SID40,2021-10-12,611528,12116,767,424165,0
train1000_k16_seed43_current_tta,10m,common,0.3,SID40,2021-10-12,611528,12116,767,424165,0
train1000_k16_seed43_current_tta,10m,own,0.5,SID40,2021-10-12,610529,8393,1766,427888,0
train1000_k16_seed43_current_tta,10m,common,0.5,SID40,2021-10-12,610529,8393,1766,427888,0
train1000_k16_seed44_current_tta,10m,own,0.3,SID40,2021-10-12,611644,14848,651,421433,0
train1000_k16_seed44_current_tta,10m,common,0.3,SID40,2021-10-12,611644,14848,651,421433,0
train1000_k16_seed44_current_tta,10m,own,0.5,SID40,2021-10-12,610769,10856,1526,425425,0
train1000_k16_seed44_current_tta,10m,common,0.5,SID40,2021-10-12,610769,10856,1526,425425,0
train2000_k16_seed42_current_tta,10m,own,0.3,SID40,2021-10-12,612187,14659,108,421622,0
train2000_k16_seed42_current_tta,10m,common,0.3,SID40,2021-10-12,612187,14659,108,421622,0
train2000_k16_seed42_current_tta,10m,own,0.5,SID40,2021-10-12,612019,10695,276,425586,0
train2000_k16_seed42_current_tta,10m,common,0.5,SID40,2021-10-12,612019,10695,276,425586,0
train2000_k16_seed43_current_tta,10m,own,0.3,SID40,2021-10-12,612191,13071,104,423210,0
train2000_k16_seed43_current_tta,10m,common,0.3,SID40,2021-10-12,612191,13071,104,423210,0
train2000_k16_seed43_current_tta,10m,own,0.5,SID40,2021-10-12,611981,9086,314,427195,0
train2000_k16_seed43_current_tta,10m,common,0.5,SID40,2021-10-12,611981,9086,314,427195,0
train2000_k16_seed44_current_tta,10m,own,0.3,SID40,2021-10-12,612221,15645,74,420636,0
train2000_k16_seed44_current_tta,10m,common,0.3,SID40,2021-10-12,612221,15645,74,420636,0
train2000_k16_seed44_current_tta,10m,own,0.5,SID40,2021-10-12,612123,11699,172,424582,0
train2000_k16_seed44_current_tta,10m,common,0.5,SID40,2021-10-12,612123,11699,172,424582,0
train3000_k16_seed42_current_tta,10m,own,0.3,SID40,2021-10-12,612160,12231,135,424050,0
train3000_k16_seed42_current_tta,10m,common,0.3,SID40,2021-10-12,612160,12231,135,424050,0
train3000_k16_seed42_current_tta,10m,own,0.5,SID40,2021-10-12,611918,8701,377,427580,0
train3000_k16_seed42_current_tta,10m,common,0.5,SID40,2021-10-12,611918,8701,377,427580,0
train3000_k16_seed43_current_tta,10m,own,0.3,SID40,2021-10-12,612162,11533,133,424748,0
train3000_k16_seed43_current_tta,10m,common,0.3,SID40,2021-10-12,612162,11533,133,424748,0
train3000_k16_seed43_current_tta,10m,own,0.5,SID40,2021-10-12,611897,8003,398,428278,0
train3000_k16_seed43_current_tta,10m,common,0.5,SID40,2021-10-12,611897,8003,398,428278,0
train3000_k16_seed44_current_tta,10m,own,0.3,SID40,2021-10-12,612207,13698,88,422583,0
train3000_k16_seed44_current_tta,10m,common,0.3,SID40,2021-10-12,612207,13698,88,422583,0
train3000_k16_seed44_current_tta,10m,own,0.5,SID40,2021-10-12,612064,10070,231,426211,0
train3000_k16_seed44_current_tta,10m,common,0.5,SID40,2021-10-12,612064,10070,231,426211,0
width_k0_seed42_current_tta,10m,own,0.3,SID44,2022-05-31,138056,18526,64285,827709,0
width_k0_seed42_current_tta,10m,common,0.3,SID44,2022-05-31,136837,11419,51619,707401,0
width_k0_seed42_current_tta,10m,own,0.5,SID44,2022-05-31,129191,13875,73150,832360,0
width_k0_seed42_current_tta,10m,common,0.5,SID44,2022-05-31,128228,8422,60228,710398,0
width_k0_seed43_current_tta,10m,own,0.3,SID44,2022-05-31,159306,32308,43035,813927,0
width_k0_seed43_current_tta,10m,common,0.3,SID44,2022-05-31,157346,20560,31110,698260,0
width_k0_seed43_current_tta,10m,own,0.5,SID44,2022-05-31,153361,27934,48980,818301,0
width_k0_seed43_current_tta,10m,common,0.5,SID44,2022-05-31,151781,17436,36675,701384,0
width_k0_seed44_current_tta,10m,own,0.3,SID44,2022-05-31,145502,22593,56839,823642,0
width_k0_seed44_current_tta,10m,common,0.3,SID44,2022-05-31,143961,13663,44495,705157,0
width_k0_seed44_current_tta,10m,own,0.5,SID44,2022-05-31,137042,17523,65299,828712,0
width_k0_seed44_current_tta,10m,common,0.5,SID44,2022-05-31,135922,10369,52534,708451,0
width_k1_seed42_current_tta,10m,own,0.3,SID44,2022-05-31,182462,18341,19879,827894,0
width_k1_seed42_current_tta,10m,common,0.3,SID44,2022-05-31,177392,14703,11064,704117,0
width_k1_seed42_current_tta,10m,own,0.5,SID44,2022-05-31,178261,13347,24080,832888,0
width_k1_seed42_current_tta,10m,common,0.5,SID44,2022-05-31,174202,10866,14254,707954,0
width_k1_seed43_current_tta,10m,own,0.3,SID44,2022-05-31,183460,18662,18881,827573,0
width_k1_seed43_current_tta,10m,common,0.3,SID44,2022-05-31,177937,15503,10519,703317,0
width_k1_seed43_current_tta,10m,own,0.5,SID44,2022-05-31,178458,13170,23883,833065,0
width_k1_seed43_current_tta,10m,common,0.5,SID44,2022-05-31,174064,11544,14392,707276,0
width_k1_seed44_current_tta,10m,own,0.3,SID44,2022-05-31,177027,24121,25314,822114,0
width_k1_seed44_current_tta,10m,common,0.3,SID44,2022-05-31,173072,18053,15384,700767,0
width_k1_seed44_current_tta,10m,own,0.5,SID44,2022-05-31,173346,17661,28995,828574,0
width_k1_seed44_current_tta,10m,common,0.5,SID44,2022-05-31,170185,13743,18271,705077,0
width_k2_seed42_current_tta,10m,own,0.3,SID44,2022-05-31,192500,16429,9841,829806,0
width_k2_seed42_current_tta,10m,common,0.3,SID44,2022-05-31,183997,14135,4459,704685,0
width_k2_seed42_current_tta,10m,own,0.5,SID44,2022-05-31,187455,12387,14886,833848,0
width_k2_seed42_current_tta,10m,common,0.5,SID44,2022-05-31,180656,10991,7800,707829,0
width_k2_seed43_current_tta,10m,own,0.3,SID44,2022-05-31,193200,26840,9141,819395,0
width_k2_seed43_current_tta,10m,common,0.3,SID44,2022-05-31,184440,21167,4016,697653,0
width_k2_seed43_current_tta,10m,own,0.5,SID44,2022-05-31,189222,20390,13119,825845,0
width_k2_seed43_current_tta,10m,common,0.5,SID44,2022-05-31,181912,16771,6544,702049,0
width_k2_seed44_current_tta,10m,own,0.3,SID44,2022-05-31,188779,15792,13562,830443,0
width_k2_seed44_current_tta,10m,common,0.3,SID44,2022-05-31,181358,13615,7098,705205,0
width_k2_seed44_current_tta,10m,own,0.5,SID44,2022-05-31,182875,11566,19466,834669,0
width_k2_seed44_current_tta,10m,common,0.5,SID44,2022-05-31,177124,10206,11332,708614,0
width_k3_seed42_current_tta,10m,own,0.3,SID44,2022-05-31,193270,20912,9071,825323,0
width_k3_seed42_current_tta,10m,common,0.3,SID44,2022-05-31,184219,17207,4237,701613,0
width_k3_seed42_current_tta,10m,own,0.5,SID44,2022-05-31,188674,15797,13667,830438,0
width_k3_seed42_current_tta,10m,common,0.5,SID44,2022-05-31,181137,13457,7319,705363,0
width_k3_seed43_current_tta,10m,own,0.3,SID44,2022-05-31,195610,20900,6731,825335,0
width_k3_seed43_current_tta,10m,common,0.3,SID44,2022-05-31,185590,17742,2866,701078,0
width_k3_seed43_current_tta,10m,own,0.5,SID44,2022-05-31,191899,16195,10442,830040,0
width_k3_seed43_current_tta,10m,common,0.5,SID44,2022-05-31,183116,14187,5340,704633,0
width_k3_seed44_current_tta,10m,own,0.3,SID44,2022-05-31,193466,15919,8875,830316,0
width_k3_seed44_current_tta,10m,common,0.3,SID44,2022-05-31,184832,13979,3624,704841,0
width_k3_seed44_current_tta,10m,own,0.5,SID44,2022-05-31,188850,12222,13491,834013,0
width_k3_seed44_current_tta,10m,common,0.5,SID44,2022-05-31,182040,10939,6416,707881,0
width_k4_seed42_current_tta,10m,own,0.3,SID44,2022-05-31,197551,21303,4790,824932,0
width_k4_seed42_current_tta,10m,common,0.3,SID44,2022-05-31,186590,17670,1866,701150,0
width_k4_seed42_current_tta,10m,own,0.5,SID44,2022-05-31,193852,16661,8489,829574,0
width_k4_seed42_current_tta,10m,common,0.5,SID44,2022-05-31,184191,14305,4265,704515,0
width_k4_seed43_current_tta,10m,own,0.3,SID44,2022-05-31,193907,22401,8434,823834,0
width_k4_seed43_current_tta,10m,common,0.3,SID44,2022-05-31,185185,18808,3271,700012,0
width_k4_seed43_current_tta,10m,own,0.5,SID44,2022-05-31,188774,18050,13567,828185,0
width_k4_seed43_current_tta,10m,common,0.5,SID44,2022-05-31,181667,15497,6789,703323,0
width_k4_seed44_current_tta,10m,own,0.3,SID44,2022-05-31,193258,15812,9083,830423,0
width_k4_seed44_current_tta,10m,common,0.3,SID44,2022-05-31,184454,13868,4002,704952,0
width_k4_seed44_current_tta,10m,own,0.5,SID44,2022-05-31,188053,12202,14288,834033,0
width_k4_seed44_current_tta,10m,common,0.5,SID44,2022-05-31,180799,10952,7657,707868,0
width_k8_seed42_current_tta,10m,own,0.3,SID44,2022-05-31,200385,24716,1956,821519,0
width_k8_seed42_current_tta,10m,common,0.3,SID44,2022-05-31,187904,20447,552,698373,0
width_k8_seed42_current_tta,10m,own,0.5,SID44,2022-05-31,199139,19475,3202,826760,0
width_k8_seed42_current_tta,10m,common,0.5,SID44,2022-05-31,187409,16571,1047,702249,0
width_k8_seed43_current_tta,10m,own,0.3,SID44,2022-05-31,195902,20945,6439,825290,0
width_k8_seed43_current_tta,10m,common,0.3,SID44,2022-05-31,186262,17766,2194,701054,0
width_k8_seed43_current_tta,10m,own,0.5,SID44,2022-05-31,192631,16298,9710,829937,0
width_k8_seed43_current_tta,10m,common,0.5,SID44,2022-05-31,184380,14312,4076,704508,0
width_k8_seed44_current_tta,10m,own,0.3,SID44,2022-05-31,199405,29572,2936,816663,0
width_k8_seed44_current_tta,10m,common,0.3,SID44,2022-05-31,187529,23421,927,695399,0
width_k8_seed44_current_tta,10m,own,0.5,SID44,2022-05-31,197752,22313,4589,823922,0
width_k8_seed44_current_tta,10m,common,0.5,SID44,2022-05-31,186818,18614,1638,700206,0
width_k16_seed42_current_tta,10m,own,0.3,SID44,2022-05-31,200490,27277,1851,818958,0
width_k16_seed42_current_tta,10m,common,0.3,SID44,2022-05-31,187950,21997,506,696823,0
width_k16_seed42_current_tta,10m,own,0.5,SID44,2022-05-31,199319,22165,3022,824070,0
width_k16_seed42_current_tta,10m,common,0.5,SID44,2022-05-31,187527,18520,929,700300,0
width_k16_seed43_current_tta,10m,own,0.3,SID44,2022-05-31,199607,26112,2734,820123,0
width_k16_seed43_current_tta,10m,common,0.3,SID44,2022-05-31,187750,21657,706,697163,0
width_k16_seed43_current_tta,10m,own,0.5,SID44,2022-05-31,198151,21421,4190,824814,0
width_k16_seed43_current_tta,10m,common,0.5,SID44,2022-05-31,187185,18317,1271,700503,0
width_k16_seed44_current_tta,10m,own,0.3,SID44,2022-05-31,201342,31764,999,814471,0
width_k16_seed44_current_tta,10m,common,0.3,SID44,2022-05-31,188166,25120,290,693700,0
width_k16_seed44_current_tta,10m,own,0.5,SID44,2022-05-31,200355,25876,1986,820359,0
width_k16_seed44_current_tta,10m,common,0.5,SID44,2022-05-31,187835,21380,621,697440,0
train1000_k16_seed42_current_tta,10m,own,0.3,SID44,2022-05-31,169598,27774,32743,818461,0
train1000_k16_seed42_current_tta,10m,common,0.3,SID44,2022-05-31,166689,17514,21767,701306,0
train1000_k16_seed42_current_tta,10m,own,0.5,SID44,2022-05-31,164273,20157,38068,826078,0
train1000_k16_seed42_current_tta,10m,common,0.5,SID44,2022-05-31,162060,12682,26396,706138,0
train1000_k16_seed43_current_tta,10m,own,0.3,SID44,2022-05-31,170459,24688,31882,821547,0
train1000_k16_seed43_current_tta,10m,common,0.3,SID44,2022-05-31,167572,16263,20884,702557,0
train1000_k16_seed43_current_tta,10m,own,0.5,SID44,2022-05-31,165974,17326,36367,828909,0
train1000_k16_seed43_current_tta,10m,common,0.5,SID44,2022-05-31,163745,11488,24711,707332,0
train1000_k16_seed44_current_tta,10m,own,0.3,SID44,2022-05-31,165766,26905,36575,819330,0
train1000_k16_seed44_current_tta,10m,common,0.3,SID44,2022-05-31,163476,17177,24980,701643,0
train1000_k16_seed44_current_tta,10m,own,0.5,SID44,2022-05-31,160426,20195,41915,826040,0
train1000_k16_seed44_current_tta,10m,common,0.5,SID44,2022-05-31,158657,12734,29799,706086,0
train2000_k16_seed42_current_tta,10m,own,0.3,SID44,2022-05-31,197161,23239,5180,822996,0
train2000_k16_seed42_current_tta,10m,common,0.3,SID44,2022-05-31,186663,18178,1793,700642,0
train2000_k16_seed42_current_tta,10m,own,0.5,SID44,2022-05-31,193435,17395,8906,828840,0
train2000_k16_seed42_current_tta,10m,common,0.5,SID44,2022-05-31,184366,14276,4090,704544,0
train2000_k16_seed43_current_tta,10m,own,0.3,SID44,2022-05-31,190846,20049,11495,826186,0
train2000_k16_seed43_current_tta,10m,common,0.3,SID44,2022-05-31,182774,17287,5682,701533,0
train2000_k16_seed43_current_tta,10m,own,0.5,SID44,2022-05-31,186308,15406,16033,830829,0
train2000_k16_seed43_current_tta,10m,common,0.5,SID44,2022-05-31,179663,13601,8793,705219,0
train2000_k16_seed44_current_tta,10m,own,0.3,SID44,2022-05-31,192402,24933,9939,821302,0
train2000_k16_seed44_current_tta,10m,common,0.3,SID44,2022-05-31,183763,19579,4693,699241,0
train2000_k16_seed44_current_tta,10m,own,0.5,SID44,2022-05-31,188160,18749,14181,827486,0
train2000_k16_seed44_current_tta,10m,common,0.5,SID44,2022-05-31,181005,15562,7451,703258,0
train3000_k16_seed42_current_tta,10m,own,0.3,SID44,2022-05-31,200469,27669,1872,818566,0
train3000_k16_seed42_current_tta,10m,common,0.3,SID44,2022-05-31,187975,21798,481,697022,0
train3000_k16_seed42_current_tta,10m,own,0.5,SID44,2022-05-31,199240,21837,3101,824398,0
train3000_k16_seed42_current_tta,10m,common,0.5,SID44,2022-05-31,187486,18021,970,700799,0
train3000_k16_seed43_current_tta,10m,own,0.3,SID44,2022-05-31,198851,24089,3490,822146,0
train3000_k16_seed43_current_tta,10m,common,0.3,SID44,2022-05-31,187461,20187,995,698633,0
train3000_k16_seed43_current_tta,10m,own,0.5,SID44,2022-05-31,196959,19283,5382,826952,0
train3000_k16_seed43_current_tta,10m,common,0.5,SID44,2022-05-31,186635,16617,1821,702203,0
train3000_k16_seed44_current_tta,10m,own,0.3,SID44,2022-05-31,200459,28467,1882,817768,0
train3000_k16_seed44_current_tta,10m,common,0.3,SID44,2022-05-31,187916,22707,540,696113,0
train3000_k16_seed44_current_tta,10m,own,0.5,SID44,2022-05-31,199174,22546,3167,823689,0
train3000_k16_seed44_current_tta,10m,common,0.5,SID44,2022-05-31,187454,18864,1002,699956,0
width_k0_seed42_current_tta,10m,own,0.3,SID46,2022-05-02,243413,20367,386439,398357,0
width_k0_seed42_current_tta,10m,common,0.3,SID46,2022-05-02,243413,20367,386439,398357,0
width_k0_seed42_current_tta,10m,own,0.5,SID46,2022-05-02,220782,15360,409070,403364,0
width_k0_seed42_current_tta,10m,common,0.5,SID46,2022-05-02,220782,15360,409070,403364,0
width_k0_seed43_current_tta,10m,own,0.3,SID46,2022-05-02,272892,23055,356960,395669,0
width_k0_seed43_current_tta,10m,common,0.3,SID46,2022-05-02,272892,23055,356960,395669,0
width_k0_seed43_current_tta,10m,own,0.5,SID46,2022-05-02,245043,17565,384809,401159,0
width_k0_seed43_current_tta,10m,common,0.5,SID46,2022-05-02,245043,17565,384809,401159,0
width_k0_seed44_current_tta,10m,own,0.3,SID46,2022-05-02,214061,18150,415791,400574,0
width_k0_seed44_current_tta,10m,common,0.3,SID46,2022-05-02,214061,18150,415791,400574,0
width_k0_seed44_current_tta,10m,own,0.5,SID46,2022-05-02,194487,13428,435365,405296,0
width_k0_seed44_current_tta,10m,common,0.5,SID46,2022-05-02,194487,13428,435365,405296,0
width_k1_seed42_current_tta,10m,own,0.3,SID46,2022-05-02,501157,55919,128695,362805,0
width_k1_seed42_current_tta,10m,common,0.3,SID46,2022-05-02,501157,55919,128695,362805,0
width_k1_seed42_current_tta,10m,own,0.5,SID46,2022-05-02,474199,45635,155653,373089,0
width_k1_seed42_current_tta,10m,common,0.5,SID46,2022-05-02,474199,45635,155653,373089,0
width_k1_seed43_current_tta,10m,own,0.3,SID46,2022-05-02,570861,87926,58991,330798,0
width_k1_seed43_current_tta,10m,common,0.3,SID46,2022-05-02,570861,87926,58991,330798,0
width_k1_seed43_current_tta,10m,own,0.5,SID46,2022-05-02,555876,78127,73976,340597,0
width_k1_seed43_current_tta,10m,common,0.5,SID46,2022-05-02,555876,78127,73976,340597,0
width_k1_seed44_current_tta,10m,own,0.3,SID46,2022-05-02,491546,57992,138306,360732,0
width_k1_seed44_current_tta,10m,common,0.3,SID46,2022-05-02,491546,57992,138306,360732,0
width_k1_seed44_current_tta,10m,own,0.5,SID46,2022-05-02,464297,47070,165555,371654,0
width_k1_seed44_current_tta,10m,common,0.5,SID46,2022-05-02,464297,47070,165555,371654,0
width_k2_seed42_current_tta,10m,own,0.3,SID46,2022-05-02,576087,89247,53765,329477,0
width_k2_seed42_current_tta,10m,common,0.3,SID46,2022-05-02,576087,89247,53765,329477,0
width_k2_seed42_current_tta,10m,own,0.5,SID46,2022-05-02,562751,79094,67101,339630,0
width_k2_seed42_current_tta,10m,common,0.5,SID46,2022-05-02,562751,79094,67101,339630,0
width_k2_seed43_current_tta,10m,own,0.3,SID46,2022-05-02,592498,104234,37354,314490,0
width_k2_seed43_current_tta,10m,common,0.3,SID46,2022-05-02,592498,104234,37354,314490,0
width_k2_seed43_current_tta,10m,own,0.5,SID46,2022-05-02,579662,92234,50190,326490,0
width_k2_seed43_current_tta,10m,common,0.5,SID46,2022-05-02,579662,92234,50190,326490,0
width_k2_seed44_current_tta,10m,own,0.3,SID46,2022-05-02,590495,99553,39357,319171,0
width_k2_seed44_current_tta,10m,common,0.3,SID46,2022-05-02,590495,99553,39357,319171,0
width_k2_seed44_current_tta,10m,own,0.5,SID46,2022-05-02,579235,89127,50617,329597,0
width_k2_seed44_current_tta,10m,common,0.5,SID46,2022-05-02,579235,89127,50617,329597,0
width_k3_seed42_current_tta,10m,own,0.3,SID46,2022-05-02,586660,94924,43192,323800,0
width_k3_seed42_current_tta,10m,common,0.3,SID46,2022-05-02,586660,94924,43192,323800,0
width_k3_seed42_current_tta,10m,own,0.5,SID46,2022-05-02,574132,84373,55720,334351,0
width_k3_seed42_current_tta,10m,common,0.5,SID46,2022-05-02,574132,84373,55720,334351,0
width_k3_seed43_current_tta,10m,own,0.3,SID46,2022-05-02,589776,97892,40076,320832,0
width_k3_seed43_current_tta,10m,common,0.3,SID46,2022-05-02,589776,97892,40076,320832,0
width_k3_seed43_current_tta,10m,own,0.5,SID46,2022-05-02,578049,87960,51803,330764,0
width_k3_seed43_current_tta,10m,common,0.5,SID46,2022-05-02,578049,87960,51803,330764,0
width_k3_seed44_current_tta,10m,own,0.3,SID46,2022-05-02,588009,94977,41843,323747,0
width_k3_seed44_current_tta,10m,common,0.3,SID46,2022-05-02,588009,94977,41843,323747,0
width_k3_seed44_current_tta,10m,own,0.5,SID46,2022-05-02,575936,84095,53916,334629,0
width_k3_seed44_current_tta,10m,common,0.5,SID46,2022-05-02,575936,84095,53916,334629,0
width_k4_seed42_current_tta,10m,own,0.3,SID46,2022-05-02,579679,88408,50173,330316,0
width_k4_seed42_current_tta,10m,common,0.3,SID46,2022-05-02,579679,88408,50173,330316,0
width_k4_seed42_current_tta,10m,own,0.5,SID46,2022-05-02,566130,78878,63722,339846,0
width_k4_seed42_current_tta,10m,common,0.5,SID46,2022-05-02,566130,78878,63722,339846,0
width_k4_seed43_current_tta,10m,own,0.3,SID46,2022-05-02,575667,89434,54185,329290,0
width_k4_seed43_current_tta,10m,common,0.3,SID46,2022-05-02,575667,89434,54185,329290,0
width_k4_seed43_current_tta,10m,own,0.5,SID46,2022-05-02,562940,80414,66912,338310,0
width_k4_seed43_current_tta,10m,common,0.5,SID46,2022-05-02,562940,80414,66912,338310,0
width_k4_seed44_current_tta,10m,own,0.3,SID46,2022-05-02,593745,98060,36107,320664,0
width_k4_seed44_current_tta,10m,common,0.3,SID46,2022-05-02,593745,98060,36107,320664,0
width_k4_seed44_current_tta,10m,own,0.5,SID46,2022-05-02,582882,88154,46970,330570,0
width_k4_seed44_current_tta,10m,common,0.5,SID46,2022-05-02,582882,88154,46970,330570,0
width_k8_seed42_current_tta,10m,own,0.3,SID46,2022-05-02,589542,100037,40310,318687,0
width_k8_seed42_current_tta,10m,common,0.3,SID46,2022-05-02,589542,100037,40310,318687,0
width_k8_seed42_current_tta,10m,own,0.5,SID46,2022-05-02,578821,89275,51031,329449,0
width_k8_seed42_current_tta,10m,common,0.5,SID46,2022-05-02,578821,89275,51031,329449,0
width_k8_seed43_current_tta,10m,own,0.3,SID46,2022-05-02,595925,102553,33927,316171,0
width_k8_seed43_current_tta,10m,common,0.3,SID46,2022-05-02,595925,102553,33927,316171,0
width_k8_seed43_current_tta,10m,own,0.5,SID46,2022-05-02,585270,91459,44582,327265,0
width_k8_seed43_current_tta,10m,common,0.5,SID46,2022-05-02,585270,91459,44582,327265,0
width_k8_seed44_current_tta,10m,own,0.3,SID46,2022-05-02,577813,90904,52039,327820,0
width_k8_seed44_current_tta,10m,common,0.3,SID46,2022-05-02,577813,90904,52039,327820,0
width_k8_seed44_current_tta,10m,own,0.5,SID46,2022-05-02,560763,80363,69089,338361,0
width_k8_seed44_current_tta,10m,common,0.5,SID46,2022-05-02,560763,80363,69089,338361,0
width_k16_seed42_current_tta,10m,own,0.3,SID46,2022-05-02,578963,93144,50889,325580,0
width_k16_seed42_current_tta,10m,common,0.3,SID46,2022-05-02,578963,93144,50889,325580,0
width_k16_seed42_current_tta,10m,own,0.5,SID46,2022-05-02,565889,83685,63963,335039,0
width_k16_seed42_current_tta,10m,common,0.5,SID46,2022-05-02,565889,83685,63963,335039,0
width_k16_seed43_current_tta,10m,own,0.3,SID46,2022-05-02,593266,99867,36586,318857,0
width_k16_seed43_current_tta,10m,common,0.3,SID46,2022-05-02,593266,99867,36586,318857,0
width_k16_seed43_current_tta,10m,own,0.5,SID46,2022-05-02,581888,89685,47964,329039,0
width_k16_seed43_current_tta,10m,common,0.5,SID46,2022-05-02,581888,89685,47964,329039,0
width_k16_seed44_current_tta,10m,own,0.3,SID46,2022-05-02,589816,101486,40036,317238,0
width_k16_seed44_current_tta,10m,common,0.3,SID46,2022-05-02,589816,101486,40036,317238,0
width_k16_seed44_current_tta,10m,own,0.5,SID46,2022-05-02,577320,90066,52532,328658,0
width_k16_seed44_current_tta,10m,common,0.5,SID46,2022-05-02,577320,90066,52532,328658,0
train1000_k16_seed42_current_tta,10m,own,0.3,SID46,2022-05-02,324090,23634,305762,395090,0
train1000_k16_seed42_current_tta,10m,common,0.3,SID46,2022-05-02,324090,23634,305762,395090,0
train1000_k16_seed42_current_tta,10m,own,0.5,SID46,2022-05-02,274546,15194,355306,403530,0
train1000_k16_seed42_current_tta,10m,common,0.5,SID46,2022-05-02,274546,15194,355306,403530,0
train1000_k16_seed43_current_tta,10m,own,0.3,SID46,2022-05-02,326358,26917,303494,391807,0
train1000_k16_seed43_current_tta,10m,common,0.3,SID46,2022-05-02,326358,26917,303494,391807,0
train1000_k16_seed43_current_tta,10m,own,0.5,SID46,2022-05-02,281213,18621,348639,400103,0
train1000_k16_seed43_current_tta,10m,common,0.5,SID46,2022-05-02,281213,18621,348639,400103,0
train1000_k16_seed44_current_tta,10m,own,0.3,SID46,2022-05-02,283032,22204,346820,396520,0
train1000_k16_seed44_current_tta,10m,common,0.3,SID46,2022-05-02,283032,22204,346820,396520,0
train1000_k16_seed44_current_tta,10m,own,0.5,SID46,2022-05-02,239158,14373,390694,404351,0
train1000_k16_seed44_current_tta,10m,common,0.5,SID46,2022-05-02,239158,14373,390694,404351,0
train2000_k16_seed42_current_tta,10m,own,0.3,SID46,2022-05-02,572591,84493,57261,334231,0
train2000_k16_seed42_current_tta,10m,common,0.3,SID46,2022-05-02,572591,84493,57261,334231,0
train2000_k16_seed42_current_tta,10m,own,0.5,SID46,2022-05-02,556806,73612,73046,345112,0
train2000_k16_seed42_current_tta,10m,common,0.5,SID46,2022-05-02,556806,73612,73046,345112,0
train2000_k16_seed43_current_tta,10m,own,0.3,SID46,2022-05-02,579687,88155,50165,330569,0
train2000_k16_seed43_current_tta,10m,common,0.3,SID46,2022-05-02,579687,88155,50165,330569,0
train2000_k16_seed43_current_tta,10m,own,0.5,SID46,2022-05-02,565440,77877,64412,340847,0
train2000_k16_seed43_current_tta,10m,common,0.5,SID46,2022-05-02,565440,77877,64412,340847,0
train2000_k16_seed44_current_tta,10m,own,0.3,SID46,2022-05-02,592465,97363,37387,321361,0
train2000_k16_seed44_current_tta,10m,common,0.3,SID46,2022-05-02,592465,97363,37387,321361,0
train2000_k16_seed44_current_tta,10m,own,0.5,SID46,2022-05-02,580026,85922,49826,332802,0
train2000_k16_seed44_current_tta,10m,common,0.5,SID46,2022-05-02,580026,85922,49826,332802,0
train3000_k16_seed42_current_tta,10m,own,0.3,SID46,2022-05-02,580161,91560,49691,327164,0
train3000_k16_seed42_current_tta,10m,common,0.3,SID46,2022-05-02,580161,91560,49691,327164,0
train3000_k16_seed42_current_tta,10m,own,0.5,SID46,2022-05-02,566768,81689,63084,337035,0
train3000_k16_seed42_current_tta,10m,common,0.5,SID46,2022-05-02,566768,81689,63084,337035,0
train3000_k16_seed43_current_tta,10m,own,0.3,SID46,2022-05-02,599660,104167,30192,314557,0
train3000_k16_seed43_current_tta,10m,common,0.3,SID46,2022-05-02,599660,104167,30192,314557,0
train3000_k16_seed43_current_tta,10m,own,0.5,SID46,2022-05-02,590797,93899,39055,324825,0
train3000_k16_seed43_current_tta,10m,common,0.5,SID46,2022-05-02,590797,93899,39055,324825,0
train3000_k16_seed44_current_tta,10m,own,0.3,SID46,2022-05-02,599665,104673,30187,314051,0
train3000_k16_seed44_current_tta,10m,common,0.3,SID46,2022-05-02,599665,104673,30187,314051,0
train3000_k16_seed44_current_tta,10m,own,0.5,SID46,2022-05-02,589072,93161,40780,325563,0
train3000_k16_seed44_current_tta,10m,common,0.5,SID46,2022-05-02,589072,93161,40780,325563,0
width_k0_seed42_current_tta,10m,own,0.3,SID50,2022-06-11,0,0,4693,597518,0
width_k0_seed42_current_tta,10m,common,0.3,SID50,2022-06-11,0,0,4662,595703,0
width_k0_seed42_current_tta,10m,own,0.5,SID50,2022-06-11,0,0,4693,597518,0
width_k0_seed42_current_tta,10m,common,0.5,SID50,2022-06-11,0,0,4662,595703,0
width_k0_seed43_current_tta,10m,own,0.3,SID50,2022-06-11,0,0,4693,597518,0
width_k0_seed43_current_tta,10m,common,0.3,SID50,2022-06-11,0,0,4662,595703,0
width_k0_seed43_current_tta,10m,own,0.5,SID50,2022-06-11,0,0,4693,597518,0
width_k0_seed43_current_tta,10m,common,0.5,SID50,2022-06-11,0,0,4662,595703,0
width_k0_seed44_current_tta,10m,own,0.3,SID50,2022-06-11,0,0,4693,597518,0
width_k0_seed44_current_tta,10m,common,0.3,SID50,2022-06-11,0,0,4662,595703,0
width_k0_seed44_current_tta,10m,own,0.5,SID50,2022-06-11,0,0,4693,597518,0
width_k0_seed44_current_tta,10m,common,0.5,SID50,2022-06-11,0,0,4662,595703,0
width_k1_seed42_current_tta,10m,own,0.3,SID50,2022-06-11,67,0,4626,597518,0
width_k1_seed42_current_tta,10m,common,0.3,SID50,2022-06-11,67,0,4595,595703,0
width_k1_seed42_current_tta,10m,own,0.5,SID50,2022-06-11,0,0,4693,597518,0
width_k1_seed42_current_tta,10m,common,0.5,SID50,2022-06-11,0,0,4662,595703,0
width_k1_seed43_current_tta,10m,own,0.3,SID50,2022-06-11,0,0,4693,597518,0
width_k1_seed43_current_tta,10m,common,0.3,SID50,2022-06-11,0,0,4662,595703,0
width_k1_seed43_current_tta,10m,own,0.5,SID50,2022-06-11,0,0,4693,597518,0
width_k1_seed43_current_tta,10m,common,0.5,SID50,2022-06-11,0,0,4662,595703,0
width_k1_seed44_current_tta,10m,own,0.3,SID50,2022-06-11,41,0,4652,597518,0
width_k1_seed44_current_tta,10m,common,0.3,SID50,2022-06-11,41,0,4621,595703,0
width_k1_seed44_current_tta,10m,own,0.5,SID50,2022-06-11,0,0,4693,597518,0
width_k1_seed44_current_tta,10m,common,0.5,SID50,2022-06-11,0,0,4662,595703,0
width_k2_seed42_current_tta,10m,own,0.3,SID50,2022-06-11,104,0,4589,597518,0
width_k2_seed42_current_tta,10m,common,0.3,SID50,2022-06-11,104,0,4558,595703,0
width_k2_seed42_current_tta,10m,own,0.5,SID50,2022-06-11,17,0,4676,597518,0
width_k2_seed42_current_tta,10m,common,0.5,SID50,2022-06-11,17,0,4645,595703,0
width_k2_seed43_current_tta,10m,own,0.3,SID50,2022-06-11,19,0,4674,597518,0
width_k2_seed43_current_tta,10m,common,0.3,SID50,2022-06-11,19,0,4643,595703,0
width_k2_seed43_current_tta,10m,own,0.5,SID50,2022-06-11,0,0,4693,597518,0
width_k2_seed43_current_tta,10m,common,0.5,SID50,2022-06-11,0,0,4662,595703,0
width_k2_seed44_current_tta,10m,own,0.3,SID50,2022-06-11,0,0,4693,597518,0
width_k2_seed44_current_tta,10m,common,0.3,SID50,2022-06-11,0,0,4662,595703,0
width_k2_seed44_current_tta,10m,own,0.5,SID50,2022-06-11,0,0,4693,597518,0
width_k2_seed44_current_tta,10m,common,0.5,SID50,2022-06-11,0,0,4662,595703,0
width_k3_seed42_current_tta,10m,own,0.3,SID50,2022-06-11,0,0,4693,597518,0
width_k3_seed42_current_tta,10m,common,0.3,SID50,2022-06-11,0,0,4662,595703,0
width_k3_seed42_current_tta,10m,own,0.5,SID50,2022-06-11,0,0,4693,597518,0
width_k3_seed42_current_tta,10m,common,0.5,SID50,2022-06-11,0,0,4662,595703,0
width_k3_seed43_current_tta,10m,own,0.3,SID50,2022-06-11,150,0,4543,597518,0
width_k3_seed43_current_tta,10m,common,0.3,SID50,2022-06-11,150,0,4512,595703,0
width_k3_seed43_current_tta,10m,own,0.5,SID50,2022-06-11,45,0,4648,597518,0
width_k3_seed43_current_tta,10m,common,0.5,SID50,2022-06-11,45,0,4617,595703,0
width_k3_seed44_current_tta,10m,own,0.3,SID50,2022-06-11,549,51,4144,597467,0
width_k3_seed44_current_tta,10m,common,0.3,SID50,2022-06-11,549,51,4113,595652,0
width_k3_seed44_current_tta,10m,own,0.5,SID50,2022-06-11,399,15,4294,597503,0
width_k3_seed44_current_tta,10m,common,0.5,SID50,2022-06-11,399,15,4263,595688,0
width_k4_seed42_current_tta,10m,own,0.3,SID50,2022-06-11,164,0,4529,597518,0
width_k4_seed42_current_tta,10m,common,0.3,SID50,2022-06-11,164,0,4498,595703,0
width_k4_seed42_current_tta,10m,own,0.5,SID50,2022-06-11,72,0,4621,597518,0
width_k4_seed42_current_tta,10m,common,0.5,SID50,2022-06-11,72,0,4590,595703,0
width_k4_seed43_current_tta,10m,own,0.3,SID50,2022-06-11,133,0,4560,597518,0
width_k4_seed43_current_tta,10m,common,0.3,SID50,2022-06-11,133,0,4529,595703,0
width_k4_seed43_current_tta,10m,own,0.5,SID50,2022-06-11,41,0,4652,597518,0
width_k4_seed43_current_tta,10m,common,0.5,SID50,2022-06-11,41,0,4621,595703,0
width_k4_seed44_current_tta,10m,own,0.3,SID50,2022-06-11,309,0,4384,597518,0
width_k4_seed44_current_tta,10m,common,0.3,SID50,2022-06-11,309,0,4353,595703,0
width_k4_seed44_current_tta,10m,own,0.5,SID50,2022-06-11,104,0,4589,597518,0
width_k4_seed44_current_tta,10m,common,0.5,SID50,2022-06-11,104,0,4558,595703,0
width_k8_seed42_current_tta,10m,own,0.3,SID50,2022-06-11,149,0,4544,597518,0
width_k8_seed42_current_tta,10m,common,0.3,SID50,2022-06-11,149,0,4513,595703,0
width_k8_seed42_current_tta,10m,own,0.5,SID50,2022-06-11,59,0,4634,597518,0
width_k8_seed42_current_tta,10m,common,0.5,SID50,2022-06-11,59,0,4603,595703,0
width_k8_seed43_current_tta,10m,own,0.3,SID50,2022-06-11,33,0,4660,597518,0
width_k8_seed43_current_tta,10m,common,0.3,SID50,2022-06-11,33,0,4629,595703,0
width_k8_seed43_current_tta,10m,own,0.5,SID50,2022-06-11,0,0,4693,597518,0
width_k8_seed43_current_tta,10m,common,0.5,SID50,2022-06-11,0,0,4662,595703,0
width_k8_seed44_current_tta,10m,own,0.3,SID50,2022-06-11,177,0,4516,597518,0
width_k8_seed44_current_tta,10m,common,0.3,SID50,2022-06-11,177,0,4485,595703,0
width_k8_seed44_current_tta,10m,own,0.5,SID50,2022-06-11,81,0,4612,597518,0
width_k8_seed44_current_tta,10m,common,0.5,SID50,2022-06-11,81,0,4581,595703,0
width_k16_seed42_current_tta,10m,own,0.3,SID50,2022-06-11,155,0,4538,597518,0
width_k16_seed42_current_tta,10m,common,0.3,SID50,2022-06-11,155,0,4507,595703,0
width_k16_seed42_current_tta,10m,own,0.5,SID50,2022-06-11,80,0,4613,597518,0
width_k16_seed42_current_tta,10m,common,0.5,SID50,2022-06-11,80,0,4582,595703,0
width_k16_seed43_current_tta,10m,own,0.3,SID50,2022-06-11,121,0,4572,597518,0
width_k16_seed43_current_tta,10m,common,0.3,SID50,2022-06-11,121,0,4541,595703,0
width_k16_seed43_current_tta,10m,own,0.5,SID50,2022-06-11,41,0,4652,597518,0
width_k16_seed43_current_tta,10m,common,0.5,SID50,2022-06-11,41,0,4621,595703,0
width_k16_seed44_current_tta,10m,own,0.3,SID50,2022-06-11,220,2,4473,597516,0
width_k16_seed44_current_tta,10m,common,0.3,SID50,2022-06-11,220,2,4442,595701,0
width_k16_seed44_current_tta,10m,own,0.5,SID50,2022-06-11,126,0,4567,597518,0
width_k16_seed44_current_tta,10m,common,0.5,SID50,2022-06-11,126,0,4536,595703,0
train1000_k16_seed42_current_tta,10m,own,0.3,SID50,2022-06-11,0,140,4693,597378,0
train1000_k16_seed42_current_tta,10m,common,0.3,SID50,2022-06-11,0,139,4662,595564,0
train1000_k16_seed42_current_tta,10m,own,0.5,SID50,2022-06-11,0,9,4693,597509,0
train1000_k16_seed42_current_tta,10m,common,0.5,SID50,2022-06-11,0,9,4662,595694,0
train1000_k16_seed43_current_tta,10m,own,0.3,SID50,2022-06-11,0,0,4693,597518,0
train1000_k16_seed43_current_tta,10m,common,0.3,SID50,2022-06-11,0,0,4662,595703,0
train1000_k16_seed43_current_tta,10m,own,0.5,SID50,2022-06-11,0,0,4693,597518,0
train1000_k16_seed43_current_tta,10m,common,0.5,SID50,2022-06-11,0,0,4662,595703,0
train1000_k16_seed44_current_tta,10m,own,0.3,SID50,2022-06-11,3,0,4690,597518,0
train1000_k16_seed44_current_tta,10m,common,0.3,SID50,2022-06-11,3,0,4659,595703,0
train1000_k16_seed44_current_tta,10m,own,0.5,SID50,2022-06-11,0,0,4693,597518,0
train1000_k16_seed44_current_tta,10m,common,0.5,SID50,2022-06-11,0,0,4662,595703,0
train2000_k16_seed42_current_tta,10m,own,0.3,SID50,2022-06-11,131,0,4562,597518,0
train2000_k16_seed42_current_tta,10m,common,0.3,SID50,2022-06-11,131,0,4531,595703,0
train2000_k16_seed42_current_tta,10m,own,0.5,SID50,2022-06-11,10,0,4683,597518,0
train2000_k16_seed42_current_tta,10m,common,0.5,SID50,2022-06-11,10,0,4652,595703,0
train2000_k16_seed43_current_tta,10m,own,0.3,SID50,2022-06-11,480,8,4213,597510,0
train2000_k16_seed43_current_tta,10m,common,0.3,SID50,2022-06-11,480,8,4182,595695,0
train2000_k16_seed43_current_tta,10m,own,0.5,SID50,2022-06-11,264,0,4429,597518,0
train2000_k16_seed43_current_tta,10m,common,0.5,SID50,2022-06-11,264,0,4398,595703,0
train2000_k16_seed44_current_tta,10m,own,0.3,SID50,2022-06-11,575,34,4118,597484,0
train2000_k16_seed44_current_tta,10m,common,0.3,SID50,2022-06-11,575,34,4087,595669,0
train2000_k16_seed44_current_tta,10m,own,0.5,SID50,2022-06-11,381,3,4312,597515,0
train2000_k16_seed44_current_tta,10m,common,0.5,SID50,2022-06-11,381,3,4281,595700,0
train3000_k16_seed42_current_tta,10m,own,0.3,SID50,2022-06-11,193,0,4500,597518,0
train3000_k16_seed42_current_tta,10m,common,0.3,SID50,2022-06-11,193,0,4469,595703,0
train3000_k16_seed42_current_tta,10m,own,0.5,SID50,2022-06-11,99,0,4594,597518,0
train3000_k16_seed42_current_tta,10m,common,0.5,SID50,2022-06-11,99,0,4563,595703,0
train3000_k16_seed43_current_tta,10m,own,0.3,SID50,2022-06-11,325,2,4368,597516,0
train3000_k16_seed43_current_tta,10m,common,0.3,SID50,2022-06-11,325,2,4337,595701,0
train3000_k16_seed43_current_tta,10m,own,0.5,SID50,2022-06-11,156,0,4537,597518,0
train3000_k16_seed43_current_tta,10m,common,0.5,SID50,2022-06-11,156,0,4506,595703,0
train3000_k16_seed44_current_tta,10m,own,0.3,SID50,2022-06-11,509,19,4184,597499,0
train3000_k16_seed44_current_tta,10m,common,0.3,SID50,2022-06-11,509,19,4153,595684,0
train3000_k16_seed44_current_tta,10m,own,0.5,SID50,2022-06-11,337,3,4356,597515,0
train3000_k16_seed44_current_tta,10m,common,0.5,SID50,2022-06-11,337,3,4325,595700,0
width_k0_seed42_current_tta,10m,own,0.3,SID51,2022-06-12,25728,12659,6571,1003618,0
width_k0_seed42_current_tta,10m,common,0.3,SID51,2022-06-12,25728,12637,6571,1003440,0
width_k0_seed42_current_tta,10m,own,0.5,SID51,2022-06-12,24614,9620,7685,1006657,0
width_k0_seed42_current_tta,10m,common,0.5,SID51,2022-06-12,24614,9610,7685,1006467,0
width_k0_seed43_current_tta,10m,own,0.3,SID51,2022-06-12,26113,12773,6186,1003504,0
width_k0_seed43_current_tta,10m,common,0.3,SID51,2022-06-12,26113,12763,6186,1003314,0
width_k0_seed43_current_tta,10m,own,0.5,SID51,2022-06-12,25298,9765,7001,1006512,0
width_k0_seed43_current_tta,10m,common,0.5,SID51,2022-06-12,25298,9765,7001,1006312,0
width_k0_seed44_current_tta,10m,own,0.3,SID51,2022-06-12,25780,12063,6519,1004214,0
width_k0_seed44_current_tta,10m,common,0.3,SID51,2022-06-12,25780,12053,6519,1004024,0
width_k0_seed44_current_tta,10m,own,0.5,SID51,2022-06-12,24817,9308,7482,1006969,0
width_k0_seed44_current_tta,10m,common,0.5,SID51,2022-06-12,24817,9308,7482,1006769,0
width_k1_seed42_current_tta,10m,own,0.3,SID51,2022-06-12,28100,11404,4199,1004873,0
width_k1_seed42_current_tta,10m,common,0.3,SID51,2022-06-12,28100,11374,4199,1004703,0
width_k1_seed42_current_tta,10m,own,0.5,SID51,2022-06-12,27670,8313,4629,1007964,0
width_k1_seed42_current_tta,10m,common,0.5,SID51,2022-06-12,27670,8299,4629,1007778,0
width_k1_seed43_current_tta,10m,own,0.3,SID51,2022-06-12,27778,9237,4521,1007040,0
width_k1_seed43_current_tta,10m,common,0.3,SID51,2022-06-12,27778,9208,4521,1006869,0
width_k1_seed43_current_tta,10m,own,0.5,SID51,2022-06-12,27387,6609,4912,1009668,0
width_k1_seed43_current_tta,10m,common,0.5,SID51,2022-06-12,27387,6599,4912,1009478,0
width_k1_seed44_current_tta,10m,own,0.3,SID51,2022-06-12,28241,15265,4058,1001012,0
width_k1_seed44_current_tta,10m,common,0.3,SID51,2022-06-12,28241,15225,4058,1000852,0
width_k1_seed44_current_tta,10m,own,0.5,SID51,2022-06-12,27913,11581,4386,1004696,0
width_k1_seed44_current_tta,10m,common,0.5,SID51,2022-06-12,27913,11551,4386,1004526,0
width_k2_seed42_current_tta,10m,own,0.3,SID51,2022-06-12,27954,9922,4345,1006355,0
width_k2_seed42_current_tta,10m,common,0.3,SID51,2022-06-12,27954,9897,4345,1006180,0
width_k2_seed42_current_tta,10m,own,0.5,SID51,2022-06-12,27493,7433,4806,1008844,0
width_k2_seed42_current_tta,10m,common,0.5,SID51,2022-06-12,27493,7420,4806,1008657,0
width_k2_seed43_current_tta,10m,own,0.3,SID51,2022-06-12,28047,10109,4252,1006168,0
width_k2_seed43_current_tta,10m,common,0.3,SID51,2022-06-12,28047,10094,4252,1005983,0
width_k2_seed43_current_tta,10m,own,0.5,SID51,2022-06-12,27364,7516,4935,1008761,0
width_k2_seed43_current_tta,10m,common,0.5,SID51,2022-06-12,27364,7511,4935,1008566,0
width_k2_seed44_current_tta,10m,own,0.3,SID51,2022-06-12,27899,7901,4400,1008376,0
width_k2_seed44_current_tta,10m,common,0.3,SID51,2022-06-12,27899,7866,4400,1008211,0
width_k2_seed44_current_tta,10m,own,0.5,SID51,2022-06-12,27307,5474,4992,1010803,0
width_k2_seed44_current_tta,10m,common,0.5,SID51,2022-06-12,27307,5451,4992,1010626,0
width_k3_seed42_current_tta,10m,own,0.3,SID51,2022-06-12,28134,10124,4165,1006153,0
width_k3_seed42_current_tta,10m,common,0.3,SID51,2022-06-12,28134,10095,4165,1005982,0
width_k3_seed42_current_tta,10m,own,0.5,SID51,2022-06-12,27760,7632,4539,1008645,0
width_k3_seed42_current_tta,10m,common,0.5,SID51,2022-06-12,27760,7615,4539,1008462,0
width_k3_seed43_current_tta,10m,own,0.3,SID51,2022-06-12,28000,9294,4299,1006983,0
width_k3_seed43_current_tta,10m,common,0.3,SID51,2022-06-12,28000,9255,4299,1006822,0
width_k3_seed43_current_tta,10m,own,0.5,SID51,2022-06-12,27585,7003,4714,1009274,0
width_k3_seed43_current_tta,10m,common,0.5,SID51,2022-06-12,27585,6975,4714,1009102,0
width_k3_seed44_current_tta,10m,own,0.3,SID51,2022-06-12,28438,9398,3861,1006879,0
width_k3_seed44_current_tta,10m,common,0.3,SID51,2022-06-12,28438,9382,3861,1006695,0
width_k3_seed44_current_tta,10m,own,0.5,SID51,2022-06-12,27725,6841,4574,1009436,0
width_k3_seed44_current_tta,10m,common,0.5,SID51,2022-06-12,27725,6835,4574,1009242,0
width_k4_seed42_current_tta,10m,own,0.3,SID51,2022-06-12,28766,11202,3533,1005075,0
width_k4_seed42_current_tta,10m,common,0.3,SID51,2022-06-12,28766,11166,3533,1004911,0
width_k4_seed42_current_tta,10m,own,0.5,SID51,2022-06-12,28108,8610,4191,1007667,0
width_k4_seed42_current_tta,10m,common,0.5,SID51,2022-06-12,28108,8585,4191,1007492,0
width_k4_seed43_current_tta,10m,own,0.3,SID51,2022-06-12,28133,8831,4166,1007446,0
width_k4_seed43_current_tta,10m,common,0.3,SID51,2022-06-12,28133,8818,4166,1007259,0
width_k4_seed43_current_tta,10m,own,0.5,SID51,2022-06-12,27607,6566,4692,1009711,0
width_k4_seed43_current_tta,10m,common,0.5,SID51,2022-06-12,27607,6562,4692,1009515,0
width_k4_seed44_current_tta,10m,own,0.3,SID51,2022-06-12,28518,11548,3781,1004729,0
width_k4_seed44_current_tta,10m,common,0.3,SID51,2022-06-12,28518,11513,3781,1004564,0
width_k4_seed44_current_tta,10m,own,0.5,SID51,2022-06-12,28095,8999,4204,1007278,0
width_k4_seed44_current_tta,10m,common,0.5,SID51,2022-06-12,28095,8977,4204,1007100,0
width_k8_seed42_current_tta,10m,own,0.3,SID51,2022-06-12,28276,8744,4023,1007533,0
width_k8_seed42_current_tta,10m,common,0.3,SID51,2022-06-12,28276,8720,4023,1007357,0
width_k8_seed42_current_tta,10m,own,0.5,SID51,2022-06-12,27834,6443,4465,1009834,0
width_k8_seed42_current_tta,10m,common,0.5,SID51,2022-06-12,27834,6434,4465,1009643,0
width_k8_seed43_current_tta,10m,own,0.3,SID51,2022-06-12,28077,8578,4222,1007699,0
width_k8_seed43_current_tta,10m,common,0.3,SID51,2022-06-12,28077,8564,4222,1007513,0
width_k8_seed43_current_tta,10m,own,0.5,SID51,2022-06-12,27642,6267,4657,1010010,0
width_k8_seed43_current_tta,10m,common,0.5,SID51,2022-06-12,27642,6262,4657,1009815,0
width_k8_seed44_current_tta,10m,own,0.3,SID51,2022-06-12,27743,7350,4556,1008927,0
width_k8_seed44_current_tta,10m,common,0.3,SID51,2022-06-12,27743,7328,4556,1008749,0
width_k8_seed44_current_tta,10m,own,0.5,SID51,2022-06-12,27150,5316,5149,1010961,0
width_k8_seed44_current_tta,10m,common,0.5,SID51,2022-06-12,27150,5308,5149,1010769,0
width_k16_seed42_current_tta,10m,own,0.3,SID51,2022-06-12,28369,10131,3930,1006146,0
width_k16_seed42_current_tta,10m,common,0.3,SID51,2022-06-12,28369,10094,3930,1005983,0
width_k16_seed42_current_tta,10m,own,0.5,SID51,2022-06-12,27946,7886,4353,1008391,0
width_k16_seed42_current_tta,10m,common,0.5,SID51,2022-06-12,27946,7861,4353,1008216,0
width_k16_seed43_current_tta,10m,own,0.3,SID51,2022-06-12,28241,10257,4058,1006020,0
width_k16_seed43_current_tta,10m,common,0.3,SID51,2022-06-12,28241,10218,4058,1005859,0
width_k16_seed43_current_tta,10m,own,0.5,SID51,2022-06-12,27891,7923,4408,1008354,0
width_k16_seed43_current_tta,10m,common,0.5,SID51,2022-06-12,27891,7895,4408,1008182,0
width_k16_seed44_current_tta,10m,own,0.3,SID51,2022-06-12,28168,9067,4131,1007210,0
width_k16_seed44_current_tta,10m,common,0.3,SID51,2022-06-12,28168,9037,4131,1007040,0
width_k16_seed44_current_tta,10m,own,0.5,SID51,2022-06-12,27678,6886,4621,1009391,0
width_k16_seed44_current_tta,10m,common,0.5,SID51,2022-06-12,27678,6867,4621,1009210,0
train1000_k16_seed42_current_tta,10m,own,0.3,SID51,2022-06-12,25639,10475,6660,1005802,0
train1000_k16_seed42_current_tta,10m,common,0.3,SID51,2022-06-12,25639,10475,6660,1005602,0
train1000_k16_seed42_current_tta,10m,own,0.5,SID51,2022-06-12,24298,6990,8001,1009287,0
train1000_k16_seed42_current_tta,10m,common,0.5,SID51,2022-06-12,24298,6990,8001,1009087,0
train1000_k16_seed43_current_tta,10m,own,0.3,SID51,2022-06-12,26210,10409,6089,1005868,0
train1000_k16_seed43_current_tta,10m,common,0.3,SID51,2022-06-12,26210,10409,6089,1005668,0
train1000_k16_seed43_current_tta,10m,own,0.5,SID51,2022-06-12,25154,7025,7145,1009252,0
train1000_k16_seed43_current_tta,10m,common,0.5,SID51,2022-06-12,25154,7025,7145,1009052,0
train1000_k16_seed44_current_tta,10m,own,0.3,SID51,2022-06-12,24812,8703,7487,1007574,0
train1000_k16_seed44_current_tta,10m,common,0.3,SID51,2022-06-12,24812,8703,7487,1007374,0
train1000_k16_seed44_current_tta,10m,own,0.5,SID51,2022-06-12,23067,5681,9232,1010596,0
train1000_k16_seed44_current_tta,10m,common,0.5,SID51,2022-06-12,23067,5681,9232,1010396,0
train2000_k16_seed42_current_tta,10m,own,0.3,SID51,2022-06-12,28399,11145,3900,1005132,0
train2000_k16_seed42_current_tta,10m,common,0.3,SID51,2022-06-12,28399,11112,3900,1004965,0
train2000_k16_seed42_current_tta,10m,own,0.5,SID51,2022-06-12,27924,8095,4375,1008182,0
train2000_k16_seed42_current_tta,10m,common,0.5,SID51,2022-06-12,27924,8078,4375,1007999,0
train2000_k16_seed43_current_tta,10m,own,0.3,SID51,2022-06-12,28070,10005,4229,1006272,0
train2000_k16_seed43_current_tta,10m,common,0.3,SID51,2022-06-12,28070,9969,4229,1006108,0
train2000_k16_seed43_current_tta,10m,own,0.5,SID51,2022-06-12,27614,7229,4685,1009048,0
train2000_k16_seed43_current_tta,10m,common,0.5,SID51,2022-06-12,27614,7206,4685,1008871,0
train2000_k16_seed44_current_tta,10m,own,0.3,SID51,2022-06-12,28277,9461,4022,1006816,0
train2000_k16_seed44_current_tta,10m,common,0.3,SID51,2022-06-12,28277,9451,4022,1006626,0
train2000_k16_seed44_current_tta,10m,own,0.5,SID51,2022-06-12,27690,6906,4609,1009371,0
train2000_k16_seed44_current_tta,10m,common,0.5,SID51,2022-06-12,27690,6905,4609,1009172,0
train3000_k16_seed42_current_tta,10m,own,0.3,SID51,2022-06-12,28281,9946,4018,1006331,0
train3000_k16_seed42_current_tta,10m,common,0.3,SID51,2022-06-12,28281,9911,4018,1006166,0
train3000_k16_seed42_current_tta,10m,own,0.5,SID51,2022-06-12,27904,7589,4395,1008688,0
train3000_k16_seed42_current_tta,10m,common,0.5,SID51,2022-06-12,27904,7565,4395,1008512,0
train3000_k16_seed43_current_tta,10m,own,0.3,SID51,2022-06-12,28461,10841,3838,1005436,0
train3000_k16_seed43_current_tta,10m,common,0.3,SID51,2022-06-12,28461,10802,3838,1005275,0
train3000_k16_seed43_current_tta,10m,own,0.5,SID51,2022-06-12,28034,8296,4265,1007981,0
train3000_k16_seed43_current_tta,10m,common,0.5,SID51,2022-06-12,28034,8268,4265,1007809,0
train3000_k16_seed44_current_tta,10m,own,0.3,SID51,2022-06-12,28115,8677,4184,1007600,0
train3000_k16_seed44_current_tta,10m,common,0.3,SID51,2022-06-12,28115,8661,4184,1007416,0
train3000_k16_seed44_current_tta,10m,own,0.5,SID51,2022-06-12,27640,6377,4659,1009900,0
train3000_k16_seed44_current_tta,10m,common,0.5,SID51,2022-06-12,27640,6371,4659,1009706,0
width_k0_seed42_current_tta,10m,own,0.3,SID52,2022-06-11,143722,16444,9583,878827,0
width_k0_seed42_current_tta,10m,common,0.3,SID52,2022-06-11,143722,16444,9583,878827,0
width_k0_seed42_current_tta,10m,own,0.5,SID52,2022-06-11,141328,12486,11977,882785,0
width_k0_seed42_current_tta,10m,common,0.5,SID52,2022-06-11,141328,12486,11977,882785,0
width_k0_seed43_current_tta,10m,own,0.3,SID52,2022-06-11,146671,23975,6634,871296,0
width_k0_seed43_current_tta,10m,common,0.3,SID52,2022-06-11,146671,23975,6634,871296,0
width_k0_seed43_current_tta,10m,own,0.5,SID52,2022-06-11,145776,19022,7529,876249,0
width_k0_seed43_current_tta,10m,common,0.5,SID52,2022-06-11,145776,19022,7529,876249,0
width_k0_seed44_current_tta,10m,own,0.3,SID52,2022-06-11,144469,18145,8836,877126,0
width_k0_seed44_current_tta,10m,common,0.3,SID52,2022-06-11,144469,18145,8836,877126,0
width_k0_seed44_current_tta,10m,own,0.5,SID52,2022-06-11,142441,13946,10864,881325,0
width_k0_seed44_current_tta,10m,common,0.5,SID52,2022-06-11,142441,13946,10864,881325,0
width_k1_seed42_current_tta,10m,own,0.3,SID52,2022-06-11,147939,16238,5366,879033,0
width_k1_seed42_current_tta,10m,common,0.3,SID52,2022-06-11,147939,16238,5366,879033,0
width_k1_seed42_current_tta,10m,own,0.5,SID52,2022-06-11,146976,11723,6329,883548,0
width_k1_seed42_current_tta,10m,common,0.5,SID52,2022-06-11,146976,11723,6329,883548,0
width_k1_seed43_current_tta,10m,own,0.3,SID52,2022-06-11,147783,13875,5522,881396,0
width_k1_seed43_current_tta,10m,common,0.3,SID52,2022-06-11,147783,13875,5522,881396,0
width_k1_seed43_current_tta,10m,own,0.5,SID52,2022-06-11,146718,9905,6587,885366,0
width_k1_seed43_current_tta,10m,common,0.5,SID52,2022-06-11,146718,9905,6587,885366,0
width_k1_seed44_current_tta,10m,own,0.3,SID52,2022-06-11,148112,17621,5193,877650,0
width_k1_seed44_current_tta,10m,common,0.3,SID52,2022-06-11,148112,17621,5193,877650,0
width_k1_seed44_current_tta,10m,own,0.5,SID52,2022-06-11,147224,12831,6081,882440,0
width_k1_seed44_current_tta,10m,common,0.5,SID52,2022-06-11,147224,12831,6081,882440,0
width_k2_seed42_current_tta,10m,own,0.3,SID52,2022-06-11,148323,16070,4982,879201,0
width_k2_seed42_current_tta,10m,common,0.3,SID52,2022-06-11,148323,16070,4982,879201,0
width_k2_seed42_current_tta,10m,own,0.5,SID52,2022-06-11,147644,11953,5661,883318,0
width_k2_seed42_current_tta,10m,common,0.5,SID52,2022-06-11,147644,11953,5661,883318,0
width_k2_seed43_current_tta,10m,own,0.3,SID52,2022-06-11,148829,21963,4476,873308,0
width_k2_seed43_current_tta,10m,common,0.3,SID52,2022-06-11,148829,21963,4476,873308,0
width_k2_seed43_current_tta,10m,own,0.5,SID52,2022-06-11,148425,17293,4880,877978,0
width_k2_seed43_current_tta,10m,common,0.5,SID52,2022-06-11,148425,17293,4880,877978,0
width_k2_seed44_current_tta,10m,own,0.3,SID52,2022-06-11,148234,16713,5071,878558,0
width_k2_seed44_current_tta,10m,common,0.3,SID52,2022-06-11,148234,16713,5071,878558,0
width_k2_seed44_current_tta,10m,own,0.5,SID52,2022-06-11,147562,12429,5743,882842,0
width_k2_seed44_current_tta,10m,common,0.5,SID52,2022-06-11,147562,12429,5743,882842,0
width_k3_seed42_current_tta,10m,own,0.3,SID52,2022-06-11,147754,14289,5551,880982,0
width_k3_seed42_current_tta,10m,common,0.3,SID52,2022-06-11,147754,14289,5551,880982,0
width_k3_seed42_current_tta,10m,own,0.5,SID52,2022-06-11,146774,10293,6531,884978,0
width_k3_seed42_current_tta,10m,common,0.5,SID52,2022-06-11,146774,10293,6531,884978,0
width_k3_seed43_current_tta,10m,own,0.3,SID52,2022-06-11,148572,19842,4733,875429,0
width_k3_seed43_current_tta,10m,common,0.3,SID52,2022-06-11,148572,19842,4733,875429,0
width_k3_seed43_current_tta,10m,own,0.5,SID52,2022-06-11,148049,15335,5256,879936,0
width_k3_seed43_current_tta,10m,common,0.5,SID52,2022-06-11,148049,15335,5256,879936,0
width_k3_seed44_current_tta,10m,own,0.3,SID52,2022-06-11,149006,23490,4299,871781,0
width_k3_seed44_current_tta,10m,common,0.3,SID52,2022-06-11,149006,23490,4299,871781,0
width_k3_seed44_current_tta,10m,own,0.5,SID52,2022-06-11,148539,18853,4766,876418,0
width_k3_seed44_current_tta,10m,common,0.5,SID52,2022-06-11,148539,18853,4766,876418,0
width_k4_seed42_current_tta,10m,own,0.3,SID52,2022-06-11,148174,16743,5131,878528,0
width_k4_seed42_current_tta,10m,common,0.3,SID52,2022-06-11,148174,16743,5131,878528,0
width_k4_seed42_current_tta,10m,own,0.5,SID52,2022-06-11,147536,12446,5769,882825,0
width_k4_seed42_current_tta,10m,common,0.5,SID52,2022-06-11,147536,12446,5769,882825,0
width_k4_seed43_current_tta,10m,own,0.3,SID52,2022-06-11,148417,19046,4888,876225,0
width_k4_seed43_current_tta,10m,common,0.3,SID52,2022-06-11,148417,19046,4888,876225,0
width_k4_seed43_current_tta,10m,own,0.5,SID52,2022-06-11,147847,14778,5458,880493,0
width_k4_seed43_current_tta,10m,common,0.5,SID52,2022-06-11,147847,14778,5458,880493,0
width_k4_seed44_current_tta,10m,own,0.3,SID52,2022-06-11,148857,21211,4448,874060,0
width_k4_seed44_current_tta,10m,common,0.3,SID52,2022-06-11,148857,21211,4448,874060,0
width_k4_seed44_current_tta,10m,own,0.5,SID52,2022-06-11,148432,16618,4873,878653,0
width_k4_seed44_current_tta,10m,common,0.5,SID52,2022-06-11,148432,16618,4873,878653,0
width_k8_seed42_current_tta,10m,own,0.3,SID52,2022-06-11,148537,18105,4768,877166,0
width_k8_seed42_current_tta,10m,common,0.3,SID52,2022-06-11,148537,18105,4768,877166,0
width_k8_seed42_current_tta,10m,own,0.5,SID52,2022-06-11,147947,13866,5358,881405,0
width_k8_seed42_current_tta,10m,common,0.5,SID52,2022-06-11,147947,13866,5358,881405,0
width_k8_seed43_current_tta,10m,own,0.3,SID52,2022-06-11,148470,17415,4835,877856,0
width_k8_seed43_current_tta,10m,common,0.3,SID52,2022-06-11,148470,17415,4835,877856,0
width_k8_seed43_current_tta,10m,own,0.5,SID52,2022-06-11,147850,13237,5455,882034,0
width_k8_seed43_current_tta,10m,common,0.5,SID52,2022-06-11,147850,13237,5455,882034,0
width_k8_seed44_current_tta,10m,own,0.3,SID52,2022-06-11,148628,19245,4677,876026,0
width_k8_seed44_current_tta,10m,common,0.3,SID52,2022-06-11,148628,19245,4677,876026,0
width_k8_seed44_current_tta,10m,own,0.5,SID52,2022-06-11,148087,15013,5218,880258,0
width_k8_seed44_current_tta,10m,common,0.5,SID52,2022-06-11,148087,15013,5218,880258,0
width_k16_seed42_current_tta,10m,own,0.3,SID52,2022-06-11,148299,16479,5006,878792,0
width_k16_seed42_current_tta,10m,common,0.3,SID52,2022-06-11,148299,16479,5006,878792,0
width_k16_seed42_current_tta,10m,own,0.5,SID52,2022-06-11,147648,12535,5657,882736,0
width_k16_seed42_current_tta,10m,common,0.5,SID52,2022-06-11,147648,12535,5657,882736,0
width_k16_seed43_current_tta,10m,own,0.3,SID52,2022-06-11,148454,18289,4851,876982,0
width_k16_seed43_current_tta,10m,common,0.3,SID52,2022-06-11,148454,18289,4851,876982,0
width_k16_seed43_current_tta,10m,own,0.5,SID52,2022-06-11,147830,14233,5475,881038,0
width_k16_seed43_current_tta,10m,common,0.5,SID52,2022-06-11,147830,14233,5475,881038,0
width_k16_seed44_current_tta,10m,own,0.3,SID52,2022-06-11,148177,15715,5128,879556,0
width_k16_seed44_current_tta,10m,common,0.3,SID52,2022-06-11,148177,15715,5128,879556,0
width_k16_seed44_current_tta,10m,own,0.5,SID52,2022-06-11,147414,11891,5891,883380,0
width_k16_seed44_current_tta,10m,common,0.5,SID52,2022-06-11,147414,11891,5891,883380,0
train1000_k16_seed42_current_tta,10m,own,0.3,SID52,2022-06-11,148062,23262,5243,872009,0
train1000_k16_seed42_current_tta,10m,common,0.3,SID52,2022-06-11,148062,23262,5243,872009,0
train1000_k16_seed42_current_tta,10m,own,0.5,SID52,2022-06-11,147065,16196,6240,879075,0
train1000_k16_seed42_current_tta,10m,common,0.5,SID52,2022-06-11,147065,16196,6240,879075,0
train1000_k16_seed43_current_tta,10m,own,0.3,SID52,2022-06-11,147804,24483,5501,870788,0
train1000_k16_seed43_current_tta,10m,common,0.3,SID52,2022-06-11,147804,24483,5501,870788,0
train1000_k16_seed43_current_tta,10m,own,0.5,SID52,2022-06-11,146660,17731,6645,877540,0
train1000_k16_seed43_current_tta,10m,common,0.5,SID52,2022-06-11,146660,17731,6645,877540,0
train1000_k16_seed44_current_tta,10m,own,0.3,SID52,2022-06-11,147045,21409,6260,873862,0
train1000_k16_seed44_current_tta,10m,common,0.3,SID52,2022-06-11,147045,21409,6260,873862,0
train1000_k16_seed44_current_tta,10m,own,0.5,SID52,2022-06-11,145452,15219,7853,880052,0
train1000_k16_seed44_current_tta,10m,common,0.5,SID52,2022-06-11,145452,15219,7853,880052,0
train2000_k16_seed42_current_tta,10m,own,0.3,SID52,2022-06-11,148452,16276,4853,878995,0
train2000_k16_seed42_current_tta,10m,common,0.3,SID52,2022-06-11,148452,16276,4853,878995,0
train2000_k16_seed42_current_tta,10m,own,0.5,SID52,2022-06-11,147620,11856,5685,883415,0
train2000_k16_seed42_current_tta,10m,common,0.5,SID52,2022-06-11,147620,11856,5685,883415,0
train2000_k16_seed43_current_tta,10m,own,0.3,SID52,2022-06-11,148948,21775,4357,873496,0
train2000_k16_seed43_current_tta,10m,common,0.3,SID52,2022-06-11,148948,21775,4357,873496,0
train2000_k16_seed43_current_tta,10m,own,0.5,SID52,2022-06-11,148465,16929,4840,878342,0
train2000_k16_seed43_current_tta,10m,common,0.5,SID52,2022-06-11,148465,16929,4840,878342,0
train2000_k16_seed44_current_tta,10m,own,0.3,SID52,2022-06-11,149099,22305,4206,872966,0
train2000_k16_seed44_current_tta,10m,common,0.3,SID52,2022-06-11,149099,22305,4206,872966,0
train2000_k16_seed44_current_tta,10m,own,0.5,SID52,2022-06-11,148598,17363,4707,877908,0
train2000_k16_seed44_current_tta,10m,common,0.5,SID52,2022-06-11,148598,17363,4707,877908,0
train3000_k16_seed42_current_tta,10m,own,0.3,SID52,2022-06-11,148395,16033,4910,879238,0
train3000_k16_seed42_current_tta,10m,common,0.3,SID52,2022-06-11,148395,16033,4910,879238,0
train3000_k16_seed42_current_tta,10m,own,0.5,SID52,2022-06-11,147659,11992,5646,883279,0
train3000_k16_seed42_current_tta,10m,common,0.5,SID52,2022-06-11,147659,11992,5646,883279,0
train3000_k16_seed43_current_tta,10m,own,0.3,SID52,2022-06-11,148804,20683,4501,874588,0
train3000_k16_seed43_current_tta,10m,common,0.3,SID52,2022-06-11,148804,20683,4501,874588,0
train3000_k16_seed43_current_tta,10m,own,0.5,SID52,2022-06-11,148304,16325,5001,878946,0
train3000_k16_seed43_current_tta,10m,common,0.5,SID52,2022-06-11,148304,16325,5001,878946,0
train3000_k16_seed44_current_tta,10m,own,0.3,SID52,2022-06-11,148710,19058,4595,876213,0
train3000_k16_seed44_current_tta,10m,common,0.3,SID52,2022-06-11,148710,19058,4595,876213,0
train3000_k16_seed44_current_tta,10m,own,0.5,SID52,2022-06-11,148176,14825,5129,880446,0
train3000_k16_seed44_current_tta,10m,common,0.5,SID52,2022-06-11,148176,14825,5129,880446,0
width_k0_seed42_current_tta,10m,own,0.3,SID53,2022-06-07,396998,30088,73312,548178,0
width_k0_seed42_current_tta,10m,common,0.3,SID53,2022-06-07,396998,30088,73312,548178,0
width_k0_seed42_current_tta,10m,own,0.5,SID53,2022-06-07,373773,25969,96537,552297,0
width_k0_seed42_current_tta,10m,common,0.5,SID53,2022-06-07,373773,25969,96537,552297,0
width_k0_seed43_current_tta,10m,own,0.3,SID53,2022-06-07,438887,34847,31423,543419,0
width_k0_seed43_current_tta,10m,common,0.3,SID53,2022-06-07,438887,34847,31423,543419,0
width_k0_seed43_current_tta,10m,own,0.5,SID53,2022-06-07,428550,30694,41760,547572,0
width_k0_seed43_current_tta,10m,common,0.5,SID53,2022-06-07,428550,30694,41760,547572,0
width_k0_seed44_current_tta,10m,own,0.3,SID53,2022-06-07,423525,30263,46785,548003,0
width_k0_seed44_current_tta,10m,common,0.3,SID53,2022-06-07,423525,30263,46785,548003,0
width_k0_seed44_current_tta,10m,own,0.5,SID53,2022-06-07,407590,26703,62720,551563,0
width_k0_seed44_current_tta,10m,common,0.5,SID53,2022-06-07,407590,26703,62720,551563,0
width_k1_seed42_current_tta,10m,own,0.3,SID53,2022-06-07,469051,66319,1259,511947,0
width_k1_seed42_current_tta,10m,common,0.3,SID53,2022-06-07,469051,66319,1259,511947,0
width_k1_seed42_current_tta,10m,own,0.5,SID53,2022-06-07,468708,59966,1602,518300,0
width_k1_seed42_current_tta,10m,common,0.5,SID53,2022-06-07,468708,59966,1602,518300,0
width_k1_seed43_current_tta,10m,own,0.3,SID53,2022-06-07,469068,72528,1242,505738,0
width_k1_seed43_current_tta,10m,common,0.3,SID53,2022-06-07,469068,72528,1242,505738,0
width_k1_seed43_current_tta,10m,own,0.5,SID53,2022-06-07,468824,65307,1486,512959,0
width_k1_seed43_current_tta,10m,common,0.5,SID53,2022-06-07,468824,65307,1486,512959,0
width_k1_seed44_current_tta,10m,own,0.3,SID53,2022-06-07,468372,55536,1938,522730,0
width_k1_seed44_current_tta,10m,common,0.3,SID53,2022-06-07,468372,55536,1938,522730,0
width_k1_seed44_current_tta,10m,own,0.5,SID53,2022-06-07,467868,49094,2442,529172,0
width_k1_seed44_current_tta,10m,common,0.5,SID53,2022-06-07,467868,49094,2442,529172,0
width_k2_seed42_current_tta,10m,own,0.3,SID53,2022-06-07,469481,84599,829,493667,0
width_k2_seed42_current_tta,10m,common,0.3,SID53,2022-06-07,469481,84599,829,493667,0
width_k2_seed42_current_tta,10m,own,0.5,SID53,2022-06-07,469383,77876,927,500390,0
width_k2_seed42_current_tta,10m,common,0.5,SID53,2022-06-07,469383,77876,927,500390,0
width_k2_seed43_current_tta,10m,own,0.3,SID53,2022-06-07,469762,98038,548,480228,0
width_k2_seed43_current_tta,10m,common,0.3,SID53,2022-06-07,469762,98038,548,480228,0
width_k2_seed43_current_tta,10m,own,0.5,SID53,2022-06-07,469712,90049,598,488217,0
width_k2_seed43_current_tta,10m,common,0.5,SID53,2022-06-07,469712,90049,598,488217,0
width_k2_seed44_current_tta,10m,own,0.3,SID53,2022-06-07,469739,88789,571,489477,0
width_k2_seed44_current_tta,10m,common,0.3,SID53,2022-06-07,469739,88789,571,489477,0
width_k2_seed44_current_tta,10m,own,0.5,SID53,2022-06-07,469574,81707,736,496559,0
width_k2_seed44_current_tta,10m,common,0.5,SID53,2022-06-07,469574,81707,736,496559,0
width_k3_seed42_current_tta,10m,own,0.3,SID53,2022-06-07,469640,86120,670,492146,0
width_k3_seed42_current_tta,10m,common,0.3,SID53,2022-06-07,469640,86120,670,492146,0
width_k3_seed42_current_tta,10m,own,0.5,SID53,2022-06-07,469488,78903,822,499363,0
width_k3_seed42_current_tta,10m,common,0.5,SID53,2022-06-07,469488,78903,822,499363,0
width_k3_seed43_current_tta,10m,own,0.3,SID53,2022-06-07,469499,82600,811,495666,0
width_k3_seed43_current_tta,10m,common,0.3,SID53,2022-06-07,469499,82600,811,495666,0
width_k3_seed43_current_tta,10m,own,0.5,SID53,2022-06-07,469219,75569,1091,502697,0
width_k3_seed43_current_tta,10m,common,0.5,SID53,2022-06-07,469219,75569,1091,502697,0
width_k3_seed44_current_tta,10m,own,0.3,SID53,2022-06-07,469699,88388,611,489878,0
width_k3_seed44_current_tta,10m,common,0.3,SID53,2022-06-07,469699,88388,611,489878,0
width_k3_seed44_current_tta,10m,own,0.5,SID53,2022-06-07,469585,80048,725,498218,0
width_k3_seed44_current_tta,10m,common,0.5,SID53,2022-06-07,469585,80048,725,498218,0
width_k4_seed42_current_tta,10m,own,0.3,SID53,2022-06-07,469393,80949,917,497317,0
width_k4_seed42_current_tta,10m,common,0.3,SID53,2022-06-07,469393,80949,917,497317,0
width_k4_seed42_current_tta,10m,own,0.5,SID53,2022-06-07,469288,74330,1022,503936,0
width_k4_seed42_current_tta,10m,common,0.5,SID53,2022-06-07,469288,74330,1022,503936,0
width_k4_seed43_current_tta,10m,own,0.3,SID53,2022-06-07,469285,81061,1025,497205,0
width_k4_seed43_current_tta,10m,common,0.3,SID53,2022-06-07,469285,81061,1025,497205,0
width_k4_seed43_current_tta,10m,own,0.5,SID53,2022-06-07,469207,75503,1103,502763,0
width_k4_seed43_current_tta,10m,common,0.5,SID53,2022-06-07,469207,75503,1103,502763,0
width_k4_seed44_current_tta,10m,own,0.3,SID53,2022-06-07,469726,87920,584,490346,0
width_k4_seed44_current_tta,10m,common,0.3,SID53,2022-06-07,469726,87920,584,490346,0
width_k4_seed44_current_tta,10m,own,0.5,SID53,2022-06-07,469595,80537,715,497729,0
width_k4_seed44_current_tta,10m,common,0.5,SID53,2022-06-07,469595,80537,715,497729,0
width_k8_seed42_current_tta,10m,own,0.3,SID53,2022-06-07,469738,92642,572,485624,0
width_k8_seed42_current_tta,10m,common,0.3,SID53,2022-06-07,469738,92642,572,485624,0
width_k8_seed42_current_tta,10m,own,0.5,SID53,2022-06-07,469629,85096,681,493170,0
width_k8_seed42_current_tta,10m,common,0.5,SID53,2022-06-07,469629,85096,681,493170,0
width_k8_seed43_current_tta,10m,own,0.3,SID53,2022-06-07,469444,91281,866,486985,0
width_k8_seed43_current_tta,10m,common,0.3,SID53,2022-06-07,469444,91281,866,486985,0
width_k8_seed43_current_tta,10m,own,0.5,SID53,2022-06-07,469330,84454,980,493812,0
width_k8_seed43_current_tta,10m,common,0.5,SID53,2022-06-07,469330,84454,980,493812,0
width_k8_seed44_current_tta,10m,own,0.3,SID53,2022-06-07,469682,86407,628,491859,0
width_k8_seed44_current_tta,10m,common,0.3,SID53,2022-06-07,469682,86407,628,491859,0
width_k8_seed44_current_tta,10m,own,0.5,SID53,2022-06-07,469402,78848,908,499418,0
width_k8_seed44_current_tta,10m,common,0.5,SID53,2022-06-07,469402,78848,908,499418,0
width_k16_seed42_current_tta,10m,own,0.3,SID53,2022-06-07,469662,91666,648,486600,0
width_k16_seed42_current_tta,10m,common,0.3,SID53,2022-06-07,469662,91666,648,486600,0
width_k16_seed42_current_tta,10m,own,0.5,SID53,2022-06-07,469522,85382,788,492884,0
width_k16_seed42_current_tta,10m,common,0.5,SID53,2022-06-07,469522,85382,788,492884,0
width_k16_seed43_current_tta,10m,own,0.3,SID53,2022-06-07,469720,91065,590,487201,0
width_k16_seed43_current_tta,10m,common,0.3,SID53,2022-06-07,469720,91065,590,487201,0
width_k16_seed43_current_tta,10m,own,0.5,SID53,2022-06-07,469641,83974,669,494292,0
width_k16_seed43_current_tta,10m,common,0.5,SID53,2022-06-07,469641,83974,669,494292,0
width_k16_seed44_current_tta,10m,own,0.3,SID53,2022-06-07,469674,93059,636,485207,0
width_k16_seed44_current_tta,10m,common,0.3,SID53,2022-06-07,469674,93059,636,485207,0
width_k16_seed44_current_tta,10m,own,0.5,SID53,2022-06-07,469529,85314,781,492952,0
width_k16_seed44_current_tta,10m,common,0.5,SID53,2022-06-07,469529,85314,781,492952,0
train1000_k16_seed42_current_tta,10m,own,0.3,SID53,2022-06-07,466058,40890,4252,537376,0
train1000_k16_seed42_current_tta,10m,common,0.3,SID53,2022-06-07,466058,40890,4252,537376,0
train1000_k16_seed42_current_tta,10m,own,0.5,SID53,2022-06-07,459666,32073,10644,546193,0
train1000_k16_seed42_current_tta,10m,common,0.5,SID53,2022-06-07,459666,32073,10644,546193,0
train1000_k16_seed43_current_tta,10m,own,0.3,SID53,2022-06-07,465304,49125,5006,529141,0
train1000_k16_seed43_current_tta,10m,common,0.3,SID53,2022-06-07,465304,49125,5006,529141,0
train1000_k16_seed43_current_tta,10m,own,0.5,SID53,2022-06-07,459893,40327,10417,537939,0
train1000_k16_seed43_current_tta,10m,common,0.5,SID53,2022-06-07,459893,40327,10417,537939,0
train1000_k16_seed44_current_tta,10m,own,0.3,SID53,2022-06-07,456464,42900,13846,535366,0
train1000_k16_seed44_current_tta,10m,common,0.3,SID53,2022-06-07,456464,42900,13846,535366,0
train1000_k16_seed44_current_tta,10m,own,0.5,SID53,2022-06-07,424279,34746,46031,543520,0
train1000_k16_seed44_current_tta,10m,common,0.5,SID53,2022-06-07,424279,34746,46031,543520,0
train2000_k16_seed42_current_tta,10m,own,0.3,SID53,2022-06-07,469328,84071,982,494195,0
train2000_k16_seed42_current_tta,10m,common,0.3,SID53,2022-06-07,469328,84071,982,494195,0
train2000_k16_seed42_current_tta,10m,own,0.5,SID53,2022-06-07,469151,77003,1159,501263,0
train2000_k16_seed42_current_tta,10m,common,0.5,SID53,2022-06-07,469151,77003,1159,501263,0
train2000_k16_seed43_current_tta,10m,own,0.3,SID53,2022-06-07,469640,86921,670,491345,0
train2000_k16_seed43_current_tta,10m,common,0.3,SID53,2022-06-07,469640,86921,670,491345,0
train2000_k16_seed43_current_tta,10m,own,0.5,SID53,2022-06-07,469388,79236,922,499030,0
train2000_k16_seed43_current_tta,10m,common,0.5,SID53,2022-06-07,469388,79236,922,499030,0
train2000_k16_seed44_current_tta,10m,own,0.3,SID53,2022-06-07,469692,95340,618,482926,0
train2000_k16_seed44_current_tta,10m,common,0.3,SID53,2022-06-07,469692,95340,618,482926,0
train2000_k16_seed44_current_tta,10m,own,0.5,SID53,2022-06-07,469482,87627,828,490639,0
train2000_k16_seed44_current_tta,10m,common,0.5,SID53,2022-06-07,469482,87627,828,490639,0
train3000_k16_seed42_current_tta,10m,own,0.3,SID53,2022-06-07,469605,92278,705,485988,0
train3000_k16_seed42_current_tta,10m,common,0.3,SID53,2022-06-07,469605,92278,705,485988,0
train3000_k16_seed42_current_tta,10m,own,0.5,SID53,2022-06-07,469430,86206,880,492060,0
train3000_k16_seed42_current_tta,10m,common,0.5,SID53,2022-06-07,469430,86206,880,492060,0
train3000_k16_seed43_current_tta,10m,own,0.3,SID53,2022-06-07,469661,93462,649,484804,0
train3000_k16_seed43_current_tta,10m,common,0.3,SID53,2022-06-07,469661,93462,649,484804,0
train3000_k16_seed43_current_tta,10m,own,0.5,SID53,2022-06-07,469556,86947,754,491319,0
train3000_k16_seed43_current_tta,10m,common,0.5,SID53,2022-06-07,469556,86947,754,491319,0
train3000_k16_seed44_current_tta,10m,own,0.3,SID53,2022-06-07,469728,95295,582,482971,0
train3000_k16_seed44_current_tta,10m,common,0.3,SID53,2022-06-07,469728,95295,582,482971,0
train3000_k16_seed44_current_tta,10m,own,0.5,SID53,2022-06-07,469645,88362,665,489904,0
train3000_k16_seed44_current_tta,10m,common,0.5,SID53,2022-06-07,469645,88362,665,489904,0
width_k0_seed42_current_tta,10m,own,0.3,SID55,2022-06-04,381457,164713,100420,401986,0
width_k0_seed42_current_tta,10m,common,0.3,SID55,2022-06-04,381457,164713,100420,401986,0
width_k0_seed42_current_tta,10m,own,0.5,SID55,2022-06-04,340606,116003,141271,450696,0
width_k0_seed42_current_tta,10m,common,0.5,SID55,2022-06-04,340606,116003,141271,450696,0
width_k0_seed43_current_tta,10m,own,0.3,SID55,2022-06-04,441305,278041,40572,288658,0
width_k0_seed43_current_tta,10m,common,0.3,SID55,2022-06-04,441305,278041,40572,288658,0
width_k0_seed43_current_tta,10m,own,0.5,SID55,2022-06-04,416593,227746,65284,338953,0
width_k0_seed43_current_tta,10m,common,0.5,SID55,2022-06-04,416593,227746,65284,338953,0
width_k0_seed44_current_tta,10m,own,0.3,SID55,2022-06-04,465466,245732,16411,320967,0
width_k0_seed44_current_tta,10m,common,0.3,SID55,2022-06-04,465466,245732,16411,320967,0
width_k0_seed44_current_tta,10m,own,0.5,SID55,2022-06-04,441730,216128,40147,350571,0
width_k0_seed44_current_tta,10m,common,0.5,SID55,2022-06-04,441730,216128,40147,350571,0
width_k1_seed42_current_tta,10m,own,0.3,SID55,2022-06-04,481877,353664,0,213035,0
width_k1_seed42_current_tta,10m,common,0.3,SID55,2022-06-04,481877,353664,0,213035,0
width_k1_seed42_current_tta,10m,own,0.5,SID55,2022-06-04,481877,342337,0,224362,0
width_k1_seed42_current_tta,10m,common,0.5,SID55,2022-06-04,481877,342337,0,224362,0
width_k1_seed43_current_tta,10m,own,0.3,SID55,2022-06-04,481877,362401,0,204298,0
width_k1_seed43_current_tta,10m,common,0.3,SID55,2022-06-04,481877,362401,0,204298,0
width_k1_seed43_current_tta,10m,own,0.5,SID55,2022-06-04,481877,352378,0,214321,0
width_k1_seed43_current_tta,10m,common,0.5,SID55,2022-06-04,481877,352378,0,214321,0
width_k1_seed44_current_tta,10m,own,0.3,SID55,2022-06-04,481877,339731,0,226968,0
width_k1_seed44_current_tta,10m,common,0.3,SID55,2022-06-04,481877,339731,0,226968,0
width_k1_seed44_current_tta,10m,own,0.5,SID55,2022-06-04,481874,323122,3,243577,0
width_k1_seed44_current_tta,10m,common,0.5,SID55,2022-06-04,481874,323122,3,243577,0
width_k2_seed42_current_tta,10m,own,0.3,SID55,2022-06-04,481877,369071,0,197628,0
width_k2_seed42_current_tta,10m,common,0.3,SID55,2022-06-04,481877,369071,0,197628,0
width_k2_seed42_current_tta,10m,own,0.5,SID55,2022-06-04,481877,361780,0,204919,0
width_k2_seed42_current_tta,10m,common,0.5,SID55,2022-06-04,481877,361780,0,204919,0
width_k2_seed43_current_tta,10m,own,0.3,SID55,2022-06-04,481877,381987,0,184712,0
width_k2_seed43_current_tta,10m,common,0.3,SID55,2022-06-04,481877,381987,0,184712,0
width_k2_seed43_current_tta,10m,own,0.5,SID55,2022-06-04,481877,373854,0,192845,0
width_k2_seed43_current_tta,10m,common,0.5,SID55,2022-06-04,481877,373854,0,192845,0
width_k2_seed44_current_tta,10m,own,0.3,SID55,2022-06-04,481877,368375,0,198324,0
width_k2_seed44_current_tta,10m,common,0.3,SID55,2022-06-04,481877,368375,0,198324,0
width_k2_seed44_current_tta,10m,own,0.5,SID55,2022-06-04,481877,360206,0,206493,0
width_k2_seed44_current_tta,10m,common,0.5,SID55,2022-06-04,481877,360206,0,206493,0
width_k3_seed42_current_tta,10m,own,0.3,SID55,2022-06-04,481877,364714,0,201985,0
width_k3_seed42_current_tta,10m,common,0.3,SID55,2022-06-04,481877,364714,0,201985,0
width_k3_seed42_current_tta,10m,own,0.5,SID55,2022-06-04,481877,354514,0,212185,0
width_k3_seed42_current_tta,10m,common,0.5,SID55,2022-06-04,481877,354514,0,212185,0
width_k3_seed43_current_tta,10m,own,0.3,SID55,2022-06-04,481877,363615,0,203084,0
width_k3_seed43_current_tta,10m,common,0.3,SID55,2022-06-04,481877,363615,0,203084,0
width_k3_seed43_current_tta,10m,own,0.5,SID55,2022-06-04,481877,353413,0,213286,0
width_k3_seed43_current_tta,10m,common,0.5,SID55,2022-06-04,481877,353413,0,213286,0
width_k3_seed44_current_tta,10m,own,0.3,SID55,2022-06-04,481877,378229,0,188470,0
width_k3_seed44_current_tta,10m,common,0.3,SID55,2022-06-04,481877,378229,0,188470,0
width_k3_seed44_current_tta,10m,own,0.5,SID55,2022-06-04,481877,369756,0,196943,0
width_k3_seed44_current_tta,10m,common,0.5,SID55,2022-06-04,481877,369756,0,196943,0
width_k4_seed42_current_tta,10m,own,0.3,SID55,2022-06-04,481877,368420,0,198279,0
width_k4_seed42_current_tta,10m,common,0.3,SID55,2022-06-04,481877,368420,0,198279,0
width_k4_seed42_current_tta,10m,own,0.5,SID55,2022-06-04,481877,360146,0,206553,0
width_k4_seed42_current_tta,10m,common,0.5,SID55,2022-06-04,481877,360146,0,206553,0
width_k4_seed43_current_tta,10m,own,0.3,SID55,2022-06-04,481877,358143,0,208556,0
width_k4_seed43_current_tta,10m,common,0.3,SID55,2022-06-04,481877,358143,0,208556,0
width_k4_seed43_current_tta,10m,own,0.5,SID55,2022-06-04,481877,349224,0,217475,0
width_k4_seed43_current_tta,10m,common,0.5,SID55,2022-06-04,481877,349224,0,217475,0
width_k4_seed44_current_tta,10m,own,0.3,SID55,2022-06-04,481877,371314,0,195385,0
width_k4_seed44_current_tta,10m,common,0.3,SID55,2022-06-04,481877,371314,0,195385,0
width_k4_seed44_current_tta,10m,own,0.5,SID55,2022-06-04,481877,363648,0,203051,0
width_k4_seed44_current_tta,10m,common,0.5,SID55,2022-06-04,481877,363648,0,203051,0
width_k8_seed42_current_tta,10m,own,0.3,SID55,2022-06-04,481877,373814,0,192885,0
width_k8_seed42_current_tta,10m,common,0.3,SID55,2022-06-04,481877,373814,0,192885,0
width_k8_seed42_current_tta,10m,own,0.5,SID55,2022-06-04,481877,365016,0,201683,0
width_k8_seed42_current_tta,10m,common,0.5,SID55,2022-06-04,481877,365016,0,201683,0
width_k8_seed43_current_tta,10m,own,0.3,SID55,2022-06-04,481877,372341,0,194358,0
width_k8_seed43_current_tta,10m,common,0.3,SID55,2022-06-04,481877,372341,0,194358,0
width_k8_seed43_current_tta,10m,own,0.5,SID55,2022-06-04,481877,364384,0,202315,0
width_k8_seed43_current_tta,10m,common,0.5,SID55,2022-06-04,481877,364384,0,202315,0
width_k8_seed44_current_tta,10m,own,0.3,SID55,2022-06-04,481877,372731,0,193968,0
width_k8_seed44_current_tta,10m,common,0.3,SID55,2022-06-04,481877,372731,0,193968,0
width_k8_seed44_current_tta,10m,own,0.5,SID55,2022-06-04,481877,363925,0,202774,0
width_k8_seed44_current_tta,10m,common,0.5,SID55,2022-06-04,481877,363925,0,202774,0
width_k16_seed42_current_tta,10m,own,0.3,SID55,2022-06-04,481877,373199,0,193500,0
width_k16_seed42_current_tta,10m,common,0.3,SID55,2022-06-04,481877,373199,0,193500,0
width_k16_seed42_current_tta,10m,own,0.5,SID55,2022-06-04,481877,365242,0,201457,0
width_k16_seed42_current_tta,10m,common,0.5,SID55,2022-06-04,481877,365242,0,201457,0
width_k16_seed43_current_tta,10m,own,0.3,SID55,2022-06-04,481877,371989,0,194710,0
width_k16_seed43_current_tta,10m,common,0.3,SID55,2022-06-04,481877,371989,0,194710,0
width_k16_seed43_current_tta,10m,own,0.5,SID55,2022-06-04,481877,361819,0,204880,0
width_k16_seed43_current_tta,10m,common,0.5,SID55,2022-06-04,481877,361819,0,204880,0
width_k16_seed44_current_tta,10m,own,0.3,SID55,2022-06-04,481877,376096,0,190603,0
width_k16_seed44_current_tta,10m,common,0.3,SID55,2022-06-04,481877,376096,0,190603,0
width_k16_seed44_current_tta,10m,own,0.5,SID55,2022-06-04,481877,366014,0,200685,0
width_k16_seed44_current_tta,10m,common,0.5,SID55,2022-06-04,481877,366014,0,200685,0
train1000_k16_seed42_current_tta,10m,own,0.3,SID55,2022-06-04,481806,310686,71,256013,0
train1000_k16_seed42_current_tta,10m,common,0.3,SID55,2022-06-04,481806,310686,71,256013,0
train1000_k16_seed42_current_tta,10m,own,0.5,SID55,2022-06-04,478941,270321,2936,296378,0
train1000_k16_seed42_current_tta,10m,common,0.5,SID55,2022-06-04,478941,270321,2936,296378,0
train1000_k16_seed43_current_tta,10m,own,0.3,SID55,2022-06-04,480428,315226,1449,251473,0
train1000_k16_seed43_current_tta,10m,common,0.3,SID55,2022-06-04,480428,315226,1449,251473,0
train1000_k16_seed43_current_tta,10m,own,0.5,SID55,2022-06-04,467083,273455,14794,293244,0
train1000_k16_seed43_current_tta,10m,common,0.5,SID55,2022-06-04,467083,273455,14794,293244,0
train1000_k16_seed44_current_tta,10m,own,0.3,SID55,2022-06-04,471327,283049,10550,283650,0
train1000_k16_seed44_current_tta,10m,common,0.3,SID55,2022-06-04,471327,283049,10550,283650,0
train1000_k16_seed44_current_tta,10m,own,0.5,SID55,2022-06-04,447392,247874,34485,318825,0
train1000_k16_seed44_current_tta,10m,common,0.5,SID55,2022-06-04,447392,247874,34485,318825,0
train2000_k16_seed42_current_tta,10m,own,0.3,SID55,2022-06-04,481877,364920,0,201779,0
train2000_k16_seed42_current_tta,10m,common,0.3,SID55,2022-06-04,481877,364920,0,201779,0
train2000_k16_seed42_current_tta,10m,own,0.5,SID55,2022-06-04,481877,356029,0,210670,0
train2000_k16_seed42_current_tta,10m,common,0.5,SID55,2022-06-04,481877,356029,0,210670,0
train2000_k16_seed43_current_tta,10m,own,0.3,SID55,2022-06-04,481877,372169,0,194530,0
train2000_k16_seed43_current_tta,10m,common,0.3,SID55,2022-06-04,481877,372169,0,194530,0
train2000_k16_seed43_current_tta,10m,own,0.5,SID55,2022-06-04,481877,364265,0,202434,0
train2000_k16_seed43_current_tta,10m,common,0.5,SID55,2022-06-04,481877,364265,0,202434,0
train2000_k16_seed44_current_tta,10m,own,0.3,SID55,2022-06-04,481877,380605,0,186094,0
train2000_k16_seed44_current_tta,10m,common,0.3,SID55,2022-06-04,481877,380605,0,186094,0
train2000_k16_seed44_current_tta,10m,own,0.5,SID55,2022-06-04,481877,371499,0,195200,0
train2000_k16_seed44_current_tta,10m,common,0.5,SID55,2022-06-04,481877,371499,0,195200,0
train3000_k16_seed42_current_tta,10m,own,0.3,SID55,2022-06-04,481877,375110,0,191589,0
train3000_k16_seed42_current_tta,10m,common,0.3,SID55,2022-06-04,481877,375110,0,191589,0
train3000_k16_seed42_current_tta,10m,own,0.5,SID55,2022-06-04,481877,366676,0,200023,0
train3000_k16_seed42_current_tta,10m,common,0.5,SID55,2022-06-04,481877,366676,0,200023,0
train3000_k16_seed43_current_tta,10m,own,0.3,SID55,2022-06-04,481877,376386,0,190313,0
train3000_k16_seed43_current_tta,10m,common,0.3,SID55,2022-06-04,481877,376386,0,190313,0
train3000_k16_seed43_current_tta,10m,own,0.5,SID55,2022-06-04,481877,368366,0,198333,0
train3000_k16_seed43_current_tta,10m,common,0.5,SID55,2022-06-04,481877,368366,0,198333,0
train3000_k16_seed44_current_tta,10m,own,0.3,SID55,2022-06-04,481877,380598,0,186101,0
train3000_k16_seed44_current_tta,10m,common,0.3,SID55,2022-06-04,481877,380598,0,186101,0
train3000_k16_seed44_current_tta,10m,own,0.5,SID55,2022-06-04,481877,371652,0,195047,0
train3000_k16_seed44_current_tta,10m,common,0.5,SID55,2022-06-04,481877,371652,0,195047,0
width_k0_seed42_current_tta,10m,own,0.3,SID59,2022-06-13,86583,21059,1417,939517,0
width_k0_seed42_current_tta,10m,common,0.3,SID59,2022-06-13,86583,21059,1417,939517,0
width_k0_seed42_current_tta,10m,own,0.5,SID59,2022-06-13,86193,16093,1807,944483,0
width_k0_seed42_current_tta,10m,common,0.5,SID59,2022-06-13,86193,16093,1807,944483,0
width_k0_seed43_current_tta,10m,own,0.3,SID59,2022-06-13,86647,22008,1353,938568,0
width_k0_seed43_current_tta,10m,common,0.3,SID59,2022-06-13,86647,22008,1353,938568,0
width_k0_seed43_current_tta,10m,own,0.5,SID59,2022-06-13,86297,16934,1703,943642,0
width_k0_seed43_current_tta,10m,common,0.5,SID59,2022-06-13,86297,16934,1703,943642,0
width_k0_seed44_current_tta,10m,own,0.3,SID59,2022-06-13,86402,19618,1598,940958,0
width_k0_seed44_current_tta,10m,common,0.3,SID59,2022-06-13,86402,19618,1598,940958,0
width_k0_seed44_current_tta,10m,own,0.5,SID59,2022-06-13,85827,14889,2173,945687,0
width_k0_seed44_current_tta,10m,common,0.5,SID59,2022-06-13,85827,14889,2173,945687,0
width_k1_seed42_current_tta,10m,own,0.3,SID59,2022-06-13,87363,26740,637,933836,0
width_k1_seed42_current_tta,10m,common,0.3,SID59,2022-06-13,87363,26740,637,933836,0
width_k1_seed42_current_tta,10m,own,0.5,SID59,2022-06-13,87191,21186,809,939390,0
width_k1_seed42_current_tta,10m,common,0.5,SID59,2022-06-13,87191,21186,809,939390,0
width_k1_seed43_current_tta,10m,own,0.3,SID59,2022-06-13,86891,20811,1109,939765,0
width_k1_seed43_current_tta,10m,common,0.3,SID59,2022-06-13,86891,20811,1109,939765,0
width_k1_seed43_current_tta,10m,own,0.5,SID59,2022-06-13,86609,15628,1391,944948,0
width_k1_seed43_current_tta,10m,common,0.5,SID59,2022-06-13,86609,15628,1391,944948,0
width_k1_seed44_current_tta,10m,own,0.3,SID59,2022-06-13,87091,23485,909,937091,0
width_k1_seed44_current_tta,10m,common,0.3,SID59,2022-06-13,87091,23485,909,937091,0
width_k1_seed44_current_tta,10m,own,0.5,SID59,2022-06-13,86778,17998,1222,942578,0
width_k1_seed44_current_tta,10m,common,0.5,SID59,2022-06-13,86778,17998,1222,942578,0
width_k2_seed42_current_tta,10m,own,0.3,SID59,2022-06-13,87200,21650,800,938926,0
width_k2_seed42_current_tta,10m,common,0.3,SID59,2022-06-13,87200,21650,800,938926,0
width_k2_seed42_current_tta,10m,own,0.5,SID59,2022-06-13,86913,16660,1087,943916,0
width_k2_seed42_current_tta,10m,common,0.5,SID59,2022-06-13,86913,16660,1087,943916,0
width_k2_seed43_current_tta,10m,own,0.3,SID59,2022-06-13,87493,27600,507,932976,0
width_k2_seed43_current_tta,10m,common,0.3,SID59,2022-06-13,87493,27600,507,932976,0
width_k2_seed43_current_tta,10m,own,0.5,SID59,2022-06-13,87300,22390,700,938186,0
width_k2_seed43_current_tta,10m,common,0.5,SID59,2022-06-13,87300,22390,700,938186,0
width_k2_seed44_current_tta,10m,own,0.3,SID59,2022-06-13,86764,19030,1236,941546,0
width_k2_seed44_current_tta,10m,common,0.3,SID59,2022-06-13,86764,19030,1236,941546,0
width_k2_seed44_current_tta,10m,own,0.5,SID59,2022-06-13,86486,14338,1514,946238,0
width_k2_seed44_current_tta,10m,common,0.5,SID59,2022-06-13,86486,14338,1514,946238,0
width_k3_seed42_current_tta,10m,own,0.3,SID59,2022-06-13,87240,23703,760,936873,0
width_k3_seed42_current_tta,10m,common,0.3,SID59,2022-06-13,87240,23703,760,936873,0
width_k3_seed42_current_tta,10m,own,0.5,SID59,2022-06-13,87028,18643,972,941933,0
width_k3_seed42_current_tta,10m,common,0.5,SID59,2022-06-13,87028,18643,972,941933,0
width_k3_seed43_current_tta,10m,own,0.3,SID59,2022-06-13,87241,20968,759,939608,0
width_k3_seed43_current_tta,10m,common,0.3,SID59,2022-06-13,87241,20968,759,939608,0
width_k3_seed43_current_tta,10m,own,0.5,SID59,2022-06-13,87007,16187,993,944389,0
width_k3_seed43_current_tta,10m,common,0.5,SID59,2022-06-13,87007,16187,993,944389,0
width_k3_seed44_current_tta,10m,own,0.3,SID59,2022-06-13,87361,25024,639,935552,0
width_k3_seed44_current_tta,10m,common,0.3,SID59,2022-06-13,87361,25024,639,935552,0
width_k3_seed44_current_tta,10m,own,0.5,SID59,2022-06-13,87216,19936,784,940640,0
width_k3_seed44_current_tta,10m,common,0.5,SID59,2022-06-13,87216,19936,784,940640,0
width_k4_seed42_current_tta,10m,own,0.3,SID59,2022-06-13,87276,25242,724,935334,0
width_k4_seed42_current_tta,10m,common,0.3,SID59,2022-06-13,87276,25242,724,935334,0
width_k4_seed42_current_tta,10m,own,0.5,SID59,2022-06-13,87096,20220,904,940356,0
width_k4_seed42_current_tta,10m,common,0.5,SID59,2022-06-13,87096,20220,904,940356,0
width_k4_seed43_current_tta,10m,own,0.3,SID59,2022-06-13,87342,25730,658,934846,0
width_k4_seed43_current_tta,10m,common,0.3,SID59,2022-06-13,87342,25730,658,934846,0
width_k4_seed43_current_tta,10m,own,0.5,SID59,2022-06-13,87201,20677,799,939899,0
width_k4_seed43_current_tta,10m,common,0.5,SID59,2022-06-13,87201,20677,799,939899,0
width_k4_seed44_current_tta,10m,own,0.3,SID59,2022-06-13,87289,23228,711,937348,0
width_k4_seed44_current_tta,10m,common,0.3,SID59,2022-06-13,87289,23228,711,937348,0
width_k4_seed44_current_tta,10m,own,0.5,SID59,2022-06-13,87106,18419,894,942157,0
width_k4_seed44_current_tta,10m,common,0.5,SID59,2022-06-13,87106,18419,894,942157,0
width_k8_seed42_current_tta,10m,own,0.3,SID59,2022-06-13,87232,23703,768,936873,0
width_k8_seed42_current_tta,10m,common,0.3,SID59,2022-06-13,87232,23703,768,936873,0
width_k8_seed42_current_tta,10m,own,0.5,SID59,2022-06-13,87029,18766,971,941810,0
width_k8_seed42_current_tta,10m,common,0.5,SID59,2022-06-13,87029,18766,971,941810,0
width_k8_seed43_current_tta,10m,own,0.3,SID59,2022-06-13,87277,22733,723,937843,0
width_k8_seed43_current_tta,10m,common,0.3,SID59,2022-06-13,87277,22733,723,937843,0
width_k8_seed43_current_tta,10m,own,0.5,SID59,2022-06-13,87088,17753,912,942823,0
width_k8_seed43_current_tta,10m,common,0.5,SID59,2022-06-13,87088,17753,912,942823,0
width_k8_seed44_current_tta,10m,own,0.3,SID59,2022-06-13,87215,22484,785,938092,0
width_k8_seed44_current_tta,10m,common,0.3,SID59,2022-06-13,87215,22484,785,938092,0
width_k8_seed44_current_tta,10m,own,0.5,SID59,2022-06-13,87013,17755,987,942821,0
width_k8_seed44_current_tta,10m,common,0.5,SID59,2022-06-13,87013,17755,987,942821,0
width_k16_seed42_current_tta,10m,own,0.3,SID59,2022-06-13,87299,23281,701,937295,0
width_k16_seed42_current_tta,10m,common,0.3,SID59,2022-06-13,87299,23281,701,937295,0
width_k16_seed42_current_tta,10m,own,0.5,SID59,2022-06-13,87122,18622,878,941954,0
width_k16_seed42_current_tta,10m,common,0.5,SID59,2022-06-13,87122,18622,878,941954,0
width_k16_seed43_current_tta,10m,own,0.3,SID59,2022-06-13,87339,26660,661,933916,0
width_k16_seed43_current_tta,10m,common,0.3,SID59,2022-06-13,87339,26660,661,933916,0
width_k16_seed43_current_tta,10m,own,0.5,SID59,2022-06-13,87200,21878,800,938698,0
width_k16_seed43_current_tta,10m,common,0.5,SID59,2022-06-13,87200,21878,800,938698,0
width_k16_seed44_current_tta,10m,own,0.3,SID59,2022-06-13,87346,27086,654,933490,0
width_k16_seed44_current_tta,10m,common,0.3,SID59,2022-06-13,87346,27086,654,933490,0
width_k16_seed44_current_tta,10m,own,0.5,SID59,2022-06-13,87209,22273,791,938303,0
width_k16_seed44_current_tta,10m,common,0.5,SID59,2022-06-13,87209,22273,791,938303,0
train1000_k16_seed42_current_tta,10m,own,0.3,SID59,2022-06-13,86907,23780,1093,936796,0
train1000_k16_seed42_current_tta,10m,common,0.3,SID59,2022-06-13,86907,23780,1093,936796,0
train1000_k16_seed42_current_tta,10m,own,0.5,SID59,2022-06-13,86281,17404,1719,943172,0
train1000_k16_seed42_current_tta,10m,common,0.5,SID59,2022-06-13,86281,17404,1719,943172,0
train1000_k16_seed43_current_tta,10m,own,0.3,SID59,2022-06-13,86864,26700,1136,933876,0
train1000_k16_seed43_current_tta,10m,common,0.3,SID59,2022-06-13,86864,26700,1136,933876,0
train1000_k16_seed43_current_tta,10m,own,0.5,SID59,2022-06-13,86497,19860,1503,940716,0
train1000_k16_seed43_current_tta,10m,common,0.5,SID59,2022-06-13,86497,19860,1503,940716,0
train1000_k16_seed44_current_tta,10m,own,0.3,SID59,2022-06-13,86335,21160,1665,939416,0
train1000_k16_seed44_current_tta,10m,common,0.3,SID59,2022-06-13,86335,21160,1665,939416,0
train1000_k16_seed44_current_tta,10m,own,0.5,SID59,2022-06-13,85644,15169,2356,945407,0
train1000_k16_seed44_current_tta,10m,common,0.5,SID59,2022-06-13,85644,15169,2356,945407,0
train2000_k16_seed42_current_tta,10m,own,0.3,SID59,2022-06-13,87385,24940,615,935636,0
train2000_k16_seed42_current_tta,10m,common,0.3,SID59,2022-06-13,87385,24940,615,935636,0
train2000_k16_seed42_current_tta,10m,own,0.5,SID59,2022-06-13,87197,19513,803,941063,0
train2000_k16_seed42_current_tta,10m,common,0.5,SID59,2022-06-13,87197,19513,803,941063,0
train2000_k16_seed43_current_tta,10m,own,0.3,SID59,2022-06-13,87339,27589,661,932987,0
train2000_k16_seed43_current_tta,10m,common,0.3,SID59,2022-06-13,87339,27589,661,932987,0
train2000_k16_seed43_current_tta,10m,own,0.5,SID59,2022-06-13,87158,22111,842,938465,0
train2000_k16_seed43_current_tta,10m,common,0.5,SID59,2022-06-13,87158,22111,842,938465,0
train2000_k16_seed44_current_tta,10m,own,0.3,SID59,2022-06-13,87434,28772,566,931804,0
train2000_k16_seed44_current_tta,10m,common,0.3,SID59,2022-06-13,87434,28772,566,931804,0
train2000_k16_seed44_current_tta,10m,own,0.5,SID59,2022-06-13,87307,23317,693,937259,0
train2000_k16_seed44_current_tta,10m,common,0.5,SID59,2022-06-13,87307,23317,693,937259,0
train3000_k16_seed42_current_tta,10m,own,0.3,SID59,2022-06-13,87358,24930,642,935646,0
train3000_k16_seed42_current_tta,10m,common,0.3,SID59,2022-06-13,87358,24930,642,935646,0
train3000_k16_seed42_current_tta,10m,own,0.5,SID59,2022-06-13,87208,20066,792,940510,0
train3000_k16_seed42_current_tta,10m,common,0.5,SID59,2022-06-13,87208,20066,792,940510,0
train3000_k16_seed43_current_tta,10m,own,0.3,SID59,2022-06-13,87386,27823,614,932753,0
train3000_k16_seed43_current_tta,10m,common,0.3,SID59,2022-06-13,87386,27823,614,932753,0
train3000_k16_seed43_current_tta,10m,own,0.5,SID59,2022-06-13,87251,22789,749,937787,0
train3000_k16_seed43_current_tta,10m,common,0.5,SID59,2022-06-13,87251,22789,749,937787,0
train3000_k16_seed44_current_tta,10m,own,0.3,SID59,2022-06-13,87421,27240,579,933336,0
train3000_k16_seed44_current_tta,10m,common,0.3,SID59,2022-06-13,87421,27240,579,933336,0
train3000_k16_seed44_current_tta,10m,own,0.5,SID59,2022-06-13,87307,22325,693,938251,0
train3000_k16_seed44_current_tta,10m,common,0.5,SID59,2022-06-13,87307,22325,693,938251,0
width_k0_seed42_current_tta,10m,own,0.3,SID61,2022-06-07,182787,28458,10384,826947,0
width_k0_seed42_current_tta,10m,common,0.3,SID61,2022-06-07,182787,28458,10384,826947,0
width_k0_seed42_current_tta,10m,own,0.5,SID61,2022-06-07,180403,24132,12768,831273,0
width_k0_seed42_current_tta,10m,common,0.5,SID61,2022-06-07,180403,24132,12768,831273,0
width_k0_seed43_current_tta,10m,own,0.3,SID61,2022-06-07,185056,33080,8115,822325,0
width_k0_seed43_current_tta,10m,common,0.3,SID61,2022-06-07,185056,33080,8115,822325,0
width_k0_seed43_current_tta,10m,own,0.5,SID61,2022-06-07,182843,28530,10328,826875,0
width_k0_seed43_current_tta,10m,common,0.5,SID61,2022-06-07,182843,28530,10328,826875,0
width_k0_seed44_current_tta,10m,own,0.3,SID61,2022-06-07,183035,29374,10136,826031,0
width_k0_seed44_current_tta,10m,common,0.3,SID61,2022-06-07,183035,29374,10136,826031,0
width_k0_seed44_current_tta,10m,own,0.5,SID61,2022-06-07,180830,24877,12341,830528,0
width_k0_seed44_current_tta,10m,common,0.5,SID61,2022-06-07,180830,24877,12341,830528,0
width_k1_seed42_current_tta,10m,own,0.3,SID61,2022-06-07,180054,9006,13117,846399,0
width_k1_seed42_current_tta,10m,common,0.3,SID61,2022-06-07,180054,9006,13117,846399,0
width_k1_seed42_current_tta,10m,own,0.5,SID61,2022-06-07,175793,5917,17378,849488,0
width_k1_seed42_current_tta,10m,common,0.5,SID61,2022-06-07,175793,5917,17378,849488,0
width_k1_seed43_current_tta,10m,own,0.3,SID61,2022-06-07,186247,18122,6924,837283,0
width_k1_seed43_current_tta,10m,common,0.3,SID61,2022-06-07,186247,18122,6924,837283,0
width_k1_seed43_current_tta,10m,own,0.5,SID61,2022-06-07,183562,13309,9609,842096,0
width_k1_seed43_current_tta,10m,common,0.5,SID61,2022-06-07,183562,13309,9609,842096,0
width_k1_seed44_current_tta,10m,own,0.3,SID61,2022-06-07,186326,22981,6845,832424,0
width_k1_seed44_current_tta,10m,common,0.3,SID61,2022-06-07,186326,22981,6845,832424,0
width_k1_seed44_current_tta,10m,own,0.5,SID61,2022-06-07,183690,18013,9481,837392,0
width_k1_seed44_current_tta,10m,common,0.5,SID61,2022-06-07,183690,18013,9481,837392,0
width_k2_seed42_current_tta,10m,own,0.3,SID61,2022-06-07,179173,8174,13998,847231,0
width_k2_seed42_current_tta,10m,common,0.3,SID61,2022-06-07,179173,8174,13998,847231,0
width_k2_seed42_current_tta,10m,own,0.5,SID61,2022-06-07,174723,5230,18448,850175,0
width_k2_seed42_current_tta,10m,common,0.5,SID61,2022-06-07,174723,5230,18448,850175,0
width_k2_seed43_current_tta,10m,own,0.3,SID61,2022-06-07,181275,11015,11896,844390,0
width_k2_seed43_current_tta,10m,common,0.3,SID61,2022-06-07,181275,11015,11896,844390,0
width_k2_seed43_current_tta,10m,own,0.5,SID61,2022-06-07,177584,7896,15587,847509,0
width_k2_seed43_current_tta,10m,common,0.5,SID61,2022-06-07,177584,7896,15587,847509,0
width_k2_seed44_current_tta,10m,own,0.3,SID61,2022-06-07,181328,11225,11843,844180,0
width_k2_seed44_current_tta,10m,common,0.3,SID61,2022-06-07,181328,11225,11843,844180,0
width_k2_seed44_current_tta,10m,own,0.5,SID61,2022-06-07,177593,7473,15578,847932,0
width_k2_seed44_current_tta,10m,common,0.5,SID61,2022-06-07,177593,7473,15578,847932,0
width_k3_seed42_current_tta,10m,own,0.3,SID61,2022-06-07,182535,10314,10636,845091,0
width_k3_seed42_current_tta,10m,common,0.3,SID61,2022-06-07,182535,10314,10636,845091,0
width_k3_seed42_current_tta,10m,own,0.5,SID61,2022-06-07,178744,7172,14427,848233,0
width_k3_seed42_current_tta,10m,common,0.5,SID61,2022-06-07,178744,7172,14427,848233,0
width_k3_seed43_current_tta,10m,own,0.3,SID61,2022-06-07,185356,12611,7815,842794,0
width_k3_seed43_current_tta,10m,common,0.3,SID61,2022-06-07,185356,12611,7815,842794,0
width_k3_seed43_current_tta,10m,own,0.5,SID61,2022-06-07,182366,8900,10805,846505,0
width_k3_seed43_current_tta,10m,common,0.5,SID61,2022-06-07,182366,8900,10805,846505,0
width_k3_seed44_current_tta,10m,own,0.3,SID61,2022-06-07,186098,10352,7073,845053,0
width_k3_seed44_current_tta,10m,common,0.3,SID61,2022-06-07,186098,10352,7073,845053,0
width_k3_seed44_current_tta,10m,own,0.5,SID61,2022-06-07,182732,7064,10439,848341,0
width_k3_seed44_current_tta,10m,common,0.5,SID61,2022-06-07,182732,7064,10439,848341,0
width_k4_seed42_current_tta,10m,own,0.3,SID61,2022-06-07,185150,13098,8021,842307,0
width_k4_seed42_current_tta,10m,common,0.3,SID61,2022-06-07,185150,13098,8021,842307,0
width_k4_seed42_current_tta,10m,own,0.5,SID61,2022-06-07,181907,9356,11264,846049,0
width_k4_seed42_current_tta,10m,common,0.5,SID61,2022-06-07,181907,9356,11264,846049,0
width_k4_seed43_current_tta,10m,own,0.3,SID61,2022-06-07,185689,14068,7482,841337,0
width_k4_seed43_current_tta,10m,common,0.3,SID61,2022-06-07,185689,14068,7482,841337,0
width_k4_seed43_current_tta,10m,own,0.5,SID61,2022-06-07,182786,10342,10385,845063,0
width_k4_seed43_current_tta,10m,common,0.5,SID61,2022-06-07,182786,10342,10385,845063,0
width_k4_seed44_current_tta,10m,own,0.3,SID61,2022-06-07,186156,12438,7015,842967,0
width_k4_seed44_current_tta,10m,common,0.3,SID61,2022-06-07,186156,12438,7015,842967,0
width_k4_seed44_current_tta,10m,own,0.5,SID61,2022-06-07,183020,8609,10151,846796,0
width_k4_seed44_current_tta,10m,common,0.5,SID61,2022-06-07,183020,8609,10151,846796,0
width_k8_seed42_current_tta,10m,own,0.3,SID61,2022-06-07,184284,9310,8887,846095,0
width_k8_seed42_current_tta,10m,common,0.3,SID61,2022-06-07,184284,9310,8887,846095,0
width_k8_seed42_current_tta,10m,own,0.5,SID61,2022-06-07,180493,6300,12678,849105,0
width_k8_seed42_current_tta,10m,common,0.5,SID61,2022-06-07,180493,6300,12678,849105,0
width_k8_seed43_current_tta,10m,own,0.3,SID61,2022-06-07,184697,10159,8474,845246,0
width_k8_seed43_current_tta,10m,common,0.3,SID61,2022-06-07,184697,10159,8474,845246,0
width_k8_seed43_current_tta,10m,own,0.5,SID61,2022-06-07,181364,7084,11807,848321,0
width_k8_seed43_current_tta,10m,common,0.5,SID61,2022-06-07,181364,7084,11807,848321,0
width_k8_seed44_current_tta,10m,own,0.3,SID61,2022-06-07,185681,11225,7490,844180,0
width_k8_seed44_current_tta,10m,common,0.3,SID61,2022-06-07,185681,11225,7490,844180,0
width_k8_seed44_current_tta,10m,own,0.5,SID61,2022-06-07,182440,7937,10731,847468,0
width_k8_seed44_current_tta,10m,common,0.5,SID61,2022-06-07,182440,7937,10731,847468,0
width_k16_seed42_current_tta,10m,own,0.3,SID61,2022-06-07,183594,7815,9577,847590,0
width_k16_seed42_current_tta,10m,common,0.3,SID61,2022-06-07,183594,7815,9577,847590,0
width_k16_seed42_current_tta,10m,own,0.5,SID61,2022-06-07,179890,5615,13281,849790,0
width_k16_seed42_current_tta,10m,common,0.5,SID61,2022-06-07,179890,5615,13281,849790,0
width_k16_seed43_current_tta,10m,own,0.3,SID61,2022-06-07,186952,10409,6219,844996,0
width_k16_seed43_current_tta,10m,common,0.3,SID61,2022-06-07,186952,10409,6219,844996,0
width_k16_seed43_current_tta,10m,own,0.5,SID61,2022-06-07,183797,7378,9374,848027,0
width_k16_seed43_current_tta,10m,common,0.5,SID61,2022-06-07,183797,7378,9374,848027,0
width_k16_seed44_current_tta,10m,own,0.3,SID61,2022-06-07,185233,9235,7938,846170,0
width_k16_seed44_current_tta,10m,common,0.3,SID61,2022-06-07,185233,9235,7938,846170,0
width_k16_seed44_current_tta,10m,own,0.5,SID61,2022-06-07,181866,6582,11305,848823,0
width_k16_seed44_current_tta,10m,common,0.5,SID61,2022-06-07,181866,6582,11305,848823,0
train1000_k16_seed42_current_tta,10m,own,0.3,SID61,2022-06-07,181487,19959,11684,835446,0
train1000_k16_seed42_current_tta,10m,common,0.3,SID61,2022-06-07,181487,19959,11684,835446,0
train1000_k16_seed42_current_tta,10m,own,0.5,SID61,2022-06-07,177557,15495,15614,839910,0
train1000_k16_seed42_current_tta,10m,common,0.5,SID61,2022-06-07,177557,15495,15614,839910,0
train1000_k16_seed43_current_tta,10m,own,0.3,SID61,2022-06-07,183089,22728,10082,832677,0
train1000_k16_seed43_current_tta,10m,common,0.3,SID61,2022-06-07,183089,22728,10082,832677,0
train1000_k16_seed43_current_tta,10m,own,0.5,SID61,2022-06-07,179723,17431,13448,837974,0
train1000_k16_seed43_current_tta,10m,common,0.5,SID61,2022-06-07,179723,17431,13448,837974,0
train1000_k16_seed44_current_tta,10m,own,0.3,SID61,2022-06-07,181401,21482,11770,833923,0
train1000_k16_seed44_current_tta,10m,common,0.3,SID61,2022-06-07,181401,21482,11770,833923,0
train1000_k16_seed44_current_tta,10m,own,0.5,SID61,2022-06-07,177711,16625,15460,838780,0
train1000_k16_seed44_current_tta,10m,common,0.5,SID61,2022-06-07,177711,16625,15460,838780,0
train2000_k16_seed42_current_tta,10m,own,0.3,SID61,2022-06-07,183184,7792,9987,847613,0
train2000_k16_seed42_current_tta,10m,common,0.3,SID61,2022-06-07,183184,7792,9987,847613,0
train2000_k16_seed42_current_tta,10m,own,0.5,SID61,2022-06-07,178486,5131,14685,850274,0
train2000_k16_seed42_current_tta,10m,common,0.5,SID61,2022-06-07,178486,5131,14685,850274,0
train2000_k16_seed43_current_tta,10m,own,0.3,SID61,2022-06-07,185086,8467,8085,846938,0
train2000_k16_seed43_current_tta,10m,common,0.3,SID61,2022-06-07,185086,8467,8085,846938,0
train2000_k16_seed43_current_tta,10m,own,0.5,SID61,2022-06-07,180263,5280,12908,850125,0
train2000_k16_seed43_current_tta,10m,common,0.5,SID61,2022-06-07,180263,5280,12908,850125,0
train2000_k16_seed44_current_tta,10m,own,0.3,SID61,2022-06-07,185709,11103,7462,844302,0
train2000_k16_seed44_current_tta,10m,common,0.3,SID61,2022-06-07,185709,11103,7462,844302,0
train2000_k16_seed44_current_tta,10m,own,0.5,SID61,2022-06-07,182092,7429,11079,847976,0
train2000_k16_seed44_current_tta,10m,common,0.5,SID61,2022-06-07,182092,7429,11079,847976,0
train3000_k16_seed42_current_tta,10m,own,0.3,SID61,2022-06-07,182458,6620,10713,848785,0
train3000_k16_seed42_current_tta,10m,common,0.3,SID61,2022-06-07,182458,6620,10713,848785,0
train3000_k16_seed42_current_tta,10m,own,0.5,SID61,2022-06-07,178118,4563,15053,850842,0
train3000_k16_seed42_current_tta,10m,common,0.5,SID61,2022-06-07,178118,4563,15053,850842,0
train3000_k16_seed43_current_tta,10m,own,0.3,SID61,2022-06-07,186761,10336,6410,845069,0
train3000_k16_seed43_current_tta,10m,common,0.3,SID61,2022-06-07,186761,10336,6410,845069,0
train3000_k16_seed43_current_tta,10m,own,0.5,SID61,2022-06-07,183285,7040,9886,848365,0
train3000_k16_seed43_current_tta,10m,common,0.5,SID61,2022-06-07,183285,7040,9886,848365,0
train3000_k16_seed44_current_tta,10m,own,0.3,SID61,2022-06-07,183745,8382,9426,847023,0
train3000_k16_seed44_current_tta,10m,common,0.3,SID61,2022-06-07,183745,8382,9426,847023,0
train3000_k16_seed44_current_tta,10m,own,0.5,SID61,2022-06-07,179847,5849,13324,849556,0
train3000_k16_seed44_current_tta,10m,common,0.5,SID61,2022-06-07,179847,5849,13324,849556,0
width_k0_seed42_current_tta,10m,own,0.3,SID63,2022-06-07,494518,61939,14923,477196,0
width_k0_seed42_current_tta,10m,common,0.3,SID63,2022-06-07,494518,61939,14910,477109,0
width_k0_seed42_current_tta,10m,own,0.5,SID63,2022-06-07,489288,54856,20153,484279,0
width_k0_seed42_current_tta,10m,common,0.5,SID63,2022-06-07,489288,54856,20140,484192,0
width_k0_seed43_current_tta,10m,own,0.3,SID63,2022-06-07,499034,70785,10407,468350,0
width_k0_seed43_current_tta,10m,common,0.3,SID63,2022-06-07,499034,70785,10394,468263,0
width_k0_seed43_current_tta,10m,own,0.5,SID63,2022-06-07,494480,63280,14961,475855,0
width_k0_seed43_current_tta,10m,common,0.5,SID63,2022-06-07,494480,63280,14948,475768,0
width_k0_seed44_current_tta,10m,own,0.3,SID63,2022-06-07,495320,63431,14121,475704,0
width_k0_seed44_current_tta,10m,common,0.3,SID63,2022-06-07,495320,63431,14108,475617,0
width_k0_seed44_current_tta,10m,own,0.5,SID63,2022-06-07,490311,56387,19130,482748,0
width_k0_seed44_current_tta,10m,common,0.5,SID63,2022-06-07,490311,56387,19117,482661,0
width_k1_seed42_current_tta,10m,own,0.3,SID63,2022-06-07,487901,25589,21540,513546,0
width_k1_seed42_current_tta,10m,common,0.3,SID63,2022-06-07,487901,25589,21527,513459,0
width_k1_seed42_current_tta,10m,own,0.5,SID63,2022-06-07,480581,17477,28860,521658,0
width_k1_seed42_current_tta,10m,common,0.5,SID63,2022-06-07,480581,17477,28847,521571,0
width_k1_seed43_current_tta,10m,own,0.3,SID63,2022-06-07,498449,40983,10992,498152,0
width_k1_seed43_current_tta,10m,common,0.3,SID63,2022-06-07,498449,40983,10979,498065,0
width_k1_seed43_current_tta,10m,own,0.5,SID63,2022-06-07,493085,31581,16356,507554,0
width_k1_seed43_current_tta,10m,common,0.5,SID63,2022-06-07,493085,31581,16343,507467,0
width_k1_seed44_current_tta,10m,own,0.3,SID63,2022-06-07,499777,54122,9664,485013,0
width_k1_seed44_current_tta,10m,common,0.3,SID63,2022-06-07,499777,54122,9651,484926,0
width_k1_seed44_current_tta,10m,own,0.5,SID63,2022-06-07,494479,44421,14962,494714,0
width_k1_seed44_current_tta,10m,common,0.5,SID63,2022-06-07,494479,44421,14949,494627,0
width_k2_seed42_current_tta,10m,own,0.3,SID63,2022-06-07,486973,21446,22468,517689,0
width_k2_seed42_current_tta,10m,common,0.3,SID63,2022-06-07,486973,21446,22455,517602,0
width_k2_seed42_current_tta,10m,own,0.5,SID63,2022-06-07,479219,13794,30222,525341,0
width_k2_seed42_current_tta,10m,common,0.5,SID63,2022-06-07,479219,13794,30209,525254,0
width_k2_seed43_current_tta,10m,own,0.3,SID63,2022-06-07,489738,30760,19703,508375,0
width_k2_seed43_current_tta,10m,common,0.3,SID63,2022-06-07,489738,30760,19690,508288,0
width_k2_seed43_current_tta,10m,own,0.5,SID63,2022-06-07,483222,22907,26219,516228,0
width_k2_seed43_current_tta,10m,common,0.5,SID63,2022-06-07,483222,22907,26206,516141,0
width_k2_seed44_current_tta,10m,own,0.3,SID63,2022-06-07,490969,30676,18472,508459,0
width_k2_seed44_current_tta,10m,common,0.3,SID63,2022-06-07,490969,30676,18459,508372,0
width_k2_seed44_current_tta,10m,own,0.5,SID63,2022-06-07,484379,22044,25062,517091,0
width_k2_seed44_current_tta,10m,common,0.5,SID63,2022-06-07,484379,22044,25049,517004,0
width_k3_seed42_current_tta,10m,own,0.3,SID63,2022-06-07,490353,26645,19088,512490,0
width_k3_seed42_current_tta,10m,common,0.3,SID63,2022-06-07,490353,26645,19075,512403,0
width_k3_seed42_current_tta,10m,own,0.5,SID63,2022-06-07,483567,19115,25874,520020,0
width_k3_seed42_current_tta,10m,common,0.5,SID63,2022-06-07,483567,19115,25861,519933,0
width_k3_seed43_current_tta,10m,own,0.3,SID63,2022-06-07,499388,36468,10053,502667,0
width_k3_seed43_current_tta,10m,common,0.3,SID63,2022-06-07,499387,36468,10041,502580,0
width_k3_seed43_current_tta,10m,own,0.5,SID63,2022-06-07,494237,27446,15204,511689,0
width_k3_seed43_current_tta,10m,common,0.5,SID63,2022-06-07,494237,27446,15191,511602,0
width_k3_seed44_current_tta,10m,own,0.3,SID63,2022-06-07,498693,29304,10748,509831,0
width_k3_seed44_current_tta,10m,common,0.3,SID63,2022-06-07,498693,29304,10735,509744,0
width_k3_seed44_current_tta,10m,own,0.5,SID63,2022-06-07,493055,20517,16386,518618,0
width_k3_seed44_current_tta,10m,common,0.5,SID63,2022-06-07,493055,20517,16373,518531,0
width_k4_seed42_current_tta,10m,own,0.3,SID63,2022-06-07,496911,34485,12530,504650,0
width_k4_seed42_current_tta,10m,common,0.3,SID63,2022-06-07,496911,34485,12517,504563,0
width_k4_seed42_current_tta,10m,own,0.5,SID63,2022-06-07,491178,25876,18263,513259,0
width_k4_seed42_current_tta,10m,common,0.5,SID63,2022-06-07,491178,25876,18250,513172,0
width_k4_seed43_current_tta,10m,own,0.3,SID63,2022-06-07,497570,36371,11871,502764,0
width_k4_seed43_current_tta,10m,common,0.3,SID63,2022-06-07,497570,36371,11858,502677,0
width_k4_seed43_current_tta,10m,own,0.5,SID63,2022-06-07,492289,28341,17152,510794,0
width_k4_seed43_current_tta,10m,common,0.5,SID63,2022-06-07,492289,28341,17139,510707,0
width_k4_seed44_current_tta,10m,own,0.3,SID63,2022-06-07,499194,33409,10247,505726,0
width_k4_seed44_current_tta,10m,common,0.3,SID63,2022-06-07,499194,33409,10234,505639,0
width_k4_seed44_current_tta,10m,own,0.5,SID63,2022-06-07,493741,24521,15700,514614,0
width_k4_seed44_current_tta,10m,common,0.5,SID63,2022-06-07,493741,24521,15687,514527,0
width_k8_seed42_current_tta,10m,own,0.3,SID63,2022-06-07,495217,25232,14224,513903,0
width_k8_seed42_current_tta,10m,common,0.3,SID63,2022-06-07,495217,25232,14211,513816,0
width_k8_seed42_current_tta,10m,own,0.5,SID63,2022-06-07,488772,17336,20669,521799,0
width_k8_seed42_current_tta,10m,common,0.5,SID63,2022-06-07,488772,17336,20656,521712,0
width_k8_seed43_current_tta,10m,own,0.3,SID63,2022-06-07,496604,28567,12837,510568,0
width_k8_seed43_current_tta,10m,common,0.3,SID63,2022-06-07,496604,28567,12824,510481,0
width_k8_seed43_current_tta,10m,own,0.5,SID63,2022-06-07,490782,20853,18659,518282,0
width_k8_seed43_current_tta,10m,common,0.5,SID63,2022-06-07,490782,20853,18646,518195,0
width_k8_seed44_current_tta,10m,own,0.3,SID63,2022-06-07,497266,30507,12175,508628,0
width_k8_seed44_current_tta,10m,common,0.3,SID63,2022-06-07,497266,30507,12162,508541,0
width_k8_seed44_current_tta,10m,own,0.5,SID63,2022-06-07,491487,22464,17954,516671,0
width_k8_seed44_current_tta,10m,common,0.5,SID63,2022-06-07,491487,22464,17941,516584,0
width_k16_seed42_current_tta,10m,own,0.3,SID63,2022-06-07,493703,20630,15738,518505,0
width_k16_seed42_current_tta,10m,common,0.3,SID63,2022-06-07,493703,20630,15725,518418,0
width_k16_seed42_current_tta,10m,own,0.5,SID63,2022-06-07,487435,14367,22006,524768,0
width_k16_seed42_current_tta,10m,common,0.5,SID63,2022-06-07,487435,14367,21993,524681,0
width_k16_seed43_current_tta,10m,own,0.3,SID63,2022-06-07,499846,29451,9595,509684,0
width_k16_seed43_current_tta,10m,common,0.3,SID63,2022-06-07,499846,29451,9582,509597,0
width_k16_seed43_current_tta,10m,own,0.5,SID63,2022-06-07,494582,21508,14859,517627,0
width_k16_seed43_current_tta,10m,common,0.5,SID63,2022-06-07,494582,21508,14846,517540,0
width_k16_seed44_current_tta,10m,own,0.3,SID63,2022-06-07,497374,25843,12067,513292,0
width_k16_seed44_current_tta,10m,common,0.3,SID63,2022-06-07,497374,25843,12054,513205,0
width_k16_seed44_current_tta,10m,own,0.5,SID63,2022-06-07,491719,18773,17722,520362,0
width_k16_seed44_current_tta,10m,common,0.5,SID63,2022-06-07,491719,18773,17709,520275,0
train1000_k16_seed42_current_tta,10m,own,0.3,SID63,2022-06-07,489778,44163,19663,494972,0
train1000_k16_seed42_current_tta,10m,common,0.3,SID63,2022-06-07,489778,44163,19650,494885,0
train1000_k16_seed42_current_tta,10m,own,0.5,SID63,2022-06-07,482609,35581,26832,503554,0
train1000_k16_seed42_current_tta,10m,common,0.5,SID63,2022-06-07,482609,35581,26819,503467,0
train1000_k16_seed43_current_tta,10m,own,0.3,SID63,2022-06-07,493213,48902,16228,490233,0
train1000_k16_seed43_current_tta,10m,common,0.3,SID63,2022-06-07,493213,48902,16215,490146,0
train1000_k16_seed43_current_tta,10m,own,0.5,SID63,2022-06-07,486248,39487,23193,499648,0
train1000_k16_seed43_current_tta,10m,common,0.5,SID63,2022-06-07,486248,39487,23180,499561,0
train1000_k16_seed44_current_tta,10m,own,0.3,SID63,2022-06-07,489368,46185,20073,492950,0
train1000_k16_seed44_current_tta,10m,common,0.3,SID63,2022-06-07,489368,46185,20060,492863,0
train1000_k16_seed44_current_tta,10m,own,0.5,SID63,2022-06-07,482108,37868,27333,501267,0
train1000_k16_seed44_current_tta,10m,common,0.5,SID63,2022-06-07,482108,37868,27320,501180,0
train2000_k16_seed42_current_tta,10m,own,0.3,SID63,2022-06-07,492662,19780,16779,519355,0
train2000_k16_seed42_current_tta,10m,common,0.3,SID63,2022-06-07,492662,19780,16766,519268,0
train2000_k16_seed42_current_tta,10m,own,0.5,SID63,2022-06-07,484891,12515,24550,526620,0
train2000_k16_seed42_current_tta,10m,common,0.5,SID63,2022-06-07,484891,12515,24537,526533,0
train2000_k16_seed43_current_tta,10m,own,0.3,SID63,2022-06-07,497190,24574,12251,514561,0
train2000_k16_seed43_current_tta,10m,common,0.3,SID63,2022-06-07,497190,24574,12238,514474,0
train2000_k16_seed43_current_tta,10m,own,0.5,SID63,2022-06-07,489441,15113,20000,524022,0
train2000_k16_seed43_current_tta,10m,common,0.5,SID63,2022-06-07,489441,15113,19987,523935,0
train2000_k16_seed44_current_tta,10m,own,0.3,SID63,2022-06-07,498276,31434,11165,507701,0
train2000_k16_seed44_current_tta,10m,common,0.3,SID63,2022-06-07,498276,31434,11152,507614,0
train2000_k16_seed44_current_tta,10m,own,0.5,SID63,2022-06-07,492306,22506,17135,516629,0
train2000_k16_seed44_current_tta,10m,common,0.5,SID63,2022-06-07,492306,22506,17122,516542,0
train3000_k16_seed42_current_tta,10m,own,0.3,SID63,2022-06-07,492955,18909,16486,520226,0
train3000_k16_seed42_current_tta,10m,common,0.3,SID63,2022-06-07,492955,18909,16473,520139,0
train3000_k16_seed42_current_tta,10m,own,0.5,SID63,2022-06-07,486126,12442,23315,526693,0
train3000_k16_seed42_current_tta,10m,common,0.5,SID63,2022-06-07,486126,12442,23302,526606,0
train3000_k16_seed43_current_tta,10m,own,0.3,SID63,2022-06-07,500096,30283,9345,508852,0
train3000_k16_seed43_current_tta,10m,common,0.3,SID63,2022-06-07,500096,30283,9332,508765,0
train3000_k16_seed43_current_tta,10m,own,0.5,SID63,2022-06-07,494655,21412,14786,517723,0
train3000_k16_seed43_current_tta,10m,common,0.5,SID63,2022-06-07,494655,21412,14773,517636,0
train3000_k16_seed44_current_tta,10m,own,0.3,SID63,2022-06-07,493679,22960,15762,516175,0
train3000_k16_seed44_current_tta,10m,common,0.3,SID63,2022-06-07,493679,22960,15749,516088,0
train3000_k16_seed44_current_tta,10m,own,0.5,SID63,2022-06-07,487252,16039,22189,523096,0
train3000_k16_seed44_current_tta,10m,common,0.5,SID63,2022-06-07,487252,16039,22176,523009,0
width_k0_seed42_current_tta,10m,own,0.3,SID64,2022-05-27,58563,10446,6005,973562,0
width_k0_seed42_current_tta,10m,common,0.3,SID64,2022-05-27,58563,10446,6005,973562,0
width_k0_seed42_current_tta,10m,own,0.5,SID64,2022-05-27,58394,8475,6174,975533,0
width_k0_seed42_current_tta,10m,common,0.5,SID64,2022-05-27,58394,8475,6174,975533,0
width_k0_seed43_current_tta,10m,own,0.3,SID64,2022-05-27,58668,11185,5900,972823,0
width_k0_seed43_current_tta,10m,common,0.3,SID64,2022-05-27,58668,11185,5900,972823,0
width_k0_seed43_current_tta,10m,own,0.5,SID64,2022-05-27,58518,9101,6050,974907,0
width_k0_seed43_current_tta,10m,common,0.5,SID64,2022-05-27,58518,9101,6050,974907,0
width_k0_seed44_current_tta,10m,own,0.3,SID64,2022-05-27,58497,10085,6071,973923,0
width_k0_seed44_current_tta,10m,common,0.3,SID64,2022-05-27,58497,10085,6071,973923,0
width_k0_seed44_current_tta,10m,own,0.5,SID64,2022-05-27,58333,8143,6235,975865,0
width_k0_seed44_current_tta,10m,common,0.5,SID64,2022-05-27,58333,8143,6235,975865,0
width_k1_seed42_current_tta,10m,own,0.3,SID64,2022-05-27,58050,5725,6518,978283,0
width_k1_seed42_current_tta,10m,common,0.3,SID64,2022-05-27,58050,5725,6518,978283,0
width_k1_seed42_current_tta,10m,own,0.5,SID64,2022-05-27,57449,3907,7119,980101,0
width_k1_seed42_current_tta,10m,common,0.5,SID64,2022-05-27,57449,3907,7119,980101,0
width_k1_seed43_current_tta,10m,own,0.3,SID64,2022-05-27,57958,5524,6610,978484,0
width_k1_seed43_current_tta,10m,common,0.3,SID64,2022-05-27,57958,5524,6610,978484,0
width_k1_seed43_current_tta,10m,own,0.5,SID64,2022-05-27,57373,3853,7195,980155,0
width_k1_seed43_current_tta,10m,common,0.5,SID64,2022-05-27,57373,3853,7195,980155,0
width_k1_seed44_current_tta,10m,own,0.3,SID64,2022-05-27,58215,6216,6353,977792,0
width_k1_seed44_current_tta,10m,common,0.3,SID64,2022-05-27,58215,6216,6353,977792,0
width_k1_seed44_current_tta,10m,own,0.5,SID64,2022-05-27,57631,4404,6937,979604,0
width_k1_seed44_current_tta,10m,common,0.5,SID64,2022-05-27,57631,4404,6937,979604,0
width_k2_seed42_current_tta,10m,own,0.3,SID64,2022-05-27,57706,4427,6862,979581,0
width_k2_seed42_current_tta,10m,common,0.3,SID64,2022-05-27,57706,4427,6862,979581,0
width_k2_seed42_current_tta,10m,own,0.5,SID64,2022-05-27,56986,2771,7582,981237,0
width_k2_seed42_current_tta,10m,common,0.5,SID64,2022-05-27,56986,2771,7582,981237,0
width_k2_seed43_current_tta,10m,own,0.3,SID64,2022-05-27,58031,4504,6537,979504,0
width_k2_seed43_current_tta,10m,common,0.3,SID64,2022-05-27,58031,4504,6537,979504,0
width_k2_seed43_current_tta,10m,own,0.5,SID64,2022-05-27,57416,2768,7152,981240,0
width_k2_seed43_current_tta,10m,common,0.5,SID64,2022-05-27,57416,2768,7152,981240,0
width_k2_seed44_current_tta,10m,own,0.3,SID64,2022-05-27,57863,4513,6705,979495,0
width_k2_seed44_current_tta,10m,common,0.3,SID64,2022-05-27,57863,4513,6705,979495,0
width_k2_seed44_current_tta,10m,own,0.5,SID64,2022-05-27,57166,2753,7402,981255,0
width_k2_seed44_current_tta,10m,common,0.5,SID64,2022-05-27,57166,2753,7402,981255,0
width_k3_seed42_current_tta,10m,own,0.3,SID64,2022-05-27,57567,3587,7001,980421,0
width_k3_seed42_current_tta,10m,common,0.3,SID64,2022-05-27,57567,3587,7001,980421,0
width_k3_seed42_current_tta,10m,own,0.5,SID64,2022-05-27,56795,2206,7773,981802,0
width_k3_seed42_current_tta,10m,common,0.5,SID64,2022-05-27,56795,2206,7773,981802,0
width_k3_seed43_current_tta,10m,own,0.3,SID64,2022-05-27,57990,5098,6578,978910,0
width_k3_seed43_current_tta,10m,common,0.3,SID64,2022-05-27,57990,5098,6578,978910,0
width_k3_seed43_current_tta,10m,own,0.5,SID64,2022-05-27,57388,3478,7180,980530,0
width_k3_seed43_current_tta,10m,common,0.5,SID64,2022-05-27,57388,3478,7180,980530,0
width_k3_seed44_current_tta,10m,own,0.3,SID64,2022-05-27,57837,4741,6731,979267,0
width_k3_seed44_current_tta,10m,common,0.3,SID64,2022-05-27,57837,4741,6731,979267,0
width_k3_seed44_current_tta,10m,own,0.5,SID64,2022-05-27,57109,3182,7459,980826,0
width_k3_seed44_current_tta,10m,common,0.5,SID64,2022-05-27,57109,3182,7459,980826,0
width_k4_seed42_current_tta,10m,own,0.3,SID64,2022-05-27,57554,3645,7014,980363,0
width_k4_seed42_current_tta,10m,common,0.3,SID64,2022-05-27,57554,3645,7014,980363,0
width_k4_seed42_current_tta,10m,own,0.5,SID64,2022-05-27,56695,2282,7873,981726,0
width_k4_seed42_current_tta,10m,common,0.5,SID64,2022-05-27,56695,2282,7873,981726,0
width_k4_seed43_current_tta,10m,own,0.3,SID64,2022-05-27,57834,3852,6734,980156,0
width_k4_seed43_current_tta,10m,common,0.3,SID64,2022-05-27,57834,3852,6734,980156,0
width_k4_seed43_current_tta,10m,own,0.5,SID64,2022-05-27,57133,2355,7435,981653,0
width_k4_seed43_current_tta,10m,common,0.5,SID64,2022-05-27,57133,2355,7435,981653,0
width_k4_seed44_current_tta,10m,own,0.3,SID64,2022-05-27,58073,5158,6495,978850,0
width_k4_seed44_current_tta,10m,common,0.3,SID64,2022-05-27,58073,5158,6495,978850,0
width_k4_seed44_current_tta,10m,own,0.5,SID64,2022-05-27,57486,3512,7082,980496,0
width_k4_seed44_current_tta,10m,common,0.5,SID64,2022-05-27,57486,3512,7082,980496,0
width_k8_seed42_current_tta,10m,own,0.3,SID64,2022-05-27,57731,3760,6837,980248,0
width_k8_seed42_current_tta,10m,common,0.3,SID64,2022-05-27,57731,3760,6837,980248,0
width_k8_seed42_current_tta,10m,own,0.5,SID64,2022-05-27,56921,2331,7647,981677,0
width_k8_seed42_current_tta,10m,common,0.5,SID64,2022-05-27,56921,2331,7647,981677,0
width_k8_seed43_current_tta,10m,own,0.3,SID64,2022-05-27,57829,4387,6739,979621,0
width_k8_seed43_current_tta,10m,common,0.3,SID64,2022-05-27,57829,4387,6739,979621,0
width_k8_seed43_current_tta,10m,own,0.5,SID64,2022-05-27,57125,2837,7443,981171,0
width_k8_seed43_current_tta,10m,common,0.5,SID64,2022-05-27,57125,2837,7443,981171,0
width_k8_seed44_current_tta,10m,own,0.3,SID64,2022-05-27,57852,4002,6716,980006,0
width_k8_seed44_current_tta,10m,common,0.3,SID64,2022-05-27,57852,4002,6716,980006,0
width_k8_seed44_current_tta,10m,own,0.5,SID64,2022-05-27,57171,2530,7397,981478,0
width_k8_seed44_current_tta,10m,common,0.5,SID64,2022-05-27,57171,2530,7397,981478,0
width_k16_seed42_current_tta,10m,own,0.3,SID64,2022-05-27,57967,4645,6601,979363,0
width_k16_seed42_current_tta,10m,common,0.3,SID64,2022-05-27,57967,4645,6601,979363,0
width_k16_seed42_current_tta,10m,own,0.5,SID64,2022-05-27,57423,3161,7145,980847,0
width_k16_seed42_current_tta,10m,common,0.5,SID64,2022-05-27,57423,3161,7145,980847,0
width_k16_seed43_current_tta,10m,own,0.3,SID64,2022-05-27,57970,4890,6598,979118,0
width_k16_seed43_current_tta,10m,common,0.3,SID64,2022-05-27,57970,4890,6598,979118,0
width_k16_seed43_current_tta,10m,own,0.5,SID64,2022-05-27,57373,3373,7195,980635,0
width_k16_seed43_current_tta,10m,common,0.5,SID64,2022-05-27,57373,3373,7195,980635,0
width_k16_seed44_current_tta,10m,own,0.3,SID64,2022-05-27,57916,4527,6652,979481,0
width_k16_seed44_current_tta,10m,common,0.3,SID64,2022-05-27,57916,4527,6652,979481,0
width_k16_seed44_current_tta,10m,own,0.5,SID64,2022-05-27,57352,3013,7216,980995,0
width_k16_seed44_current_tta,10m,common,0.5,SID64,2022-05-27,57352,3013,7216,980995,0
train1000_k16_seed42_current_tta,10m,own,0.3,SID64,2022-05-27,58391,8015,6177,975993,0
train1000_k16_seed42_current_tta,10m,common,0.3,SID64,2022-05-27,58391,8015,6177,975993,0
train1000_k16_seed42_current_tta,10m,own,0.5,SID64,2022-05-27,57973,5005,6595,979003,0
train1000_k16_seed42_current_tta,10m,common,0.5,SID64,2022-05-27,57973,5005,6595,979003,0
train1000_k16_seed43_current_tta,10m,own,0.3,SID64,2022-05-27,58558,10505,6010,973503,0
train1000_k16_seed43_current_tta,10m,common,0.3,SID64,2022-05-27,58558,10505,6010,973503,0
train1000_k16_seed43_current_tta,10m,own,0.5,SID64,2022-05-27,58229,6888,6339,977120,0
train1000_k16_seed43_current_tta,10m,common,0.5,SID64,2022-05-27,58229,6888,6339,977120,0
train1000_k16_seed44_current_tta,10m,own,0.3,SID64,2022-05-27,58206,7746,6362,976262,0
train1000_k16_seed44_current_tta,10m,common,0.3,SID64,2022-05-27,58206,7746,6362,976262,0
train1000_k16_seed44_current_tta,10m,own,0.5,SID64,2022-05-27,57860,5231,6708,978777,0
train1000_k16_seed44_current_tta,10m,common,0.5,SID64,2022-05-27,57860,5231,6708,978777,0
train2000_k16_seed42_current_tta,10m,own,0.3,SID64,2022-05-27,57250,3662,7318,980346,0
train2000_k16_seed42_current_tta,10m,common,0.3,SID64,2022-05-27,57250,3662,7318,980346,0
train2000_k16_seed42_current_tta,10m,own,0.5,SID64,2022-05-27,56279,2215,8289,981793,0
train2000_k16_seed42_current_tta,10m,common,0.5,SID64,2022-05-27,56279,2215,8289,981793,0
train2000_k16_seed43_current_tta,10m,own,0.3,SID64,2022-05-27,57799,4567,6769,979441,0
train2000_k16_seed43_current_tta,10m,common,0.3,SID64,2022-05-27,57799,4567,6769,979441,0
train2000_k16_seed43_current_tta,10m,own,0.5,SID64,2022-05-27,56979,2834,7589,981174,0
train2000_k16_seed43_current_tta,10m,common,0.5,SID64,2022-05-27,56979,2834,7589,981174,0
train2000_k16_seed44_current_tta,10m,own,0.3,SID64,2022-05-27,57661,4178,6907,979830,0
train2000_k16_seed44_current_tta,10m,common,0.3,SID64,2022-05-27,57661,4178,6907,979830,0
train2000_k16_seed44_current_tta,10m,own,0.5,SID64,2022-05-27,56924,2610,7644,981398,0
train2000_k16_seed44_current_tta,10m,common,0.5,SID64,2022-05-27,56924,2610,7644,981398,0
train3000_k16_seed42_current_tta,10m,own,0.3,SID64,2022-05-27,57596,3934,6972,980074,0
train3000_k16_seed42_current_tta,10m,common,0.3,SID64,2022-05-27,57596,3934,6972,980074,0
train3000_k16_seed42_current_tta,10m,own,0.5,SID64,2022-05-27,56842,2522,7726,981486,0
train3000_k16_seed42_current_tta,10m,common,0.5,SID64,2022-05-27,56842,2522,7726,981486,0
train3000_k16_seed43_current_tta,10m,own,0.3,SID64,2022-05-27,57969,4765,6599,979243,0
train3000_k16_seed43_current_tta,10m,common,0.3,SID64,2022-05-27,57969,4765,6599,979243,0
train3000_k16_seed43_current_tta,10m,own,0.5,SID64,2022-05-27,57302,3163,7266,980845,0
train3000_k16_seed43_current_tta,10m,common,0.5,SID64,2022-05-27,57302,3163,7266,980845,0
train3000_k16_seed44_current_tta,10m,own,0.3,SID64,2022-05-27,57544,3418,7024,980590,0
train3000_k16_seed44_current_tta,10m,common,0.3,SID64,2022-05-27,57544,3418,7024,980590,0
train3000_k16_seed44_current_tta,10m,own,0.5,SID64,2022-05-27,56743,2137,7825,981871,0
train3000_k16_seed44_current_tta,10m,common,0.5,SID64,2022-05-27,56743,2137,7825,981871,0
width_k0_seed42_current_tta,10m,own,0.3,SID65,2022-08-25,62790,1978,6230,977578,0
width_k0_seed42_current_tta,10m,common,0.3,SID65,2022-08-25,62786,1814,5923,648224,0
width_k0_seed42_current_tta,10m,own,0.5,SID65,2022-08-25,59962,1159,9058,978397,0
width_k0_seed42_current_tta,10m,common,0.5,SID65,2022-08-25,59962,1144,8747,648894,0
width_k0_seed43_current_tta,10m,own,0.3,SID65,2022-08-25,65304,3021,3716,976535,0
width_k0_seed43_current_tta,10m,common,0.3,SID65,2022-08-25,65286,2841,3423,647197,0
width_k0_seed43_current_tta,10m,own,0.5,SID65,2022-08-25,64276,1998,4744,977558,0
width_k0_seed43_current_tta,10m,common,0.5,SID65,2022-08-25,64275,1983,4434,648055,0
width_k0_seed44_current_tta,10m,own,0.3,SID65,2022-08-25,60066,2122,8954,977434,0
width_k0_seed44_current_tta,10m,common,0.3,SID65,2022-08-25,60061,1966,8648,648072,0
width_k0_seed44_current_tta,10m,own,0.5,SID65,2022-08-25,57277,1262,11743,978294,0
width_k0_seed44_current_tta,10m,common,0.5,SID65,2022-08-25,57277,1262,11432,648776,0
width_k1_seed42_current_tta,10m,own,0.3,SID65,2022-08-25,66784,1862,2236,977694,0
width_k1_seed42_current_tta,10m,common,0.3,SID65,2022-08-25,66715,1862,1994,648176,0
width_k1_seed42_current_tta,10m,own,0.5,SID65,2022-08-25,65650,1041,3370,978515,0
width_k1_seed42_current_tta,10m,common,0.5,SID65,2022-08-25,65616,1041,3093,648997,0
width_k1_seed43_current_tta,10m,own,0.3,SID65,2022-08-25,66416,3088,2604,976468,0
width_k1_seed43_current_tta,10m,common,0.3,SID65,2022-08-25,66398,3088,2311,646950,0
width_k1_seed43_current_tta,10m,own,0.5,SID65,2022-08-25,65629,1891,3391,977665,0
width_k1_seed43_current_tta,10m,common,0.5,SID65,2022-08-25,65628,1891,3081,648147,0
width_k1_seed44_current_tta,10m,own,0.3,SID65,2022-08-25,67902,7886,1118,971670,0
width_k1_seed44_current_tta,10m,common,0.3,SID65,2022-08-25,67762,7013,947,643025,0
width_k1_seed44_current_tta,10m,own,0.5,SID65,2022-08-25,67466,4803,1554,974753,0
width_k1_seed44_current_tta,10m,common,0.5,SID65,2022-08-25,67385,4665,1324,645373,0
width_k2_seed42_current_tta,10m,own,0.3,SID65,2022-08-25,65220,1645,3800,977911,0
width_k2_seed42_current_tta,10m,common,0.3,SID65,2022-08-25,65163,1645,3546,648393,0
width_k2_seed42_current_tta,10m,own,0.5,SID65,2022-08-25,63594,1149,5426,978407,0
width_k2_seed42_current_tta,10m,common,0.5,SID65,2022-08-25,63576,1149,5133,648889,0
width_k2_seed43_current_tta,10m,own,0.3,SID65,2022-08-25,67107,1753,1913,977803,0
width_k2_seed43_current_tta,10m,common,0.3,SID65,2022-08-25,66923,1751,1786,648287,0
width_k2_seed43_current_tta,10m,own,0.5,SID65,2022-08-25,65613,1097,3407,978459,0
width_k2_seed43_current_tta,10m,common,0.5,SID65,2022-08-25,65498,1097,3211,648941,0
width_k2_seed44_current_tta,10m,own,0.3,SID65,2022-08-25,66016,1699,3004,977857,0
width_k2_seed44_current_tta,10m,common,0.3,SID65,2022-08-25,65908,1699,2801,648339,0
width_k2_seed44_current_tta,10m,own,0.5,SID65,2022-08-25,64368,1054,4652,978502,0
width_k2_seed44_current_tta,10m,common,0.5,SID65,2022-08-25,64310,1054,4399,648984,0
width_k3_seed42_current_tta,10m,own,0.3,SID65,2022-08-25,68355,5711,665,973845,0
width_k3_seed42_current_tta,10m,common,0.3,SID65,2022-08-25,68086,5682,623,644356,0
width_k3_seed42_current_tta,10m,own,0.5,SID65,2022-08-25,67924,3494,1096,976062,0
width_k3_seed42_current_tta,10m,common,0.5,SID65,2022-08-25,67729,3493,980,646545,0
width_k3_seed43_current_tta,10m,own,0.3,SID65,2022-08-25,67552,3689,1468,975867,0
width_k3_seed43_current_tta,10m,common,0.3,SID65,2022-08-25,67338,3684,1371,646354,0
width_k3_seed43_current_tta,10m,own,0.5,SID65,2022-08-25,66758,2251,2262,977305,0
width_k3_seed43_current_tta,10m,common,0.5,SID65,2022-08-25,66611,2250,2098,647788,0
width_k3_seed44_current_tta,10m,own,0.3,SID65,2022-08-25,67004,2489,2016,977067,0
width_k3_seed44_current_tta,10m,common,0.3,SID65,2022-08-25,66927,2489,1782,647549,0
width_k3_seed44_current_tta,10m,own,0.5,SID65,2022-08-25,66242,1482,2778,978074,0
width_k3_seed44_current_tta,10m,common,0.5,SID65,2022-08-25,66207,1482,2502,648556,0
width_k4_seed42_current_tta,10m,own,0.3,SID65,2022-08-25,66845,2472,2175,977084,0
width_k4_seed42_current_tta,10m,common,0.3,SID65,2022-08-25,66767,2472,1942,647566,0
width_k4_seed42_current_tta,10m,own,0.5,SID65,2022-08-25,65792,1456,3228,978100,0
width_k4_seed42_current_tta,10m,common,0.5,SID65,2022-08-25,65762,1456,2947,648582,0
width_k4_seed43_current_tta,10m,own,0.3,SID65,2022-08-25,67178,2430,1842,977126,0
width_k4_seed43_current_tta,10m,common,0.3,SID65,2022-08-25,66997,2429,1712,647609,0
width_k4_seed43_current_tta,10m,own,0.5,SID65,2022-08-25,66076,1651,2944,977905,0
width_k4_seed43_current_tta,10m,common,0.5,SID65,2022-08-25,65960,1651,2749,648387,0
width_k4_seed44_current_tta,10m,own,0.3,SID65,2022-08-25,67990,4278,1030,975278,0
width_k4_seed44_current_tta,10m,common,0.3,SID65,2022-08-25,67783,4276,926,645762,0
width_k4_seed44_current_tta,10m,own,0.5,SID65,2022-08-25,67419,2825,1601,976731,0
width_k4_seed44_current_tta,10m,common,0.5,SID65,2022-08-25,67285,2825,1424,647213,0
width_k8_seed42_current_tta,10m,own,0.3,SID65,2022-08-25,67224,2481,1796,977075,0
width_k8_seed42_current_tta,10m,common,0.3,SID65,2022-08-25,67002,2425,1707,647613,0
width_k8_seed42_current_tta,10m,own,0.5,SID65,2022-08-25,66098,1641,2922,977915,0
width_k8_seed42_current_tta,10m,common,0.5,SID65,2022-08-25,65952,1641,2757,648397,0
width_k8_seed43_current_tta,10m,own,0.3,SID65,2022-08-25,67558,3417,1462,976139,0
width_k8_seed43_current_tta,10m,common,0.3,SID65,2022-08-25,67388,3416,1321,646622,0
width_k8_seed43_current_tta,10m,own,0.5,SID65,2022-08-25,66945,2014,2075,977542,0
width_k8_seed43_current_tta,10m,common,0.5,SID65,2022-08-25,66833,2014,1876,648024,0
width_k8_seed44_current_tta,10m,own,0.3,SID65,2022-08-25,67502,4451,1518,975105,0
width_k8_seed44_current_tta,10m,common,0.3,SID65,2022-08-25,67276,4166,1433,645872,0
width_k8_seed44_current_tta,10m,own,0.5,SID65,2022-08-25,66428,2025,2592,977531,0
width_k8_seed44_current_tta,10m,common,0.5,SID65,2022-08-25,66284,2025,2425,648013,0
width_k16_seed42_current_tta,10m,own,0.3,SID65,2022-08-25,67950,4882,1070,974674,0
width_k16_seed42_current_tta,10m,common,0.3,SID65,2022-08-25,67676,4805,1033,645233,0
width_k16_seed42_current_tta,10m,own,0.5,SID65,2022-08-25,67445,2838,1575,976718,0
width_k16_seed42_current_tta,10m,common,0.5,SID65,2022-08-25,67239,2837,1470,647201,0
width_k16_seed43_current_tta,10m,own,0.3,SID65,2022-08-25,68017,4432,1003,975124,0
width_k16_seed43_current_tta,10m,common,0.3,SID65,2022-08-25,67746,4409,963,645629,0
width_k16_seed43_current_tta,10m,own,0.5,SID65,2022-08-25,67497,2904,1523,976652,0
width_k16_seed43_current_tta,10m,common,0.5,SID65,2022-08-25,67295,2903,1414,647135,0
width_k16_seed44_current_tta,10m,own,0.3,SID65,2022-08-25,67375,2700,1645,976856,0
width_k16_seed44_current_tta,10m,common,0.3,SID65,2022-08-25,67174,2695,1535,647343,0
width_k16_seed44_current_tta,10m,own,0.5,SID65,2022-08-25,66605,1761,2415,977795,0
width_k16_seed44_current_tta,10m,common,0.5,SID65,2022-08-25,66469,1760,2240,648278,0
train1000_k16_seed42_current_tta,10m,own,0.3,SID65,2022-08-25,65187,14441,3833,965115,0
train1000_k16_seed42_current_tta,10m,common,0.3,SID65,2022-08-25,65163,3454,3546,646584,0
train1000_k16_seed42_current_tta,10m,own,0.5,SID65,2022-08-25,63592,6856,5428,972700,0
train1000_k16_seed42_current_tta,10m,common,0.5,SID65,2022-08-25,63591,1840,5118,648198,0
train1000_k16_seed43_current_tta,10m,own,0.3,SID65,2022-08-25,65537,10909,3483,968647,0
train1000_k16_seed43_current_tta,10m,common,0.3,SID65,2022-08-25,65519,3623,3190,646415,0
train1000_k16_seed43_current_tta,10m,own,0.5,SID65,2022-08-25,64141,3767,4879,975789,0
train1000_k16_seed43_current_tta,10m,common,0.5,SID65,2022-08-25,64141,1843,4568,648195,0
train1000_k16_seed44_current_tta,10m,own,0.3,SID65,2022-08-25,63838,13502,5182,966054,0
train1000_k16_seed44_current_tta,10m,common,0.3,SID65,2022-08-25,63837,3561,4872,646477,0
train1000_k16_seed44_current_tta,10m,own,0.5,SID65,2022-08-25,61339,8007,7681,971549,0
train1000_k16_seed44_current_tta,10m,common,0.5,SID65,2022-08-25,61339,2022,7370,648016,0
train2000_k16_seed42_current_tta,10m,own,0.3,SID65,2022-08-25,66845,2429,2175,977127,0
train2000_k16_seed42_current_tta,10m,common,0.3,SID65,2022-08-25,66677,2373,2032,647665,0
train2000_k16_seed42_current_tta,10m,own,0.5,SID65,2022-08-25,65658,1530,3362,978026,0
train2000_k16_seed42_current_tta,10m,common,0.5,SID65,2022-08-25,65555,1530,3154,648508,0
train2000_k16_seed43_current_tta,10m,own,0.3,SID65,2022-08-25,66904,3045,2116,976511,0
train2000_k16_seed43_current_tta,10m,common,0.3,SID65,2022-08-25,66823,3045,1886,646993,0
train2000_k16_seed43_current_tta,10m,own,0.5,SID65,2022-08-25,66030,1821,2990,977735,0
train2000_k16_seed43_current_tta,10m,common,0.5,SID65,2022-08-25,65987,1821,2722,648217,0
train2000_k16_seed44_current_tta,10m,own,0.3,SID65,2022-08-25,66658,2159,2362,977397,0
train2000_k16_seed44_current_tta,10m,common,0.3,SID65,2022-08-25,66591,2159,2118,647879,0
train2000_k16_seed44_current_tta,10m,own,0.5,SID65,2022-08-25,65681,1364,3339,978192,0
train2000_k16_seed44_current_tta,10m,common,0.5,SID65,2022-08-25,65644,1364,3065,648674,0
train3000_k16_seed42_current_tta,10m,own,0.3,SID65,2022-08-25,67832,5151,1188,974405,0
train3000_k16_seed42_current_tta,10m,common,0.3,SID65,2022-08-25,67546,4645,1163,645393,0
train3000_k16_seed42_current_tta,10m,own,0.5,SID65,2022-08-25,67125,2368,1895,977188,0
train3000_k16_seed42_current_tta,10m,common,0.5,SID65,2022-08-25,66891,2285,1818,647753,0
train3000_k16_seed43_current_tta,10m,own,0.3,SID65,2022-08-25,67693,3922,1327,975634,0
train3000_k16_seed43_current_tta,10m,common,0.3,SID65,2022-08-25,67482,3918,1227,646120,0
train3000_k16_seed43_current_tta,10m,own,0.5,SID65,2022-08-25,67059,2373,1961,977183,0
train3000_k16_seed43_current_tta,10m,common,0.5,SID65,2022-08-25,66922,2373,1787,647665,0
train3000_k16_seed44_current_tta,10m,own,0.3,SID65,2022-08-25,66562,2030,2458,977526,0
train3000_k16_seed44_current_tta,10m,common,0.3,SID65,2022-08-25,66455,2030,2254,648008,0
train3000_k16_seed44_current_tta,10m,own,0.5,SID65,2022-08-25,65584,1317,3436,978239,0
train3000_k16_seed44_current_tta,10m,common,0.5,SID65,2022-08-25,65526,1317,3183,648721,0
width_k0_seed42_current_tta,10m,own,0.3,SID67,2022-06-16,498,15145,25552,1007381,0
width_k0_seed42_current_tta,10m,common,0.3,SID67,2022-06-16,498,15046,25445,964257,0
width_k0_seed42_current_tta,10m,own,0.5,SID67,2022-06-16,349,13203,25701,1009323,0
width_k0_seed42_current_tta,10m,common,0.5,SID67,2022-06-16,349,13108,25594,966195,0
width_k0_seed43_current_tta,10m,own,0.3,SID67,2022-06-16,1278,16632,24772,1005894,0
width_k0_seed43_current_tta,10m,common,0.3,SID67,2022-06-16,1278,16530,24665,962773,0
width_k0_seed43_current_tta,10m,own,0.5,SID67,2022-06-16,679,13797,25371,1008729,0
width_k0_seed43_current_tta,10m,common,0.5,SID67,2022-06-16,679,13711,25264,965592,0
width_k0_seed44_current_tta,10m,own,0.3,SID67,2022-06-16,572,16077,25478,1006449,0
width_k0_seed44_current_tta,10m,common,0.3,SID67,2022-06-16,572,15977,25371,963326,0
width_k0_seed44_current_tta,10m,own,0.5,SID67,2022-06-16,458,13938,25592,1008588,0
width_k0_seed44_current_tta,10m,common,0.5,SID67,2022-06-16,458,13839,25485,965464,0
width_k1_seed42_current_tta,10m,own,0.3,SID67,2022-06-16,8982,4502,17068,1018024,0
width_k1_seed42_current_tta,10m,common,0.3,SID67,2022-06-16,8954,4502,16989,974801,0
width_k1_seed42_current_tta,10m,own,0.5,SID67,2022-06-16,6406,2104,19644,1020422,0
width_k1_seed42_current_tta,10m,common,0.5,SID67,2022-06-16,6406,2104,19537,977199,0
width_k1_seed43_current_tta,10m,own,0.3,SID67,2022-06-16,10740,9975,15310,1012551,0
width_k1_seed43_current_tta,10m,common,0.3,SID67,2022-06-16,10706,9975,15237,969328,0
width_k1_seed43_current_tta,10m,own,0.5,SID67,2022-06-16,8441,4918,17609,1017608,0
width_k1_seed43_current_tta,10m,common,0.5,SID67,2022-06-16,8441,4918,17502,974385,0
width_k1_seed44_current_tta,10m,own,0.3,SID67,2022-06-16,8659,13375,17391,1009151,0
width_k1_seed44_current_tta,10m,common,0.3,SID67,2022-06-16,8635,13317,17308,965986,0
width_k1_seed44_current_tta,10m,own,0.5,SID67,2022-06-16,6545,7305,19505,1015221,0
width_k1_seed44_current_tta,10m,common,0.5,SID67,2022-06-16,6545,7273,19398,972030,0
width_k2_seed42_current_tta,10m,own,0.3,SID67,2022-06-16,14076,5991,11974,1016535,0
width_k2_seed42_current_tta,10m,common,0.3,SID67,2022-06-16,14074,5991,11869,973312,0
width_k2_seed42_current_tta,10m,own,0.5,SID67,2022-06-16,11046,3317,15004,1019209,0
width_k2_seed42_current_tta,10m,common,0.5,SID67,2022-06-16,11046,3317,14897,975986,0
width_k2_seed43_current_tta,10m,own,0.3,SID67,2022-06-16,15271,9193,10779,1013333,0
width_k2_seed43_current_tta,10m,common,0.3,SID67,2022-06-16,15169,9178,10774,970125,0
width_k2_seed43_current_tta,10m,own,0.5,SID67,2022-06-16,11954,5214,14096,1017312,0
width_k2_seed43_current_tta,10m,common,0.5,SID67,2022-06-16,11873,5214,14070,974089,0
width_k2_seed44_current_tta,10m,own,0.3,SID67,2022-06-16,10336,3938,15714,1018588,0
width_k2_seed44_current_tta,10m,common,0.3,SID67,2022-06-16,10266,3938,15677,975365,0
width_k2_seed44_current_tta,10m,own,0.5,SID67,2022-06-16,7879,1952,18171,1020574,0
width_k2_seed44_current_tta,10m,common,0.5,SID67,2022-06-16,7879,1952,18064,977351,0
width_k3_seed42_current_tta,10m,own,0.3,SID67,2022-06-16,14609,7612,11441,1014914,0
width_k3_seed42_current_tta,10m,common,0.3,SID67,2022-06-16,14510,7609,11433,971694,0
width_k3_seed42_current_tta,10m,own,0.5,SID67,2022-06-16,11129,4066,14921,1018460,0
width_k3_seed42_current_tta,10m,common,0.5,SID67,2022-06-16,11065,4066,14878,975237,0
width_k3_seed43_current_tta,10m,own,0.3,SID67,2022-06-16,14010,6270,12040,1016256,0
width_k3_seed43_current_tta,10m,common,0.3,SID67,2022-06-16,13908,6267,12035,973036,0
width_k3_seed43_current_tta,10m,own,0.5,SID67,2022-06-16,10740,3419,15310,1019107,0
width_k3_seed43_current_tta,10m,common,0.5,SID67,2022-06-16,10657,3419,15286,975884,0
width_k3_seed44_current_tta,10m,own,0.3,SID67,2022-06-16,18182,13977,7868,1008549,0
width_k3_seed44_current_tta,10m,common,0.3,SID67,2022-06-16,18080,13975,7863,965328,0
width_k3_seed44_current_tta,10m,own,0.5,SID67,2022-06-16,14652,7609,11398,1014917,0
width_k3_seed44_current_tta,10m,common,0.5,SID67,2022-06-16,14571,7609,11372,971694,0
width_k4_seed42_current_tta,10m,own,0.3,SID67,2022-06-16,9935,3101,16115,1019425,0
width_k4_seed42_current_tta,10m,common,0.3,SID67,2022-06-16,9861,3101,16082,976202,0
width_k4_seed42_current_tta,10m,own,0.5,SID67,2022-06-16,7722,1622,18328,1020904,0
width_k4_seed42_current_tta,10m,common,0.5,SID67,2022-06-16,7694,1622,18249,977681,0
width_k4_seed43_current_tta,10m,own,0.3,SID67,2022-06-16,12135,4948,13915,1017578,0
width_k4_seed43_current_tta,10m,common,0.3,SID67,2022-06-16,12029,4928,13914,974375,0
width_k4_seed43_current_tta,10m,own,0.5,SID67,2022-06-16,10040,2726,16010,1019800,0
width_k4_seed43_current_tta,10m,common,0.5,SID67,2022-06-16,9949,2726,15994,976577,0
width_k4_seed44_current_tta,10m,own,0.3,SID67,2022-06-16,19261,14572,6789,1007954,0
width_k4_seed44_current_tta,10m,common,0.3,SID67,2022-06-16,19156,14562,6787,964741,0
width_k4_seed44_current_tta,10m,own,0.5,SID67,2022-06-16,16387,8364,9663,1014162,0
width_k4_seed44_current_tta,10m,common,0.5,SID67,2022-06-16,16301,8364,9642,970939,0
width_k8_seed42_current_tta,10m,own,0.3,SID67,2022-06-16,17265,10199,8785,1012327,0
width_k8_seed42_current_tta,10m,common,0.3,SID67,2022-06-16,17162,10193,8781,969110,0
width_k8_seed42_current_tta,10m,own,0.5,SID67,2022-06-16,13534,5677,12516,1016849,0
width_k8_seed42_current_tta,10m,common,0.5,SID67,2022-06-16,13449,5677,12494,973626,0
width_k8_seed43_current_tta,10m,own,0.3,SID67,2022-06-16,17217,9848,8833,1012678,0
width_k8_seed43_current_tta,10m,common,0.3,SID67,2022-06-16,17110,9829,8833,969474,0
width_k8_seed43_current_tta,10m,own,0.5,SID67,2022-06-16,13466,5062,12584,1017464,0
width_k8_seed43_current_tta,10m,common,0.5,SID67,2022-06-16,13363,5061,12580,974242,0
width_k8_seed44_current_tta,10m,own,0.3,SID67,2022-06-16,16750,9563,9300,1012963,0
width_k8_seed44_current_tta,10m,common,0.3,SID67,2022-06-16,16643,9534,9300,969769,0
width_k8_seed44_current_tta,10m,own,0.5,SID67,2022-06-16,13813,5584,12237,1016942,0
width_k8_seed44_current_tta,10m,common,0.5,SID67,2022-06-16,13706,5580,12237,973723,0
width_k16_seed42_current_tta,10m,own,0.3,SID67,2022-06-16,16739,8299,9311,1014227,0
width_k16_seed42_current_tta,10m,common,0.3,SID67,2022-06-16,16651,8297,9292,971006,0
width_k16_seed42_current_tta,10m,own,0.5,SID67,2022-06-16,13517,4985,12533,1017541,0
width_k16_seed42_current_tta,10m,common,0.5,SID67,2022-06-16,13464,4985,12479,974318,0
width_k16_seed43_current_tta,10m,own,0.3,SID67,2022-06-16,14601,5930,11449,1016596,0
width_k16_seed43_current_tta,10m,common,0.3,SID67,2022-06-16,14520,5930,11423,973373,0
width_k16_seed43_current_tta,10m,own,0.5,SID67,2022-06-16,10789,3258,15261,1019268,0
width_k16_seed43_current_tta,10m,common,0.5,SID67,2022-06-16,10745,3258,15198,976045,0
width_k16_seed44_current_tta,10m,own,0.3,SID67,2022-06-16,15557,6241,10493,1016285,0
width_k16_seed44_current_tta,10m,common,0.3,SID67,2022-06-16,15479,6241,10464,973062,0
width_k16_seed44_current_tta,10m,own,0.5,SID67,2022-06-16,11917,3535,14133,1018991,0
width_k16_seed44_current_tta,10m,common,0.5,SID67,2022-06-16,11873,3535,14070,975768,0
train1000_k16_seed42_current_tta,10m,own,0.3,SID67,2022-06-16,2703,10630,23347,1011896,0
train1000_k16_seed42_current_tta,10m,common,0.3,SID67,2022-06-16,2703,10531,23240,968772,0
train1000_k16_seed42_current_tta,10m,own,0.5,SID67,2022-06-16,1469,6208,24581,1016318,0
train1000_k16_seed42_current_tta,10m,common,0.5,SID67,2022-06-16,1469,6126,24474,973177,0
train1000_k16_seed43_current_tta,10m,own,0.3,SID67,2022-06-16,4549,8687,21501,1013839,0
train1000_k16_seed43_current_tta,10m,common,0.3,SID67,2022-06-16,4549,8608,21394,970695,0
train1000_k16_seed43_current_tta,10m,own,0.5,SID67,2022-06-16,2590,4178,23460,1018348,0
train1000_k16_seed43_current_tta,10m,common,0.5,SID67,2022-06-16,2590,4136,23353,975167,0
train1000_k16_seed44_current_tta,10m,own,0.3,SID67,2022-06-16,2137,7884,23913,1014642,0
train1000_k16_seed44_current_tta,10m,common,0.3,SID67,2022-06-16,2137,7788,23806,971515,0
train1000_k16_seed44_current_tta,10m,own,0.5,SID67,2022-06-16,997,3994,25053,1018532,0
train1000_k16_seed44_current_tta,10m,common,0.5,SID67,2022-06-16,997,3918,24946,975385,0
train2000_k16_seed42_current_tta,10m,own,0.3,SID67,2022-06-16,16611,8194,9439,1014332,0
train2000_k16_seed42_current_tta,10m,common,0.3,SID67,2022-06-16,16505,8185,9438,971118,0
train2000_k16_seed42_current_tta,10m,own,0.5,SID67,2022-06-16,12807,4016,13243,1018510,0
train2000_k16_seed42_current_tta,10m,common,0.5,SID67,2022-06-16,12725,4016,13218,975287,0
train2000_k16_seed43_current_tta,10m,own,0.3,SID67,2022-06-16,19112,15081,6938,1007445,0
train2000_k16_seed43_current_tta,10m,common,0.3,SID67,2022-06-16,19022,15081,6921,964222,0
train2000_k16_seed43_current_tta,10m,own,0.5,SID67,2022-06-16,15485,7382,10565,1015144,0
train2000_k16_seed43_current_tta,10m,common,0.5,SID67,2022-06-16,15428,7382,10515,971921,0
train2000_k16_seed44_current_tta,10m,own,0.3,SID67,2022-06-16,20451,15658,5599,1006868,0
train2000_k16_seed44_current_tta,10m,common,0.3,SID67,2022-06-16,20350,15655,5593,963648,0
train2000_k16_seed44_current_tta,10m,own,0.5,SID67,2022-06-16,17675,8085,8375,1014441,0
train2000_k16_seed44_current_tta,10m,common,0.5,SID67,2022-06-16,17602,8085,8341,971218,0
train3000_k16_seed42_current_tta,10m,own,0.3,SID67,2022-06-16,17270,9259,8780,1013267,0
train3000_k16_seed42_current_tta,10m,common,0.3,SID67,2022-06-16,17164,9240,8779,970063,0
train3000_k16_seed42_current_tta,10m,own,0.5,SID67,2022-06-16,13874,5455,12176,1017071,0
train3000_k16_seed42_current_tta,10m,common,0.5,SID67,2022-06-16,13780,5452,12163,973851,0
train3000_k16_seed43_current_tta,10m,own,0.3,SID67,2022-06-16,18136,10250,7914,1012276,0
train3000_k16_seed43_current_tta,10m,common,0.3,SID67,2022-06-16,18046,10250,7897,969053,0
train3000_k16_seed43_current_tta,10m,own,0.5,SID67,2022-06-16,14853,5627,11197,1016899,0
train3000_k16_seed43_current_tta,10m,common,0.5,SID67,2022-06-16,14795,5627,11148,973676,0
train3000_k16_seed44_current_tta,10m,own,0.3,SID67,2022-06-16,17921,8878,8129,1013648,0
train3000_k16_seed44_current_tta,10m,common,0.3,SID67,2022-06-16,17820,8878,8123,970425,0
train3000_k16_seed44_current_tta,10m,own,0.5,SID67,2022-06-16,14543,4794,11507,1017732,0
train3000_k16_seed44_current_tta,10m,common,0.5,SID67,2022-06-16,14470,4794,11473,974509,0
width_k0_seed42_current_tta,10m,own,0.3,SID68,2022-05-18,39389,13547,2125,993515,0
width_k0_seed42_current_tta,10m,common,0.3,SID68,2022-05-18,39165,12975,2116,931780,0
width_k0_seed42_current_tta,10m,own,0.5,SID68,2022-05-18,38088,9782,3426,997280,0
width_k0_seed42_current_tta,10m,common,0.5,SID68,2022-05-18,37879,9324,3402,935431,0
width_k0_seed43_current_tta,10m,own,0.3,SID68,2022-05-18,40970,16647,544,990415,0
width_k0_seed43_current_tta,10m,common,0.3,SID68,2022-05-18,40737,15939,544,928816,0
width_k0_seed43_current_tta,10m,own,0.5,SID68,2022-05-18,40340,12612,1174,994450,0
width_k0_seed43_current_tta,10m,common,0.5,SID68,2022-05-18,40107,12044,1174,932711,0
width_k0_seed44_current_tta,10m,own,0.3,SID68,2022-05-18,40166,13987,1348,993075,0
width_k0_seed44_current_tta,10m,common,0.3,SID68,2022-05-18,39933,13310,1348,931445,0
width_k0_seed44_current_tta,10m,own,0.5,SID68,2022-05-18,39011,10085,2503,996977,0
width_k0_seed44_current_tta,10m,common,0.5,SID68,2022-05-18,38778,9539,2503,935216,0
width_k1_seed42_current_tta,10m,own,0.3,SID68,2022-05-18,41511,11220,3,995842,0
width_k1_seed42_current_tta,10m,common,0.3,SID68,2022-05-18,41278,10613,3,934142,0
width_k1_seed42_current_tta,10m,own,0.5,SID68,2022-05-18,41494,8429,20,998633,0
width_k1_seed42_current_tta,10m,common,0.5,SID68,2022-05-18,41261,7979,20,936776,0
width_k1_seed43_current_tta,10m,own,0.3,SID68,2022-05-18,41510,12285,4,994777,0
width_k1_seed43_current_tta,10m,common,0.3,SID68,2022-05-18,41277,11596,4,933159,0
width_k1_seed43_current_tta,10m,own,0.5,SID68,2022-05-18,41488,8946,26,998116,0
width_k1_seed43_current_tta,10m,common,0.5,SID68,2022-05-18,41255,8410,26,936345,0
width_k1_seed44_current_tta,10m,own,0.3,SID68,2022-05-18,41511,13613,3,993449,0
width_k1_seed44_current_tta,10m,common,0.3,SID68,2022-05-18,41278,12888,3,931867,0
width_k1_seed44_current_tta,10m,own,0.5,SID68,2022-05-18,41467,9583,47,997479,0
width_k1_seed44_current_tta,10m,common,0.5,SID68,2022-05-18,41234,9024,47,935731,0
width_k2_seed42_current_tta,10m,own,0.3,SID68,2022-05-18,41513,13110,1,993952,0
width_k2_seed42_current_tta,10m,common,0.3,SID68,2022-05-18,41280,12287,1,932468,0
width_k2_seed42_current_tta,10m,own,0.5,SID68,2022-05-18,41507,10527,7,996535,0
width_k2_seed42_current_tta,10m,common,0.5,SID68,2022-05-18,41274,9876,7,934879,0
width_k2_seed43_current_tta,10m,own,0.3,SID68,2022-05-18,41513,11243,1,995819,0
width_k2_seed43_current_tta,10m,common,0.3,SID68,2022-05-18,41280,10674,1,934081,0
width_k2_seed43_current_tta,10m,own,0.5,SID68,2022-05-18,41507,8693,7,998369,0
width_k2_seed43_current_tta,10m,common,0.5,SID68,2022-05-18,41274,8291,7,936464,0
width_k2_seed44_current_tta,10m,own,0.3,SID68,2022-05-18,41514,11612,0,995450,0
width_k2_seed44_current_tta,10m,common,0.3,SID68,2022-05-18,41281,10799,0,933956,0
width_k2_seed44_current_tta,10m,own,0.5,SID68,2022-05-18,41510,9126,4,997936,0
width_k2_seed44_current_tta,10m,common,0.5,SID68,2022-05-18,41277,8475,4,936280,0
width_k3_seed42_current_tta,10m,own,0.3,SID68,2022-05-18,41514,15494,0,991568,0
width_k3_seed42_current_tta,10m,common,0.3,SID68,2022-05-18,41281,14684,0,930071,0
width_k3_seed42_current_tta,10m,own,0.5,SID68,2022-05-18,41514,12547,0,994515,0
width_k3_seed42_current_tta,10m,common,0.5,SID68,2022-05-18,41281,11919,0,932836,0
width_k3_seed43_current_tta,10m,own,0.3,SID68,2022-05-18,41514,12795,0,994267,0
width_k3_seed43_current_tta,10m,common,0.3,SID68,2022-05-18,41281,12083,0,932672,0
width_k3_seed43_current_tta,10m,own,0.5,SID68,2022-05-18,41514,10323,0,996739,0
width_k3_seed43_current_tta,10m,common,0.5,SID68,2022-05-18,41281,9779,0,934976,0
width_k3_seed44_current_tta,10m,own,0.3,SID68,2022-05-18,41514,11422,0,995640,0
width_k3_seed44_current_tta,10m,common,0.3,SID68,2022-05-18,41281,10823,0,933932,0
width_k3_seed44_current_tta,10m,own,0.5,SID68,2022-05-18,41510,8814,4,998248,0
width_k3_seed44_current_tta,10m,common,0.5,SID68,2022-05-18,41277,8369,4,936386,0
width_k4_seed42_current_tta,10m,own,0.3,SID68,2022-05-18,41514,14766,0,992296,0
width_k4_seed42_current_tta,10m,common,0.3,SID68,2022-05-18,41281,13889,0,930866,0
width_k4_seed42_current_tta,10m,own,0.5,SID68,2022-05-18,41514,12133,0,994929,0
width_k4_seed42_current_tta,10m,common,0.5,SID68,2022-05-18,41281,11423,0,933332,0
width_k4_seed43_current_tta,10m,own,0.3,SID68,2022-05-18,41514,14156,0,992906,0
width_k4_seed43_current_tta,10m,common,0.3,SID68,2022-05-18,41281,13303,0,931452,0
width_k4_seed43_current_tta,10m,own,0.5,SID68,2022-05-18,41514,11649,0,995413,0
width_k4_seed43_current_tta,10m,common,0.5,SID68,2022-05-18,41281,10967,0,933788,0
width_k4_seed44_current_tta,10m,own,0.3,SID68,2022-05-18,41514,14561,0,992501,0
width_k4_seed44_current_tta,10m,common,0.3,SID68,2022-05-18,41281,13725,0,931030,0
width_k4_seed44_current_tta,10m,own,0.5,SID68,2022-05-18,41514,11995,0,995067,0
width_k4_seed44_current_tta,10m,common,0.5,SID68,2022-05-18,41281,11331,0,933424,0
width_k8_seed42_current_tta,10m,own,0.3,SID68,2022-05-18,41514,13865,0,993197,0
width_k8_seed42_current_tta,10m,common,0.3,SID68,2022-05-18,41281,13127,0,931628,0
width_k8_seed42_current_tta,10m,own,0.5,SID68,2022-05-18,41514,11253,0,995809,0
width_k8_seed42_current_tta,10m,common,0.5,SID68,2022-05-18,41281,10677,0,934078,0
width_k8_seed43_current_tta,10m,own,0.3,SID68,2022-05-18,41514,13147,0,993915,0
width_k8_seed43_current_tta,10m,common,0.3,SID68,2022-05-18,41281,12433,0,932322,0
width_k8_seed43_current_tta,10m,own,0.5,SID68,2022-05-18,41511,10642,3,996420,0
width_k8_seed43_current_tta,10m,common,0.5,SID68,2022-05-18,41278,10086,3,934669,0
width_k8_seed44_current_tta,10m,own,0.3,SID68,2022-05-18,41514,13812,0,993250,0
width_k8_seed44_current_tta,10m,common,0.3,SID68,2022-05-18,41281,13092,0,931663,0
width_k8_seed44_current_tta,10m,own,0.5,SID68,2022-05-18,41514,11275,0,995787,0
width_k8_seed44_current_tta,10m,common,0.5,SID68,2022-05-18,41281,10719,0,934036,0
width_k16_seed42_current_tta,10m,own,0.3,SID68,2022-05-18,41514,14446,0,992616,0
width_k16_seed42_current_tta,10m,common,0.3,SID68,2022-05-18,41281,13683,0,931072,0
width_k16_seed42_current_tta,10m,own,0.5,SID68,2022-05-18,41514,11968,0,995094,0
width_k16_seed42_current_tta,10m,common,0.5,SID68,2022-05-18,41281,11356,0,933399,0
width_k16_seed43_current_tta,10m,own,0.3,SID68,2022-05-18,41514,13119,0,993943,0
width_k16_seed43_current_tta,10m,common,0.3,SID68,2022-05-18,41281,12395,0,932360,0
width_k16_seed43_current_tta,10m,own,0.5,SID68,2022-05-18,41513,10726,1,996336,0
width_k16_seed43_current_tta,10m,common,0.5,SID68,2022-05-18,41280,10158,1,934597,0
width_k16_seed44_current_tta,10m,own,0.3,SID68,2022-05-18,41514,13794,0,993268,0
width_k16_seed44_current_tta,10m,common,0.3,SID68,2022-05-18,41281,13036,0,931719,0
width_k16_seed44_current_tta,10m,own,0.5,SID68,2022-05-18,41514,11325,0,995737,0
width_k16_seed44_current_tta,10m,common,0.5,SID68,2022-05-18,41281,10725,0,934030,0
train1000_k16_seed42_current_tta,10m,own,0.3,SID68,2022-05-18,40622,12811,892,994251,0
train1000_k16_seed42_current_tta,10m,common,0.3,SID68,2022-05-18,40389,12147,892,932608,0
train1000_k16_seed42_current_tta,10m,own,0.5,SID68,2022-05-18,39541,8230,1973,998832,0
train1000_k16_seed42_current_tta,10m,common,0.5,SID68,2022-05-18,39308,7736,1973,937019,0
train1000_k16_seed43_current_tta,10m,own,0.3,SID68,2022-05-18,40978,12665,536,994397,0
train1000_k16_seed43_current_tta,10m,common,0.3,SID68,2022-05-18,40745,11951,536,932804,0
train1000_k16_seed43_current_tta,10m,own,0.5,SID68,2022-05-18,40198,7520,1316,999542,0
train1000_k16_seed43_current_tta,10m,common,0.5,SID68,2022-05-18,39965,6993,1316,937762,0
train1000_k16_seed44_current_tta,10m,own,0.3,SID68,2022-05-18,40719,14109,795,992953,0
train1000_k16_seed44_current_tta,10m,common,0.3,SID68,2022-05-18,40486,13400,795,931355,0
train1000_k16_seed44_current_tta,10m,own,0.5,SID68,2022-05-18,39758,9348,1756,997714,0
train1000_k16_seed44_current_tta,10m,common,0.5,SID68,2022-05-18,39525,8830,1756,935925,0
train2000_k16_seed42_current_tta,10m,own,0.3,SID68,2022-05-18,41514,14998,0,992064,0
train2000_k16_seed42_current_tta,10m,common,0.3,SID68,2022-05-18,41281,14094,0,930661,0
train2000_k16_seed42_current_tta,10m,own,0.5,SID68,2022-05-18,41514,11814,0,995248,0
train2000_k16_seed42_current_tta,10m,common,0.5,SID68,2022-05-18,41281,11092,0,933663,0
train2000_k16_seed43_current_tta,10m,own,0.3,SID68,2022-05-18,41513,11391,1,995671,0
train2000_k16_seed43_current_tta,10m,common,0.3,SID68,2022-05-18,41280,10720,1,934035,0
train2000_k16_seed43_current_tta,10m,own,0.5,SID68,2022-05-18,41500,8692,14,998370,0
train2000_k16_seed43_current_tta,10m,common,0.5,SID68,2022-05-18,41267,8177,14,936578,0
train2000_k16_seed44_current_tta,10m,own,0.3,SID68,2022-05-18,41514,13647,0,993415,0
train2000_k16_seed44_current_tta,10m,common,0.3,SID68,2022-05-18,41281,12825,0,931930,0
train2000_k16_seed44_current_tta,10m,own,0.5,SID68,2022-05-18,41511,10562,3,996500,0
train2000_k16_seed44_current_tta,10m,common,0.5,SID68,2022-05-18,41278,9908,3,934847,0
train3000_k16_seed42_current_tta,10m,own,0.3,SID68,2022-05-18,41514,14891,0,992171,0
train3000_k16_seed42_current_tta,10m,common,0.3,SID68,2022-05-18,41281,14078,0,930677,0
train3000_k16_seed42_current_tta,10m,own,0.5,SID68,2022-05-18,41514,12319,0,994743,0
train3000_k16_seed42_current_tta,10m,common,0.5,SID68,2022-05-18,41281,11676,0,933079,0
train3000_k16_seed43_current_tta,10m,own,0.3,SID68,2022-05-18,41514,13156,0,993906,0
train3000_k16_seed43_current_tta,10m,common,0.3,SID68,2022-05-18,41281,12402,0,932353,0
train3000_k16_seed43_current_tta,10m,own,0.5,SID68,2022-05-18,41513,10616,1,996446,0
train3000_k16_seed43_current_tta,10m,common,0.5,SID68,2022-05-18,41280,10028,1,934727,0
train3000_k16_seed44_current_tta,10m,own,0.3,SID68,2022-05-18,41514,13521,0,993541,0
train3000_k16_seed44_current_tta,10m,common,0.3,SID68,2022-05-18,41281,12737,0,932018,0
train3000_k16_seed44_current_tta,10m,own,0.5,SID68,2022-05-18,41514,10982,0,996080,0
train3000_k16_seed44_current_tta,10m,common,0.5,SID68,2022-05-18,41281,10363,0,934392,0
width_k0_seed42_current_tta,10m,own,0.3,SID69,2021-08-29,111369,42870,9180,885157,0
width_k0_seed42_current_tta,10m,common,0.3,SID69,2021-08-29,111369,42870,9180,885157,0
width_k0_seed42_current_tta,10m,own,0.5,SID69,2021-08-29,109445,36163,11104,891864,0
width_k0_seed42_current_tta,10m,common,0.5,SID69,2021-08-29,109445,36163,11104,891864,0
width_k0_seed43_current_tta,10m,own,0.3,SID69,2021-08-29,112989,46379,7560,881648,0
width_k0_seed43_current_tta,10m,common,0.3,SID69,2021-08-29,112989,46379,7560,881648,0
width_k0_seed43_current_tta,10m,own,0.5,SID69,2021-08-29,111596,39330,8953,888697,0
width_k0_seed43_current_tta,10m,common,0.5,SID69,2021-08-29,111596,39330,8953,888697,0
width_k0_seed44_current_tta,10m,own,0.3,SID69,2021-08-29,111333,39089,9216,888938,0
width_k0_seed44_current_tta,10m,common,0.3,SID69,2021-08-29,111333,39089,9216,888938,0
width_k0_seed44_current_tta,10m,own,0.5,SID69,2021-08-29,109040,33398,11509,894629,0
width_k0_seed44_current_tta,10m,common,0.5,SID69,2021-08-29,109040,33398,11509,894629,0
width_k1_seed42_current_tta,10m,own,0.3,SID69,2021-08-29,110517,28546,10032,899481,0
width_k1_seed42_current_tta,10m,common,0.3,SID69,2021-08-29,110517,28546,10032,899481,0
width_k1_seed42_current_tta,10m,own,0.5,SID69,2021-08-29,106336,20062,14213,907965,0
width_k1_seed42_current_tta,10m,common,0.5,SID69,2021-08-29,106336,20062,14213,907965,0
width_k1_seed43_current_tta,10m,own,0.3,SID69,2021-08-29,111554,31261,8995,896766,0
width_k1_seed43_current_tta,10m,common,0.3,SID69,2021-08-29,111554,31261,8995,896766,0
width_k1_seed43_current_tta,10m,own,0.5,SID69,2021-08-29,107676,23098,12873,904929,0
width_k1_seed43_current_tta,10m,common,0.5,SID69,2021-08-29,107676,23098,12873,904929,0
width_k1_seed44_current_tta,10m,own,0.3,SID69,2021-08-29,110855,30209,9694,897818,0
width_k1_seed44_current_tta,10m,common,0.3,SID69,2021-08-29,110855,30209,9694,897818,0
width_k1_seed44_current_tta,10m,own,0.5,SID69,2021-08-29,106011,21119,14538,906908,0
width_k1_seed44_current_tta,10m,common,0.5,SID69,2021-08-29,106011,21119,14538,906908,0
width_k2_seed42_current_tta,10m,own,0.3,SID69,2021-08-29,109393,26057,11156,901970,0
width_k2_seed42_current_tta,10m,common,0.3,SID69,2021-08-29,109393,26057,11156,901970,0
width_k2_seed42_current_tta,10m,own,0.5,SID69,2021-08-29,104941,18469,15608,909558,0
width_k2_seed42_current_tta,10m,common,0.5,SID69,2021-08-29,104941,18469,15608,909558,0
width_k2_seed43_current_tta,10m,own,0.3,SID69,2021-08-29,112510,34551,8039,893476,0
width_k2_seed43_current_tta,10m,common,0.3,SID69,2021-08-29,112510,34551,8039,893476,0
width_k2_seed43_current_tta,10m,own,0.5,SID69,2021-08-29,110175,25288,10374,902739,0
width_k2_seed43_current_tta,10m,common,0.5,SID69,2021-08-29,110175,25288,10374,902739,0
width_k2_seed44_current_tta,10m,own,0.3,SID69,2021-08-29,109711,29785,10838,898242,0
width_k2_seed44_current_tta,10m,common,0.3,SID69,2021-08-29,109711,29785,10838,898242,0
width_k2_seed44_current_tta,10m,own,0.5,SID69,2021-08-29,105950,21778,14599,906249,0
width_k2_seed44_current_tta,10m,common,0.5,SID69,2021-08-29,105950,21778,14599,906249,0
width_k3_seed42_current_tta,10m,own,0.3,SID69,2021-08-29,107638,20367,12911,907660,0
width_k3_seed42_current_tta,10m,common,0.3,SID69,2021-08-29,107638,20367,12911,907660,0
width_k3_seed42_current_tta,10m,own,0.5,SID69,2021-08-29,102740,13714,17809,914313,0
width_k3_seed42_current_tta,10m,common,0.5,SID69,2021-08-29,102740,13714,17809,914313,0
width_k3_seed43_current_tta,10m,own,0.3,SID69,2021-08-29,109157,26881,11392,901146,0
width_k3_seed43_current_tta,10m,common,0.3,SID69,2021-08-29,109157,26881,11392,901146,0
width_k3_seed43_current_tta,10m,own,0.5,SID69,2021-08-29,104988,19229,15561,908798,0
width_k3_seed43_current_tta,10m,common,0.5,SID69,2021-08-29,104988,19229,15561,908798,0
width_k3_seed44_current_tta,10m,own,0.3,SID69,2021-08-29,110156,29607,10393,898420,0
width_k3_seed44_current_tta,10m,common,0.3,SID69,2021-08-29,110156,29607,10393,898420,0
width_k3_seed44_current_tta,10m,own,0.5,SID69,2021-08-29,106770,21882,13779,906145,0
width_k3_seed44_current_tta,10m,common,0.5,SID69,2021-08-29,106770,21882,13779,906145,0
width_k4_seed42_current_tta,10m,own,0.3,SID69,2021-08-29,107946,24041,12603,903986,0
width_k4_seed42_current_tta,10m,common,0.3,SID69,2021-08-29,107946,24041,12603,903986,0
width_k4_seed42_current_tta,10m,own,0.5,SID69,2021-08-29,103312,17554,17237,910473,0
width_k4_seed42_current_tta,10m,common,0.5,SID69,2021-08-29,103312,17554,17237,910473,0
width_k4_seed43_current_tta,10m,own,0.3,SID69,2021-08-29,108435,25371,12114,902656,0
width_k4_seed43_current_tta,10m,common,0.3,SID69,2021-08-29,108435,25371,12114,902656,0
width_k4_seed43_current_tta,10m,own,0.5,SID69,2021-08-29,102760,18154,17789,909873,0
width_k4_seed43_current_tta,10m,common,0.5,SID69,2021-08-29,102760,18154,17789,909873,0
width_k4_seed44_current_tta,10m,own,0.3,SID69,2021-08-29,107369,21267,13180,906760,0
width_k4_seed44_current_tta,10m,common,0.3,SID69,2021-08-29,107369,21267,13180,906760,0
width_k4_seed44_current_tta,10m,own,0.5,SID69,2021-08-29,97895,14574,22654,913453,0
width_k4_seed44_current_tta,10m,common,0.5,SID69,2021-08-29,97895,14574,22654,913453,0
width_k8_seed42_current_tta,10m,own,0.3,SID69,2021-08-29,109666,29365,10883,898662,0
width_k8_seed42_current_tta,10m,common,0.3,SID69,2021-08-29,109666,29365,10883,898662,0
width_k8_seed42_current_tta,10m,own,0.5,SID69,2021-08-29,106127,21625,14422,906402,0
width_k8_seed42_current_tta,10m,common,0.5,SID69,2021-08-29,106127,21625,14422,906402,0
width_k8_seed43_current_tta,10m,own,0.3,SID69,2021-08-29,107981,24455,12568,903572,0
width_k8_seed43_current_tta,10m,common,0.3,SID69,2021-08-29,107981,24455,12568,903572,0
width_k8_seed43_current_tta,10m,own,0.5,SID69,2021-08-29,102989,17260,17560,910767,0
width_k8_seed43_current_tta,10m,common,0.5,SID69,2021-08-29,102989,17260,17560,910767,0
width_k8_seed44_current_tta,10m,own,0.3,SID69,2021-08-29,107379,23783,13170,904244,0
width_k8_seed44_current_tta,10m,common,0.3,SID69,2021-08-29,107379,23783,13170,904244,0
width_k8_seed44_current_tta,10m,own,0.5,SID69,2021-08-29,101711,16747,18838,911280,0
width_k8_seed44_current_tta,10m,common,0.5,SID69,2021-08-29,101711,16747,18838,911280,0
width_k16_seed42_current_tta,10m,own,0.3,SID69,2021-08-29,110561,29482,9988,898545,0
width_k16_seed42_current_tta,10m,common,0.3,SID69,2021-08-29,110561,29482,9988,898545,0
width_k16_seed42_current_tta,10m,own,0.5,SID69,2021-08-29,107448,22767,13101,905260,0
width_k16_seed42_current_tta,10m,common,0.5,SID69,2021-08-29,107448,22767,13101,905260,0
width_k16_seed43_current_tta,10m,own,0.3,SID69,2021-08-29,111773,32689,8776,895338,0
width_k16_seed43_current_tta,10m,common,0.3,SID69,2021-08-29,111773,32689,8776,895338,0
width_k16_seed43_current_tta,10m,own,0.5,SID69,2021-08-29,108793,24956,11756,903071,0
width_k16_seed43_current_tta,10m,common,0.5,SID69,2021-08-29,108793,24956,11756,903071,0
width_k16_seed44_current_tta,10m,own,0.3,SID69,2021-08-29,110813,29909,9736,898118,0
width_k16_seed44_current_tta,10m,common,0.3,SID69,2021-08-29,110813,29909,9736,898118,0
width_k16_seed44_current_tta,10m,own,0.5,SID69,2021-08-29,108093,22802,12456,905225,0
width_k16_seed44_current_tta,10m,common,0.5,SID69,2021-08-29,108093,22802,12456,905225,0
train1000_k16_seed42_current_tta,10m,own,0.3,SID69,2021-08-29,105004,31131,15545,896896,0
train1000_k16_seed42_current_tta,10m,common,0.3,SID69,2021-08-29,105004,31131,15545,896896,0
train1000_k16_seed42_current_tta,10m,own,0.5,SID69,2021-08-29,95827,22300,24722,905727,0
train1000_k16_seed42_current_tta,10m,common,0.5,SID69,2021-08-29,95827,22300,24722,905727,0
train1000_k16_seed43_current_tta,10m,own,0.3,SID69,2021-08-29,111848,43750,8701,884277,0
train1000_k16_seed43_current_tta,10m,common,0.3,SID69,2021-08-29,111848,43750,8701,884277,0
train1000_k16_seed43_current_tta,10m,own,0.5,SID69,2021-08-29,107631,34254,12918,893773,0
train1000_k16_seed43_current_tta,10m,common,0.5,SID69,2021-08-29,107631,34254,12918,893773,0
train1000_k16_seed44_current_tta,10m,own,0.3,SID69,2021-08-29,109098,36962,11451,891065,0
train1000_k16_seed44_current_tta,10m,common,0.3,SID69,2021-08-29,109098,36962,11451,891065,0
train1000_k16_seed44_current_tta,10m,own,0.5,SID69,2021-08-29,103865,27286,16684,900741,0
train1000_k16_seed44_current_tta,10m,common,0.5,SID69,2021-08-29,103865,27286,16684,900741,0
train2000_k16_seed42_current_tta,10m,own,0.3,SID69,2021-08-29,103032,20509,17517,907518,0
train2000_k16_seed42_current_tta,10m,common,0.3,SID69,2021-08-29,103032,20509,17517,907518,0
train2000_k16_seed42_current_tta,10m,own,0.5,SID69,2021-08-29,91711,13755,28838,914272,0
train2000_k16_seed42_current_tta,10m,common,0.5,SID69,2021-08-29,91711,13755,28838,914272,0
train2000_k16_seed43_current_tta,10m,own,0.3,SID69,2021-08-29,109261,27176,11288,900851,0
train2000_k16_seed43_current_tta,10m,common,0.3,SID69,2021-08-29,109261,27176,11288,900851,0
train2000_k16_seed43_current_tta,10m,own,0.5,SID69,2021-08-29,100985,18189,19564,909838,0
train2000_k16_seed43_current_tta,10m,common,0.5,SID69,2021-08-29,100985,18189,19564,909838,0
train2000_k16_seed44_current_tta,10m,own,0.3,SID69,2021-08-29,110922,29801,9627,898226,0
train2000_k16_seed44_current_tta,10m,common,0.3,SID69,2021-08-29,110922,29801,9627,898226,0
train2000_k16_seed44_current_tta,10m,own,0.5,SID69,2021-08-29,107029,21151,13520,906876,0
train2000_k16_seed44_current_tta,10m,common,0.5,SID69,2021-08-29,107029,21151,13520,906876,0
train3000_k16_seed42_current_tta,10m,own,0.3,SID69,2021-08-29,109488,27356,11061,900671,0
train3000_k16_seed42_current_tta,10m,common,0.3,SID69,2021-08-29,109488,27356,11061,900671,0
train3000_k16_seed42_current_tta,10m,own,0.5,SID69,2021-08-29,105918,20329,14631,907698,0
train3000_k16_seed42_current_tta,10m,common,0.5,SID69,2021-08-29,105918,20329,14631,907698,0
train3000_k16_seed43_current_tta,10m,own,0.3,SID69,2021-08-29,109794,27730,10755,900297,0
train3000_k16_seed43_current_tta,10m,common,0.3,SID69,2021-08-29,109794,27730,10755,900297,0
train3000_k16_seed43_current_tta,10m,own,0.5,SID69,2021-08-29,105950,20051,14599,907976,0
train3000_k16_seed43_current_tta,10m,common,0.5,SID69,2021-08-29,105950,20051,14599,907976,0
train3000_k16_seed44_current_tta,10m,own,0.3,SID69,2021-08-29,108713,23572,11836,904455,0
train3000_k16_seed44_current_tta,10m,common,0.3,SID69,2021-08-29,108713,23572,11836,904455,0
train3000_k16_seed44_current_tta,10m,own,0.5,SID69,2021-08-29,104859,16897,15690,911130,0
train3000_k16_seed44_current_tta,10m,common,0.5,SID69,2021-08-29,104859,16897,15690,911130,0
width_k0_seed42_current_tta,10m,own,0.3,SID72,2021-09-05,921065,6372,5598,115541,0
width_k0_seed42_current_tta,10m,common,0.3,SID72,2021-09-05,921065,6372,5598,115541,0
width_k0_seed42_current_tta,10m,own,0.5,SID72,2021-09-05,920071,4914,6592,116999,0
width_k0_seed42_current_tta,10m,common,0.5,SID72,2021-09-05,920071,4914,6592,116999,0
width_k0_seed43_current_tta,10m,own,0.3,SID72,2021-09-05,921958,7885,4705,114028,0
width_k0_seed43_current_tta,10m,common,0.3,SID72,2021-09-05,921958,7885,4705,114028,0
width_k0_seed43_current_tta,10m,own,0.5,SID72,2021-09-05,921279,6179,5384,115734,0
width_k0_seed43_current_tta,10m,common,0.5,SID72,2021-09-05,921279,6179,5384,115734,0
width_k0_seed44_current_tta,10m,own,0.3,SID72,2021-09-05,921268,6616,5395,115297,0
width_k0_seed44_current_tta,10m,common,0.3,SID72,2021-09-05,921268,6616,5395,115297,0
width_k0_seed44_current_tta,10m,own,0.5,SID72,2021-09-05,920355,5113,6308,116800,0
width_k0_seed44_current_tta,10m,common,0.5,SID72,2021-09-05,920355,5113,6308,116800,0
width_k1_seed42_current_tta,10m,own,0.3,SID72,2021-09-05,918552,2512,8111,119401,0
width_k1_seed42_current_tta,10m,common,0.3,SID72,2021-09-05,918552,2512,8111,119401,0
width_k1_seed42_current_tta,10m,own,0.5,SID72,2021-09-05,916678,1556,9985,120357,0
width_k1_seed42_current_tta,10m,common,0.5,SID72,2021-09-05,916678,1556,9985,120357,0
width_k1_seed43_current_tta,10m,own,0.3,SID72,2021-09-05,920129,3839,6534,118074,0
width_k1_seed43_current_tta,10m,common,0.3,SID72,2021-09-05,920129,3839,6534,118074,0
width_k1_seed43_current_tta,10m,own,0.5,SID72,2021-09-05,918532,2598,8131,119315,0
width_k1_seed43_current_tta,10m,common,0.5,SID72,2021-09-05,918532,2598,8131,119315,0
width_k1_seed44_current_tta,10m,own,0.3,SID72,2021-09-05,920124,3852,6539,118061,0
width_k1_seed44_current_tta,10m,common,0.3,SID72,2021-09-05,920124,3852,6539,118061,0
width_k1_seed44_current_tta,10m,own,0.5,SID72,2021-09-05,918268,2576,8395,119337,0
width_k1_seed44_current_tta,10m,common,0.5,SID72,2021-09-05,918268,2576,8395,119337,0
width_k2_seed42_current_tta,10m,own,0.3,SID72,2021-09-05,917538,1879,9125,120034,0
width_k2_seed42_current_tta,10m,common,0.3,SID72,2021-09-05,917538,1879,9125,120034,0
width_k2_seed42_current_tta,10m,own,0.5,SID72,2021-09-05,915581,1164,11082,120749,0
width_k2_seed42_current_tta,10m,common,0.5,SID72,2021-09-05,915581,1164,11082,120749,0
width_k2_seed43_current_tta,10m,own,0.3,SID72,2021-09-05,918321,2228,8342,119685,0
width_k2_seed43_current_tta,10m,common,0.3,SID72,2021-09-05,918321,2228,8342,119685,0
width_k2_seed43_current_tta,10m,own,0.5,SID72,2021-09-05,916520,1373,10143,120540,0
width_k2_seed43_current_tta,10m,common,0.5,SID72,2021-09-05,916520,1373,10143,120540,0
width_k2_seed44_current_tta,10m,own,0.3,SID72,2021-09-05,917047,2006,9616,119907,0
width_k2_seed44_current_tta,10m,common,0.3,SID72,2021-09-05,917047,2006,9616,119907,0
width_k2_seed44_current_tta,10m,own,0.5,SID72,2021-09-05,914898,1265,11765,120648,0
width_k2_seed44_current_tta,10m,common,0.5,SID72,2021-09-05,914898,1265,11765,120648,0
width_k3_seed42_current_tta,10m,own,0.3,SID72,2021-09-05,917469,1778,9194,120135,0
width_k3_seed42_current_tta,10m,common,0.3,SID72,2021-09-05,917469,1778,9194,120135,0
width_k3_seed42_current_tta,10m,own,0.5,SID72,2021-09-05,915371,1081,11292,120832,0
width_k3_seed42_current_tta,10m,common,0.5,SID72,2021-09-05,915371,1081,11292,120832,0
width_k3_seed43_current_tta,10m,own,0.3,SID72,2021-09-05,917296,2033,9367,119880,0
width_k3_seed43_current_tta,10m,common,0.3,SID72,2021-09-05,917296,2033,9367,119880,0
width_k3_seed43_current_tta,10m,own,0.5,SID72,2021-09-05,915239,1298,11424,120615,0
width_k3_seed43_current_tta,10m,common,0.5,SID72,2021-09-05,915239,1298,11424,120615,0
width_k3_seed44_current_tta,10m,own,0.3,SID72,2021-09-05,918828,2597,7835,119316,0
width_k3_seed44_current_tta,10m,common,0.3,SID72,2021-09-05,918828,2597,7835,119316,0
width_k3_seed44_current_tta,10m,own,0.5,SID72,2021-09-05,916836,1702,9827,120211,0
width_k3_seed44_current_tta,10m,common,0.5,SID72,2021-09-05,916836,1702,9827,120211,0
width_k4_seed42_current_tta,10m,own,0.3,SID72,2021-09-05,916757,1818,9906,120095,0
width_k4_seed42_current_tta,10m,common,0.3,SID72,2021-09-05,916757,1818,9906,120095,0
width_k4_seed42_current_tta,10m,own,0.5,SID72,2021-09-05,914573,1152,12090,120761,0
width_k4_seed42_current_tta,10m,common,0.5,SID72,2021-09-05,914573,1152,12090,120761,0
width_k4_seed43_current_tta,10m,own,0.3,SID72,2021-09-05,918016,2421,8647,119492,0
width_k4_seed43_current_tta,10m,common,0.3,SID72,2021-09-05,918016,2421,8647,119492,0
width_k4_seed43_current_tta,10m,own,0.5,SID72,2021-09-05,916145,1557,10518,120356,0
width_k4_seed43_current_tta,10m,common,0.5,SID72,2021-09-05,916145,1557,10518,120356,0
width_k4_seed44_current_tta,10m,own,0.3,SID72,2021-09-05,916155,1235,10508,120678,0
width_k4_seed44_current_tta,10m,common,0.3,SID72,2021-09-05,916155,1235,10508,120678,0
width_k4_seed44_current_tta,10m,own,0.5,SID72,2021-09-05,913731,741,12932,121172,0
width_k4_seed44_current_tta,10m,common,0.5,SID72,2021-09-05,913731,741,12932,121172,0
width_k8_seed42_current_tta,10m,own,0.3,SID72,2021-09-05,918047,2292,8616,119621,0
width_k8_seed42_current_tta,10m,common,0.3,SID72,2021-09-05,918047,2292,8616,119621,0
width_k8_seed42_current_tta,10m,own,0.5,SID72,2021-09-05,916276,1479,10387,120434,0
width_k8_seed42_current_tta,10m,common,0.5,SID72,2021-09-05,916276,1479,10387,120434,0
width_k8_seed43_current_tta,10m,own,0.3,SID72,2021-09-05,916683,1653,9980,120260,0
width_k8_seed43_current_tta,10m,common,0.3,SID72,2021-09-05,916683,1653,9980,120260,0
width_k8_seed43_current_tta,10m,own,0.5,SID72,2021-09-05,914627,1071,12036,120842,0
width_k8_seed43_current_tta,10m,common,0.5,SID72,2021-09-05,914627,1071,12036,120842,0
width_k8_seed44_current_tta,10m,own,0.3,SID72,2021-09-05,916688,1651,9975,120262,0
width_k8_seed44_current_tta,10m,common,0.3,SID72,2021-09-05,916688,1651,9975,120262,0
width_k8_seed44_current_tta,10m,own,0.5,SID72,2021-09-05,914532,1028,12131,120885,0
width_k8_seed44_current_tta,10m,common,0.5,SID72,2021-09-05,914532,1028,12131,120885,0
width_k16_seed42_current_tta,10m,own,0.3,SID72,2021-09-05,918047,2439,8616,119474,0
width_k16_seed42_current_tta,10m,common,0.3,SID72,2021-09-05,918047,2439,8616,119474,0
width_k16_seed42_current_tta,10m,own,0.5,SID72,2021-09-05,916533,1677,10130,120236,0
width_k16_seed42_current_tta,10m,common,0.5,SID72,2021-09-05,916533,1677,10130,120236,0
width_k16_seed43_current_tta,10m,own,0.3,SID72,2021-09-05,918785,2894,7878,119019,0
width_k16_seed43_current_tta,10m,common,0.3,SID72,2021-09-05,918785,2894,7878,119019,0
width_k16_seed43_current_tta,10m,own,0.5,SID72,2021-09-05,917261,1993,9402,119920,0
width_k16_seed43_current_tta,10m,common,0.5,SID72,2021-09-05,917261,1993,9402,119920,0
width_k16_seed44_current_tta,10m,own,0.3,SID72,2021-09-05,919070,2943,7593,118970,0
width_k16_seed44_current_tta,10m,common,0.3,SID72,2021-09-05,919070,2943,7593,118970,0
width_k16_seed44_current_tta,10m,own,0.5,SID72,2021-09-05,917740,2016,8923,119897,0
width_k16_seed44_current_tta,10m,common,0.5,SID72,2021-09-05,917740,2016,8923,119897,0
train1000_k16_seed42_current_tta,10m,own,0.3,SID72,2021-09-05,919731,3760,6932,118153,0
train1000_k16_seed42_current_tta,10m,common,0.3,SID72,2021-09-05,919731,3760,6932,118153,0
train1000_k16_seed42_current_tta,10m,own,0.5,SID72,2021-09-05,917657,2376,9006,119537,0
train1000_k16_seed42_current_tta,10m,common,0.5,SID72,2021-09-05,917657,2376,9006,119537,0
train1000_k16_seed43_current_tta,10m,own,0.3,SID72,2021-09-05,920638,4752,6025,117161,0
train1000_k16_seed43_current_tta,10m,common,0.3,SID72,2021-09-05,920638,4752,6025,117161,0
train1000_k16_seed43_current_tta,10m,own,0.5,SID72,2021-09-05,918804,3107,7859,118806,0
train1000_k16_seed43_current_tta,10m,common,0.5,SID72,2021-09-05,918804,3107,7859,118806,0
train1000_k16_seed44_current_tta,10m,own,0.3,SID72,2021-09-05,919855,4174,6808,117739,0
train1000_k16_seed44_current_tta,10m,common,0.3,SID72,2021-09-05,919855,4174,6808,117739,0
train1000_k16_seed44_current_tta,10m,own,0.5,SID72,2021-09-05,918041,2771,8622,119142,0
train1000_k16_seed44_current_tta,10m,common,0.5,SID72,2021-09-05,918041,2771,8622,119142,0
train2000_k16_seed42_current_tta,10m,own,0.3,SID72,2021-09-05,916160,1521,10503,120392,0
train2000_k16_seed42_current_tta,10m,common,0.3,SID72,2021-09-05,916160,1521,10503,120392,0
train2000_k16_seed42_current_tta,10m,own,0.5,SID72,2021-09-05,913603,935,13060,120978,0
train2000_k16_seed42_current_tta,10m,common,0.5,SID72,2021-09-05,913603,935,13060,120978,0
train2000_k16_seed43_current_tta,10m,own,0.3,SID72,2021-09-05,916212,1708,10451,120205,0
train2000_k16_seed43_current_tta,10m,common,0.3,SID72,2021-09-05,916212,1708,10451,120205,0
train2000_k16_seed43_current_tta,10m,own,0.5,SID72,2021-09-05,913079,1020,13584,120893,0
train2000_k16_seed43_current_tta,10m,common,0.5,SID72,2021-09-05,913079,1020,13584,120893,0
train2000_k16_seed44_current_tta,10m,own,0.3,SID72,2021-09-05,918804,2732,7859,119181,0
train2000_k16_seed44_current_tta,10m,common,0.3,SID72,2021-09-05,918804,2732,7859,119181,0
train2000_k16_seed44_current_tta,10m,own,0.5,SID72,2021-09-05,917036,1744,9627,120169,0
train2000_k16_seed44_current_tta,10m,common,0.5,SID72,2021-09-05,917036,1744,9627,120169,0
train3000_k16_seed42_current_tta,10m,own,0.3,SID72,2021-09-05,917098,1812,9565,120101,0
train3000_k16_seed42_current_tta,10m,common,0.3,SID72,2021-09-05,917098,1812,9565,120101,0
train3000_k16_seed42_current_tta,10m,own,0.5,SID72,2021-09-05,915165,1182,11498,120731,0
train3000_k16_seed42_current_tta,10m,common,0.5,SID72,2021-09-05,915165,1182,11498,120731,0
train3000_k16_seed43_current_tta,10m,own,0.3,SID72,2021-09-05,917260,2067,9403,119846,0
train3000_k16_seed43_current_tta,10m,common,0.3,SID72,2021-09-05,917260,2067,9403,119846,0
train3000_k16_seed43_current_tta,10m,own,0.5,SID72,2021-09-05,915160,1366,11503,120547,0
train3000_k16_seed43_current_tta,10m,common,0.5,SID72,2021-09-05,915160,1366,11503,120547,0
train3000_k16_seed44_current_tta,10m,own,0.3,SID72,2021-09-05,918187,2227,8476,119686,0
train3000_k16_seed44_current_tta,10m,common,0.3,SID72,2021-09-05,918187,2227,8476,119686,0
train3000_k16_seed44_current_tta,10m,own,0.5,SID72,2021-09-05,916535,1437,10128,120476,0
train3000_k16_seed44_current_tta,10m,common,0.5,SID72,2021-09-05,916535,1437,10128,120476,0
width_k0_seed42_current_tta,10m,own,0.3,SID78,2022-04-26,259661,11830,9000,768085,0
width_k0_seed42_current_tta,10m,common,0.3,SID78,2022-04-26,259661,11830,9000,768085,0
width_k0_seed42_current_tta,10m,own,0.5,SID78,2022-04-26,258417,9087,10244,770828,0
width_k0_seed42_current_tta,10m,common,0.5,SID78,2022-04-26,258417,9087,10244,770828,0
width_k0_seed43_current_tta,10m,own,0.3,SID78,2022-04-26,260726,14103,7935,765812,0
width_k0_seed43_current_tta,10m,common,0.3,SID78,2022-04-26,260726,14103,7935,765812,0
width_k0_seed43_current_tta,10m,own,0.5,SID78,2022-04-26,259694,10901,8967,769014,0
width_k0_seed43_current_tta,10m,common,0.5,SID78,2022-04-26,259694,10901,8967,769014,0
width_k0_seed44_current_tta,10m,own,0.3,SID78,2022-04-26,258891,11145,9770,768770,0
width_k0_seed44_current_tta,10m,common,0.3,SID78,2022-04-26,258891,11145,9770,768770,0
width_k0_seed44_current_tta,10m,own,0.5,SID78,2022-04-26,257388,8403,11273,771512,0
width_k0_seed44_current_tta,10m,common,0.5,SID78,2022-04-26,257388,8403,11273,771512,0
width_k1_seed42_current_tta,10m,own,0.3,SID78,2022-04-26,263813,16536,4848,763379,0
width_k1_seed42_current_tta,10m,common,0.3,SID78,2022-04-26,263813,16536,4848,763379,0
width_k1_seed42_current_tta,10m,own,0.5,SID78,2022-04-26,263000,12968,5661,766947,0
width_k1_seed42_current_tta,10m,common,0.5,SID78,2022-04-26,263000,12968,5661,766947,0
width_k1_seed43_current_tta,10m,own,0.3,SID78,2022-04-26,264552,19095,4109,760820,0
width_k1_seed43_current_tta,10m,common,0.3,SID78,2022-04-26,264552,19095,4109,760820,0
width_k1_seed43_current_tta,10m,own,0.5,SID78,2022-04-26,263894,15194,4767,764721,0
width_k1_seed43_current_tta,10m,common,0.5,SID78,2022-04-26,263894,15194,4767,764721,0
width_k1_seed44_current_tta,10m,own,0.3,SID78,2022-04-26,262257,13572,6404,766343,0
width_k1_seed44_current_tta,10m,common,0.3,SID78,2022-04-26,262257,13572,6404,766343,0
width_k1_seed44_current_tta,10m,own,0.5,SID78,2022-04-26,260979,10364,7682,769551,0
width_k1_seed44_current_tta,10m,common,0.5,SID78,2022-04-26,260979,10364,7682,769551,0
width_k2_seed42_current_tta,10m,own,0.3,SID78,2022-04-26,265242,21797,3419,758118,0
width_k2_seed42_current_tta,10m,common,0.3,SID78,2022-04-26,265242,21797,3419,758118,0
width_k2_seed42_current_tta,10m,own,0.5,SID78,2022-04-26,264584,17507,4077,762408,0
width_k2_seed42_current_tta,10m,common,0.5,SID78,2022-04-26,264584,17507,4077,762408,0
width_k2_seed43_current_tta,10m,own,0.3,SID78,2022-04-26,264139,17811,4522,762104,0
width_k2_seed43_current_tta,10m,common,0.3,SID78,2022-04-26,264139,17811,4522,762104,0
width_k2_seed43_current_tta,10m,own,0.5,SID78,2022-04-26,263262,14213,5399,765702,0
width_k2_seed43_current_tta,10m,common,0.5,SID78,2022-04-26,263262,14213,5399,765702,0
width_k2_seed44_current_tta,10m,own,0.3,SID78,2022-04-26,266057,23364,2604,756551,0
width_k2_seed44_current_tta,10m,common,0.3,SID78,2022-04-26,266057,23364,2604,756551,0
width_k2_seed44_current_tta,10m,own,0.5,SID78,2022-04-26,265481,18723,3180,761192,0
width_k2_seed44_current_tta,10m,common,0.5,SID78,2022-04-26,265481,18723,3180,761192,0
width_k3_seed42_current_tta,10m,own,0.3,SID78,2022-04-26,263940,14954,4721,764961,0
width_k3_seed42_current_tta,10m,common,0.3,SID78,2022-04-26,263940,14954,4721,764961,0
width_k3_seed42_current_tta,10m,own,0.5,SID78,2022-04-26,263045,11801,5616,768114,0
width_k3_seed42_current_tta,10m,common,0.5,SID78,2022-04-26,263045,11801,5616,768114,0
width_k3_seed43_current_tta,10m,own,0.3,SID78,2022-04-26,263958,15277,4703,764638,0
width_k3_seed43_current_tta,10m,common,0.3,SID78,2022-04-26,263958,15277,4703,764638,0
width_k3_seed43_current_tta,10m,own,0.5,SID78,2022-04-26,263031,11994,5630,767921,0
width_k3_seed43_current_tta,10m,common,0.5,SID78,2022-04-26,263031,11994,5630,767921,0
width_k3_seed44_current_tta,10m,own,0.3,SID78,2022-04-26,264359,15022,4302,764893,0
width_k3_seed44_current_tta,10m,common,0.3,SID78,2022-04-26,264359,15022,4302,764893,0
width_k3_seed44_current_tta,10m,own,0.5,SID78,2022-04-26,263400,11680,5261,768235,0
width_k3_seed44_current_tta,10m,common,0.5,SID78,2022-04-26,263400,11680,5261,768235,0
width_k4_seed42_current_tta,10m,own,0.3,SID78,2022-04-26,263429,14078,5232,765837,0
width_k4_seed42_current_tta,10m,common,0.3,SID78,2022-04-26,263429,14078,5232,765837,0
width_k4_seed42_current_tta,10m,own,0.5,SID78,2022-04-26,262516,11118,6145,768797,0
width_k4_seed42_current_tta,10m,common,0.5,SID78,2022-04-26,262516,11118,6145,768797,0
width_k4_seed43_current_tta,10m,own,0.3,SID78,2022-04-26,263913,15121,4748,764794,0
width_k4_seed43_current_tta,10m,common,0.3,SID78,2022-04-26,263913,15121,4748,764794,0
width_k4_seed43_current_tta,10m,own,0.5,SID78,2022-04-26,262964,12109,5697,767806,0
width_k4_seed43_current_tta,10m,common,0.5,SID78,2022-04-26,262964,12109,5697,767806,0
width_k4_seed44_current_tta,10m,own,0.3,SID78,2022-04-26,264759,17788,3902,762127,0
width_k4_seed44_current_tta,10m,common,0.3,SID78,2022-04-26,264759,17788,3902,762127,0
width_k4_seed44_current_tta,10m,own,0.5,SID78,2022-04-26,263892,14164,4769,765751,0
width_k4_seed44_current_tta,10m,common,0.5,SID78,2022-04-26,263892,14164,4769,765751,0
width_k8_seed42_current_tta,10m,own,0.3,SID78,2022-04-26,264008,15406,4653,764509,0
width_k8_seed42_current_tta,10m,common,0.3,SID78,2022-04-26,264008,15406,4653,764509,0
width_k8_seed42_current_tta,10m,own,0.5,SID78,2022-04-26,263098,12198,5563,767717,0
width_k8_seed42_current_tta,10m,common,0.5,SID78,2022-04-26,263098,12198,5563,767717,0
width_k8_seed43_current_tta,10m,own,0.3,SID78,2022-04-26,264550,17435,4111,762480,0
width_k8_seed43_current_tta,10m,common,0.3,SID78,2022-04-26,264550,17435,4111,762480,0
width_k8_seed43_current_tta,10m,own,0.5,SID78,2022-04-26,263563,14034,5098,765881,0
width_k8_seed43_current_tta,10m,common,0.5,SID78,2022-04-26,263563,14034,5098,765881,0
width_k8_seed44_current_tta,10m,own,0.3,SID78,2022-04-26,262561,11371,6100,768544,0
width_k8_seed44_current_tta,10m,common,0.3,SID78,2022-04-26,262561,11371,6100,768544,0
width_k8_seed44_current_tta,10m,own,0.5,SID78,2022-04-26,261641,8864,7020,771051,0
width_k8_seed44_current_tta,10m,common,0.5,SID78,2022-04-26,261641,8864,7020,771051,0
width_k16_seed42_current_tta,10m,own,0.3,SID78,2022-04-26,264346,16369,4315,763546,0
width_k16_seed42_current_tta,10m,common,0.3,SID78,2022-04-26,264346,16369,4315,763546,0
width_k16_seed42_current_tta,10m,own,0.5,SID78,2022-04-26,263492,13285,5169,766630,0
width_k16_seed42_current_tta,10m,common,0.5,SID78,2022-04-26,263492,13285,5169,766630,0
width_k16_seed43_current_tta,10m,own,0.3,SID78,2022-04-26,264023,14722,4638,765193,0
width_k16_seed43_current_tta,10m,common,0.3,SID78,2022-04-26,264023,14722,4638,765193,0
width_k16_seed43_current_tta,10m,own,0.5,SID78,2022-04-26,263051,11747,5610,768168,0
width_k16_seed43_current_tta,10m,common,0.5,SID78,2022-04-26,263051,11747,5610,768168,0
width_k16_seed44_current_tta,10m,own,0.3,SID78,2022-04-26,263563,14072,5098,765843,0
width_k16_seed44_current_tta,10m,common,0.3,SID78,2022-04-26,263563,14072,5098,765843,0
width_k16_seed44_current_tta,10m,own,0.5,SID78,2022-04-26,262720,11220,5941,768695,0
width_k16_seed44_current_tta,10m,common,0.5,SID78,2022-04-26,262720,11220,5941,768695,0
train1000_k16_seed42_current_tta,10m,own,0.3,SID78,2022-04-26,260810,10275,7851,769640,0
train1000_k16_seed42_current_tta,10m,common,0.3,SID78,2022-04-26,260810,10275,7851,769640,0
train1000_k16_seed42_current_tta,10m,own,0.5,SID78,2022-04-26,258974,6776,9687,773139,0
train1000_k16_seed42_current_tta,10m,common,0.5,SID78,2022-04-26,258974,6776,9687,773139,0
train1000_k16_seed43_current_tta,10m,own,0.3,SID78,2022-04-26,261062,11648,7599,768267,0
train1000_k16_seed43_current_tta,10m,common,0.3,SID78,2022-04-26,261062,11648,7599,768267,0
train1000_k16_seed43_current_tta,10m,own,0.5,SID78,2022-04-26,259439,7669,9222,772246,0
train1000_k16_seed43_current_tta,10m,common,0.5,SID78,2022-04-26,259439,7669,9222,772246,0
train1000_k16_seed44_current_tta,10m,own,0.3,SID78,2022-04-26,259126,9215,9535,770700,0
train1000_k16_seed44_current_tta,10m,common,0.3,SID78,2022-04-26,259126,9215,9535,770700,0
train1000_k16_seed44_current_tta,10m,own,0.5,SID78,2022-04-26,257096,5912,11565,774003,0
train1000_k16_seed44_current_tta,10m,common,0.5,SID78,2022-04-26,257096,5912,11565,774003,0
train2000_k16_seed42_current_tta,10m,own,0.3,SID78,2022-04-26,264670,17780,3991,762135,0
train2000_k16_seed42_current_tta,10m,common,0.3,SID78,2022-04-26,264670,17780,3991,762135,0
train2000_k16_seed42_current_tta,10m,own,0.5,SID78,2022-04-26,263795,13894,4866,766021,0
train2000_k16_seed42_current_tta,10m,common,0.5,SID78,2022-04-26,263795,13894,4866,766021,0
train2000_k16_seed43_current_tta,10m,own,0.3,SID78,2022-04-26,264301,16140,4360,763775,0
train2000_k16_seed43_current_tta,10m,common,0.3,SID78,2022-04-26,264301,16140,4360,763775,0
train2000_k16_seed43_current_tta,10m,own,0.5,SID78,2022-04-26,263373,12317,5288,767598,0
train2000_k16_seed43_current_tta,10m,common,0.5,SID78,2022-04-26,263373,12317,5288,767598,0
train2000_k16_seed44_current_tta,10m,own,0.3,SID78,2022-04-26,264266,15024,4395,764891,0
train2000_k16_seed44_current_tta,10m,common,0.3,SID78,2022-04-26,264266,15024,4395,764891,0
train2000_k16_seed44_current_tta,10m,own,0.5,SID78,2022-04-26,263318,11509,5343,768406,0
train2000_k16_seed44_current_tta,10m,common,0.5,SID78,2022-04-26,263318,11509,5343,768406,0
train3000_k16_seed42_current_tta,10m,own,0.3,SID78,2022-04-26,264447,16263,4214,763652,0
train3000_k16_seed42_current_tta,10m,common,0.3,SID78,2022-04-26,264447,16263,4214,763652,0
train3000_k16_seed42_current_tta,10m,own,0.5,SID78,2022-04-26,263524,13004,5137,766911,0
train3000_k16_seed42_current_tta,10m,common,0.5,SID78,2022-04-26,263524,13004,5137,766911,0
train3000_k16_seed43_current_tta,10m,own,0.3,SID78,2022-04-26,264502,16303,4159,763612,0
train3000_k16_seed43_current_tta,10m,common,0.3,SID78,2022-04-26,264502,16303,4159,763612,0
train3000_k16_seed43_current_tta,10m,own,0.5,SID78,2022-04-26,263642,12977,5019,766938,0
train3000_k16_seed43_current_tta,10m,common,0.5,SID78,2022-04-26,263642,12977,5019,766938,0
train3000_k16_seed44_current_tta,10m,own,0.3,SID78,2022-04-26,264318,15377,4343,764538,0
train3000_k16_seed44_current_tta,10m,common,0.3,SID78,2022-04-26,264318,15377,4343,764538,0
train3000_k16_seed44_current_tta,10m,own,0.5,SID78,2022-04-26,263438,12177,5223,767738,0
train3000_k16_seed44_current_tta,10m,common,0.5,SID78,2022-04-26,263438,12177,5223,767738,0
width_k0_seed42_current_tta,10m,own,0.3,SID79,2022-06-16,201475,26899,49781,770421,0
width_k0_seed42_current_tta,10m,common,0.3,SID79,2022-06-16,197707,13502,39014,514673,0
width_k0_seed42_current_tta,10m,own,0.5,SID79,2022-06-16,196503,19916,54753,777404,0
width_k0_seed42_current_tta,10m,common,0.5,SID79,2022-06-16,193004,9556,43717,518619,0
width_k0_seed43_current_tta,10m,own,0.3,SID79,2022-06-16,217052,53572,34204,743748,0
width_k0_seed43_current_tta,10m,common,0.3,SID79,2022-06-16,212726,23991,23995,504184,0
width_k0_seed43_current_tta,10m,own,0.5,SID79,2022-06-16,213388,45351,37868,751969,0
width_k0_seed43_current_tta,10m,common,0.5,SID79,2022-06-16,209311,20457,27410,507718,0
width_k0_seed44_current_tta,10m,own,0.3,SID79,2022-06-16,202780,27643,48476,769677,0
width_k0_seed44_current_tta,10m,common,0.3,SID79,2022-06-16,199347,13072,37374,515103,0
width_k0_seed44_current_tta,10m,own,0.5,SID79,2022-06-16,197309,21326,53947,775994,0
width_k0_seed44_current_tta,10m,common,0.5,SID79,2022-06-16,194109,9830,42612,518345,0
width_k1_seed42_current_tta,10m,own,0.3,SID79,2022-06-16,218153,7932,33103,789388,0
width_k1_seed42_current_tta,10m,common,0.3,SID79,2022-06-16,214277,5820,22444,522355,0
width_k1_seed42_current_tta,10m,own,0.5,SID79,2022-06-16,211008,4958,40248,792362,0
width_k1_seed42_current_tta,10m,common,0.5,SID79,2022-06-16,207750,3920,28971,524255,0
width_k1_seed43_current_tta,10m,own,0.3,SID79,2022-06-16,225890,7211,25366,790109,0
width_k1_seed43_current_tta,10m,common,0.3,SID79,2022-06-16,220490,5373,16231,522802,0
width_k1_seed43_current_tta,10m,own,0.5,SID79,2022-06-16,217105,3970,34151,793350,0
width_k1_seed43_current_tta,10m,common,0.5,SID79,2022-06-16,213144,3288,23577,524887,0
width_k1_seed44_current_tta,10m,own,0.3,SID79,2022-06-16,220448,12330,30808,784990,0
width_k1_seed44_current_tta,10m,common,0.3,SID79,2022-06-16,216230,9497,20491,518678,0
width_k1_seed44_current_tta,10m,own,0.5,SID79,2022-06-16,214918,7325,36338,789995,0
width_k1_seed44_current_tta,10m,common,0.5,SID79,2022-06-16,211345,6008,25376,522167,0
width_k2_seed42_current_tta,10m,own,0.3,SID79,2022-06-16,215436,4257,35820,793063,0
width_k2_seed42_current_tta,10m,common,0.3,SID79,2022-06-16,211933,3528,24788,524647,0
width_k2_seed42_current_tta,10m,own,0.5,SID79,2022-06-16,205835,2962,45421,794358,0
width_k2_seed42_current_tta,10m,common,0.5,SID79,2022-06-16,203252,2668,33469,525507,0
width_k2_seed43_current_tta,10m,own,0.3,SID79,2022-06-16,228483,7319,22773,790001,0
width_k2_seed43_current_tta,10m,common,0.3,SID79,2022-06-16,222448,5629,14273,522546,0
width_k2_seed43_current_tta,10m,own,0.5,SID79,2022-06-16,220913,5080,30343,792240,0
width_k2_seed43_current_tta,10m,common,0.5,SID79,2022-06-16,216475,4199,20246,523976,0
width_k2_seed44_current_tta,10m,own,0.3,SID79,2022-06-16,225516,4495,25740,792825,0
width_k2_seed44_current_tta,10m,common,0.3,SID79,2022-06-16,219758,4014,16963,524161,0
width_k2_seed44_current_tta,10m,own,0.5,SID79,2022-06-16,216894,3161,34362,794159,0
width_k2_seed44_current_tta,10m,common,0.5,SID79,2022-06-16,212641,2945,24080,525230,0
width_k3_seed42_current_tta,10m,own,0.3,SID79,2022-06-16,233393,7028,17863,790292,0
width_k3_seed42_current_tta,10m,common,0.3,SID79,2022-06-16,226048,5584,10673,522591,0
width_k3_seed42_current_tta,10m,own,0.5,SID79,2022-06-16,226816,4696,24440,792624,0
width_k3_seed42_current_tta,10m,common,0.5,SID79,2022-06-16,220671,4107,16050,524068,0
width_k3_seed43_current_tta,10m,own,0.3,SID79,2022-06-16,225868,3987,25388,793333,0
width_k3_seed43_current_tta,10m,common,0.3,SID79,2022-06-16,219032,3552,17689,524623,0
width_k3_seed43_current_tta,10m,own,0.5,SID79,2022-06-16,219706,2762,31550,794558,0
width_k3_seed43_current_tta,10m,common,0.5,SID79,2022-06-16,213787,2602,22934,525573,0
width_k3_seed44_current_tta,10m,own,0.3,SID79,2022-06-16,227634,4958,23622,792362,0
width_k3_seed44_current_tta,10m,common,0.3,SID79,2022-06-16,220527,4305,16194,523870,0
width_k3_seed44_current_tta,10m,own,0.5,SID79,2022-06-16,221875,3638,29381,793682,0
width_k3_seed44_current_tta,10m,common,0.5,SID79,2022-06-16,215761,3297,20960,524878,0
width_k4_seed42_current_tta,10m,own,0.3,SID79,2022-06-16,236515,6921,14741,790399,0
width_k4_seed42_current_tta,10m,common,0.3,SID79,2022-06-16,228614,5620,8107,522555,0
width_k4_seed42_current_tta,10m,own,0.5,SID79,2022-06-16,231476,4944,19780,792376,0
width_k4_seed42_current_tta,10m,common,0.5,SID79,2022-06-16,224594,4347,12127,523828,0
width_k4_seed43_current_tta,10m,own,0.3,SID79,2022-06-16,225961,4947,25295,792373,0
width_k4_seed43_current_tta,10m,common,0.3,SID79,2022-06-16,219636,4205,17085,523970,0
width_k4_seed43_current_tta,10m,own,0.5,SID79,2022-06-16,218975,3592,32281,793728,0
width_k4_seed43_current_tta,10m,common,0.5,SID79,2022-06-16,213595,3251,23126,524924,0
width_k4_seed44_current_tta,10m,own,0.3,SID79,2022-06-16,230526,4688,20730,792632,0
width_k4_seed44_current_tta,10m,common,0.3,SID79,2022-06-16,223443,4187,13278,523988,0
width_k4_seed44_current_tta,10m,own,0.5,SID79,2022-06-16,224308,3448,26948,793872,0
width_k4_seed44_current_tta,10m,common,0.5,SID79,2022-06-16,218281,3247,18440,524928,0
width_k8_seed42_current_tta,10m,own,0.3,SID79,2022-06-16,228132,4834,23124,792486,0
width_k8_seed42_current_tta,10m,common,0.3,SID79,2022-06-16,220802,4176,15919,523999,0
width_k8_seed42_current_tta,10m,own,0.5,SID79,2022-06-16,222651,3585,28605,793735,0
width_k8_seed42_current_tta,10m,common,0.5,SID79,2022-06-16,216143,3237,20578,524938,0
width_k8_seed43_current_tta,10m,own,0.3,SID79,2022-06-16,229639,5498,21617,791822,0
width_k8_seed43_current_tta,10m,common,0.3,SID79,2022-06-16,222736,4607,13985,523568,0
width_k8_seed43_current_tta,10m,own,0.5,SID79,2022-06-16,223795,4141,27461,793179,0
width_k8_seed43_current_tta,10m,common,0.5,SID79,2022-06-16,217848,3665,18873,524510,0
width_k8_seed44_current_tta,10m,own,0.3,SID79,2022-06-16,234948,7782,16308,789538,0
width_k8_seed44_current_tta,10m,common,0.3,SID79,2022-06-16,226549,5952,10172,522223,0
width_k8_seed44_current_tta,10m,own,0.5,SID79,2022-06-16,230102,5790,21154,791530,0
width_k8_seed44_current_tta,10m,common,0.5,SID79,2022-06-16,222628,4740,14093,523435,0
width_k16_seed42_current_tta,10m,own,0.3,SID79,2022-06-16,229207,5118,22049,792202,0
width_k16_seed42_current_tta,10m,common,0.3,SID79,2022-06-16,221985,4438,14736,523737,0
width_k16_seed42_current_tta,10m,own,0.5,SID79,2022-06-16,224412,4108,26844,793212,0
width_k16_seed42_current_tta,10m,common,0.5,SID79,2022-06-16,218014,3686,18707,524489,0
width_k16_seed43_current_tta,10m,own,0.3,SID79,2022-06-16,226017,4726,25239,792594,0
width_k16_seed43_current_tta,10m,common,0.3,SID79,2022-06-16,219312,4204,17409,523971,0
width_k16_seed43_current_tta,10m,own,0.5,SID79,2022-06-16,221137,3680,30119,793640,0
width_k16_seed43_current_tta,10m,common,0.5,SID79,2022-06-16,215276,3383,21445,524792,0
width_k16_seed44_current_tta,10m,own,0.3,SID79,2022-06-16,229202,5397,22054,791923,0
width_k16_seed44_current_tta,10m,common,0.3,SID79,2022-06-16,221596,4565,15125,523610,0
width_k16_seed44_current_tta,10m,own,0.5,SID79,2022-06-16,224343,4213,26913,793107,0
width_k16_seed44_current_tta,10m,common,0.5,SID79,2022-06-16,217459,3718,19262,524457,0
train1000_k16_seed42_current_tta,10m,own,0.3,SID79,2022-06-16,214917,20404,36339,776916,0
train1000_k16_seed42_current_tta,10m,common,0.3,SID79,2022-06-16,210658,11886,26063,516289,0
train1000_k16_seed42_current_tta,10m,own,0.5,SID79,2022-06-16,208706,13371,42550,783949,0
train1000_k16_seed42_current_tta,10m,common,0.5,SID79,2022-06-16,205376,8110,31345,520065,0
train1000_k16_seed43_current_tta,10m,own,0.3,SID79,2022-06-16,210867,13249,40389,784071,0
train1000_k16_seed43_current_tta,10m,common,0.3,SID79,2022-06-16,207456,8469,29265,519706,0
train1000_k16_seed43_current_tta,10m,own,0.5,SID79,2022-06-16,201984,6574,49272,790746,0
train1000_k16_seed43_current_tta,10m,common,0.5,SID79,2022-06-16,199294,4889,37427,523286,0
train1000_k16_seed44_current_tta,10m,own,0.3,SID79,2022-06-16,210202,27778,41054,769542,0
train1000_k16_seed44_current_tta,10m,common,0.3,SID79,2022-06-16,206624,13887,30097,514288,0
train1000_k16_seed44_current_tta,10m,own,0.5,SID79,2022-06-16,202435,19852,48821,777468,0
train1000_k16_seed44_current_tta,10m,common,0.5,SID79,2022-06-16,199323,10322,37398,517853,0
train2000_k16_seed42_current_tta,10m,own,0.3,SID79,2022-06-16,225037,4500,26219,792820,0
train2000_k16_seed42_current_tta,10m,common,0.3,SID79,2022-06-16,219167,3878,17554,524297,0
train2000_k16_seed42_current_tta,10m,own,0.5,SID79,2022-06-16,217664,3325,33592,793995,0
train2000_k16_seed42_current_tta,10m,common,0.5,SID79,2022-06-16,212894,3026,23827,525149,0
train2000_k16_seed43_current_tta,10m,own,0.3,SID79,2022-06-16,220980,3735,30276,793585,0
train2000_k16_seed43_current_tta,10m,common,0.3,SID79,2022-06-16,215540,3405,21181,524770,0
train2000_k16_seed43_current_tta,10m,own,0.5,SID79,2022-06-16,213569,2518,37687,794802,0
train2000_k16_seed43_current_tta,10m,common,0.5,SID79,2022-06-16,209385,2380,27336,525795,0
train2000_k16_seed44_current_tta,10m,own,0.3,SID79,2022-06-16,230855,6945,20401,790375,0
train2000_k16_seed44_current_tta,10m,common,0.3,SID79,2022-06-16,224100,5545,12621,522630,0
train2000_k16_seed44_current_tta,10m,own,0.5,SID79,2022-06-16,224294,4956,26962,792364,0
train2000_k16_seed44_current_tta,10m,common,0.5,SID79,2022-06-16,218671,4353,18050,523822,0
train3000_k16_seed42_current_tta,10m,own,0.3,SID79,2022-06-16,229330,4922,21926,792398,0
train3000_k16_seed42_current_tta,10m,common,0.3,SID79,2022-06-16,221982,4280,14739,523895,0
train3000_k16_seed42_current_tta,10m,own,0.5,SID79,2022-06-16,224102,3816,27154,793504,0
train3000_k16_seed42_current_tta,10m,common,0.5,SID79,2022-06-16,217611,3467,19110,524708,0
train3000_k16_seed43_current_tta,10m,own,0.3,SID79,2022-06-16,224838,4470,26418,792850,0
train3000_k16_seed43_current_tta,10m,common,0.3,SID79,2022-06-16,217974,3959,18747,524216,0
train3000_k16_seed43_current_tta,10m,own,0.5,SID79,2022-06-16,219396,3239,31860,794081,0
train3000_k16_seed43_current_tta,10m,common,0.5,SID79,2022-06-16,213378,3020,23343,525155,0
train3000_k16_seed44_current_tta,10m,own,0.3,SID79,2022-06-16,230505,6109,20751,791211,0
train3000_k16_seed44_current_tta,10m,common,0.3,SID79,2022-06-16,222928,5032,13793,523143,0
train3000_k16_seed44_current_tta,10m,own,0.5,SID79,2022-06-16,225624,4803,25632,792517,0
train3000_k16_seed44_current_tta,10m,common,0.5,SID79,2022-06-16,218769,4141,17952,524034,0
width_k0_seed42_current_tta,10m,own,0.3,SID80,2021-09-22,88439,10192,3251,946694,0
width_k0_seed42_current_tta,10m,common,0.3,SID80,2021-09-22,88439,10192,3251,946652,0
width_k0_seed42_current_tta,10m,own,0.5,SID80,2021-09-22,87952,7788,3738,949098,0
width_k0_seed42_current_tta,10m,common,0.5,SID80,2021-09-22,87952,7788,3738,949056,0
width_k0_seed43_current_tta,10m,own,0.3,SID80,2021-09-22,88686,11320,3004,945566,0
width_k0_seed43_current_tta,10m,common,0.3,SID80,2021-09-22,88686,11320,3004,945524,0
width_k0_seed43_current_tta,10m,own,0.5,SID80,2021-09-22,88242,8789,3448,948097,0
width_k0_seed43_current_tta,10m,common,0.5,SID80,2021-09-22,88242,8789,3448,948055,0
width_k0_seed44_current_tta,10m,own,0.3,SID80,2021-09-22,87846,9282,3844,947604,0
width_k0_seed44_current_tta,10m,common,0.3,SID80,2021-09-22,87846,9282,3844,947562,0
width_k0_seed44_current_tta,10m,own,0.5,SID80,2021-09-22,87199,7126,4491,949760,0
width_k0_seed44_current_tta,10m,common,0.5,SID80,2021-09-22,87199,7126,4491,949718,0
width_k1_seed42_current_tta,10m,own,0.3,SID80,2021-09-22,90522,13563,1168,943323,0
width_k1_seed42_current_tta,10m,common,0.3,SID80,2021-09-22,90522,13563,1168,943281,0
width_k1_seed42_current_tta,10m,own,0.5,SID80,2021-09-22,90212,10491,1478,946395,0
width_k1_seed42_current_tta,10m,common,0.5,SID80,2021-09-22,90212,10491,1478,946353,0
width_k1_seed43_current_tta,10m,own,0.3,SID80,2021-09-22,90640,13224,1050,943662,0
width_k1_seed43_current_tta,10m,common,0.3,SID80,2021-09-22,90640,13224,1050,943620,0
width_k1_seed43_current_tta,10m,own,0.5,SID80,2021-09-22,90460,10258,1230,946628,0
width_k1_seed43_current_tta,10m,common,0.5,SID80,2021-09-22,90460,10258,1230,946586,0
width_k1_seed44_current_tta,10m,own,0.3,SID80,2021-09-22,90133,12494,1557,944392,0
width_k1_seed44_current_tta,10m,common,0.3,SID80,2021-09-22,90133,12494,1557,944350,0
width_k1_seed44_current_tta,10m,own,0.5,SID80,2021-09-22,89787,9618,1903,947268,0
width_k1_seed44_current_tta,10m,common,0.5,SID80,2021-09-22,89787,9618,1903,947226,0
width_k2_seed42_current_tta,10m,own,0.3,SID80,2021-09-22,90372,9512,1318,947374,0
width_k2_seed42_current_tta,10m,common,0.3,SID80,2021-09-22,90372,9512,1318,947332,0
width_k2_seed42_current_tta,10m,own,0.5,SID80,2021-09-22,89903,7018,1787,949868,0
width_k2_seed42_current_tta,10m,common,0.5,SID80,2021-09-22,89903,7018,1787,949826,0
width_k2_seed43_current_tta,10m,own,0.3,SID80,2021-09-22,90217,8760,1473,948126,0
width_k2_seed43_current_tta,10m,common,0.3,SID80,2021-09-22,90217,8760,1473,948084,0
width_k2_seed43_current_tta,10m,own,0.5,SID80,2021-09-22,89641,6383,2049,950503,0
width_k2_seed43_current_tta,10m,common,0.5,SID80,2021-09-22,89641,6383,2049,950461,0
width_k2_seed44_current_tta,10m,own,0.3,SID80,2021-09-22,90692,14071,998,942815,0
width_k2_seed44_current_tta,10m,common,0.3,SID80,2021-09-22,90692,14071,998,942773,0
width_k2_seed44_current_tta,10m,own,0.5,SID80,2021-09-22,90542,11291,1148,945595,0
width_k2_seed44_current_tta,10m,common,0.5,SID80,2021-09-22,90542,11291,1148,945553,0
width_k3_seed42_current_tta,10m,own,0.3,SID80,2021-09-22,90702,12821,988,944065,0
width_k3_seed42_current_tta,10m,common,0.3,SID80,2021-09-22,90702,12821,988,944023,0
width_k3_seed42_current_tta,10m,own,0.5,SID80,2021-09-22,90513,10025,1177,946861,0
width_k3_seed42_current_tta,10m,common,0.5,SID80,2021-09-22,90513,10025,1177,946819,0
width_k3_seed43_current_tta,10m,own,0.3,SID80,2021-09-22,90651,10173,1039,946713,0
width_k3_seed43_current_tta,10m,common,0.3,SID80,2021-09-22,90651,10173,1039,946671,0
width_k3_seed43_current_tta,10m,own,0.5,SID80,2021-09-22,90307,7613,1383,949273,0
width_k3_seed43_current_tta,10m,common,0.5,SID80,2021-09-22,90307,7613,1383,949231,0
width_k3_seed44_current_tta,10m,own,0.3,SID80,2021-09-22,90605,10735,1085,946151,0
width_k3_seed44_current_tta,10m,common,0.3,SID80,2021-09-22,90605,10735,1085,946109,0
width_k3_seed44_current_tta,10m,own,0.5,SID80,2021-09-22,90378,8057,1312,948829,0
width_k3_seed44_current_tta,10m,common,0.5,SID80,2021-09-22,90378,8057,1312,948787,0
width_k4_seed42_current_tta,10m,own,0.3,SID80,2021-09-22,90787,13370,903,943516,0
width_k4_seed42_current_tta,10m,common,0.3,SID80,2021-09-22,90787,13370,903,943474,0
width_k4_seed42_current_tta,10m,own,0.5,SID80,2021-09-22,90637,10545,1053,946341,0
width_k4_seed42_current_tta,10m,common,0.5,SID80,2021-09-22,90637,10545,1053,946299,0
width_k4_seed43_current_tta,10m,own,0.3,SID80,2021-09-22,90673,12111,1017,944775,0
width_k4_seed43_current_tta,10m,common,0.3,SID80,2021-09-22,90673,12111,1017,944733,0
width_k4_seed43_current_tta,10m,own,0.5,SID80,2021-09-22,90490,9478,1200,947408,0
width_k4_seed43_current_tta,10m,common,0.5,SID80,2021-09-22,90490,9478,1200,947366,0
width_k4_seed44_current_tta,10m,own,0.3,SID80,2021-09-22,90672,12586,1018,944300,0
width_k4_seed44_current_tta,10m,common,0.3,SID80,2021-09-22,90672,12586,1018,944258,0
width_k4_seed44_current_tta,10m,own,0.5,SID80,2021-09-22,90483,9890,1207,946996,0
width_k4_seed44_current_tta,10m,common,0.5,SID80,2021-09-22,90483,9890,1207,946954,0
width_k8_seed42_current_tta,10m,own,0.3,SID80,2021-09-22,90755,12645,935,944241,0
width_k8_seed42_current_tta,10m,common,0.3,SID80,2021-09-22,90755,12645,935,944199,0
width_k8_seed42_current_tta,10m,own,0.5,SID80,2021-09-22,90597,9964,1093,946922,0
width_k8_seed42_current_tta,10m,common,0.5,SID80,2021-09-22,90597,9964,1093,946880,0
width_k8_seed43_current_tta,10m,own,0.3,SID80,2021-09-22,90659,11606,1031,945280,0
width_k8_seed43_current_tta,10m,common,0.3,SID80,2021-09-22,90659,11606,1031,945238,0
width_k8_seed43_current_tta,10m,own,0.5,SID80,2021-09-22,90462,8925,1228,947961,0
width_k8_seed43_current_tta,10m,common,0.5,SID80,2021-09-22,90462,8925,1228,947919,0
width_k8_seed44_current_tta,10m,own,0.3,SID80,2021-09-22,90634,10727,1056,946159,0
width_k8_seed44_current_tta,10m,common,0.3,SID80,2021-09-22,90634,10727,1056,946117,0
width_k8_seed44_current_tta,10m,own,0.5,SID80,2021-09-22,90407,8125,1283,948761,0
width_k8_seed44_current_tta,10m,common,0.5,SID80,2021-09-22,90407,8125,1283,948719,0
width_k16_seed42_current_tta,10m,own,0.3,SID80,2021-09-22,90584,10947,1106,945939,0
width_k16_seed42_current_tta,10m,common,0.3,SID80,2021-09-22,90584,10947,1106,945897,0
width_k16_seed42_current_tta,10m,own,0.5,SID80,2021-09-22,90342,8487,1348,948399,0
width_k16_seed42_current_tta,10m,common,0.5,SID80,2021-09-22,90342,8487,1348,948357,0
width_k16_seed43_current_tta,10m,own,0.3,SID80,2021-09-22,90573,10229,1117,946657,0
width_k16_seed43_current_tta,10m,common,0.3,SID80,2021-09-22,90573,10229,1117,946615,0
width_k16_seed43_current_tta,10m,own,0.5,SID80,2021-09-22,90290,7807,1400,949079,0
width_k16_seed43_current_tta,10m,common,0.5,SID80,2021-09-22,90290,7807,1400,949037,0
width_k16_seed44_current_tta,10m,own,0.3,SID80,2021-09-22,90587,10608,1103,946278,0
width_k16_seed44_current_tta,10m,common,0.3,SID80,2021-09-22,90587,10608,1103,946236,0
width_k16_seed44_current_tta,10m,own,0.5,SID80,2021-09-22,90309,8122,1381,948764,0
width_k16_seed44_current_tta,10m,common,0.5,SID80,2021-09-22,90309,8122,1381,948722,0
train1000_k16_seed42_current_tta,10m,own,0.3,SID80,2021-09-22,88751,7599,2939,949287,0
train1000_k16_seed42_current_tta,10m,common,0.3,SID80,2021-09-22,88751,7599,2939,949245,0
train1000_k16_seed42_current_tta,10m,own,0.5,SID80,2021-09-22,87634,4905,4056,951981,0
train1000_k16_seed42_current_tta,10m,common,0.5,SID80,2021-09-22,87634,4905,4056,951939,0
train1000_k16_seed43_current_tta,10m,own,0.3,SID80,2021-09-22,88768,6523,2922,950363,0
train1000_k16_seed43_current_tta,10m,common,0.3,SID80,2021-09-22,88768,6523,2922,950321,0
train1000_k16_seed43_current_tta,10m,own,0.5,SID80,2021-09-22,87669,4070,4021,952816,0
train1000_k16_seed43_current_tta,10m,common,0.5,SID80,2021-09-22,87669,4070,4021,952774,0
train1000_k16_seed44_current_tta,10m,own,0.3,SID80,2021-09-22,88291,6659,3399,950227,0
train1000_k16_seed44_current_tta,10m,common,0.3,SID80,2021-09-22,88291,6659,3399,950185,0
train1000_k16_seed44_current_tta,10m,own,0.5,SID80,2021-09-22,86988,3988,4702,952898,0
train1000_k16_seed44_current_tta,10m,common,0.5,SID80,2021-09-22,86988,3988,4702,952856,0
train2000_k16_seed42_current_tta,10m,own,0.3,SID80,2021-09-22,90526,11041,1164,945845,0
train2000_k16_seed42_current_tta,10m,common,0.3,SID80,2021-09-22,90526,11041,1164,945803,0
train2000_k16_seed42_current_tta,10m,own,0.5,SID80,2021-09-22,90196,8238,1494,948648,0
train2000_k16_seed42_current_tta,10m,common,0.5,SID80,2021-09-22,90196,8238,1494,948606,0
train2000_k16_seed43_current_tta,10m,own,0.3,SID80,2021-09-22,90447,9556,1243,947330,0
train2000_k16_seed43_current_tta,10m,common,0.3,SID80,2021-09-22,90447,9556,1243,947288,0
train2000_k16_seed43_current_tta,10m,own,0.5,SID80,2021-09-22,90055,6931,1635,949955,0
train2000_k16_seed43_current_tta,10m,common,0.5,SID80,2021-09-22,90055,6931,1635,949913,0
train2000_k16_seed44_current_tta,10m,own,0.3,SID80,2021-09-22,90597,10397,1093,946489,0
train2000_k16_seed44_current_tta,10m,common,0.3,SID80,2021-09-22,90597,10397,1093,946447,0
train2000_k16_seed44_current_tta,10m,own,0.5,SID80,2021-09-22,90302,7724,1388,949162,0
train2000_k16_seed44_current_tta,10m,common,0.5,SID80,2021-09-22,90302,7724,1388,949120,0
train3000_k16_seed42_current_tta,10m,own,0.3,SID80,2021-09-22,90558,10503,1132,946383,0
train3000_k16_seed42_current_tta,10m,common,0.3,SID80,2021-09-22,90558,10503,1132,946341,0
train3000_k16_seed42_current_tta,10m,own,0.5,SID80,2021-09-22,90275,8023,1415,948863,0
train3000_k16_seed42_current_tta,10m,common,0.5,SID80,2021-09-22,90275,8023,1415,948821,0
train3000_k16_seed43_current_tta,10m,own,0.3,SID80,2021-09-22,90568,10153,1122,946733,0
train3000_k16_seed43_current_tta,10m,common,0.3,SID80,2021-09-22,90568,10153,1122,946691,0
train3000_k16_seed43_current_tta,10m,own,0.5,SID80,2021-09-22,90264,7681,1426,949205,0
train3000_k16_seed43_current_tta,10m,common,0.5,SID80,2021-09-22,90264,7681,1426,949163,0
train3000_k16_seed44_current_tta,10m,own,0.3,SID80,2021-09-22,90695,11097,995,945789,0
train3000_k16_seed44_current_tta,10m,common,0.3,SID80,2021-09-22,90695,11097,995,945747,0
train3000_k16_seed44_current_tta,10m,own,0.5,SID80,2021-09-22,90478,8504,1212,948382,0
train3000_k16_seed44_current_tta,10m,common,0.5,SID80,2021-09-22,90478,8504,1212,948340,0
width_k0_seed42_current_tta,10m,own,0.3,SID81,2022-06-18,296182,9131,274,742989,0
width_k0_seed42_current_tta,10m,common,0.3,SID81,2022-06-18,296182,9131,274,742989,0
width_k0_seed42_current_tta,10m,own,0.5,SID81,2022-06-18,295819,6454,637,745666,0
width_k0_seed42_current_tta,10m,common,0.5,SID81,2022-06-18,295819,6454,637,745666,0
width_k0_seed43_current_tta,10m,own,0.3,SID81,2022-06-18,296331,10650,125,741470,0
width_k0_seed43_current_tta,10m,common,0.3,SID81,2022-06-18,296331,10650,125,741470,0
width_k0_seed43_current_tta,10m,own,0.5,SID81,2022-06-18,296100,7847,356,744273,0
width_k0_seed43_current_tta,10m,common,0.5,SID81,2022-06-18,296100,7847,356,744273,0
width_k0_seed44_current_tta,10m,own,0.3,SID81,2022-06-18,296283,9799,173,742321,0
width_k0_seed44_current_tta,10m,common,0.3,SID81,2022-06-18,296283,9799,173,742321,0
width_k0_seed44_current_tta,10m,own,0.5,SID81,2022-06-18,296016,7133,440,744987,0
width_k0_seed44_current_tta,10m,common,0.5,SID81,2022-06-18,296016,7133,440,744987,0
width_k1_seed42_current_tta,10m,own,0.3,SID81,2022-06-18,296366,9621,90,742499,0
width_k1_seed42_current_tta,10m,common,0.3,SID81,2022-06-18,296366,9621,90,742499,0
width_k1_seed42_current_tta,10m,own,0.5,SID81,2022-06-18,296180,6736,276,745384,0
width_k1_seed42_current_tta,10m,common,0.5,SID81,2022-06-18,296180,6736,276,745384,0
width_k1_seed43_current_tta,10m,own,0.3,SID81,2022-06-18,296224,8918,232,743202,0
width_k1_seed43_current_tta,10m,common,0.3,SID81,2022-06-18,296224,8918,232,743202,0
width_k1_seed43_current_tta,10m,own,0.5,SID81,2022-06-18,295935,6211,521,745909,0
width_k1_seed43_current_tta,10m,common,0.5,SID81,2022-06-18,295935,6211,521,745909,0
width_k1_seed44_current_tta,10m,own,0.3,SID81,2022-06-18,296431,12811,25,739309,0
width_k1_seed44_current_tta,10m,common,0.3,SID81,2022-06-18,296431,12811,25,739309,0
width_k1_seed44_current_tta,10m,own,0.5,SID81,2022-06-18,296381,9808,75,742312,0
width_k1_seed44_current_tta,10m,common,0.5,SID81,2022-06-18,296381,9808,75,742312,0
width_k2_seed42_current_tta,10m,own,0.3,SID81,2022-06-18,296342,8274,114,743846,0
width_k2_seed42_current_tta,10m,common,0.3,SID81,2022-06-18,296342,8274,114,743846,0
width_k2_seed42_current_tta,10m,own,0.5,SID81,2022-06-18,296120,5569,336,746551,0
width_k2_seed42_current_tta,10m,common,0.5,SID81,2022-06-18,296120,5569,336,746551,0
width_k2_seed43_current_tta,10m,own,0.3,SID81,2022-06-18,296429,10692,27,741428,0
width_k2_seed43_current_tta,10m,common,0.3,SID81,2022-06-18,296429,10692,27,741428,0
width_k2_seed43_current_tta,10m,own,0.5,SID81,2022-06-18,296363,7831,93,744289,0
width_k2_seed43_current_tta,10m,common,0.5,SID81,2022-06-18,296363,7831,93,744289,0
width_k2_seed44_current_tta,10m,own,0.3,SID81,2022-06-18,296289,8710,167,743410,0
width_k2_seed44_current_tta,10m,common,0.3,SID81,2022-06-18,296289,8710,167,743410,0
width_k2_seed44_current_tta,10m,own,0.5,SID81,2022-06-18,296057,6092,399,746028,0
width_k2_seed44_current_tta,10m,common,0.5,SID81,2022-06-18,296057,6092,399,746028,0
width_k3_seed42_current_tta,10m,own,0.3,SID81,2022-06-18,296173,6082,283,746038,0
width_k3_seed42_current_tta,10m,common,0.3,SID81,2022-06-18,296173,6082,283,746038,0
width_k3_seed42_current_tta,10m,own,0.5,SID81,2022-06-18,295744,3693,712,748427,0
width_k3_seed42_current_tta,10m,common,0.5,SID81,2022-06-18,295744,3693,712,748427,0
width_k3_seed43_current_tta,10m,own,0.3,SID81,2022-06-18,296199,6621,257,745499,0
width_k3_seed43_current_tta,10m,common,0.3,SID81,2022-06-18,296199,6621,257,745499,0
width_k3_seed43_current_tta,10m,own,0.5,SID81,2022-06-18,295855,4220,601,747900,0
width_k3_seed43_current_tta,10m,common,0.5,SID81,2022-06-18,295855,4220,601,747900,0
width_k3_seed44_current_tta,10m,own,0.3,SID81,2022-06-18,296348,7695,108,744425,0
width_k3_seed44_current_tta,10m,common,0.3,SID81,2022-06-18,296348,7695,108,744425,0
width_k3_seed44_current_tta,10m,own,0.5,SID81,2022-06-18,296120,5062,336,747058,0
width_k3_seed44_current_tta,10m,common,0.5,SID81,2022-06-18,296120,5062,336,747058,0
width_k4_seed42_current_tta,10m,own,0.3,SID81,2022-06-18,296201,6902,255,745218,0
width_k4_seed42_current_tta,10m,common,0.3,SID81,2022-06-18,296201,6902,255,745218,0
width_k4_seed42_current_tta,10m,own,0.5,SID81,2022-06-18,295849,4522,607,747598,0
width_k4_seed42_current_tta,10m,common,0.5,SID81,2022-06-18,295849,4522,607,747598,0
width_k4_seed43_current_tta,10m,own,0.3,SID81,2022-06-18,296350,8418,106,743702,0
width_k4_seed43_current_tta,10m,common,0.3,SID81,2022-06-18,296350,8418,106,743702,0
width_k4_seed43_current_tta,10m,own,0.5,SID81,2022-06-18,296143,5830,313,746290,0
width_k4_seed43_current_tta,10m,common,0.5,SID81,2022-06-18,296143,5830,313,746290,0
width_k4_seed44_current_tta,10m,own,0.3,SID81,2022-06-18,296325,7726,131,744394,0
width_k4_seed44_current_tta,10m,common,0.3,SID81,2022-06-18,296325,7726,131,744394,0
width_k4_seed44_current_tta,10m,own,0.5,SID81,2022-06-18,296093,5185,363,746935,0
width_k4_seed44_current_tta,10m,common,0.5,SID81,2022-06-18,296093,5185,363,746935,0
width_k8_seed42_current_tta,10m,own,0.3,SID81,2022-06-18,296165,6463,291,745657,0
width_k8_seed42_current_tta,10m,common,0.3,SID81,2022-06-18,296165,6463,291,745657,0
width_k8_seed42_current_tta,10m,own,0.5,SID81,2022-06-18,295763,4070,693,748050,0
width_k8_seed42_current_tta,10m,common,0.5,SID81,2022-06-18,295763,4070,693,748050,0
width_k8_seed43_current_tta,10m,own,0.3,SID81,2022-06-18,296215,6610,241,745510,0
width_k8_seed43_current_tta,10m,common,0.3,SID81,2022-06-18,296215,6610,241,745510,0
width_k8_seed43_current_tta,10m,own,0.5,SID81,2022-06-18,295817,4158,639,747962,0
width_k8_seed43_current_tta,10m,common,0.5,SID81,2022-06-18,295817,4158,639,747962,0
width_k8_seed44_current_tta,10m,own,0.3,SID81,2022-06-18,296339,7532,117,744588,0
width_k8_seed44_current_tta,10m,common,0.3,SID81,2022-06-18,296339,7532,117,744588,0
width_k8_seed44_current_tta,10m,own,0.5,SID81,2022-06-18,296083,5001,373,747119,0
width_k8_seed44_current_tta,10m,common,0.5,SID81,2022-06-18,296083,5001,373,747119,0
width_k16_seed42_current_tta,10m,own,0.3,SID81,2022-06-18,296075,5426,381,746694,0
width_k16_seed42_current_tta,10m,common,0.3,SID81,2022-06-18,296075,5426,381,746694,0
width_k16_seed42_current_tta,10m,own,0.5,SID81,2022-06-18,295591,3254,865,748866,0
width_k16_seed42_current_tta,10m,common,0.5,SID81,2022-06-18,295591,3254,865,748866,0
width_k16_seed43_current_tta,10m,own,0.3,SID81,2022-06-18,296138,5615,318,746505,0
width_k16_seed43_current_tta,10m,common,0.3,SID81,2022-06-18,296138,5615,318,746505,0
width_k16_seed43_current_tta,10m,own,0.5,SID81,2022-06-18,295695,3369,761,748751,0
width_k16_seed43_current_tta,10m,common,0.5,SID81,2022-06-18,295695,3369,761,748751,0
width_k16_seed44_current_tta,10m,own,0.3,SID81,2022-06-18,296174,6045,282,746075,0
width_k16_seed44_current_tta,10m,common,0.3,SID81,2022-06-18,296174,6045,282,746075,0
width_k16_seed44_current_tta,10m,own,0.5,SID81,2022-06-18,295761,3792,695,748328,0
width_k16_seed44_current_tta,10m,common,0.5,SID81,2022-06-18,295761,3792,695,748328,0
train1000_k16_seed42_current_tta,10m,own,0.3,SID81,2022-06-18,296133,7300,323,744820,0
train1000_k16_seed42_current_tta,10m,common,0.3,SID81,2022-06-18,296133,7300,323,744820,0
train1000_k16_seed42_current_tta,10m,own,0.5,SID81,2022-06-18,295529,4409,927,747711,0
train1000_k16_seed42_current_tta,10m,common,0.5,SID81,2022-06-18,295529,4409,927,747711,0
train1000_k16_seed43_current_tta,10m,own,0.3,SID81,2022-06-18,296012,6465,444,745655,0
train1000_k16_seed43_current_tta,10m,common,0.3,SID81,2022-06-18,296012,6465,444,745655,0
train1000_k16_seed43_current_tta,10m,own,0.5,SID81,2022-06-18,295265,3742,1191,748378,0
train1000_k16_seed43_current_tta,10m,common,0.5,SID81,2022-06-18,295265,3742,1191,748378,0
train1000_k16_seed44_current_tta,10m,own,0.3,SID81,2022-06-18,296236,8398,220,743722,0
train1000_k16_seed44_current_tta,10m,common,0.3,SID81,2022-06-18,296236,8398,220,743722,0
train1000_k16_seed44_current_tta,10m,own,0.5,SID81,2022-06-18,295784,5362,672,746758,0
train1000_k16_seed44_current_tta,10m,common,0.5,SID81,2022-06-18,295784,5362,672,746758,0
train2000_k16_seed42_current_tta,10m,own,0.3,SID81,2022-06-18,296246,7266,210,744854,0
train2000_k16_seed42_current_tta,10m,common,0.3,SID81,2022-06-18,296246,7266,210,744854,0
train2000_k16_seed42_current_tta,10m,own,0.5,SID81,2022-06-18,295901,4654,555,747466,0
train2000_k16_seed42_current_tta,10m,common,0.5,SID81,2022-06-18,295901,4654,555,747466,0
train2000_k16_seed43_current_tta,10m,own,0.3,SID81,2022-06-18,296259,7130,197,744990,0
train2000_k16_seed43_current_tta,10m,common,0.3,SID81,2022-06-18,296259,7130,197,744990,0
train2000_k16_seed43_current_tta,10m,own,0.5,SID81,2022-06-18,295903,4517,553,747603,0
train2000_k16_seed43_current_tta,10m,common,0.5,SID81,2022-06-18,295903,4517,553,747603,0
train2000_k16_seed44_current_tta,10m,own,0.3,SID81,2022-06-18,296415,10290,41,741830,0
train2000_k16_seed44_current_tta,10m,common,0.3,SID81,2022-06-18,296415,10290,41,741830,0
train2000_k16_seed44_current_tta,10m,own,0.5,SID81,2022-06-18,296315,7455,141,744665,0
train2000_k16_seed44_current_tta,10m,common,0.5,SID81,2022-06-18,296315,7455,141,744665,0
train3000_k16_seed42_current_tta,10m,own,0.3,SID81,2022-06-18,296131,5691,325,746429,0
train3000_k16_seed42_current_tta,10m,common,0.3,SID81,2022-06-18,296131,5691,325,746429,0
train3000_k16_seed42_current_tta,10m,own,0.5,SID81,2022-06-18,295673,3392,783,748728,0
train3000_k16_seed42_current_tta,10m,common,0.5,SID81,2022-06-18,295673,3392,783,748728,0
train3000_k16_seed43_current_tta,10m,own,0.3,SID81,2022-06-18,296224,6509,232,745611,0
train3000_k16_seed43_current_tta,10m,common,0.3,SID81,2022-06-18,296224,6509,232,745611,0
train3000_k16_seed43_current_tta,10m,own,0.5,SID81,2022-06-18,295853,4092,603,748028,0
train3000_k16_seed43_current_tta,10m,common,0.5,SID81,2022-06-18,295853,4092,603,748028,0
train3000_k16_seed44_current_tta,10m,own,0.3,SID81,2022-06-18,296361,8426,95,743694,0
train3000_k16_seed44_current_tta,10m,common,0.3,SID81,2022-06-18,296361,8426,95,743694,0
train3000_k16_seed44_current_tta,10m,own,0.5,SID81,2022-06-18,296176,5857,280,746263,0
train3000_k16_seed44_current_tta,10m,common,0.5,SID81,2022-06-18,296176,5857,280,746263,0
width_k0_seed42_current_tta,10m,own,0.3,SID83,2022-05-05,83800,2560,70822,891394,0
width_k0_seed42_current_tta,10m,common,0.3,SID83,2022-05-05,83800,2560,70822,891394,0
width_k0_seed42_current_tta,10m,own,0.5,SID83,2022-05-05,70926,1541,83696,892413,0
width_k0_seed42_current_tta,10m,common,0.5,SID83,2022-05-05,70926,1541,83696,892413,0
width_k0_seed43_current_tta,10m,own,0.3,SID83,2022-05-05,121088,4626,33534,889328,0
width_k0_seed43_current_tta,10m,common,0.3,SID83,2022-05-05,121088,4626,33534,889328,0
width_k0_seed43_current_tta,10m,own,0.5,SID83,2022-05-05,108481,3206,46141,890748,0
width_k0_seed43_current_tta,10m,common,0.5,SID83,2022-05-05,108481,3206,46141,890748,0
width_k0_seed44_current_tta,10m,own,0.3,SID83,2022-05-05,89641,3526,64981,890428,0
width_k0_seed44_current_tta,10m,common,0.3,SID83,2022-05-05,89641,3526,64981,890428,0
width_k0_seed44_current_tta,10m,own,0.5,SID83,2022-05-05,80817,2223,73805,891731,0
width_k0_seed44_current_tta,10m,common,0.5,SID83,2022-05-05,80817,2223,73805,891731,0
width_k1_seed42_current_tta,10m,own,0.3,SID83,2022-05-05,152117,5578,2505,888376,0
width_k1_seed42_current_tta,10m,common,0.3,SID83,2022-05-05,152117,5578,2505,888376,0
width_k1_seed42_current_tta,10m,own,0.5,SID83,2022-05-05,149823,3884,4799,890070,0
width_k1_seed42_current_tta,10m,common,0.5,SID83,2022-05-05,149823,3884,4799,890070,0
width_k1_seed43_current_tta,10m,own,0.3,SID83,2022-05-05,154444,10317,178,883637,0
width_k1_seed43_current_tta,10m,common,0.3,SID83,2022-05-05,154444,10317,178,883637,0
width_k1_seed43_current_tta,10m,own,0.5,SID83,2022-05-05,153928,7606,694,886348,0
width_k1_seed43_current_tta,10m,common,0.5,SID83,2022-05-05,153928,7606,694,886348,0
width_k1_seed44_current_tta,10m,own,0.3,SID83,2022-05-05,151281,3896,3341,890058,0
width_k1_seed44_current_tta,10m,common,0.3,SID83,2022-05-05,151281,3896,3341,890058,0
width_k1_seed44_current_tta,10m,own,0.5,SID83,2022-05-05,148162,2269,6460,891685,0
width_k1_seed44_current_tta,10m,common,0.5,SID83,2022-05-05,148162,2269,6460,891685,0
width_k2_seed42_current_tta,10m,own,0.3,SID83,2022-05-05,153687,7808,935,886146,0
width_k2_seed42_current_tta,10m,common,0.3,SID83,2022-05-05,153687,7808,935,886146,0
width_k2_seed42_current_tta,10m,own,0.5,SID83,2022-05-05,152334,5717,2288,888237,0
width_k2_seed42_current_tta,10m,common,0.5,SID83,2022-05-05,152334,5717,2288,888237,0
width_k2_seed43_current_tta,10m,own,0.3,SID83,2022-05-05,153985,7088,637,886866,0
width_k2_seed43_current_tta,10m,common,0.3,SID83,2022-05-05,153985,7088,637,886866,0
width_k2_seed43_current_tta,10m,own,0.5,SID83,2022-05-05,152618,5124,2004,888830,0
width_k2_seed43_current_tta,10m,common,0.5,SID83,2022-05-05,152618,5124,2004,888830,0
width_k2_seed44_current_tta,10m,own,0.3,SID83,2022-05-05,154025,8696,597,885258,0
width_k2_seed44_current_tta,10m,common,0.3,SID83,2022-05-05,154025,8696,597,885258,0
width_k2_seed44_current_tta,10m,own,0.5,SID83,2022-05-05,153127,6438,1495,887516,0
width_k2_seed44_current_tta,10m,common,0.5,SID83,2022-05-05,153127,6438,1495,887516,0
width_k3_seed42_current_tta,10m,own,0.3,SID83,2022-05-05,154406,9785,216,884169,0
width_k3_seed42_current_tta,10m,common,0.3,SID83,2022-05-05,154406,9785,216,884169,0
width_k3_seed42_current_tta,10m,own,0.5,SID83,2022-05-05,154108,7651,514,886303,0
width_k3_seed42_current_tta,10m,common,0.5,SID83,2022-05-05,154108,7651,514,886303,0
width_k3_seed43_current_tta,10m,own,0.3,SID83,2022-05-05,154560,11361,62,882593,0
width_k3_seed43_current_tta,10m,common,0.3,SID83,2022-05-05,154560,11361,62,882593,0
width_k3_seed43_current_tta,10m,own,0.5,SID83,2022-05-05,154389,9042,233,884912,0
width_k3_seed43_current_tta,10m,common,0.5,SID83,2022-05-05,154389,9042,233,884912,0
width_k3_seed44_current_tta,10m,own,0.3,SID83,2022-05-05,153528,6469,1094,887485,0
width_k3_seed44_current_tta,10m,common,0.3,SID83,2022-05-05,153528,6469,1094,887485,0
width_k3_seed44_current_tta,10m,own,0.5,SID83,2022-05-05,151962,4758,2660,889196,0
width_k3_seed44_current_tta,10m,common,0.5,SID83,2022-05-05,151962,4758,2660,889196,0
width_k4_seed42_current_tta,10m,own,0.3,SID83,2022-05-05,154412,8998,210,884956,0
width_k4_seed42_current_tta,10m,common,0.3,SID83,2022-05-05,154412,8998,210,884956,0
width_k4_seed42_current_tta,10m,own,0.5,SID83,2022-05-05,154172,6868,450,887086,0
width_k4_seed42_current_tta,10m,common,0.5,SID83,2022-05-05,154172,6868,450,887086,0
width_k4_seed43_current_tta,10m,own,0.3,SID83,2022-05-05,153718,7741,904,886213,0
width_k4_seed43_current_tta,10m,common,0.3,SID83,2022-05-05,153718,7741,904,886213,0
width_k4_seed43_current_tta,10m,own,0.5,SID83,2022-05-05,152103,5878,2519,888076,0
width_k4_seed43_current_tta,10m,common,0.5,SID83,2022-05-05,152103,5878,2519,888076,0
width_k4_seed44_current_tta,10m,own,0.3,SID83,2022-05-05,154278,8416,344,885538,0
width_k4_seed44_current_tta,10m,common,0.3,SID83,2022-05-05,154278,8416,344,885538,0
width_k4_seed44_current_tta,10m,own,0.5,SID83,2022-05-05,153693,6410,929,887544,0
width_k4_seed44_current_tta,10m,common,0.5,SID83,2022-05-05,153693,6410,929,887544,0
width_k8_seed42_current_tta,10m,own,0.3,SID83,2022-05-05,153966,8345,656,885609,0
width_k8_seed42_current_tta,10m,common,0.3,SID83,2022-05-05,153966,8345,656,885609,0
width_k8_seed42_current_tta,10m,own,0.5,SID83,2022-05-05,152683,6405,1939,887549,0
width_k8_seed42_current_tta,10m,common,0.5,SID83,2022-05-05,152683,6405,1939,887549,0
width_k8_seed43_current_tta,10m,own,0.3,SID83,2022-05-05,154245,9106,377,884848,0
width_k8_seed43_current_tta,10m,common,0.3,SID83,2022-05-05,154245,9106,377,884848,0
width_k8_seed43_current_tta,10m,own,0.5,SID83,2022-05-05,153573,6973,1049,886981,0
width_k8_seed43_current_tta,10m,common,0.5,SID83,2022-05-05,153573,6973,1049,886981,0
width_k8_seed44_current_tta,10m,own,0.3,SID83,2022-05-05,153713,7528,909,886426,0
width_k8_seed44_current_tta,10m,common,0.3,SID83,2022-05-05,153713,7528,909,886426,0
width_k8_seed44_current_tta,10m,own,0.5,SID83,2022-05-05,152199,5648,2423,888306,0
width_k8_seed44_current_tta,10m,common,0.5,SID83,2022-05-05,152199,5648,2423,888306,0
width_k16_seed42_current_tta,10m,own,0.3,SID83,2022-05-05,153802,8234,820,885720,0
width_k16_seed42_current_tta,10m,common,0.3,SID83,2022-05-05,153802,8234,820,885720,0
width_k16_seed42_current_tta,10m,own,0.5,SID83,2022-05-05,152401,6395,2221,887559,0
width_k16_seed42_current_tta,10m,common,0.5,SID83,2022-05-05,152401,6395,2221,887559,0
width_k16_seed43_current_tta,10m,own,0.3,SID83,2022-05-05,152984,7359,1638,886595,0
width_k16_seed43_current_tta,10m,common,0.3,SID83,2022-05-05,152984,7359,1638,886595,0
width_k16_seed43_current_tta,10m,own,0.5,SID83,2022-05-05,150918,5549,3704,888405,0
width_k16_seed43_current_tta,10m,common,0.5,SID83,2022-05-05,150918,5549,3704,888405,0
width_k16_seed44_current_tta,10m,own,0.3,SID83,2022-05-05,152370,7221,2252,886733,0
width_k16_seed44_current_tta,10m,common,0.3,SID83,2022-05-05,152370,7221,2252,886733,0
width_k16_seed44_current_tta,10m,own,0.5,SID83,2022-05-05,150645,5433,3977,888521,0
width_k16_seed44_current_tta,10m,common,0.5,SID83,2022-05-05,150645,5433,3977,888521,0
train1000_k16_seed42_current_tta,10m,own,0.3,SID83,2022-05-05,136256,1734,18366,892220,0
train1000_k16_seed42_current_tta,10m,common,0.3,SID83,2022-05-05,136256,1734,18366,892220,0
train1000_k16_seed42_current_tta,10m,own,0.5,SID83,2022-05-05,124631,679,29991,893275,0
train1000_k16_seed42_current_tta,10m,common,0.5,SID83,2022-05-05,124631,679,29991,893275,0
train1000_k16_seed43_current_tta,10m,own,0.3,SID83,2022-05-05,142985,3891,11637,890063,0
train1000_k16_seed43_current_tta,10m,common,0.3,SID83,2022-05-05,142985,3891,11637,890063,0
train1000_k16_seed43_current_tta,10m,own,0.5,SID83,2022-05-05,130367,2210,24255,891744,0
train1000_k16_seed43_current_tta,10m,common,0.5,SID83,2022-05-05,130367,2210,24255,891744,0
train1000_k16_seed44_current_tta,10m,own,0.3,SID83,2022-05-05,112343,1716,42279,892238,0
train1000_k16_seed44_current_tta,10m,common,0.3,SID83,2022-05-05,112343,1716,42279,892238,0
train1000_k16_seed44_current_tta,10m,own,0.5,SID83,2022-05-05,89942,843,64680,893111,0
train1000_k16_seed44_current_tta,10m,common,0.5,SID83,2022-05-05,89942,843,64680,893111,0
train2000_k16_seed42_current_tta,10m,own,0.3,SID83,2022-05-05,154162,8321,460,885633,0
train2000_k16_seed42_current_tta,10m,common,0.3,SID83,2022-05-05,154162,8321,460,885633,0
train2000_k16_seed42_current_tta,10m,own,0.5,SID83,2022-05-05,153218,6067,1404,887887,0
train2000_k16_seed42_current_tta,10m,common,0.5,SID83,2022-05-05,153218,6067,1404,887887,0
train2000_k16_seed43_current_tta,10m,own,0.3,SID83,2022-05-05,154036,8560,586,885394,0
train2000_k16_seed43_current_tta,10m,common,0.3,SID83,2022-05-05,154036,8560,586,885394,0
train2000_k16_seed43_current_tta,10m,own,0.5,SID83,2022-05-05,153224,6342,1398,887612,0
train2000_k16_seed43_current_tta,10m,common,0.5,SID83,2022-05-05,153224,6342,1398,887612,0
train2000_k16_seed44_current_tta,10m,own,0.3,SID83,2022-05-05,154287,8386,335,885568,0
train2000_k16_seed44_current_tta,10m,common,0.3,SID83,2022-05-05,154287,8386,335,885568,0
train2000_k16_seed44_current_tta,10m,own,0.5,SID83,2022-05-05,153859,6178,763,887776,0
train2000_k16_seed44_current_tta,10m,common,0.5,SID83,2022-05-05,153859,6178,763,887776,0
train3000_k16_seed42_current_tta,10m,own,0.3,SID83,2022-05-05,153984,8223,638,885731,0
train3000_k16_seed42_current_tta,10m,common,0.3,SID83,2022-05-05,153984,8223,638,885731,0
train3000_k16_seed42_current_tta,10m,own,0.5,SID83,2022-05-05,152522,6295,2100,887659,0
train3000_k16_seed42_current_tta,10m,common,0.5,SID83,2022-05-05,152522,6295,2100,887659,0
train3000_k16_seed43_current_tta,10m,own,0.3,SID83,2022-05-05,154009,8357,613,885597,0
train3000_k16_seed43_current_tta,10m,common,0.3,SID83,2022-05-05,154009,8357,613,885597,0
train3000_k16_seed43_current_tta,10m,own,0.5,SID83,2022-05-05,153024,6407,1598,887547,0
train3000_k16_seed43_current_tta,10m,common,0.5,SID83,2022-05-05,153024,6407,1598,887547,0
train3000_k16_seed44_current_tta,10m,own,0.3,SID83,2022-05-05,153869,7337,753,886617,0
train3000_k16_seed44_current_tta,10m,common,0.3,SID83,2022-05-05,153869,7337,753,886617,0
train3000_k16_seed44_current_tta,10m,own,0.5,SID83,2022-05-05,152658,5476,1964,888478,0
train3000_k16_seed44_current_tta,10m,common,0.5,SID83,2022-05-05,152658,5476,1964,888478,0
width_k0_seed42_current_tta,10m,own,0.3,SID85,2022-06-09,374885,6579,98,667014,0
width_k0_seed42_current_tta,10m,common,0.3,SID85,2022-06-09,374885,6579,98,649614,0
width_k0_seed42_current_tta,10m,own,0.5,SID85,2022-06-09,374831,5320,152,668273,0
width_k0_seed42_current_tta,10m,common,0.5,SID85,2022-06-09,374831,5320,152,650873,0
width_k0_seed43_current_tta,10m,own,0.3,SID85,2022-06-09,374932,6898,51,666695,0
width_k0_seed43_current_tta,10m,common,0.3,SID85,2022-06-09,374932,6898,51,649295,0
width_k0_seed43_current_tta,10m,own,0.5,SID85,2022-06-09,374864,5563,119,668030,0
width_k0_seed43_current_tta,10m,common,0.5,SID85,2022-06-09,374864,5563,119,650630,0
width_k0_seed44_current_tta,10m,own,0.3,SID85,2022-06-09,374871,6502,112,667091,0
width_k0_seed44_current_tta,10m,common,0.3,SID85,2022-06-09,374871,6502,112,649691,0
width_k0_seed44_current_tta,10m,own,0.5,SID85,2022-06-09,374800,5274,183,668319,0
width_k0_seed44_current_tta,10m,common,0.5,SID85,2022-06-09,374800,5274,183,650919,0
width_k1_seed42_current_tta,10m,own,0.3,SID85,2022-06-09,374983,8006,0,665587,0
width_k1_seed42_current_tta,10m,common,0.3,SID85,2022-06-09,374983,8006,0,648187,0
width_k1_seed42_current_tta,10m,own,0.5,SID85,2022-06-09,374975,6658,8,666935,0
width_k1_seed42_current_tta,10m,common,0.5,SID85,2022-06-09,374975,6658,8,649535,0
width_k1_seed43_current_tta,10m,own,0.3,SID85,2022-06-09,374983,6633,0,666960,0
width_k1_seed43_current_tta,10m,common,0.3,SID85,2022-06-09,374983,6633,0,649560,0
width_k1_seed43_current_tta,10m,own,0.5,SID85,2022-06-09,374959,5337,24,668256,0
width_k1_seed43_current_tta,10m,common,0.5,SID85,2022-06-09,374959,5337,24,650856,0
width_k1_seed44_current_tta,10m,own,0.3,SID85,2022-06-09,374983,8337,0,665256,0
width_k1_seed44_current_tta,10m,common,0.3,SID85,2022-06-09,374983,8337,0,647856,0
width_k1_seed44_current_tta,10m,own,0.5,SID85,2022-06-09,374972,6955,11,666638,0
width_k1_seed44_current_tta,10m,common,0.5,SID85,2022-06-09,374972,6955,11,649238,0
width_k2_seed42_current_tta,10m,own,0.3,SID85,2022-06-09,374983,7818,0,665775,0
width_k2_seed42_current_tta,10m,common,0.3,SID85,2022-06-09,374983,7818,0,648375,0
width_k2_seed42_current_tta,10m,own,0.5,SID85,2022-06-09,374981,6515,2,667078,0
width_k2_seed42_current_tta,10m,common,0.5,SID85,2022-06-09,374981,6515,2,649678,0
width_k2_seed43_current_tta,10m,own,0.3,SID85,2022-06-09,374982,9203,1,664390,0
width_k2_seed43_current_tta,10m,common,0.3,SID85,2022-06-09,374982,9203,1,646990,0
width_k2_seed43_current_tta,10m,own,0.5,SID85,2022-06-09,374978,7903,5,665690,0
width_k2_seed43_current_tta,10m,common,0.5,SID85,2022-06-09,374978,7903,5,648290,0
width_k2_seed44_current_tta,10m,own,0.3,SID85,2022-06-09,374983,7173,0,666420,0
width_k2_seed44_current_tta,10m,common,0.3,SID85,2022-06-09,374983,7173,0,649020,0
width_k2_seed44_current_tta,10m,own,0.5,SID85,2022-06-09,374976,5931,7,667662,0
width_k2_seed44_current_tta,10m,common,0.5,SID85,2022-06-09,374976,5931,7,650262,0
width_k3_seed42_current_tta,10m,own,0.3,SID85,2022-06-09,374981,7133,2,666460,0
width_k3_seed42_current_tta,10m,common,0.3,SID85,2022-06-09,374981,7133,2,649060,0
width_k3_seed42_current_tta,10m,own,0.5,SID85,2022-06-09,374976,5934,7,667659,0
width_k3_seed42_current_tta,10m,common,0.5,SID85,2022-06-09,374976,5934,7,650259,0
width_k3_seed43_current_tta,10m,own,0.3,SID85,2022-06-09,374983,7504,0,666089,0
width_k3_seed43_current_tta,10m,common,0.3,SID85,2022-06-09,374983,7504,0,648689,0
width_k3_seed43_current_tta,10m,own,0.5,SID85,2022-06-09,374973,6352,10,667241,0
width_k3_seed43_current_tta,10m,common,0.5,SID85,2022-06-09,374973,6352,10,649841,0
width_k3_seed44_current_tta,10m,own,0.3,SID85,2022-06-09,374983,7100,0,666493,0
width_k3_seed44_current_tta,10m,common,0.3,SID85,2022-06-09,374983,7100,0,649093,0
width_k3_seed44_current_tta,10m,own,0.5,SID85,2022-06-09,374977,5892,6,667701,0
width_k3_seed44_current_tta,10m,common,0.5,SID85,2022-06-09,374977,5892,6,650301,0
width_k4_seed42_current_tta,10m,own,0.3,SID85,2022-06-09,374980,7213,3,666380,0
width_k4_seed42_current_tta,10m,common,0.3,SID85,2022-06-09,374980,7213,3,648980,0
width_k4_seed42_current_tta,10m,own,0.5,SID85,2022-06-09,374968,5999,15,667594,0
width_k4_seed42_current_tta,10m,common,0.5,SID85,2022-06-09,374968,5999,15,650194,0
width_k4_seed43_current_tta,10m,own,0.3,SID85,2022-06-09,374977,6756,6,666837,0
width_k4_seed43_current_tta,10m,common,0.3,SID85,2022-06-09,374977,6756,6,649437,0
width_k4_seed43_current_tta,10m,own,0.5,SID85,2022-06-09,374955,5644,28,667949,0
width_k4_seed43_current_tta,10m,common,0.5,SID85,2022-06-09,374955,5644,28,650549,0
width_k4_seed44_current_tta,10m,own,0.3,SID85,2022-06-09,374983,9128,0,664465,0
width_k4_seed44_current_tta,10m,common,0.3,SID85,2022-06-09,374983,9128,0,647065,0
width_k4_seed44_current_tta,10m,own,0.5,SID85,2022-06-09,374983,7911,0,665682,0
width_k4_seed44_current_tta,10m,common,0.5,SID85,2022-06-09,374983,7911,0,648282,0
width_k8_seed42_current_tta,10m,own,0.3,SID85,2022-06-09,374983,7442,0,666151,0
width_k8_seed42_current_tta,10m,common,0.3,SID85,2022-06-09,374983,7442,0,648751,0
width_k8_seed42_current_tta,10m,own,0.5,SID85,2022-06-09,374983,6283,0,667310,0
width_k8_seed42_current_tta,10m,common,0.5,SID85,2022-06-09,374983,6283,0,649910,0
width_k8_seed43_current_tta,10m,own,0.3,SID85,2022-06-09,374983,7127,0,666466,0
width_k8_seed43_current_tta,10m,common,0.3,SID85,2022-06-09,374983,7127,0,649066,0
width_k8_seed43_current_tta,10m,own,0.5,SID85,2022-06-09,374977,5952,6,667641,0
width_k8_seed43_current_tta,10m,common,0.5,SID85,2022-06-09,374977,5952,6,650241,0
width_k8_seed44_current_tta,10m,own,0.3,SID85,2022-06-09,374983,7522,0,666071,0
width_k8_seed44_current_tta,10m,common,0.3,SID85,2022-06-09,374983,7522,0,648671,0
width_k8_seed44_current_tta,10m,own,0.5,SID85,2022-06-09,374978,6407,5,667186,0
width_k8_seed44_current_tta,10m,common,0.5,SID85,2022-06-09,374978,6407,5,649786,0
width_k16_seed42_current_tta,10m,own,0.3,SID85,2022-06-09,374983,7382,0,666211,0
width_k16_seed42_current_tta,10m,common,0.3,SID85,2022-06-09,374983,7382,0,648811,0
width_k16_seed42_current_tta,10m,own,0.5,SID85,2022-06-09,374981,6300,2,667293,0
width_k16_seed42_current_tta,10m,common,0.5,SID85,2022-06-09,374981,6300,2,649893,0
width_k16_seed43_current_tta,10m,own,0.3,SID85,2022-06-09,374983,7212,0,666381,0
width_k16_seed43_current_tta,10m,common,0.3,SID85,2022-06-09,374983,7212,0,648981,0
width_k16_seed43_current_tta,10m,own,0.5,SID85,2022-06-09,374983,6117,0,667476,0
width_k16_seed43_current_tta,10m,common,0.5,SID85,2022-06-09,374983,6117,0,650076,0
width_k16_seed44_current_tta,10m,own,0.3,SID85,2022-06-09,374983,7875,0,665718,0
width_k16_seed44_current_tta,10m,common,0.3,SID85,2022-06-09,374983,7875,0,648318,0
width_k16_seed44_current_tta,10m,own,0.5,SID85,2022-06-09,374983,6756,0,666837,0
width_k16_seed44_current_tta,10m,common,0.5,SID85,2022-06-09,374983,6756,0,649437,0
train1000_k16_seed42_current_tta,10m,own,0.3,SID85,2022-06-09,374823,4803,160,668790,0
train1000_k16_seed42_current_tta,10m,common,0.3,SID85,2022-06-09,374823,4803,160,651390,0
train1000_k16_seed42_current_tta,10m,own,0.5,SID85,2022-06-09,374627,3296,356,670297,0
train1000_k16_seed42_current_tta,10m,common,0.5,SID85,2022-06-09,374627,3296,356,652897,0
train1000_k16_seed43_current_tta,10m,own,0.3,SID85,2022-06-09,374926,5805,57,667788,0
train1000_k16_seed43_current_tta,10m,common,0.3,SID85,2022-06-09,374926,5805,57,650388,0
train1000_k16_seed43_current_tta,10m,own,0.5,SID85,2022-06-09,374823,4161,160,669432,0
train1000_k16_seed43_current_tta,10m,common,0.5,SID85,2022-06-09,374823,4161,160,652032,0
train1000_k16_seed44_current_tta,10m,own,0.3,SID85,2022-06-09,374842,5728,141,667865,0
train1000_k16_seed44_current_tta,10m,common,0.3,SID85,2022-06-09,374842,5728,141,650465,0
train1000_k16_seed44_current_tta,10m,own,0.5,SID85,2022-06-09,374718,4139,265,669454,0
train1000_k16_seed44_current_tta,10m,common,0.5,SID85,2022-06-09,374718,4139,265,652054,0
train2000_k16_seed42_current_tta,10m,own,0.3,SID85,2022-06-09,374975,6579,8,667014,0
train2000_k16_seed42_current_tta,10m,common,0.3,SID85,2022-06-09,374975,6579,8,649614,0
train2000_k16_seed42_current_tta,10m,own,0.5,SID85,2022-06-09,374953,5327,30,668266,0
train2000_k16_seed42_current_tta,10m,common,0.5,SID85,2022-06-09,374953,5327,30,650866,0
train2000_k16_seed43_current_tta,10m,own,0.3,SID85,2022-06-09,374983,8006,0,665587,0
train2000_k16_seed43_current_tta,10m,common,0.3,SID85,2022-06-09,374983,8006,0,648187,0
train2000_k16_seed43_current_tta,10m,own,0.5,SID85,2022-06-09,374983,6671,0,666922,0
train2000_k16_seed43_current_tta,10m,common,0.5,SID85,2022-06-09,374983,6671,0,649522,0
train2000_k16_seed44_current_tta,10m,own,0.3,SID85,2022-06-09,374983,7312,0,666281,0
train2000_k16_seed44_current_tta,10m,common,0.3,SID85,2022-06-09,374983,7312,0,648881,0
train2000_k16_seed44_current_tta,10m,own,0.5,SID85,2022-06-09,374980,6061,3,667532,0
train2000_k16_seed44_current_tta,10m,common,0.5,SID85,2022-06-09,374980,6061,3,650132,0
train3000_k16_seed42_current_tta,10m,own,0.3,SID85,2022-06-09,374982,7283,1,666310,0
train3000_k16_seed42_current_tta,10m,common,0.3,SID85,2022-06-09,374982,7283,1,648910,0
train3000_k16_seed42_current_tta,10m,own,0.5,SID85,2022-06-09,374978,6118,5,667475,0
train3000_k16_seed42_current_tta,10m,common,0.5,SID85,2022-06-09,374978,6118,5,650075,0
train3000_k16_seed43_current_tta,10m,own,0.3,SID85,2022-06-09,374983,7424,0,666169,0
train3000_k16_seed43_current_tta,10m,common,0.3,SID85,2022-06-09,374983,7424,0,648769,0
train3000_k16_seed43_current_tta,10m,own,0.5,SID85,2022-06-09,374983,6266,0,667327,0
train3000_k16_seed43_current_tta,10m,common,0.5,SID85,2022-06-09,374983,6266,0,649927,0
train3000_k16_seed44_current_tta,10m,own,0.3,SID85,2022-06-09,374983,7600,0,665993,0
train3000_k16_seed44_current_tta,10m,common,0.3,SID85,2022-06-09,374983,7600,0,648593,0
train3000_k16_seed44_current_tta,10m,own,0.5,SID85,2022-06-09,374983,6471,0,667122,0
train3000_k16_seed44_current_tta,10m,common,0.5,SID85,2022-06-09,374983,6471,0,649722,0
width_k0_seed42_current_tta,10m,own,0.3,SID87,2022-05-13,7924,16154,14739,1009759,0
width_k0_seed42_current_tta,10m,common,0.3,SID87,2022-05-13,7702,15555,13120,960686,0
width_k0_seed42_current_tta,10m,own,0.5,SID87,2022-05-13,7149,12995,15514,1012918,0
width_k0_seed42_current_tta,10m,common,0.5,SID87,2022-05-13,6930,12429,13892,963812,0
width_k0_seed43_current_tta,10m,own,0.3,SID87,2022-05-13,8090,20867,14573,1005046,0
width_k0_seed43_current_tta,10m,common,0.3,SID87,2022-05-13,7868,20162,12954,956079,0
width_k0_seed43_current_tta,10m,own,0.5,SID87,2022-05-13,7326,16967,15337,1008946,0
width_k0_seed43_current_tta,10m,common,0.5,SID87,2022-05-13,7104,16324,13718,959917,0
width_k0_seed44_current_tta,10m,own,0.3,SID87,2022-05-13,7162,13827,15501,1012086,0
width_k0_seed44_current_tta,10m,common,0.3,SID87,2022-05-13,6940,13202,13882,963039,0
width_k0_seed44_current_tta,10m,own,0.5,SID87,2022-05-13,6330,11298,16333,1014615,0
width_k0_seed44_current_tta,10m,common,0.5,SID87,2022-05-13,6108,10730,14714,965511,0
width_k1_seed42_current_tta,10m,own,0.3,SID87,2022-05-13,16274,20914,6389,1004999,0
width_k1_seed42_current_tta,10m,common,0.3,SID87,2022-05-13,15819,20385,5003,955856,0
width_k1_seed42_current_tta,10m,own,0.5,SID87,2022-05-13,14240,14938,8423,1010975,0
width_k1_seed42_current_tta,10m,common,0.5,SID87,2022-05-13,13867,14601,6955,961640,0
width_k1_seed43_current_tta,10m,own,0.3,SID87,2022-05-13,16041,22329,6622,1003584,0
width_k1_seed43_current_tta,10m,common,0.3,SID87,2022-05-13,15634,21799,5188,954442,0
width_k1_seed43_current_tta,10m,own,0.5,SID87,2022-05-13,13831,16679,8832,1009234,0
width_k1_seed43_current_tta,10m,common,0.5,SID87,2022-05-13,13497,16313,7325,959928,0
width_k1_seed44_current_tta,10m,own,0.3,SID87,2022-05-13,13574,18694,9089,1007219,0
width_k1_seed44_current_tta,10m,common,0.3,SID87,2022-05-13,13209,18069,7613,958172,0
width_k1_seed44_current_tta,10m,own,0.5,SID87,2022-05-13,11973,13231,10690,1012682,0
width_k1_seed44_current_tta,10m,common,0.5,SID87,2022-05-13,11674,12740,9148,963501,0
width_k2_seed42_current_tta,10m,own,0.3,SID87,2022-05-13,17763,23464,4900,1002449,0
width_k2_seed42_current_tta,10m,common,0.3,SID87,2022-05-13,16888,22853,3934,953388,0
width_k2_seed42_current_tta,10m,own,0.5,SID87,2022-05-13,16171,17601,6492,1008312,0
width_k2_seed42_current_tta,10m,common,0.5,SID87,2022-05-13,15550,17207,5272,959034,0
width_k2_seed43_current_tta,10m,own,0.3,SID87,2022-05-13,16662,16941,6001,1008972,0
width_k2_seed43_current_tta,10m,common,0.3,SID87,2022-05-13,15732,16539,5090,959702,0
width_k2_seed43_current_tta,10m,own,0.5,SID87,2022-05-13,14625,11991,8038,1013922,0
width_k2_seed43_current_tta,10m,common,0.5,SID87,2022-05-13,14053,11789,6769,964452,0
width_k2_seed44_current_tta,10m,own,0.3,SID87,2022-05-13,17734,22899,4929,1003014,0
width_k2_seed44_current_tta,10m,common,0.3,SID87,2022-05-13,16724,22277,4098,953964,0
width_k2_seed44_current_tta,10m,own,0.5,SID87,2022-05-13,15971,17466,6692,1008447,0
width_k2_seed44_current_tta,10m,common,0.5,SID87,2022-05-13,15294,17056,5528,959185,0
width_k3_seed42_current_tta,10m,own,0.3,SID87,2022-05-13,18723,28247,3940,997666,0
width_k3_seed42_current_tta,10m,common,0.3,SID87,2022-05-13,17467,27529,3355,948712,0
width_k3_seed42_current_tta,10m,own,0.5,SID87,2022-05-13,17365,22271,5298,1003642,0
width_k3_seed42_current_tta,10m,common,0.5,SID87,2022-05-13,16393,21731,4429,954510,0
width_k3_seed43_current_tta,10m,own,0.3,SID87,2022-05-13,18996,26096,3667,999817,0
width_k3_seed43_current_tta,10m,common,0.3,SID87,2022-05-13,17961,25488,2861,950753,0
width_k3_seed43_current_tta,10m,own,0.5,SID87,2022-05-13,17544,20243,5119,1005670,0
width_k3_seed43_current_tta,10m,common,0.5,SID87,2022-05-13,16858,19860,3964,956381,0
width_k3_seed44_current_tta,10m,own,0.3,SID87,2022-05-13,16871,19355,5792,1006558,0
width_k3_seed44_current_tta,10m,common,0.3,SID87,2022-05-13,16204,18982,4618,957259,0
width_k3_seed44_current_tta,10m,own,0.5,SID87,2022-05-13,15033,14280,7630,1011633,0
width_k3_seed44_current_tta,10m,common,0.5,SID87,2022-05-13,14634,14037,6188,962204,0
width_k4_seed42_current_tta,10m,own,0.3,SID87,2022-05-13,18289,23238,4374,1002675,0
width_k4_seed42_current_tta,10m,common,0.3,SID87,2022-05-13,17197,22554,3625,953687,0
width_k4_seed42_current_tta,10m,own,0.5,SID87,2022-05-13,16845,17977,5818,1007936,0
width_k4_seed42_current_tta,10m,common,0.5,SID87,2022-05-13,16067,17468,4755,958773,0
width_k4_seed43_current_tta,10m,own,0.3,SID87,2022-05-13,17385,22316,5278,1003597,0
width_k4_seed43_current_tta,10m,common,0.3,SID87,2022-05-13,16373,21747,4449,954494,0
width_k4_seed43_current_tta,10m,own,0.5,SID87,2022-05-13,15703,17360,6960,1008553,0
width_k4_seed43_current_tta,10m,common,0.5,SID87,2022-05-13,14988,17021,5834,959220,0
width_k4_seed44_current_tta,10m,own,0.3,SID87,2022-05-13,18946,26742,3717,999171,0
width_k4_seed44_current_tta,10m,common,0.3,SID87,2022-05-13,17664,26051,3158,950190,0
width_k4_seed44_current_tta,10m,own,0.5,SID87,2022-05-13,17595,21325,5068,1004588,0
width_k4_seed44_current_tta,10m,common,0.5,SID87,2022-05-13,16583,20809,4239,955432,0
width_k8_seed42_current_tta,10m,own,0.3,SID87,2022-05-13,18628,22273,4035,1003640,0
width_k8_seed42_current_tta,10m,common,0.3,SID87,2022-05-13,17353,21729,3469,954512,0
width_k8_seed42_current_tta,10m,own,0.5,SID87,2022-05-13,16980,17092,5683,1008821,0
width_k8_seed42_current_tta,10m,common,0.5,SID87,2022-05-13,15919,16764,4903,959477,0
width_k8_seed43_current_tta,10m,own,0.3,SID87,2022-05-13,19356,27888,3307,998025,0
width_k8_seed43_current_tta,10m,common,0.3,SID87,2022-05-13,17981,27163,2841,949078,0
width_k8_seed43_current_tta,10m,own,0.5,SID87,2022-05-13,18065,21625,4598,1004288,0
width_k8_seed43_current_tta,10m,common,0.5,SID87,2022-05-13,16933,21154,3889,955087,0
width_k8_seed44_current_tta,10m,own,0.3,SID87,2022-05-13,19415,24063,3248,1001850,0
width_k8_seed44_current_tta,10m,common,0.3,SID87,2022-05-13,17973,23314,2849,952927,0
width_k8_seed44_current_tta,10m,own,0.5,SID87,2022-05-13,18301,18739,4362,1007174,0
width_k8_seed44_current_tta,10m,common,0.5,SID87,2022-05-13,16986,18213,3836,958028,0
width_k16_seed42_current_tta,10m,own,0.3,SID87,2022-05-13,19129,26517,3534,999396,0
width_k16_seed42_current_tta,10m,common,0.3,SID87,2022-05-13,17727,25808,3095,950433,0
width_k16_seed42_current_tta,10m,own,0.5,SID87,2022-05-13,17961,21350,4702,1004563,0
width_k16_seed42_current_tta,10m,common,0.5,SID87,2022-05-13,16759,20824,4063,955417,0
width_k16_seed43_current_tta,10m,own,0.3,SID87,2022-05-13,18776,26085,3887,999828,0
width_k16_seed43_current_tta,10m,common,0.3,SID87,2022-05-13,17781,25406,3041,950835,0
width_k16_seed43_current_tta,10m,own,0.5,SID87,2022-05-13,17426,20555,5237,1005358,0
width_k16_seed43_current_tta,10m,common,0.5,SID87,2022-05-13,16623,20086,4199,956155,0
width_k16_seed44_current_tta,10m,own,0.3,SID87,2022-05-13,18314,22235,4349,1003678,0
width_k16_seed44_current_tta,10m,common,0.3,SID87,2022-05-13,17134,21676,3688,954565,0
width_k16_seed44_current_tta,10m,own,0.5,SID87,2022-05-13,16748,17386,5915,1008527,0
width_k16_seed44_current_tta,10m,common,0.5,SID87,2022-05-13,15950,17018,4872,959223,0
train1000_k16_seed42_current_tta,10m,own,0.3,SID87,2022-05-13,7203,13746,15460,1012167,0
train1000_k16_seed42_current_tta,10m,common,0.3,SID87,2022-05-13,6961,13085,13861,963156,0
train1000_k16_seed42_current_tta,10m,own,0.5,SID87,2022-05-13,6109,9777,16554,1016136,0
train1000_k16_seed42_current_tta,10m,common,0.5,SID87,2022-05-13,5885,9244,14937,966997,0
train1000_k16_seed43_current_tta,10m,own,0.3,SID87,2022-05-13,8861,18279,13802,1007634,0
train1000_k16_seed43_current_tta,10m,common,0.3,SID87,2022-05-13,8602,17163,12220,959078,0
train1000_k16_seed43_current_tta,10m,own,0.5,SID87,2022-05-13,7507,12586,15156,1013327,0
train1000_k16_seed43_current_tta,10m,common,0.5,SID87,2022-05-13,7258,11964,13564,964277,0
train1000_k16_seed44_current_tta,10m,own,0.3,SID87,2022-05-13,6925,13976,15738,1011937,0
train1000_k16_seed44_current_tta,10m,common,0.3,SID87,2022-05-13,6693,13326,14129,962915,0
train1000_k16_seed44_current_tta,10m,own,0.5,SID87,2022-05-13,6098,9479,16565,1016434,0
train1000_k16_seed44_current_tta,10m,common,0.5,SID87,2022-05-13,5875,9012,14947,967229,0
train2000_k16_seed42_current_tta,10m,own,0.3,SID87,2022-05-13,18059,24624,4604,1001289,0
train2000_k16_seed42_current_tta,10m,common,0.3,SID87,2022-05-13,16804,23897,4018,952344,0
train2000_k16_seed42_current_tta,10m,own,0.5,SID87,2022-05-13,16322,18129,6341,1007784,0
train2000_k16_seed42_current_tta,10m,common,0.5,SID87,2022-05-13,15348,17656,5474,958585,0
train2000_k16_seed43_current_tta,10m,own,0.3,SID87,2022-05-13,19745,32991,2918,992922,0
train2000_k16_seed43_current_tta,10m,common,0.3,SID87,2022-05-13,18418,32074,2404,944167,0
train2000_k16_seed43_current_tta,10m,own,0.5,SID87,2022-05-13,18514,25529,4149,1000384,0
train2000_k16_seed43_current_tta,10m,common,0.5,SID87,2022-05-13,17531,24856,3291,951385,0
train2000_k16_seed44_current_tta,10m,own,0.3,SID87,2022-05-13,18116,22000,4547,1003913,0
train2000_k16_seed44_current_tta,10m,common,0.3,SID87,2022-05-13,17132,21403,3690,954838,0
train2000_k16_seed44_current_tta,10m,own,0.5,SID87,2022-05-13,16489,16048,6174,1009865,0
train2000_k16_seed44_current_tta,10m,common,0.5,SID87,2022-05-13,15766,15651,5056,960590,0
train3000_k16_seed42_current_tta,10m,own,0.3,SID87,2022-05-13,18831,25479,3832,1000434,0
train3000_k16_seed42_current_tta,10m,common,0.3,SID87,2022-05-13,17436,24769,3386,951472,0
train3000_k16_seed42_current_tta,10m,own,0.5,SID87,2022-05-13,17385,20123,5278,1005790,0
train3000_k16_seed42_current_tta,10m,common,0.5,SID87,2022-05-13,16226,19603,4596,956638,0
train3000_k16_seed43_current_tta,10m,own,0.3,SID87,2022-05-13,19853,30972,2810,994941,0
train3000_k16_seed43_current_tta,10m,common,0.3,SID87,2022-05-13,18445,30138,2377,946103,0
train3000_k16_seed43_current_tta,10m,own,0.5,SID87,2022-05-13,18934,24889,3729,1001024,0
train3000_k16_seed43_current_tta,10m,common,0.5,SID87,2022-05-13,17725,24257,3097,951984,0
train3000_k16_seed44_current_tta,10m,own,0.3,SID87,2022-05-13,18163,22069,4500,1003844,0
train3000_k16_seed44_current_tta,10m,common,0.3,SID87,2022-05-13,16942,21485,3880,954756,0
train3000_k16_seed44_current_tta,10m,own,0.5,SID87,2022-05-13,16850,16951,5813,1008962,0
train3000_k16_seed44_current_tta,10m,common,0.5,SID87,2022-05-13,15981,16585,4841,959656,0
width_k0_seed42_current_tta,10m,own,0.3,SID89,2022-06-15,25668,341,49671,972896,0
width_k0_seed42_current_tta,10m,common,0.3,SID89,2022-06-15,24431,341,40376,638623,0
width_k0_seed42_current_tta,10m,own,0.5,SID89,2022-06-15,14849,109,60490,973128,0
width_k0_seed42_current_tta,10m,common,0.5,SID89,2022-06-15,14128,109,50679,638855,0
width_k0_seed43_current_tta,10m,own,0.3,SID89,2022-06-15,54678,2923,20661,970314,0
width_k0_seed43_current_tta,10m,common,0.3,SID89,2022-06-15,48973,2555,15834,636409,0
width_k0_seed43_current_tta,10m,own,0.5,SID89,2022-06-15,48588,1710,26751,971527,0
width_k0_seed43_current_tta,10m,common,0.5,SID89,2022-06-15,43823,1408,20984,637556,0
width_k0_seed44_current_tta,10m,own,0.3,SID89,2022-06-15,39137,382,36202,972855,0
width_k0_seed44_current_tta,10m,common,0.3,SID89,2022-06-15,37028,382,27779,638582,0
width_k0_seed44_current_tta,10m,own,0.5,SID89,2022-06-15,29173,124,46166,973113,0
width_k0_seed44_current_tta,10m,common,0.5,SID89,2022-06-15,28192,124,36615,638840,0
width_k1_seed42_current_tta,10m,own,0.3,SID89,2022-06-15,69678,914,5661,972323,0
width_k1_seed42_current_tta,10m,common,0.3,SID89,2022-06-15,60799,862,4008,638102,0
width_k1_seed42_current_tta,10m,own,0.5,SID89,2022-06-15,67266,357,8073,972880,0
width_k1_seed42_current_tta,10m,common,0.5,SID89,2022-06-15,58967,331,5840,638633,0
width_k1_seed43_current_tta,10m,own,0.3,SID89,2022-06-15,70837,1699,4502,971538,0
width_k1_seed43_current_tta,10m,common,0.3,SID89,2022-06-15,61701,1573,3106,637391,0
width_k1_seed43_current_tta,10m,own,0.5,SID89,2022-06-15,68849,877,6490,972360,0
width_k1_seed43_current_tta,10m,common,0.5,SID89,2022-06-15,60200,803,4607,638161,0
width_k1_seed44_current_tta,10m,own,0.3,SID89,2022-06-15,69270,2116,6069,971121,0
width_k1_seed44_current_tta,10m,common,0.3,SID89,2022-06-15,60881,1879,3926,637085,0
width_k1_seed44_current_tta,10m,own,0.5,SID89,2022-06-15,66769,978,8570,972259,0
width_k1_seed44_current_tta,10m,common,0.5,SID89,2022-06-15,58862,857,5945,638107,0
width_k2_seed42_current_tta,10m,own,0.3,SID89,2022-06-15,73744,3538,1595,969699,0
width_k2_seed42_current_tta,10m,common,0.3,SID89,2022-06-15,63598,3265,1209,635699,0
width_k2_seed42_current_tta,10m,own,0.5,SID89,2022-06-15,72392,2105,2947,971132,0
width_k2_seed42_current_tta,10m,common,0.5,SID89,2022-06-15,62565,1955,2242,637009,0
width_k2_seed43_current_tta,10m,own,0.3,SID89,2022-06-15,74059,3365,1280,969872,0
width_k2_seed43_current_tta,10m,common,0.3,SID89,2022-06-15,63840,3048,967,635916,0
width_k2_seed43_current_tta,10m,own,0.5,SID89,2022-06-15,72605,1950,2734,971287,0
width_k2_seed43_current_tta,10m,common,0.5,SID89,2022-06-15,62669,1794,2138,637170,0
width_k2_seed44_current_tta,10m,own,0.3,SID89,2022-06-15,73939,3658,1400,969579,0
width_k2_seed44_current_tta,10m,common,0.3,SID89,2022-06-15,63782,3371,1025,635593,0
width_k2_seed44_current_tta,10m,own,0.5,SID89,2022-06-15,72782,2122,2557,971115,0
width_k2_seed44_current_tta,10m,common,0.5,SID89,2022-06-15,62893,1940,1914,637024,0
width_k3_seed42_current_tta,10m,own,0.3,SID89,2022-06-15,74314,4273,1025,968964,0
width_k3_seed42_current_tta,10m,common,0.3,SID89,2022-06-15,64041,3926,766,635038,0
width_k3_seed42_current_tta,10m,own,0.5,SID89,2022-06-15,73335,2679,2004,970558,0
width_k3_seed42_current_tta,10m,common,0.5,SID89,2022-06-15,63288,2481,1519,636483,0
width_k3_seed43_current_tta,10m,own,0.3,SID89,2022-06-15,73896,3134,1443,970103,0
width_k3_seed43_current_tta,10m,common,0.3,SID89,2022-06-15,63712,2870,1095,636094,0
width_k3_seed43_current_tta,10m,own,0.5,SID89,2022-06-15,72640,1875,2699,971362,0
width_k3_seed43_current_tta,10m,common,0.5,SID89,2022-06-15,62742,1733,2065,637231,0
width_k3_seed44_current_tta,10m,own,0.3,SID89,2022-06-15,73688,3079,1651,970158,0
width_k3_seed44_current_tta,10m,common,0.3,SID89,2022-06-15,63534,2780,1273,636184,0
width_k3_seed44_current_tta,10m,own,0.5,SID89,2022-06-15,72491,1852,2848,971385,0
width_k3_seed44_current_tta,10m,common,0.5,SID89,2022-06-15,62599,1654,2208,637310,0
width_k4_seed42_current_tta,10m,own,0.3,SID89,2022-06-15,73531,2859,1808,970378,0
width_k4_seed42_current_tta,10m,common,0.3,SID89,2022-06-15,63394,2595,1413,636369,0
width_k4_seed42_current_tta,10m,own,0.5,SID89,2022-06-15,72296,1606,3043,971631,0
width_k4_seed42_current_tta,10m,common,0.5,SID89,2022-06-15,62423,1456,2384,637508,0
width_k4_seed43_current_tta,10m,own,0.3,SID89,2022-06-15,73333,2493,2006,970744,0
width_k4_seed43_current_tta,10m,common,0.3,SID89,2022-06-15,63259,2298,1548,636666,0
width_k4_seed43_current_tta,10m,own,0.5,SID89,2022-06-15,72032,1442,3307,971795,0
width_k4_seed43_current_tta,10m,common,0.5,SID89,2022-06-15,62251,1338,2556,637626,0
width_k4_seed44_current_tta,10m,own,0.3,SID89,2022-06-15,73981,3184,1358,970053,0
width_k4_seed44_current_tta,10m,common,0.3,SID89,2022-06-15,63769,2912,1038,636052,0
width_k4_seed44_current_tta,10m,own,0.5,SID89,2022-06-15,72746,1841,2593,971396,0
width_k4_seed44_current_tta,10m,common,0.5,SID89,2022-06-15,62792,1702,2015,637262,0
width_k8_seed42_current_tta,10m,own,0.3,SID89,2022-06-15,74850,5038,489,968199,0
width_k8_seed42_current_tta,10m,common,0.3,SID89,2022-06-15,64416,4537,391,634427,0
width_k8_seed42_current_tta,10m,own,0.5,SID89,2022-06-15,74187,3287,1152,969950,0
width_k8_seed42_current_tta,10m,common,0.5,SID89,2022-06-15,63899,2972,908,635992,0
width_k8_seed43_current_tta,10m,own,0.3,SID89,2022-06-15,74649,5126,690,968111,0
width_k8_seed43_current_tta,10m,common,0.3,SID89,2022-06-15,64247,4616,560,634348,0
width_k8_seed43_current_tta,10m,own,0.5,SID89,2022-06-15,73908,3329,1431,969908,0
width_k8_seed43_current_tta,10m,common,0.5,SID89,2022-06-15,63667,3024,1140,635940,0
width_k8_seed44_current_tta,10m,own,0.3,SID89,2022-06-15,74821,5337,518,967900,0
width_k8_seed44_current_tta,10m,common,0.3,SID89,2022-06-15,64399,4820,408,634144,0
width_k8_seed44_current_tta,10m,own,0.5,SID89,2022-06-15,74191,3509,1148,969728,0
width_k8_seed44_current_tta,10m,common,0.5,SID89,2022-06-15,63920,3172,887,635792,0
width_k16_seed42_current_tta,10m,own,0.3,SID89,2022-06-15,74621,4952,718,968285,0
width_k16_seed42_current_tta,10m,common,0.3,SID89,2022-06-15,64247,4535,560,634429,0
width_k16_seed42_current_tta,10m,own,0.5,SID89,2022-06-15,73937,3347,1402,969890,0
width_k16_seed42_current_tta,10m,common,0.5,SID89,2022-06-15,63732,3081,1075,635883,0
width_k16_seed43_current_tta,10m,own,0.3,SID89,2022-06-15,74329,4567,1010,968670,0
width_k16_seed43_current_tta,10m,common,0.3,SID89,2022-06-15,64042,4208,765,634756,0
width_k16_seed43_current_tta,10m,own,0.5,SID89,2022-06-15,73518,3040,1821,970197,0
width_k16_seed43_current_tta,10m,common,0.5,SID89,2022-06-15,63432,2816,1375,636148,0
width_k16_seed44_current_tta,10m,own,0.3,SID89,2022-06-15,74498,4188,841,969049,0
width_k16_seed44_current_tta,10m,common,0.3,SID89,2022-06-15,64147,3816,660,635148,0
width_k16_seed44_current_tta,10m,own,0.5,SID89,2022-06-15,73623,2748,1716,970489,0
width_k16_seed44_current_tta,10m,common,0.5,SID89,2022-06-15,63463,2529,1344,636435,0
train1000_k16_seed42_current_tta,10m,own,0.3,SID89,2022-06-15,64006,3299,11333,969938,0
train1000_k16_seed42_current_tta,10m,common,0.3,SID89,2022-06-15,56600,2853,8207,636111,0
train1000_k16_seed42_current_tta,10m,own,0.5,SID89,2022-06-15,60774,1667,14565,971570,0
train1000_k16_seed42_current_tta,10m,common,0.5,SID89,2022-06-15,53928,1384,10879,637580,0
train1000_k16_seed43_current_tta,10m,own,0.3,SID89,2022-06-15,65295,4307,10044,968930,0
train1000_k16_seed43_current_tta,10m,common,0.3,SID89,2022-06-15,57797,3889,7010,635075,0
train1000_k16_seed43_current_tta,10m,own,0.5,SID89,2022-06-15,61958,2371,13381,970866,0
train1000_k16_seed43_current_tta,10m,common,0.5,SID89,2022-06-15,55274,2058,9533,636906,0
train1000_k16_seed44_current_tta,10m,own,0.3,SID89,2022-06-15,63895,3697,11444,969540,0
train1000_k16_seed44_current_tta,10m,common,0.3,SID89,2022-06-15,56687,3382,8120,635582,0
train1000_k16_seed44_current_tta,10m,own,0.5,SID89,2022-06-15,59135,1882,16204,971355,0
train1000_k16_seed44_current_tta,10m,common,0.5,SID89,2022-06-15,53286,1746,11521,637218,0
train2000_k16_seed42_current_tta,10m,own,0.3,SID89,2022-06-15,73856,3807,1483,969430,0
train2000_k16_seed42_current_tta,10m,common,0.3,SID89,2022-06-15,63730,3519,1077,635445,0
train2000_k16_seed42_current_tta,10m,own,0.5,SID89,2022-06-15,72670,2381,2669,970856,0
train2000_k16_seed42_current_tta,10m,common,0.5,SID89,2022-06-15,62832,2218,1975,636746,0
train2000_k16_seed43_current_tta,10m,own,0.3,SID89,2022-06-15,73852,4767,1487,968470,0
train2000_k16_seed43_current_tta,10m,common,0.3,SID89,2022-06-15,63765,4389,1042,634575,0
train2000_k16_seed43_current_tta,10m,own,0.5,SID89,2022-06-15,72836,3068,2503,970169,0
train2000_k16_seed43_current_tta,10m,common,0.5,SID89,2022-06-15,63033,2847,1774,636117,0
train2000_k16_seed44_current_tta,10m,own,0.3,SID89,2022-06-15,74180,4600,1159,968637,0
train2000_k16_seed44_current_tta,10m,common,0.3,SID89,2022-06-15,64078,4244,729,634720,0
train2000_k16_seed44_current_tta,10m,own,0.5,SID89,2022-06-15,73232,2978,2107,970259,0
train2000_k16_seed44_current_tta,10m,common,0.5,SID89,2022-06-15,63370,2752,1437,636212,0
train3000_k16_seed42_current_tta,10m,own,0.3,SID89,2022-06-15,74639,4548,700,968689,0
train3000_k16_seed42_current_tta,10m,common,0.3,SID89,2022-06-15,64267,4116,540,634848,0
train3000_k16_seed42_current_tta,10m,own,0.5,SID89,2022-06-15,73830,2962,1509,970275,0
train3000_k16_seed42_current_tta,10m,common,0.5,SID89,2022-06-15,63643,2694,1164,636270,0
train3000_k16_seed43_current_tta,10m,own,0.3,SID89,2022-06-15,74389,4792,950,968445,0
train3000_k16_seed43_current_tta,10m,common,0.3,SID89,2022-06-15,64087,4387,720,634577,0
train3000_k16_seed43_current_tta,10m,own,0.5,SID89,2022-06-15,73583,3179,1756,970058,0
train3000_k16_seed43_current_tta,10m,common,0.5,SID89,2022-06-15,63479,2924,1328,636040,0
train3000_k16_seed44_current_tta,10m,own,0.3,SID89,2022-06-15,74562,4237,777,969000,0
train3000_k16_seed44_current_tta,10m,common,0.3,SID89,2022-06-15,64210,3851,597,635113,0
train3000_k16_seed44_current_tta,10m,own,0.5,SID89,2022-06-15,73712,2767,1627,970470,0
train3000_k16_seed44_current_tta,10m,common,0.5,SID89,2022-06-15,63546,2531,1261,636433,0
width_k0_seed42_current_tta,10m,own,0.3,SID90,2022-06-13,16394,909,23516,1007757,0
width_k0_seed42_current_tta,10m,common,0.3,SID90,2022-06-13,16369,907,21710,617790,0
width_k0_seed42_current_tta,10m,own,0.5,SID90,2022-06-13,12863,478,27047,1008188,0
width_k0_seed42_current_tta,10m,common,0.5,SID90,2022-06-13,12852,477,25227,618220,0
width_k0_seed43_current_tta,10m,own,0.3,SID90,2022-06-13,16214,1958,23696,1006708,0
width_k0_seed43_current_tta,10m,common,0.3,SID90,2022-06-13,16154,1881,21925,616816,0
width_k0_seed43_current_tta,10m,own,0.5,SID90,2022-06-13,13000,1385,26910,1007281,0
width_k0_seed43_current_tta,10m,common,0.5,SID90,2022-06-13,12959,1345,25120,617352,0
width_k0_seed44_current_tta,10m,own,0.3,SID90,2022-06-13,17376,1453,22534,1007213,0
width_k0_seed44_current_tta,10m,common,0.3,SID90,2022-06-13,17325,1449,20754,617248,0
width_k0_seed44_current_tta,10m,own,0.5,SID90,2022-06-13,14855,907,25055,1007759,0
width_k0_seed44_current_tta,10m,common,0.5,SID90,2022-06-13,14826,906,23253,617791,0
width_k1_seed42_current_tta,10m,own,0.3,SID90,2022-06-13,30272,1712,9638,1006954,0
width_k1_seed42_current_tta,10m,common,0.3,SID90,2022-06-13,30065,1685,8014,617012,0
width_k1_seed42_current_tta,10m,own,0.5,SID90,2022-06-13,27932,805,11978,1007861,0
width_k1_seed42_current_tta,10m,common,0.5,SID90,2022-06-13,27750,798,10329,617899,0
width_k1_seed43_current_tta,10m,own,0.3,SID90,2022-06-13,31683,2853,8227,1005813,0
width_k1_seed43_current_tta,10m,common,0.3,SID90,2022-06-13,31457,2820,6622,615877,0
width_k1_seed43_current_tta,10m,own,0.5,SID90,2022-06-13,29721,1630,10189,1007036,0
width_k1_seed43_current_tta,10m,common,0.5,SID90,2022-06-13,29530,1620,8549,617077,0
width_k1_seed44_current_tta,10m,own,0.3,SID90,2022-06-13,27699,1199,12211,1007467,0
width_k1_seed44_current_tta,10m,common,0.3,SID90,2022-06-13,27532,1196,10547,617501,0
width_k1_seed44_current_tta,10m,own,0.5,SID90,2022-06-13,24641,554,15269,1008112,0
width_k1_seed44_current_tta,10m,common,0.5,SID90,2022-06-13,24524,553,13555,618144,0
width_k2_seed42_current_tta,10m,own,0.3,SID90,2022-06-13,30470,2094,9440,1006572,0
width_k2_seed42_current_tta,10m,common,0.3,SID90,2022-06-13,30293,2074,7786,616623,0
width_k2_seed42_current_tta,10m,own,0.5,SID90,2022-06-13,28535,1102,11375,1007564,0
width_k2_seed42_current_tta,10m,common,0.5,SID90,2022-06-13,28386,1095,9693,617602,0
width_k2_seed43_current_tta,10m,own,0.3,SID90,2022-06-13,32968,2986,6942,1005680,0
width_k2_seed43_current_tta,10m,common,0.3,SID90,2022-06-13,32741,2911,5338,615786,0
width_k2_seed43_current_tta,10m,own,0.5,SID90,2022-06-13,31337,1543,8573,1007123,0
width_k2_seed43_current_tta,10m,common,0.5,SID90,2022-06-13,31142,1520,6937,617177,0
width_k2_seed44_current_tta,10m,own,0.3,SID90,2022-06-13,30889,2010,9021,1006656,0
width_k2_seed44_current_tta,10m,common,0.3,SID90,2022-06-13,30731,2003,7348,616694,0
width_k2_seed44_current_tta,10m,own,0.5,SID90,2022-06-13,28915,1103,10995,1007563,0
width_k2_seed44_current_tta,10m,common,0.5,SID90,2022-06-13,28777,1103,9302,617594,0
width_k3_seed42_current_tta,10m,own,0.3,SID90,2022-06-13,31399,2033,8511,1006633,0
width_k3_seed42_current_tta,10m,common,0.3,SID90,2022-06-13,31247,2021,6832,616676,0
width_k3_seed42_current_tta,10m,own,0.5,SID90,2022-06-13,29606,1066,10304,1007600,0
width_k3_seed42_current_tta,10m,common,0.5,SID90,2022-06-13,29461,1063,8618,617634,0
width_k3_seed43_current_tta,10m,own,0.3,SID90,2022-06-13,30925,2299,8985,1006367,0
width_k3_seed43_current_tta,10m,common,0.3,SID90,2022-06-13,30743,2289,7336,616408,0
width_k3_seed43_current_tta,10m,own,0.5,SID90,2022-06-13,29262,1379,10648,1007287,0
width_k3_seed43_current_tta,10m,common,0.5,SID90,2022-06-13,29127,1379,8952,617318,0
width_k3_seed44_current_tta,10m,own,0.3,SID90,2022-06-13,31568,2418,8342,1006248,0
width_k3_seed44_current_tta,10m,common,0.3,SID90,2022-06-13,31382,2409,6697,616288,0
width_k3_seed44_current_tta,10m,own,0.5,SID90,2022-06-13,29879,1270,10031,1007396,0
width_k3_seed44_current_tta,10m,common,0.5,SID90,2022-06-13,29729,1269,8350,617428,0
width_k4_seed42_current_tta,10m,own,0.3,SID90,2022-06-13,30193,1118,9717,1007548,0
width_k4_seed42_current_tta,10m,common,0.3,SID90,2022-06-13,30043,1113,8036,617584,0
width_k4_seed42_current_tta,10m,own,0.5,SID90,2022-06-13,28119,555,11791,1008111,0
width_k4_seed42_current_tta,10m,common,0.5,SID90,2022-06-13,27980,555,10099,618142,0
width_k4_seed43_current_tta,10m,own,0.3,SID90,2022-06-13,30077,1669,9833,1006997,0
width_k4_seed43_current_tta,10m,common,0.3,SID90,2022-06-13,29916,1663,8163,617034,0
width_k4_seed43_current_tta,10m,own,0.5,SID90,2022-06-13,28298,878,11612,1007788,0
width_k4_seed43_current_tta,10m,common,0.5,SID90,2022-06-13,28159,878,9920,617819,0
width_k4_seed44_current_tta,10m,own,0.3,SID90,2022-06-13,30565,1357,9345,1007309,0
width_k4_seed44_current_tta,10m,common,0.3,SID90,2022-06-13,30412,1350,7667,617347,0
width_k4_seed44_current_tta,10m,own,0.5,SID90,2022-06-13,28451,747,11459,1007919,0
width_k4_seed44_current_tta,10m,common,0.5,SID90,2022-06-13,28312,746,9767,617951,0
width_k8_seed42_current_tta,10m,own,0.3,SID90,2022-06-13,31302,2665,8608,1006001,0
width_k8_seed42_current_tta,10m,common,0.3,SID90,2022-06-13,31132,2657,6947,616040,0
width_k8_seed42_current_tta,10m,own,0.5,SID90,2022-06-13,29749,1555,10161,1007111,0
width_k8_seed42_current_tta,10m,common,0.5,SID90,2022-06-13,29609,1554,8470,617143,0
width_k8_seed43_current_tta,10m,own,0.3,SID90,2022-06-13,31516,2681,8394,1005985,0
width_k8_seed43_current_tta,10m,common,0.3,SID90,2022-06-13,31325,2664,6754,616033,0
width_k8_seed43_current_tta,10m,own,0.5,SID90,2022-06-13,29963,1531,9947,1007135,0
width_k8_seed43_current_tta,10m,common,0.5,SID90,2022-06-13,29798,1524,8281,617173,0
width_k8_seed44_current_tta,10m,own,0.3,SID90,2022-06-13,31737,2364,8173,1006302,0
width_k8_seed44_current_tta,10m,common,0.3,SID90,2022-06-13,31565,2348,6514,616349,0
width_k8_seed44_current_tta,10m,own,0.5,SID90,2022-06-13,30135,1314,9775,1007352,0
width_k8_seed44_current_tta,10m,common,0.5,SID90,2022-06-13,29982,1307,8097,617390,0
width_k16_seed42_current_tta,10m,own,0.3,SID90,2022-06-13,31430,2498,8480,1006168,0
width_k16_seed42_current_tta,10m,common,0.3,SID90,2022-06-13,31276,2484,6803,616213,0
width_k16_seed42_current_tta,10m,own,0.5,SID90,2022-06-13,29974,1493,9936,1007173,0
width_k16_seed42_current_tta,10m,common,0.5,SID90,2022-06-13,29825,1487,8254,617210,0
width_k16_seed43_current_tta,10m,own,0.3,SID90,2022-06-13,30742,2369,9168,1006297,0
width_k16_seed43_current_tta,10m,common,0.3,SID90,2022-06-13,30584,2341,7495,616356,0
width_k16_seed43_current_tta,10m,own,0.5,SID90,2022-06-13,29238,1396,10672,1007270,0
width_k16_seed43_current_tta,10m,common,0.5,SID90,2022-06-13,29097,1394,8982,617303,0
width_k16_seed44_current_tta,10m,own,0.3,SID90,2022-06-13,30872,2201,9038,1006465,0
width_k16_seed44_current_tta,10m,common,0.3,SID90,2022-06-13,30724,2197,7355,616500,0
width_k16_seed44_current_tta,10m,own,0.5,SID90,2022-06-13,29323,1292,10587,1007374,0
width_k16_seed44_current_tta,10m,common,0.5,SID90,2022-06-13,29187,1292,8892,617405,0
train1000_k16_seed42_current_tta,10m,own,0.3,SID90,2022-06-13,17714,2034,22196,1006632,0
train1000_k16_seed42_current_tta,10m,common,0.3,SID90,2022-06-13,17598,1842,20481,616855,0
train1000_k16_seed42_current_tta,10m,own,0.5,SID90,2022-06-13,13351,1328,26559,1007338,0
train1000_k16_seed42_current_tta,10m,common,0.5,SID90,2022-06-13,13263,1175,24816,617522,0
train1000_k16_seed43_current_tta,10m,own,0.3,SID90,2022-06-13,22419,2810,17491,1005856,0
train1000_k16_seed43_current_tta,10m,common,0.3,SID90,2022-06-13,22318,2608,15761,616089,0
train1000_k16_seed43_current_tta,10m,own,0.5,SID90,2022-06-13,18187,1563,21723,1007103,0
train1000_k16_seed43_current_tta,10m,common,0.5,SID90,2022-06-13,18107,1450,19972,617247,0
train1000_k16_seed44_current_tta,10m,own,0.3,SID90,2022-06-13,21145,2422,18765,1006244,0
train1000_k16_seed44_current_tta,10m,common,0.3,SID90,2022-06-13,21031,2226,17048,616471,0
train1000_k16_seed44_current_tta,10m,own,0.5,SID90,2022-06-13,16911,1340,22999,1007326,0
train1000_k16_seed44_current_tta,10m,common,0.5,SID90,2022-06-13,16838,1254,21241,617443,0
train2000_k16_seed42_current_tta,10m,own,0.3,SID90,2022-06-13,31629,2896,8281,1005770,0
train2000_k16_seed42_current_tta,10m,common,0.3,SID90,2022-06-13,31356,2833,6723,615864,0
train2000_k16_seed42_current_tta,10m,own,0.5,SID90,2022-06-13,29750,1583,10160,1007083,0
train2000_k16_seed42_current_tta,10m,common,0.5,SID90,2022-06-13,29566,1569,8513,617128,0
train2000_k16_seed43_current_tta,10m,own,0.3,SID90,2022-06-13,30905,2236,9005,1006430,0
train2000_k16_seed43_current_tta,10m,common,0.3,SID90,2022-06-13,30719,2229,7360,616468,0
train2000_k16_seed43_current_tta,10m,own,0.5,SID90,2022-06-13,29006,1230,10904,1007436,0
train2000_k16_seed43_current_tta,10m,common,0.5,SID90,2022-06-13,28873,1230,9206,617467,0
train2000_k16_seed44_current_tta,10m,own,0.3,SID90,2022-06-13,32681,3698,7229,1004968,0
train2000_k16_seed44_current_tta,10m,common,0.3,SID90,2022-06-13,32445,3644,5634,615053,0
train2000_k16_seed44_current_tta,10m,own,0.5,SID90,2022-06-13,31241,2135,8669,1006531,0
train2000_k16_seed44_current_tta,10m,common,0.5,SID90,2022-06-13,31045,2114,7034,616583,0
train3000_k16_seed42_current_tta,10m,own,0.3,SID90,2022-06-13,31767,2523,8143,1006143,0
train3000_k16_seed42_current_tta,10m,common,0.3,SID90,2022-06-13,31600,2508,6479,616189,0
train3000_k16_seed42_current_tta,10m,own,0.5,SID90,2022-06-13,30225,1429,9685,1007237,0
train3000_k16_seed42_current_tta,10m,common,0.5,SID90,2022-06-13,30078,1424,8001,617273,0
train3000_k16_seed43_current_tta,10m,own,0.3,SID90,2022-06-13,30502,2240,9408,1006426,0
train3000_k16_seed43_current_tta,10m,common,0.3,SID90,2022-06-13,30337,2204,7742,616493,0
train3000_k16_seed43_current_tta,10m,own,0.5,SID90,2022-06-13,28868,1268,11042,1007398,0
train3000_k16_seed43_current_tta,10m,common,0.5,SID90,2022-06-13,28734,1267,9345,617430,0
train3000_k16_seed44_current_tta,10m,own,0.3,SID90,2022-06-13,31659,2491,8251,1006175,0
train3000_k16_seed44_current_tta,10m,common,0.3,SID90,2022-06-13,31483,2482,6596,616215,0
train3000_k16_seed44_current_tta,10m,own,0.5,SID90,2022-06-13,30139,1419,9771,1007247,0
train3000_k16_seed44_current_tta,10m,common,0.5,SID90,2022-06-13,29993,1417,8086,617280,0
width_k0_seed42_current_tta,10m,own,0.3,SID91,2023-12-18,36442,21983,893,989258,0
width_k0_seed42_current_tta,10m,common,0.3,SID91,2023-12-18,36442,21983,893,989258,0
width_k0_seed42_current_tta,10m,own,0.5,SID91,2023-12-18,36207,17768,1128,993473,0
width_k0_seed42_current_tta,10m,common,0.5,SID91,2023-12-18,36207,17768,1128,993473,0
width_k0_seed43_current_tta,10m,own,0.3,SID91,2023-12-18,36541,25868,794,985373,0
width_k0_seed43_current_tta,10m,common,0.3,SID91,2023-12-18,36541,25868,794,985373,0
width_k0_seed43_current_tta,10m,own,0.5,SID91,2023-12-18,36348,20971,987,990270,0
width_k0_seed43_current_tta,10m,common,0.5,SID91,2023-12-18,36348,20971,987,990270,0
width_k0_seed44_current_tta,10m,own,0.3,SID91,2023-12-18,36492,20926,843,990315,0
width_k0_seed44_current_tta,10m,common,0.3,SID91,2023-12-18,36492,20926,843,990315,0
width_k0_seed44_current_tta,10m,own,0.5,SID91,2023-12-18,36282,17115,1053,994126,0
width_k0_seed44_current_tta,10m,common,0.5,SID91,2023-12-18,36282,17115,1053,994126,0
width_k1_seed42_current_tta,10m,own,0.3,SID91,2023-12-18,37315,29948,20,981293,0
width_k1_seed42_current_tta,10m,common,0.3,SID91,2023-12-18,37315,29948,20,981293,0
width_k1_seed42_current_tta,10m,own,0.5,SID91,2023-12-18,37296,25870,39,985371,0
width_k1_seed42_current_tta,10m,common,0.5,SID91,2023-12-18,37296,25870,39,985371,0
width_k1_seed43_current_tta,10m,own,0.3,SID91,2023-12-18,37262,26901,73,984340,0
width_k1_seed43_current_tta,10m,common,0.3,SID91,2023-12-18,37262,26901,73,984340,0
width_k1_seed43_current_tta,10m,own,0.5,SID91,2023-12-18,37171,23221,164,988020,0
width_k1_seed43_current_tta,10m,common,0.5,SID91,2023-12-18,37171,23221,164,988020,0
width_k1_seed44_current_tta,10m,own,0.3,SID91,2023-12-18,37288,31271,47,979970,0
width_k1_seed44_current_tta,10m,common,0.3,SID91,2023-12-18,37288,31271,47,979970,0
width_k1_seed44_current_tta,10m,own,0.5,SID91,2023-12-18,37132,26935,203,984306,0
width_k1_seed44_current_tta,10m,common,0.5,SID91,2023-12-18,37132,26935,203,984306,0
width_k2_seed42_current_tta,10m,own,0.3,SID91,2023-12-18,37306,30254,29,980987,0
width_k2_seed42_current_tta,10m,common,0.3,SID91,2023-12-18,37306,30254,29,980987,0
width_k2_seed42_current_tta,10m,own,0.5,SID91,2023-12-18,37281,26601,54,984640,0
width_k2_seed42_current_tta,10m,common,0.5,SID91,2023-12-18,37281,26601,54,984640,0
width_k2_seed43_current_tta,10m,own,0.3,SID91,2023-12-18,37309,29145,26,982096,0
width_k2_seed43_current_tta,10m,common,0.3,SID91,2023-12-18,37309,29145,26,982096,0
width_k2_seed43_current_tta,10m,own,0.5,SID91,2023-12-18,37272,25552,63,985689,0
width_k2_seed43_current_tta,10m,common,0.5,SID91,2023-12-18,37272,25552,63,985689,0
width_k2_seed44_current_tta,10m,own,0.3,SID91,2023-12-18,37302,29944,33,981297,0
width_k2_seed44_current_tta,10m,common,0.3,SID91,2023-12-18,37302,29944,33,981297,0
width_k2_seed44_current_tta,10m,own,0.5,SID91,2023-12-18,37277,26371,58,984870,0
width_k2_seed44_current_tta,10m,common,0.5,SID91,2023-12-18,37277,26371,58,984870,0
width_k3_seed42_current_tta,10m,own,0.3,SID91,2023-12-18,37323,33062,12,978179,0
width_k3_seed42_current_tta,10m,common,0.3,SID91,2023-12-18,37323,33062,12,978179,0
width_k3_seed42_current_tta,10m,own,0.5,SID91,2023-12-18,37317,29298,18,981943,0
width_k3_seed42_current_tta,10m,common,0.5,SID91,2023-12-18,37317,29298,18,981943,0
width_k3_seed43_current_tta,10m,own,0.3,SID91,2023-12-18,37321,33936,14,977305,0
width_k3_seed43_current_tta,10m,common,0.3,SID91,2023-12-18,37321,33936,14,977305,0
width_k3_seed43_current_tta,10m,own,0.5,SID91,2023-12-18,37304,30165,31,981076,0
width_k3_seed43_current_tta,10m,common,0.5,SID91,2023-12-18,37304,30165,31,981076,0
width_k3_seed44_current_tta,10m,own,0.3,SID91,2023-12-18,37308,31157,27,980084,0
width_k3_seed44_current_tta,10m,common,0.3,SID91,2023-12-18,37308,31157,27,980084,0
width_k3_seed44_current_tta,10m,own,0.5,SID91,2023-12-18,37265,27356,70,983885,0
width_k3_seed44_current_tta,10m,common,0.5,SID91,2023-12-18,37265,27356,70,983885,0
width_k4_seed42_current_tta,10m,own,0.3,SID91,2023-12-18,37306,31260,29,979981,0
width_k4_seed42_current_tta,10m,common,0.3,SID91,2023-12-18,37306,31260,29,979981,0
width_k4_seed42_current_tta,10m,own,0.5,SID91,2023-12-18,37275,27617,60,983624,0
width_k4_seed42_current_tta,10m,common,0.5,SID91,2023-12-18,37275,27617,60,983624,0
width_k4_seed43_current_tta,10m,own,0.3,SID91,2023-12-18,37317,32417,18,978824,0
width_k4_seed43_current_tta,10m,common,0.3,SID91,2023-12-18,37317,32417,18,978824,0
width_k4_seed43_current_tta,10m,own,0.5,SID91,2023-12-18,37301,28702,34,982539,0
width_k4_seed43_current_tta,10m,common,0.5,SID91,2023-12-18,37301,28702,34,982539,0
width_k4_seed44_current_tta,10m,own,0.3,SID91,2023-12-18,37322,33939,13,977302,0
width_k4_seed44_current_tta,10m,common,0.3,SID91,2023-12-18,37322,33939,13,977302,0
width_k4_seed44_current_tta,10m,own,0.5,SID91,2023-12-18,37315,30216,20,981025,0
width_k4_seed44_current_tta,10m,common,0.5,SID91,2023-12-18,37315,30216,20,981025,0
width_k8_seed42_current_tta,10m,own,0.3,SID91,2023-12-18,37299,29757,36,981484,0
width_k8_seed42_current_tta,10m,common,0.3,SID91,2023-12-18,37299,29757,36,981484,0
width_k8_seed42_current_tta,10m,own,0.5,SID91,2023-12-18,37244,26285,91,984956,0
width_k8_seed42_current_tta,10m,common,0.5,SID91,2023-12-18,37244,26285,91,984956,0
width_k8_seed43_current_tta,10m,own,0.3,SID91,2023-12-18,37316,33673,19,977568,0
width_k8_seed43_current_tta,10m,common,0.3,SID91,2023-12-18,37316,33673,19,977568,0
width_k8_seed43_current_tta,10m,own,0.5,SID91,2023-12-18,37297,29852,38,981389,0
width_k8_seed43_current_tta,10m,common,0.5,SID91,2023-12-18,37297,29852,38,981389,0
width_k8_seed44_current_tta,10m,own,0.3,SID91,2023-12-18,37299,28394,36,982847,0
width_k8_seed44_current_tta,10m,common,0.3,SID91,2023-12-18,37299,28394,36,982847,0
width_k8_seed44_current_tta,10m,own,0.5,SID91,2023-12-18,37244,24963,91,986278,0
width_k8_seed44_current_tta,10m,common,0.5,SID91,2023-12-18,37244,24963,91,986278,0
width_k16_seed42_current_tta,10m,own,0.3,SID91,2023-12-18,37322,32864,13,978377,0
width_k16_seed42_current_tta,10m,common,0.3,SID91,2023-12-18,37322,32864,13,978377,0
width_k16_seed42_current_tta,10m,own,0.5,SID91,2023-12-18,37310,29358,25,981883,0
width_k16_seed42_current_tta,10m,common,0.5,SID91,2023-12-18,37310,29358,25,981883,0
width_k16_seed43_current_tta,10m,own,0.3,SID91,2023-12-18,37305,30803,30,980438,0
width_k16_seed43_current_tta,10m,common,0.3,SID91,2023-12-18,37305,30803,30,980438,0
width_k16_seed43_current_tta,10m,own,0.5,SID91,2023-12-18,37267,27341,68,983900,0
width_k16_seed43_current_tta,10m,common,0.5,SID91,2023-12-18,37267,27341,68,983900,0
width_k16_seed44_current_tta,10m,own,0.3,SID91,2023-12-18,37322,32123,13,979118,0
width_k16_seed44_current_tta,10m,common,0.3,SID91,2023-12-18,37322,32123,13,979118,0
width_k16_seed44_current_tta,10m,own,0.5,SID91,2023-12-18,37310,28590,25,982651,0
width_k16_seed44_current_tta,10m,common,0.5,SID91,2023-12-18,37310,28590,25,982651,0
train1000_k16_seed42_current_tta,10m,own,0.3,SID91,2023-12-18,36810,33159,525,978082,0
train1000_k16_seed42_current_tta,10m,common,0.3,SID91,2023-12-18,36810,33159,525,978082,0
train1000_k16_seed42_current_tta,10m,own,0.5,SID91,2023-12-18,36571,24375,764,986866,0
train1000_k16_seed42_current_tta,10m,common,0.5,SID91,2023-12-18,36571,24375,764,986866,0
train1000_k16_seed43_current_tta,10m,own,0.3,SID91,2023-12-18,36780,32932,555,978309,0
train1000_k16_seed43_current_tta,10m,common,0.3,SID91,2023-12-18,36780,32932,555,978309,0
train1000_k16_seed43_current_tta,10m,own,0.5,SID91,2023-12-18,36532,23928,803,987313,0
train1000_k16_seed43_current_tta,10m,common,0.5,SID91,2023-12-18,36532,23928,803,987313,0
train1000_k16_seed44_current_tta,10m,own,0.3,SID91,2023-12-18,36650,28790,685,982451,0
train1000_k16_seed44_current_tta,10m,common,0.3,SID91,2023-12-18,36650,28790,685,982451,0
train1000_k16_seed44_current_tta,10m,own,0.5,SID91,2023-12-18,36376,21587,959,989654,0
train1000_k16_seed44_current_tta,10m,common,0.5,SID91,2023-12-18,36376,21587,959,989654,0
train2000_k16_seed42_current_tta,10m,own,0.3,SID91,2023-12-18,37323,35723,12,975518,0
train2000_k16_seed42_current_tta,10m,common,0.3,SID91,2023-12-18,37323,35723,12,975518,0
train2000_k16_seed42_current_tta,10m,own,0.5,SID91,2023-12-18,37310,31369,25,979872,0
train2000_k16_seed42_current_tta,10m,common,0.5,SID91,2023-12-18,37310,31369,25,979872,0
train2000_k16_seed43_current_tta,10m,own,0.3,SID91,2023-12-18,37304,33314,31,977927,0
train2000_k16_seed43_current_tta,10m,common,0.3,SID91,2023-12-18,37304,33314,31,977927,0
train2000_k16_seed43_current_tta,10m,own,0.5,SID91,2023-12-18,37266,29152,69,982089,0
train2000_k16_seed43_current_tta,10m,common,0.5,SID91,2023-12-18,37266,29152,69,982089,0
train2000_k16_seed44_current_tta,10m,own,0.3,SID91,2023-12-18,37322,34464,13,976777,0
train2000_k16_seed44_current_tta,10m,common,0.3,SID91,2023-12-18,37322,34464,13,976777,0
train2000_k16_seed44_current_tta,10m,own,0.5,SID91,2023-12-18,37313,30269,22,980972,0
train2000_k16_seed44_current_tta,10m,common,0.5,SID91,2023-12-18,37313,30269,22,980972,0
train3000_k16_seed42_current_tta,10m,own,0.3,SID91,2023-12-18,37322,33634,13,977607,0
train3000_k16_seed42_current_tta,10m,common,0.3,SID91,2023-12-18,37322,33634,13,977607,0
train3000_k16_seed42_current_tta,10m,own,0.5,SID91,2023-12-18,37312,29941,23,981300,0
train3000_k16_seed42_current_tta,10m,common,0.5,SID91,2023-12-18,37312,29941,23,981300,0
train3000_k16_seed43_current_tta,10m,own,0.3,SID91,2023-12-18,37315,32899,20,978342,0
train3000_k16_seed43_current_tta,10m,common,0.3,SID91,2023-12-18,37315,32899,20,978342,0
train3000_k16_seed43_current_tta,10m,own,0.5,SID91,2023-12-18,37289,29197,46,982044,0
train3000_k16_seed43_current_tta,10m,common,0.5,SID91,2023-12-18,37289,29197,46,982044,0
train3000_k16_seed44_current_tta,10m,own,0.3,SID91,2023-12-18,37321,32362,14,978879,0
train3000_k16_seed44_current_tta,10m,common,0.3,SID91,2023-12-18,37321,32362,14,978879,0
train3000_k16_seed44_current_tta,10m,own,0.5,SID91,2023-12-18,37308,28746,27,982495,0
train3000_k16_seed44_current_tta,10m,common,0.5,SID91,2023-12-18,37308,28746,27,982495,0
width_k0_seed42_current_tta,10m,own,0.3,SID92,2023-12-19,368884,151486,89344,438862,0
width_k0_seed42_current_tta,10m,common,0.3,SID92,2023-12-19,326787,110193,76442,401814,0
width_k0_seed42_current_tta,10m,own,0.5,SID92,2023-12-19,352616,124378,105612,465970,0
width_k0_seed42_current_tta,10m,common,0.5,SID92,2023-12-19,313192,86554,90037,425453,0
width_k0_seed43_current_tta,10m,own,0.3,SID92,2023-12-19,379067,176340,79161,414008,0
width_k0_seed43_current_tta,10m,common,0.3,SID92,2023-12-19,335980,134093,67249,377914,0
width_k0_seed43_current_tta,10m,own,0.5,SID92,2023-12-19,363679,141931,94549,448417,0
width_k0_seed43_current_tta,10m,common,0.5,SID92,2023-12-19,323336,103531,79893,408476,0
width_k0_seed44_current_tta,10m,own,0.3,SID92,2023-12-19,365486,158406,92742,431942,0
width_k0_seed44_current_tta,10m,common,0.3,SID92,2023-12-19,324411,117791,78818,394216,0
width_k0_seed44_current_tta,10m,own,0.5,SID92,2023-12-19,345415,121717,112813,468631,0
width_k0_seed44_current_tta,10m,common,0.5,SID92,2023-12-19,307987,85181,95242,426826,0
width_k1_seed42_current_tta,10m,own,0.3,SID92,2023-12-19,316913,13946,141315,576402,0
width_k1_seed42_current_tta,10m,common,0.3,SID92,2023-12-19,280275,11505,122954,500502,0
width_k1_seed42_current_tta,10m,own,0.5,SID92,2023-12-19,304902,9636,153326,580712,0
width_k1_seed42_current_tta,10m,common,0.5,SID92,2023-12-19,271576,8072,131653,503935,0
width_k1_seed43_current_tta,10m,own,0.3,SID92,2023-12-19,304247,16846,153981,573502,0
width_k1_seed43_current_tta,10m,common,0.3,SID92,2023-12-19,271761,13647,131468,498360,0
width_k1_seed43_current_tta,10m,own,0.5,SID92,2023-12-19,292974,11412,165254,578936,0
width_k1_seed43_current_tta,10m,common,0.5,SID92,2023-12-19,263587,9437,139642,502570,0
width_k1_seed44_current_tta,10m,own,0.3,SID92,2023-12-19,352288,66856,105940,523492,0
width_k1_seed44_current_tta,10m,common,0.3,SID92,2023-12-19,309606,42733,93623,469274,0
width_k1_seed44_current_tta,10m,own,0.5,SID92,2023-12-19,337472,48804,120756,541544,0
width_k1_seed44_current_tta,10m,common,0.5,SID92,2023-12-19,297324,31865,105905,480142,0
width_k2_seed42_current_tta,10m,own,0.3,SID92,2023-12-19,297638,8479,160590,581869,0
width_k2_seed42_current_tta,10m,common,0.3,SID92,2023-12-19,267798,7307,135431,504700,0
width_k2_seed42_current_tta,10m,own,0.5,SID92,2023-12-19,289974,5381,168254,584967,0
width_k2_seed42_current_tta,10m,common,0.5,SID92,2023-12-19,261701,4734,141528,507273,0
width_k2_seed43_current_tta,10m,own,0.3,SID92,2023-12-19,316409,17230,141819,573118,0
width_k2_seed43_current_tta,10m,common,0.3,SID92,2023-12-19,282117,14240,121112,497767,0
width_k2_seed43_current_tta,10m,own,0.5,SID92,2023-12-19,306246,12448,151982,577900,0
width_k2_seed43_current_tta,10m,common,0.5,SID92,2023-12-19,274703,10438,128526,501569,0
width_k2_seed44_current_tta,10m,own,0.3,SID92,2023-12-19,316159,18285,142069,572063,0
width_k2_seed44_current_tta,10m,common,0.3,SID92,2023-12-19,281971,14793,121258,497214,0
width_k2_seed44_current_tta,10m,own,0.5,SID92,2023-12-19,305654,13210,152574,577138,0
width_k2_seed44_current_tta,10m,common,0.5,SID92,2023-12-19,274125,10775,129104,501232,0
width_k3_seed42_current_tta,10m,own,0.3,SID92,2023-12-19,308430,15120,149798,575228,0
width_k3_seed42_current_tta,10m,common,0.3,SID92,2023-12-19,276183,12730,127046,499277,0
width_k3_seed42_current_tta,10m,own,0.5,SID92,2023-12-19,300510,10748,157718,579600,0
width_k3_seed42_current_tta,10m,common,0.5,SID92,2023-12-19,270369,9185,132860,502822,0
width_k3_seed43_current_tta,10m,own,0.3,SID92,2023-12-19,308359,12437,149869,577911,0
width_k3_seed43_current_tta,10m,common,0.3,SID92,2023-12-19,276081,10008,127148,501999,0
width_k3_seed43_current_tta,10m,own,0.5,SID92,2023-12-19,301015,8729,157213,581619,0
width_k3_seed43_current_tta,10m,common,0.5,SID92,2023-12-19,270282,7037,132947,504970,0
width_k3_seed44_current_tta,10m,own,0.3,SID92,2023-12-19,310831,11679,147397,578669,0
width_k3_seed44_current_tta,10m,common,0.3,SID92,2023-12-19,278286,9535,124943,502472,0
width_k3_seed44_current_tta,10m,own,0.5,SID92,2023-12-19,301983,8077,156245,582271,0
width_k3_seed44_current_tta,10m,common,0.5,SID92,2023-12-19,271423,6655,131806,505352,0
width_k4_seed42_current_tta,10m,own,0.3,SID92,2023-12-19,309180,13408,149048,576940,0
width_k4_seed42_current_tta,10m,common,0.3,SID92,2023-12-19,275939,11060,127290,500947,0
width_k4_seed42_current_tta,10m,own,0.5,SID92,2023-12-19,300942,9386,157286,580962,0
width_k4_seed42_current_tta,10m,common,0.5,SID92,2023-12-19,269850,7865,133379,504142,0
width_k4_seed43_current_tta,10m,own,0.3,SID92,2023-12-19,319619,19282,138609,571066,0
width_k4_seed43_current_tta,10m,common,0.3,SID92,2023-12-19,285990,16130,117239,495877,0
width_k4_seed43_current_tta,10m,own,0.5,SID92,2023-12-19,311414,14428,146814,575920,0
width_k4_seed43_current_tta,10m,common,0.5,SID92,2023-12-19,279535,12183,123694,499824,0
width_k4_seed44_current_tta,10m,own,0.3,SID92,2023-12-19,308580,11808,149648,578540,0
width_k4_seed44_current_tta,10m,common,0.3,SID92,2023-12-19,276191,9464,127038,502543,0
width_k4_seed44_current_tta,10m,own,0.5,SID92,2023-12-19,301109,8254,157119,582094,0
width_k4_seed44_current_tta,10m,common,0.5,SID92,2023-12-19,270345,6643,132884,505364,0
width_k8_seed42_current_tta,10m,own,0.3,SID92,2023-12-19,313242,13869,144986,576479,0
width_k8_seed42_current_tta,10m,common,0.3,SID92,2023-12-19,280475,11309,122754,500698,0
width_k8_seed42_current_tta,10m,own,0.5,SID92,2023-12-19,305107,9958,153121,580390,0
width_k8_seed42_current_tta,10m,common,0.5,SID92,2023-12-19,274035,8164,129194,503843,0
width_k8_seed43_current_tta,10m,own,0.3,SID92,2023-12-19,311621,14581,146607,575767,0
width_k8_seed43_current_tta,10m,common,0.3,SID92,2023-12-19,278576,11897,124653,500110,0
width_k8_seed43_current_tta,10m,own,0.5,SID92,2023-12-19,303455,10475,154773,579873,0
width_k8_seed43_current_tta,10m,common,0.5,SID92,2023-12-19,272569,8596,130660,503411,0
width_k8_seed44_current_tta,10m,own,0.3,SID92,2023-12-19,305173,9619,153055,580729,0
width_k8_seed44_current_tta,10m,common,0.3,SID92,2023-12-19,273990,8071,129239,503936,0
width_k8_seed44_current_tta,10m,own,0.5,SID92,2023-12-19,297658,6523,160570,583825,0
width_k8_seed44_current_tta,10m,common,0.5,SID92,2023-12-19,268043,5534,135186,506473,0
width_k16_seed42_current_tta,10m,own,0.3,SID92,2023-12-19,313329,13074,144899,577274,0
width_k16_seed42_current_tta,10m,common,0.3,SID92,2023-12-19,280130,10721,123099,501286,0
width_k16_seed42_current_tta,10m,own,0.5,SID92,2023-12-19,306658,9589,151570,580759,0
width_k16_seed42_current_tta,10m,common,0.5,SID92,2023-12-19,275141,7889,128088,504118,0
width_k16_seed43_current_tta,10m,own,0.3,SID92,2023-12-19,309645,10920,148583,579428,0
width_k16_seed43_current_tta,10m,common,0.3,SID92,2023-12-19,277897,8797,125332,503210,0
width_k16_seed43_current_tta,10m,own,0.5,SID92,2023-12-19,303448,7640,154780,582708,0
width_k16_seed43_current_tta,10m,common,0.5,SID92,2023-12-19,272970,6118,130259,505889,0
width_k16_seed44_current_tta,10m,own,0.3,SID92,2023-12-19,314047,12132,144181,578216,0
width_k16_seed44_current_tta,10m,common,0.3,SID92,2023-12-19,280583,9861,122646,502146,0
width_k16_seed44_current_tta,10m,own,0.5,SID92,2023-12-19,307349,8833,150879,581515,0
width_k16_seed44_current_tta,10m,common,0.5,SID92,2023-12-19,275525,7209,127704,504798,0
train1000_k16_seed42_current_tta,10m,own,0.3,SID92,2023-12-19,396351,152268,61877,438080,0
train1000_k16_seed42_current_tta,10m,common,0.3,SID92,2023-12-19,348568,113863,54661,398144,0
train1000_k16_seed42_current_tta,10m,own,0.5,SID92,2023-12-19,378802,115326,79426,475022,0
train1000_k16_seed42_current_tta,10m,common,0.5,SID92,2023-12-19,334161,81967,69068,430040,0
train1000_k16_seed43_current_tta,10m,own,0.3,SID92,2023-12-19,377574,108543,80654,481805,0
train1000_k16_seed43_current_tta,10m,common,0.3,SID92,2023-12-19,333488,75435,69741,436572,0
train1000_k16_seed43_current_tta,10m,own,0.5,SID92,2023-12-19,357523,80526,100705,509822,0
train1000_k16_seed43_current_tta,10m,common,0.5,SID92,2023-12-19,316956,52588,86273,459419,0
train1000_k16_seed44_current_tta,10m,own,0.3,SID92,2023-12-19,384535,131016,73693,459332,0
train1000_k16_seed44_current_tta,10m,common,0.3,SID92,2023-12-19,338735,94357,64494,417650,0
train1000_k16_seed44_current_tta,10m,own,0.5,SID92,2023-12-19,368388,104198,89840,486150,0
train1000_k16_seed44_current_tta,10m,common,0.5,SID92,2023-12-19,325588,72449,77641,439558,0
train2000_k16_seed42_current_tta,10m,own,0.3,SID92,2023-12-19,330384,21012,127844,569336,0
train2000_k16_seed42_current_tta,10m,common,0.3,SID92,2023-12-19,292303,17129,110926,494878,0
train2000_k16_seed42_current_tta,10m,own,0.5,SID92,2023-12-19,319495,15670,138733,574678,0
train2000_k16_seed42_current_tta,10m,common,0.5,SID92,2023-12-19,284104,12863,119125,499144,0
train2000_k16_seed43_current_tta,10m,own,0.3,SID92,2023-12-19,313593,13855,144635,576493,0
train2000_k16_seed43_current_tta,10m,common,0.3,SID92,2023-12-19,281281,11155,121948,500852,0
train2000_k16_seed43_current_tta,10m,own,0.5,SID92,2023-12-19,305104,9155,153124,581193,0
train2000_k16_seed43_current_tta,10m,common,0.5,SID92,2023-12-19,274509,7318,128720,504689,0
train2000_k16_seed44_current_tta,10m,own,0.3,SID92,2023-12-19,320106,14641,138122,575707,0
train2000_k16_seed44_current_tta,10m,common,0.3,SID92,2023-12-19,284030,11746,119199,500261,0
train2000_k16_seed44_current_tta,10m,own,0.5,SID92,2023-12-19,309132,10180,149096,580168,0
train2000_k16_seed44_current_tta,10m,common,0.5,SID92,2023-12-19,275770,8208,127459,503799,0
train3000_k16_seed42_current_tta,10m,own,0.3,SID92,2023-12-19,315523,13876,142705,576472,0
train3000_k16_seed42_current_tta,10m,common,0.3,SID92,2023-12-19,281799,11353,121430,500654,0
train3000_k16_seed42_current_tta,10m,own,0.5,SID92,2023-12-19,307787,10122,150441,580226,0
train3000_k16_seed42_current_tta,10m,common,0.5,SID92,2023-12-19,275902,8331,127327,503676,0
train3000_k16_seed43_current_tta,10m,own,0.3,SID92,2023-12-19,313201,12551,145027,577797,0
train3000_k16_seed43_current_tta,10m,common,0.3,SID92,2023-12-19,280697,10090,122532,501917,0
train3000_k16_seed43_current_tta,10m,own,0.5,SID92,2023-12-19,306298,8800,151930,581548,0
train3000_k16_seed43_current_tta,10m,common,0.5,SID92,2023-12-19,275280,7017,127949,504990,0
train3000_k16_seed44_current_tta,10m,own,0.3,SID92,2023-12-19,315749,12226,142479,578122,0
train3000_k16_seed44_current_tta,10m,common,0.3,SID92,2023-12-19,281227,9980,122002,502027,0
train3000_k16_seed44_current_tta,10m,own,0.5,SID92,2023-12-19,307479,8708,150749,581640,0
train3000_k16_seed44_current_tta,10m,common,0.5,SID92,2023-12-19,275301,7139,127928,504868,0
width_k0_seed42_current_tta,10m,own,0.3,SID93,2023-12-20,138,280967,31176,736295,0
width_k0_seed42_current_tta,10m,common,0.3,SID93,2023-12-20,138,280967,31176,736295,0
width_k0_seed42_current_tta,10m,own,0.5,SID93,2023-12-20,69,207713,31245,809549,0
width_k0_seed42_current_tta,10m,common,0.5,SID93,2023-12-20,69,207713,31245,809549,0
width_k0_seed43_current_tta,10m,own,0.3,SID93,2023-12-20,1110,416996,30204,600266,0
width_k0_seed43_current_tta,10m,common,0.3,SID93,2023-12-20,1110,416996,30204,600266,0
width_k0_seed43_current_tta,10m,own,0.5,SID93,2023-12-20,539,310006,30775,707256,0
width_k0_seed43_current_tta,10m,common,0.5,SID93,2023-12-20,539,310006,30775,707256,0
width_k0_seed44_current_tta,10m,own,0.3,SID93,2023-12-20,227,500410,31087,516852,0
width_k0_seed44_current_tta,10m,common,0.3,SID93,2023-12-20,227,500410,31087,516852,0
width_k0_seed44_current_tta,10m,own,0.5,SID93,2023-12-20,131,397446,31183,619816,0
width_k0_seed44_current_tta,10m,common,0.5,SID93,2023-12-20,131,397446,31183,619816,0
width_k1_seed42_current_tta,10m,own,0.3,SID93,2023-12-20,0,0,31314,1017262,0
width_k1_seed42_current_tta,10m,common,0.3,SID93,2023-12-20,0,0,31314,1017262,0
width_k1_seed42_current_tta,10m,own,0.5,SID93,2023-12-20,0,0,31314,1017262,0
width_k1_seed42_current_tta,10m,common,0.5,SID93,2023-12-20,0,0,31314,1017262,0
width_k1_seed43_current_tta,10m,own,0.3,SID93,2023-12-20,0,0,31314,1017262,0
width_k1_seed43_current_tta,10m,common,0.3,SID93,2023-12-20,0,0,31314,1017262,0
width_k1_seed43_current_tta,10m,own,0.5,SID93,2023-12-20,0,0,31314,1017262,0
width_k1_seed43_current_tta,10m,common,0.5,SID93,2023-12-20,0,0,31314,1017262,0
width_k1_seed44_current_tta,10m,own,0.3,SID93,2023-12-20,0,3436,31314,1013826,0
width_k1_seed44_current_tta,10m,common,0.3,SID93,2023-12-20,0,3436,31314,1013826,0
width_k1_seed44_current_tta,10m,own,0.5,SID93,2023-12-20,0,182,31314,1017080,0
width_k1_seed44_current_tta,10m,common,0.5,SID93,2023-12-20,0,182,31314,1017080,0
width_k2_seed42_current_tta,10m,own,0.3,SID93,2023-12-20,0,0,31314,1017262,0
width_k2_seed42_current_tta,10m,common,0.3,SID93,2023-12-20,0,0,31314,1017262,0
width_k2_seed42_current_tta,10m,own,0.5,SID93,2023-12-20,0,0,31314,1017262,0
width_k2_seed42_current_tta,10m,common,0.5,SID93,2023-12-20,0,0,31314,1017262,0
width_k2_seed43_current_tta,10m,own,0.3,SID93,2023-12-20,0,0,31314,1017262,0
width_k2_seed43_current_tta,10m,common,0.3,SID93,2023-12-20,0,0,31314,1017262,0
width_k2_seed43_current_tta,10m,own,0.5,SID93,2023-12-20,0,0,31314,1017262,0
width_k2_seed43_current_tta,10m,common,0.5,SID93,2023-12-20,0,0,31314,1017262,0
width_k2_seed44_current_tta,10m,own,0.3,SID93,2023-12-20,0,0,31314,1017262,0
width_k2_seed44_current_tta,10m,common,0.3,SID93,2023-12-20,0,0,31314,1017262,0
width_k2_seed44_current_tta,10m,own,0.5,SID93,2023-12-20,0,0,31314,1017262,0
width_k2_seed44_current_tta,10m,common,0.5,SID93,2023-12-20,0,0,31314,1017262,0
width_k3_seed42_current_tta,10m,own,0.3,SID93,2023-12-20,0,0,31314,1017262,0
width_k3_seed42_current_tta,10m,common,0.3,SID93,2023-12-20,0,0,31314,1017262,0
width_k3_seed42_current_tta,10m,own,0.5,SID93,2023-12-20,0,0,31314,1017262,0
width_k3_seed42_current_tta,10m,common,0.5,SID93,2023-12-20,0,0,31314,1017262,0
width_k3_seed43_current_tta,10m,own,0.3,SID93,2023-12-20,0,0,31314,1017262,0
width_k3_seed43_current_tta,10m,common,0.3,SID93,2023-12-20,0,0,31314,1017262,0
width_k3_seed43_current_tta,10m,own,0.5,SID93,2023-12-20,0,0,31314,1017262,0
width_k3_seed43_current_tta,10m,common,0.5,SID93,2023-12-20,0,0,31314,1017262,0
width_k3_seed44_current_tta,10m,own,0.3,SID93,2023-12-20,0,0,31314,1017262,0
width_k3_seed44_current_tta,10m,common,0.3,SID93,2023-12-20,0,0,31314,1017262,0
width_k3_seed44_current_tta,10m,own,0.5,SID93,2023-12-20,0,0,31314,1017262,0
width_k3_seed44_current_tta,10m,common,0.5,SID93,2023-12-20,0,0,31314,1017262,0
width_k4_seed42_current_tta,10m,own,0.3,SID93,2023-12-20,0,0,31314,1017262,0
width_k4_seed42_current_tta,10m,common,0.3,SID93,2023-12-20,0,0,31314,1017262,0
width_k4_seed42_current_tta,10m,own,0.5,SID93,2023-12-20,0,0,31314,1017262,0
width_k4_seed42_current_tta,10m,common,0.5,SID93,2023-12-20,0,0,31314,1017262,0
width_k4_seed43_current_tta,10m,own,0.3,SID93,2023-12-20,0,0,31314,1017262,0
width_k4_seed43_current_tta,10m,common,0.3,SID93,2023-12-20,0,0,31314,1017262,0
width_k4_seed43_current_tta,10m,own,0.5,SID93,2023-12-20,0,0,31314,1017262,0
width_k4_seed43_current_tta,10m,common,0.5,SID93,2023-12-20,0,0,31314,1017262,0
width_k4_seed44_current_tta,10m,own,0.3,SID93,2023-12-20,0,0,31314,1017262,0
width_k4_seed44_current_tta,10m,common,0.3,SID93,2023-12-20,0,0,31314,1017262,0
width_k4_seed44_current_tta,10m,own,0.5,SID93,2023-12-20,0,0,31314,1017262,0
width_k4_seed44_current_tta,10m,common,0.5,SID93,2023-12-20,0,0,31314,1017262,0
width_k8_seed42_current_tta,10m,own,0.3,SID93,2023-12-20,0,0,31314,1017262,0
width_k8_seed42_current_tta,10m,common,0.3,SID93,2023-12-20,0,0,31314,1017262,0
width_k8_seed42_current_tta,10m,own,0.5,SID93,2023-12-20,0,0,31314,1017262,0
width_k8_seed42_current_tta,10m,common,0.5,SID93,2023-12-20,0,0,31314,1017262,0
width_k8_seed43_current_tta,10m,own,0.3,SID93,2023-12-20,0,0,31314,1017262,0
width_k8_seed43_current_tta,10m,common,0.3,SID93,2023-12-20,0,0,31314,1017262,0
width_k8_seed43_current_tta,10m,own,0.5,SID93,2023-12-20,0,0,31314,1017262,0
width_k8_seed43_current_tta,10m,common,0.5,SID93,2023-12-20,0,0,31314,1017262,0
width_k8_seed44_current_tta,10m,own,0.3,SID93,2023-12-20,0,0,31314,1017262,0
width_k8_seed44_current_tta,10m,common,0.3,SID93,2023-12-20,0,0,31314,1017262,0
width_k8_seed44_current_tta,10m,own,0.5,SID93,2023-12-20,0,0,31314,1017262,0
width_k8_seed44_current_tta,10m,common,0.5,SID93,2023-12-20,0,0,31314,1017262,0
width_k16_seed42_current_tta,10m,own,0.3,SID93,2023-12-20,0,0,31314,1017262,0
width_k16_seed42_current_tta,10m,common,0.3,SID93,2023-12-20,0,0,31314,1017262,0
width_k16_seed42_current_tta,10m,own,0.5,SID93,2023-12-20,0,0,31314,1017262,0
width_k16_seed42_current_tta,10m,common,0.5,SID93,2023-12-20,0,0,31314,1017262,0
width_k16_seed43_current_tta,10m,own,0.3,SID93,2023-12-20,0,0,31314,1017262,0
width_k16_seed43_current_tta,10m,common,0.3,SID93,2023-12-20,0,0,31314,1017262,0
width_k16_seed43_current_tta,10m,own,0.5,SID93,2023-12-20,0,0,31314,1017262,0
width_k16_seed43_current_tta,10m,common,0.5,SID93,2023-12-20,0,0,31314,1017262,0
width_k16_seed44_current_tta,10m,own,0.3,SID93,2023-12-20,0,0,31314,1017262,0
width_k16_seed44_current_tta,10m,common,0.3,SID93,2023-12-20,0,0,31314,1017262,0
width_k16_seed44_current_tta,10m,own,0.5,SID93,2023-12-20,0,0,31314,1017262,0
width_k16_seed44_current_tta,10m,common,0.5,SID93,2023-12-20,0,0,31314,1017262,0
train1000_k16_seed42_current_tta,10m,own,0.3,SID93,2023-12-20,646,69308,30668,947954,0
train1000_k16_seed42_current_tta,10m,common,0.3,SID93,2023-12-20,646,69308,30668,947954,0
train1000_k16_seed42_current_tta,10m,own,0.5,SID93,2023-12-20,179,22379,31135,994883,0
train1000_k16_seed42_current_tta,10m,common,0.5,SID93,2023-12-20,179,22379,31135,994883,0
train1000_k16_seed43_current_tta,10m,own,0.3,SID93,2023-12-20,82,13383,31232,1003879,0
train1000_k16_seed43_current_tta,10m,common,0.3,SID93,2023-12-20,82,13383,31232,1003879,0
train1000_k16_seed43_current_tta,10m,own,0.5,SID93,2023-12-20,0,2161,31314,1015101,0
train1000_k16_seed43_current_tta,10m,common,0.5,SID93,2023-12-20,0,2161,31314,1015101,0
train1000_k16_seed44_current_tta,10m,own,0.3,SID93,2023-12-20,263,29731,31051,987531,0
train1000_k16_seed44_current_tta,10m,common,0.3,SID93,2023-12-20,263,29731,31051,987531,0
train1000_k16_seed44_current_tta,10m,own,0.5,SID93,2023-12-20,85,10169,31229,1007093,0
train1000_k16_seed44_current_tta,10m,common,0.5,SID93,2023-12-20,85,10169,31229,1007093,0
train2000_k16_seed42_current_tta,10m,own,0.3,SID93,2023-12-20,0,0,31314,1017262,0
train2000_k16_seed42_current_tta,10m,common,0.3,SID93,2023-12-20,0,0,31314,1017262,0
train2000_k16_seed42_current_tta,10m,own,0.5,SID93,2023-12-20,0,0,31314,1017262,0
train2000_k16_seed42_current_tta,10m,common,0.5,SID93,2023-12-20,0,0,31314,1017262,0
train2000_k16_seed43_current_tta,10m,own,0.3,SID93,2023-12-20,0,0,31314,1017262,0
train2000_k16_seed43_current_tta,10m,common,0.3,SID93,2023-12-20,0,0,31314,1017262,0
train2000_k16_seed43_current_tta,10m,own,0.5,SID93,2023-12-20,0,0,31314,1017262,0
train2000_k16_seed43_current_tta,10m,common,0.5,SID93,2023-12-20,0,0,31314,1017262,0
train2000_k16_seed44_current_tta,10m,own,0.3,SID93,2023-12-20,0,0,31314,1017262,0
train2000_k16_seed44_current_tta,10m,common,0.3,SID93,2023-12-20,0,0,31314,1017262,0
train2000_k16_seed44_current_tta,10m,own,0.5,SID93,2023-12-20,0,0,31314,1017262,0
train2000_k16_seed44_current_tta,10m,common,0.5,SID93,2023-12-20,0,0,31314,1017262,0
train3000_k16_seed42_current_tta,10m,own,0.3,SID93,2023-12-20,0,0,31314,1017262,0
train3000_k16_seed42_current_tta,10m,common,0.3,SID93,2023-12-20,0,0,31314,1017262,0
train3000_k16_seed42_current_tta,10m,own,0.5,SID93,2023-12-20,0,0,31314,1017262,0
train3000_k16_seed42_current_tta,10m,common,0.5,SID93,2023-12-20,0,0,31314,1017262,0
train3000_k16_seed43_current_tta,10m,own,0.3,SID93,2023-12-20,0,0,31314,1017262,0
train3000_k16_seed43_current_tta,10m,common,0.3,SID93,2023-12-20,0,0,31314,1017262,0
train3000_k16_seed43_current_tta,10m,own,0.5,SID93,2023-12-20,0,0,31314,1017262,0
train3000_k16_seed43_current_tta,10m,common,0.5,SID93,2023-12-20,0,0,31314,1017262,0
train3000_k16_seed44_current_tta,10m,own,0.3,SID93,2023-12-20,0,0,31314,1017262,0
train3000_k16_seed44_current_tta,10m,common,0.3,SID93,2023-12-20,0,0,31314,1017262,0
train3000_k16_seed44_current_tta,10m,own,0.5,SID93,2023-12-20,0,0,31314,1017262,0
train3000_k16_seed44_current_tta,10m,common,0.5,SID93,2023-12-20,0,0,31314,1017262,0
width_k0_seed42_current_tta,10m,own,0.3,SID97,2023-12-24,104766,41646,103068,799096,0
width_k0_seed42_current_tta,10m,common,0.3,SID97,2023-12-24,104766,41646,103068,799096,0
width_k0_seed42_current_tta,10m,own,0.5,SID97,2023-12-24,86890,32035,120944,808707,0
width_k0_seed42_current_tta,10m,common,0.5,SID97,2023-12-24,86890,32035,120944,808707,0
width_k0_seed43_current_tta,10m,own,0.3,SID97,2023-12-24,117042,50075,90792,790667,0
width_k0_seed43_current_tta,10m,common,0.3,SID97,2023-12-24,117042,50075,90792,790667,0
width_k0_seed43_current_tta,10m,own,0.5,SID97,2023-12-24,100072,41167,107762,799575,0
width_k0_seed43_current_tta,10m,common,0.5,SID97,2023-12-24,100072,41167,107762,799575,0
width_k0_seed44_current_tta,10m,own,0.3,SID97,2023-12-24,97124,38226,110710,802516,0
width_k0_seed44_current_tta,10m,common,0.3,SID97,2023-12-24,97124,38226,110710,802516,0
width_k0_seed44_current_tta,10m,own,0.5,SID97,2023-12-24,77947,29776,129887,810966,0
width_k0_seed44_current_tta,10m,common,0.5,SID97,2023-12-24,77947,29776,129887,810966,0
width_k1_seed42_current_tta,10m,own,0.3,SID97,2023-12-24,189597,72732,18237,768010,0
width_k1_seed42_current_tta,10m,common,0.3,SID97,2023-12-24,189597,72732,18237,768010,0
width_k1_seed42_current_tta,10m,own,0.5,SID97,2023-12-24,177822,57198,30012,783544,0
width_k1_seed42_current_tta,10m,common,0.5,SID97,2023-12-24,177822,57198,30012,783544,0
width_k1_seed43_current_tta,10m,own,0.3,SID97,2023-12-24,179514,56747,28320,783995,0
width_k1_seed43_current_tta,10m,common,0.3,SID97,2023-12-24,179514,56747,28320,783995,0
width_k1_seed43_current_tta,10m,own,0.5,SID97,2023-12-24,163237,43172,44597,797570,0
width_k1_seed43_current_tta,10m,common,0.5,SID97,2023-12-24,163237,43172,44597,797570,0
width_k1_seed44_current_tta,10m,own,0.3,SID97,2023-12-24,182092,63644,25742,777098,0
width_k1_seed44_current_tta,10m,common,0.3,SID97,2023-12-24,182092,63644,25742,777098,0
width_k1_seed44_current_tta,10m,own,0.5,SID97,2023-12-24,168410,51588,39424,789154,0
width_k1_seed44_current_tta,10m,common,0.5,SID97,2023-12-24,168410,51588,39424,789154,0
width_k2_seed42_current_tta,10m,own,0.3,SID97,2023-12-24,198431,83443,9403,757299,0
width_k2_seed42_current_tta,10m,common,0.3,SID97,2023-12-24,198431,83443,9403,757299,0
width_k2_seed42_current_tta,10m,own,0.5,SID97,2023-12-24,192968,68979,14866,771763,0
width_k2_seed42_current_tta,10m,common,0.5,SID97,2023-12-24,192968,68979,14866,771763,0
width_k2_seed43_current_tta,10m,own,0.3,SID97,2023-12-24,194429,69757,13405,770985,0
width_k2_seed43_current_tta,10m,common,0.3,SID97,2023-12-24,194429,69757,13405,770985,0
width_k2_seed43_current_tta,10m,own,0.5,SID97,2023-12-24,186336,56750,21498,783992,0
width_k2_seed43_current_tta,10m,common,0.5,SID97,2023-12-24,186336,56750,21498,783992,0
width_k2_seed44_current_tta,10m,own,0.3,SID97,2023-12-24,201514,93082,6320,747660,0
width_k2_seed44_current_tta,10m,common,0.3,SID97,2023-12-24,201514,93082,6320,747660,0
width_k2_seed44_current_tta,10m,own,0.5,SID97,2023-12-24,198338,81618,9496,759124,0
width_k2_seed44_current_tta,10m,common,0.5,SID97,2023-12-24,198338,81618,9496,759124,0
width_k3_seed42_current_tta,10m,own,0.3,SID97,2023-12-24,199399,80985,8435,759757,0
width_k3_seed42_current_tta,10m,common,0.3,SID97,2023-12-24,199399,80985,8435,759757,0
width_k3_seed42_current_tta,10m,own,0.5,SID97,2023-12-24,194103,68786,13731,771956,0
width_k3_seed42_current_tta,10m,common,0.5,SID97,2023-12-24,194103,68786,13731,771956,0
width_k3_seed43_current_tta,10m,own,0.3,SID97,2023-12-24,198555,75607,9279,765135,0
width_k3_seed43_current_tta,10m,common,0.3,SID97,2023-12-24,198555,75607,9279,765135,0
width_k3_seed43_current_tta,10m,own,0.5,SID97,2023-12-24,192086,62315,15748,778427,0
width_k3_seed43_current_tta,10m,common,0.5,SID97,2023-12-24,192086,62315,15748,778427,0
width_k3_seed44_current_tta,10m,own,0.3,SID97,2023-12-24,202219,92432,5615,748310,0
width_k3_seed44_current_tta,10m,common,0.3,SID97,2023-12-24,202219,92432,5615,748310,0
width_k3_seed44_current_tta,10m,own,0.5,SID97,2023-12-24,199882,81739,7952,759003,0
width_k3_seed44_current_tta,10m,common,0.5,SID97,2023-12-24,199882,81739,7952,759003,0
width_k4_seed42_current_tta,10m,own,0.3,SID97,2023-12-24,198747,85021,9087,755721,0
width_k4_seed42_current_tta,10m,common,0.3,SID97,2023-12-24,198747,85021,9087,755721,0
width_k4_seed42_current_tta,10m,own,0.5,SID97,2023-12-24,193222,71505,14612,769237,0
width_k4_seed42_current_tta,10m,common,0.5,SID97,2023-12-24,193222,71505,14612,769237,0
width_k4_seed43_current_tta,10m,own,0.3,SID97,2023-12-24,199685,81095,8149,759647,0
width_k4_seed43_current_tta,10m,common,0.3,SID97,2023-12-24,199685,81095,8149,759647,0
width_k4_seed43_current_tta,10m,own,0.5,SID97,2023-12-24,194548,67107,13286,773635,0
width_k4_seed43_current_tta,10m,common,0.5,SID97,2023-12-24,194548,67107,13286,773635,0
width_k4_seed44_current_tta,10m,own,0.3,SID97,2023-12-24,199425,83424,8409,757318,0
width_k4_seed44_current_tta,10m,common,0.3,SID97,2023-12-24,199425,83424,8409,757318,0
width_k4_seed44_current_tta,10m,own,0.5,SID97,2023-12-24,193214,68013,14620,772729,0
width_k4_seed44_current_tta,10m,common,0.5,SID97,2023-12-24,193214,68013,14620,772729,0
width_k8_seed42_current_tta,10m,own,0.3,SID97,2023-12-24,198918,79425,8916,761317,0
width_k8_seed42_current_tta,10m,common,0.3,SID97,2023-12-24,198918,79425,8916,761317,0
width_k8_seed42_current_tta,10m,own,0.5,SID97,2023-12-24,193533,67975,14301,772767,0
width_k8_seed42_current_tta,10m,common,0.5,SID97,2023-12-24,193533,67975,14301,772767,0
width_k8_seed43_current_tta,10m,own,0.3,SID97,2023-12-24,199518,81264,8316,759478,0
width_k8_seed43_current_tta,10m,common,0.3,SID97,2023-12-24,199518,81264,8316,759478,0
width_k8_seed43_current_tta,10m,own,0.5,SID97,2023-12-24,194381,68549,13453,772193,0
width_k8_seed43_current_tta,10m,common,0.5,SID97,2023-12-24,194381,68549,13453,772193,0
width_k8_seed44_current_tta,10m,own,0.3,SID97,2023-12-24,202317,93259,5517,747483,0
width_k8_seed44_current_tta,10m,common,0.3,SID97,2023-12-24,202317,93259,5517,747483,0
width_k8_seed44_current_tta,10m,own,0.5,SID97,2023-12-24,198188,79367,9646,761375,0
width_k8_seed44_current_tta,10m,common,0.5,SID97,2023-12-24,198188,79367,9646,761375,0
width_k16_seed42_current_tta,10m,own,0.3,SID97,2023-12-24,200737,89826,7097,750916,0
width_k16_seed42_current_tta,10m,common,0.3,SID97,2023-12-24,200737,89826,7097,750916,0
width_k16_seed42_current_tta,10m,own,0.5,SID97,2023-12-24,196802,77423,11032,763319,0
width_k16_seed42_current_tta,10m,common,0.5,SID97,2023-12-24,196802,77423,11032,763319,0
width_k16_seed43_current_tta,10m,own,0.3,SID97,2023-12-24,199095,81711,8739,759031,0
width_k16_seed43_current_tta,10m,common,0.3,SID97,2023-12-24,199095,81711,8739,759031,0
width_k16_seed43_current_tta,10m,own,0.5,SID97,2023-12-24,193002,66652,14832,774090,0
width_k16_seed43_current_tta,10m,common,0.5,SID97,2023-12-24,193002,66652,14832,774090,0
width_k16_seed44_current_tta,10m,own,0.3,SID97,2023-12-24,200403,85074,7431,755668,0
width_k16_seed44_current_tta,10m,common,0.3,SID97,2023-12-24,200403,85074,7431,755668,0
width_k16_seed44_current_tta,10m,own,0.5,SID97,2023-12-24,195850,72364,11984,768378,0
width_k16_seed44_current_tta,10m,common,0.5,SID97,2023-12-24,195850,72364,11984,768378,0
train1000_k16_seed42_current_tta,10m,own,0.3,SID97,2023-12-24,171522,66915,36312,773827,0
train1000_k16_seed42_current_tta,10m,common,0.3,SID97,2023-12-24,171522,66915,36312,773827,0
train1000_k16_seed42_current_tta,10m,own,0.5,SID97,2023-12-24,155124,51199,52710,789543,0
train1000_k16_seed42_current_tta,10m,common,0.5,SID97,2023-12-24,155124,51199,52710,789543,0
train1000_k16_seed43_current_tta,10m,own,0.3,SID97,2023-12-24,169955,63804,37879,776938,0
train1000_k16_seed43_current_tta,10m,common,0.3,SID97,2023-12-24,169955,63804,37879,776938,0
train1000_k16_seed43_current_tta,10m,own,0.5,SID97,2023-12-24,152142,49335,55692,791407,0
train1000_k16_seed43_current_tta,10m,common,0.5,SID97,2023-12-24,152142,49335,55692,791407,0
train1000_k16_seed44_current_tta,10m,own,0.3,SID97,2023-12-24,146470,50344,61364,790398,0
train1000_k16_seed44_current_tta,10m,common,0.3,SID97,2023-12-24,146470,50344,61364,790398,0
train1000_k16_seed44_current_tta,10m,own,0.5,SID97,2023-12-24,126281,39379,81553,801363,0
train1000_k16_seed44_current_tta,10m,common,0.5,SID97,2023-12-24,126281,39379,81553,801363,0
train2000_k16_seed42_current_tta,10m,own,0.3,SID97,2023-12-24,200785,85028,7049,755714,0
train2000_k16_seed42_current_tta,10m,common,0.3,SID97,2023-12-24,200785,85028,7049,755714,0
train2000_k16_seed42_current_tta,10m,own,0.5,SID97,2023-12-24,196412,73174,11422,767568,0
train2000_k16_seed42_current_tta,10m,common,0.5,SID97,2023-12-24,196412,73174,11422,767568,0
train2000_k16_seed43_current_tta,10m,own,0.3,SID97,2023-12-24,202317,91933,5517,748809,0
train2000_k16_seed43_current_tta,10m,common,0.3,SID97,2023-12-24,202317,91933,5517,748809,0
train2000_k16_seed43_current_tta,10m,own,0.5,SID97,2023-12-24,199606,80851,8228,759891,0
train2000_k16_seed43_current_tta,10m,common,0.5,SID97,2023-12-24,199606,80851,8228,759891,0
train2000_k16_seed44_current_tta,10m,own,0.3,SID97,2023-12-24,202039,87159,5795,753583,0
train2000_k16_seed44_current_tta,10m,common,0.3,SID97,2023-12-24,202039,87159,5795,753583,0
train2000_k16_seed44_current_tta,10m,own,0.5,SID97,2023-12-24,198510,75421,9324,765321,0
train2000_k16_seed44_current_tta,10m,common,0.5,SID97,2023-12-24,198510,75421,9324,765321,0
train3000_k16_seed42_current_tta,10m,own,0.3,SID97,2023-12-24,201878,88531,5956,752211,0
train3000_k16_seed42_current_tta,10m,common,0.3,SID97,2023-12-24,201878,88531,5956,752211,0
train3000_k16_seed42_current_tta,10m,own,0.5,SID97,2023-12-24,198583,76856,9251,763886,0
train3000_k16_seed42_current_tta,10m,common,0.5,SID97,2023-12-24,198583,76856,9251,763886,0
train3000_k16_seed43_current_tta,10m,own,0.3,SID97,2023-12-24,203772,96100,4062,744642,0
train3000_k16_seed43_current_tta,10m,common,0.3,SID97,2023-12-24,203772,96100,4062,744642,0
train3000_k16_seed43_current_tta,10m,own,0.5,SID97,2023-12-24,201061,83251,6773,757491,0
train3000_k16_seed43_current_tta,10m,common,0.5,SID97,2023-12-24,201061,83251,6773,757491,0
train3000_k16_seed44_current_tta,10m,own,0.3,SID97,2023-12-24,202922,91514,4912,749228,0
train3000_k16_seed44_current_tta,10m,common,0.3,SID97,2023-12-24,202922,91514,4912,749228,0
train3000_k16_seed44_current_tta,10m,own,0.5,SID97,2023-12-24,199893,79578,7941,761164,0
train3000_k16_seed44_current_tta,10m,common,0.5,SID97,2023-12-24,199893,79578,7941,761164,0
width_k0_seed42_current_tta,10m,own,0.3,SID98,2023-06-23,16423,8708,54203,969242,0
width_k0_seed42_current_tta,10m,common,0.3,SID98,2023-06-23,16423,8708,54203,969242,0
width_k0_seed42_current_tta,10m,own,0.5,SID98,2023-06-23,14249,6651,56377,971299,0
width_k0_seed42_current_tta,10m,common,0.5,SID98,2023-06-23,14249,6651,56377,971299,0
width_k0_seed43_current_tta,10m,own,0.3,SID98,2023-06-23,19836,10270,50790,967680,0
width_k0_seed43_current_tta,10m,common,0.3,SID98,2023-06-23,19836,10270,50790,967680,0
width_k0_seed43_current_tta,10m,own,0.5,SID98,2023-06-23,15623,7716,55003,970234,0
width_k0_seed43_current_tta,10m,common,0.5,SID98,2023-06-23,15623,7716,55003,970234,0
width_k0_seed44_current_tta,10m,own,0.3,SID98,2023-06-23,17628,9900,52998,968050,0
width_k0_seed44_current_tta,10m,common,0.3,SID98,2023-06-23,17628,9900,52998,968050,0
width_k0_seed44_current_tta,10m,own,0.5,SID98,2023-06-23,15305,7424,55321,970526,0
width_k0_seed44_current_tta,10m,common,0.5,SID98,2023-06-23,15305,7424,55321,970526,0
width_k1_seed42_current_tta,10m,own,0.3,SID98,2023-06-23,38090,12853,32536,965097,0
width_k1_seed42_current_tta,10m,common,0.3,SID98,2023-06-23,38090,12853,32536,965097,0
width_k1_seed42_current_tta,10m,own,0.5,SID98,2023-06-23,35336,9190,35290,968760,0
width_k1_seed42_current_tta,10m,common,0.5,SID98,2023-06-23,35336,9190,35290,968760,0
width_k1_seed43_current_tta,10m,own,0.3,SID98,2023-06-23,37608,12401,33018,965549,0
width_k1_seed43_current_tta,10m,common,0.3,SID98,2023-06-23,37608,12401,33018,965549,0
width_k1_seed43_current_tta,10m,own,0.5,SID98,2023-06-23,34900,8989,35726,968961,0
width_k1_seed43_current_tta,10m,common,0.5,SID98,2023-06-23,34900,8989,35726,968961,0
width_k1_seed44_current_tta,10m,own,0.3,SID98,2023-06-23,34929,9821,35697,968129,0
width_k1_seed44_current_tta,10m,common,0.3,SID98,2023-06-23,34929,9821,35697,968129,0
width_k1_seed44_current_tta,10m,own,0.5,SID98,2023-06-23,30414,6638,40212,971312,0
width_k1_seed44_current_tta,10m,common,0.5,SID98,2023-06-23,30414,6638,40212,971312,0
width_k2_seed42_current_tta,10m,own,0.3,SID98,2023-06-23,41634,18483,28992,959467,0
width_k2_seed42_current_tta,10m,common,0.3,SID98,2023-06-23,41634,18483,28992,959467,0
width_k2_seed42_current_tta,10m,own,0.5,SID98,2023-06-23,39221,13796,31405,964154,0
width_k2_seed42_current_tta,10m,common,0.5,SID98,2023-06-23,39221,13796,31405,964154,0
width_k2_seed43_current_tta,10m,own,0.3,SID98,2023-06-23,43042,24044,27584,953906,0
width_k2_seed43_current_tta,10m,common,0.3,SID98,2023-06-23,43042,24044,27584,953906,0
width_k2_seed43_current_tta,10m,own,0.5,SID98,2023-06-23,40688,18229,29938,959721,0
width_k2_seed43_current_tta,10m,common,0.5,SID98,2023-06-23,40688,18229,29938,959721,0
width_k2_seed44_current_tta,10m,own,0.3,SID98,2023-06-23,43893,31273,26733,946677,0
width_k2_seed44_current_tta,10m,common,0.3,SID98,2023-06-23,43893,31273,26733,946677,0
width_k2_seed44_current_tta,10m,own,0.5,SID98,2023-06-23,41889,25146,28737,952804,0
width_k2_seed44_current_tta,10m,common,0.5,SID98,2023-06-23,41889,25146,28737,952804,0
width_k3_seed42_current_tta,10m,own,0.3,SID98,2023-06-23,43007,23468,27619,954482,0
width_k3_seed42_current_tta,10m,common,0.3,SID98,2023-06-23,43007,23468,27619,954482,0
width_k3_seed42_current_tta,10m,own,0.5,SID98,2023-06-23,41013,17966,29613,959984,0
width_k3_seed42_current_tta,10m,common,0.5,SID98,2023-06-23,41013,17966,29613,959984,0
width_k3_seed43_current_tta,10m,own,0.3,SID98,2023-06-23,43984,21635,26642,956315,0
width_k3_seed43_current_tta,10m,common,0.3,SID98,2023-06-23,43984,21635,26642,956315,0
width_k3_seed43_current_tta,10m,own,0.5,SID98,2023-06-23,42089,16874,28537,961076,0
width_k3_seed43_current_tta,10m,common,0.5,SID98,2023-06-23,42089,16874,28537,961076,0
width_k3_seed44_current_tta,10m,own,0.3,SID98,2023-06-23,44458,27756,26168,950194,0
width_k3_seed44_current_tta,10m,common,0.3,SID98,2023-06-23,44458,27756,26168,950194,0
width_k3_seed44_current_tta,10m,own,0.5,SID98,2023-06-23,42728,21703,27898,956247,0
width_k3_seed44_current_tta,10m,common,0.5,SID98,2023-06-23,42728,21703,27898,956247,0
width_k4_seed42_current_tta,10m,own,0.3,SID98,2023-06-23,43035,21887,27591,956063,0
width_k4_seed42_current_tta,10m,common,0.3,SID98,2023-06-23,43035,21887,27591,956063,0
width_k4_seed42_current_tta,10m,own,0.5,SID98,2023-06-23,41051,16994,29575,960956,0
width_k4_seed42_current_tta,10m,common,0.5,SID98,2023-06-23,41051,16994,29575,960956,0
width_k4_seed43_current_tta,10m,own,0.3,SID98,2023-06-23,42946,22474,27680,955476,0
width_k4_seed43_current_tta,10m,common,0.3,SID98,2023-06-23,42946,22474,27680,955476,0
width_k4_seed43_current_tta,10m,own,0.5,SID98,2023-06-23,41139,17376,29487,960574,0
width_k4_seed43_current_tta,10m,common,0.5,SID98,2023-06-23,41139,17376,29487,960574,0
width_k4_seed44_current_tta,10m,own,0.3,SID98,2023-06-23,42287,18456,28339,959494,0
width_k4_seed44_current_tta,10m,common,0.3,SID98,2023-06-23,42287,18456,28339,959494,0
width_k4_seed44_current_tta,10m,own,0.5,SID98,2023-06-23,40138,14239,30488,963711,0
width_k4_seed44_current_tta,10m,common,0.5,SID98,2023-06-23,40138,14239,30488,963711,0
width_k8_seed42_current_tta,10m,own,0.3,SID98,2023-06-23,45012,28428,25614,949522,0
width_k8_seed42_current_tta,10m,common,0.3,SID98,2023-06-23,45012,28428,25614,949522,0
width_k8_seed42_current_tta,10m,own,0.5,SID98,2023-06-23,43081,23058,27545,954892,0
width_k8_seed42_current_tta,10m,common,0.5,SID98,2023-06-23,43081,23058,27545,954892,0
width_k8_seed43_current_tta,10m,own,0.3,SID98,2023-06-23,44142,25776,26484,952174,0
width_k8_seed43_current_tta,10m,common,0.3,SID98,2023-06-23,44142,25776,26484,952174,0
width_k8_seed43_current_tta,10m,own,0.5,SID98,2023-06-23,42057,20020,28569,957930,0
width_k8_seed43_current_tta,10m,common,0.5,SID98,2023-06-23,42057,20020,28569,957930,0
width_k8_seed44_current_tta,10m,own,0.3,SID98,2023-06-23,45768,29068,24858,948882,0
width_k8_seed44_current_tta,10m,common,0.3,SID98,2023-06-23,45768,29068,24858,948882,0
width_k8_seed44_current_tta,10m,own,0.5,SID98,2023-06-23,43639,23265,26987,954685,0
width_k8_seed44_current_tta,10m,common,0.5,SID98,2023-06-23,43639,23265,26987,954685,0
width_k16_seed42_current_tta,10m,own,0.3,SID98,2023-06-23,46614,30297,24012,947653,0
width_k16_seed42_current_tta,10m,common,0.3,SID98,2023-06-23,46614,30297,24012,947653,0
width_k16_seed42_current_tta,10m,own,0.5,SID98,2023-06-23,44657,24715,25969,953235,0
width_k16_seed42_current_tta,10m,common,0.5,SID98,2023-06-23,44657,24715,25969,953235,0
width_k16_seed43_current_tta,10m,own,0.3,SID98,2023-06-23,44283,25211,26343,952739,0
width_k16_seed43_current_tta,10m,common,0.3,SID98,2023-06-23,44283,25211,26343,952739,0
width_k16_seed43_current_tta,10m,own,0.5,SID98,2023-06-23,42360,19796,28266,958154,0
width_k16_seed43_current_tta,10m,common,0.5,SID98,2023-06-23,42360,19796,28266,958154,0
width_k16_seed44_current_tta,10m,own,0.3,SID98,2023-06-23,44328,25270,26298,952680,0
width_k16_seed44_current_tta,10m,common,0.3,SID98,2023-06-23,44328,25270,26298,952680,0
width_k16_seed44_current_tta,10m,own,0.5,SID98,2023-06-23,42614,20128,28012,957822,0
width_k16_seed44_current_tta,10m,common,0.5,SID98,2023-06-23,42614,20128,28012,957822,0
train1000_k16_seed42_current_tta,10m,own,0.3,SID98,2023-06-23,25641,8936,44985,969014,0
train1000_k16_seed42_current_tta,10m,common,0.3,SID98,2023-06-23,25641,8936,44985,969014,0
train1000_k16_seed42_current_tta,10m,own,0.5,SID98,2023-06-23,17573,5329,53053,972621,0
train1000_k16_seed42_current_tta,10m,common,0.5,SID98,2023-06-23,17573,5329,53053,972621,0
train1000_k16_seed43_current_tta,10m,own,0.3,SID98,2023-06-23,32119,12873,38507,965077,0
train1000_k16_seed43_current_tta,10m,common,0.3,SID98,2023-06-23,32119,12873,38507,965077,0
train1000_k16_seed43_current_tta,10m,own,0.5,SID98,2023-06-23,25485,7665,45141,970285,0
train1000_k16_seed43_current_tta,10m,common,0.5,SID98,2023-06-23,25485,7665,45141,970285,0
train1000_k16_seed44_current_tta,10m,own,0.3,SID98,2023-06-23,26399,9707,44227,968243,0
train1000_k16_seed44_current_tta,10m,common,0.3,SID98,2023-06-23,26399,9707,44227,968243,0
train1000_k16_seed44_current_tta,10m,own,0.5,SID98,2023-06-23,18049,5877,52577,972073,0
train1000_k16_seed44_current_tta,10m,common,0.5,SID98,2023-06-23,18049,5877,52577,972073,0
train2000_k16_seed42_current_tta,10m,own,0.3,SID98,2023-06-23,41938,23591,28688,954359,0
train2000_k16_seed42_current_tta,10m,common,0.3,SID98,2023-06-23,41938,23591,28688,954359,0
train2000_k16_seed42_current_tta,10m,own,0.5,SID98,2023-06-23,39246,17687,31380,960263,0
train2000_k16_seed42_current_tta,10m,common,0.5,SID98,2023-06-23,39246,17687,31380,960263,0
train2000_k16_seed43_current_tta,10m,own,0.3,SID98,2023-06-23,42060,25357,28566,952593,0
train2000_k16_seed43_current_tta,10m,common,0.3,SID98,2023-06-23,42060,25357,28566,952593,0
train2000_k16_seed43_current_tta,10m,own,0.5,SID98,2023-06-23,39371,19848,31255,958102,0
train2000_k16_seed43_current_tta,10m,common,0.5,SID98,2023-06-23,39371,19848,31255,958102,0
train2000_k16_seed44_current_tta,10m,own,0.3,SID98,2023-06-23,43477,26016,27149,951934,0
train2000_k16_seed44_current_tta,10m,common,0.3,SID98,2023-06-23,43477,26016,27149,951934,0
train2000_k16_seed44_current_tta,10m,own,0.5,SID98,2023-06-23,41037,19854,29589,958096,0
train2000_k16_seed44_current_tta,10m,common,0.5,SID98,2023-06-23,41037,19854,29589,958096,0
train3000_k16_seed42_current_tta,10m,own,0.3,SID98,2023-06-23,45455,30179,25171,947771,0
train3000_k16_seed42_current_tta,10m,common,0.3,SID98,2023-06-23,45455,30179,25171,947771,0
train3000_k16_seed42_current_tta,10m,own,0.5,SID98,2023-06-23,43285,24535,27341,953415,0
train3000_k16_seed42_current_tta,10m,common,0.5,SID98,2023-06-23,43285,24535,27341,953415,0
train3000_k16_seed43_current_tta,10m,own,0.3,SID98,2023-06-23,43330,25694,27296,952256,0
train3000_k16_seed43_current_tta,10m,common,0.3,SID98,2023-06-23,43330,25694,27296,952256,0
train3000_k16_seed43_current_tta,10m,own,0.5,SID98,2023-06-23,41277,19969,29349,957981,0
train3000_k16_seed43_current_tta,10m,common,0.5,SID98,2023-06-23,41277,19969,29349,957981,0
train3000_k16_seed44_current_tta,10m,own,0.3,SID98,2023-06-23,44524,27692,26102,950258,0
train3000_k16_seed44_current_tta,10m,common,0.3,SID98,2023-06-23,44524,27692,26102,950258,0
train3000_k16_seed44_current_tta,10m,own,0.5,SID98,2023-06-23,42340,22607,28286,955343,0
train3000_k16_seed44_current_tta,10m,common,0.5,SID98,2023-06-23,42340,22607,28286,955343,0
width_k0_seed42_current_tta,10m,own,0.3,SID99,2023-08-27,0,95599,5661,947316,0
width_k0_seed42_current_tta,10m,common,0.3,SID99,2023-08-27,0,95599,5661,947316,0
width_k0_seed42_current_tta,10m,own,0.5,SID99,2023-08-27,0,71883,5661,971032,0
width_k0_seed42_current_tta,10m,common,0.5,SID99,2023-08-27,0,71883,5661,971032,0
width_k0_seed43_current_tta,10m,own,0.3,SID99,2023-08-27,0,118023,5661,924892,0
width_k0_seed43_current_tta,10m,common,0.3,SID99,2023-08-27,0,118023,5661,924892,0
width_k0_seed43_current_tta,10m,own,0.5,SID99,2023-08-27,0,93672,5661,949243,0
width_k0_seed43_current_tta,10m,common,0.5,SID99,2023-08-27,0,93672,5661,949243,0
width_k0_seed44_current_tta,10m,own,0.3,SID99,2023-08-27,0,108363,5661,934552,0
width_k0_seed44_current_tta,10m,common,0.3,SID99,2023-08-27,0,108363,5661,934552,0
width_k0_seed44_current_tta,10m,own,0.5,SID99,2023-08-27,0,87219,5661,955696,0
width_k0_seed44_current_tta,10m,common,0.5,SID99,2023-08-27,0,87219,5661,955696,0
width_k1_seed42_current_tta,10m,own,0.3,SID99,2023-08-27,0,36400,5661,1006515,0
width_k1_seed42_current_tta,10m,common,0.3,SID99,2023-08-27,0,36400,5661,1006515,0
width_k1_seed42_current_tta,10m,own,0.5,SID99,2023-08-27,0,26374,5661,1016541,0
width_k1_seed42_current_tta,10m,common,0.5,SID99,2023-08-27,0,26374,5661,1016541,0
width_k1_seed43_current_tta,10m,own,0.3,SID99,2023-08-27,0,20246,5661,1022669,0
width_k1_seed43_current_tta,10m,common,0.3,SID99,2023-08-27,0,20246,5661,1022669,0
width_k1_seed43_current_tta,10m,own,0.5,SID99,2023-08-27,0,13821,5661,1029094,0
width_k1_seed43_current_tta,10m,common,0.5,SID99,2023-08-27,0,13821,5661,1029094,0
width_k1_seed44_current_tta,10m,own,0.3,SID99,2023-08-27,0,41758,5661,1001157,0
width_k1_seed44_current_tta,10m,common,0.3,SID99,2023-08-27,0,41758,5661,1001157,0
width_k1_seed44_current_tta,10m,own,0.5,SID99,2023-08-27,0,30963,5661,1011952,0
width_k1_seed44_current_tta,10m,common,0.5,SID99,2023-08-27,0,30963,5661,1011952,0
width_k2_seed42_current_tta,10m,own,0.3,SID99,2023-08-27,27,30404,5634,1012511,0
width_k2_seed42_current_tta,10m,common,0.3,SID99,2023-08-27,27,30404,5634,1012511,0
width_k2_seed42_current_tta,10m,own,0.5,SID99,2023-08-27,0,22147,5661,1020768,0
width_k2_seed42_current_tta,10m,common,0.5,SID99,2023-08-27,0,22147,5661,1020768,0
width_k2_seed43_current_tta,10m,own,0.3,SID99,2023-08-27,96,38759,5565,1004156,0
width_k2_seed43_current_tta,10m,common,0.3,SID99,2023-08-27,96,38759,5565,1004156,0
width_k2_seed43_current_tta,10m,own,0.5,SID99,2023-08-27,40,29591,5621,1013324,0
width_k2_seed43_current_tta,10m,common,0.5,SID99,2023-08-27,40,29591,5621,1013324,0
width_k2_seed44_current_tta,10m,own,0.3,SID99,2023-08-27,27,39401,5634,1003514,0
width_k2_seed44_current_tta,10m,common,0.3,SID99,2023-08-27,27,39401,5634,1003514,0
width_k2_seed44_current_tta,10m,own,0.5,SID99,2023-08-27,0,29751,5661,1013164,0
width_k2_seed44_current_tta,10m,common,0.5,SID99,2023-08-27,0,29751,5661,1013164,0
width_k3_seed42_current_tta,10m,own,0.3,SID99,2023-08-27,135,36466,5526,1006449,0
width_k3_seed42_current_tta,10m,common,0.3,SID99,2023-08-27,135,36466,5526,1006449,0
width_k3_seed42_current_tta,10m,own,0.5,SID99,2023-08-27,59,27831,5602,1015084,0
width_k3_seed42_current_tta,10m,common,0.5,SID99,2023-08-27,59,27831,5602,1015084,0
width_k3_seed43_current_tta,10m,own,0.3,SID99,2023-08-27,0,18897,5661,1024018,0
width_k3_seed43_current_tta,10m,common,0.3,SID99,2023-08-27,0,18897,5661,1024018,0
width_k3_seed43_current_tta,10m,own,0.5,SID99,2023-08-27,0,12517,5661,1030398,0
width_k3_seed43_current_tta,10m,common,0.5,SID99,2023-08-27,0,12517,5661,1030398,0
width_k3_seed44_current_tta,10m,own,0.3,SID99,2023-08-27,160,34390,5501,1008525,0
width_k3_seed44_current_tta,10m,common,0.3,SID99,2023-08-27,160,34390,5501,1008525,0
width_k3_seed44_current_tta,10m,own,0.5,SID99,2023-08-27,82,24552,5579,1018363,0
width_k3_seed44_current_tta,10m,common,0.5,SID99,2023-08-27,82,24552,5579,1018363,0
width_k4_seed42_current_tta,10m,own,0.3,SID99,2023-08-27,99,36638,5562,1006277,0
width_k4_seed42_current_tta,10m,common,0.3,SID99,2023-08-27,99,36638,5562,1006277,0
width_k4_seed42_current_tta,10m,own,0.5,SID99,2023-08-27,42,26588,5619,1016327,0
width_k4_seed42_current_tta,10m,common,0.5,SID99,2023-08-27,42,26588,5619,1016327,0
width_k4_seed43_current_tta,10m,own,0.3,SID99,2023-08-27,179,41070,5482,1001845,0
width_k4_seed43_current_tta,10m,common,0.3,SID99,2023-08-27,179,41070,5482,1001845,0
width_k4_seed43_current_tta,10m,own,0.5,SID99,2023-08-27,67,32666,5594,1010249,0
width_k4_seed43_current_tta,10m,common,0.5,SID99,2023-08-27,67,32666,5594,1010249,0
width_k4_seed44_current_tta,10m,own,0.3,SID99,2023-08-27,62,29380,5599,1013535,0
width_k4_seed44_current_tta,10m,common,0.3,SID99,2023-08-27,62,29380,5599,1013535,0
width_k4_seed44_current_tta,10m,own,0.5,SID99,2023-08-27,8,20351,5653,1022564,0
width_k4_seed44_current_tta,10m,common,0.5,SID99,2023-08-27,8,20351,5653,1022564,0
width_k8_seed42_current_tta,10m,own,0.3,SID99,2023-08-27,184,39828,5477,1003087,0
width_k8_seed42_current_tta,10m,common,0.3,SID99,2023-08-27,184,39828,5477,1003087,0
width_k8_seed42_current_tta,10m,own,0.5,SID99,2023-08-27,78,30593,5583,1012322,0
width_k8_seed42_current_tta,10m,common,0.5,SID99,2023-08-27,78,30593,5583,1012322,0
width_k8_seed43_current_tta,10m,own,0.3,SID99,2023-08-27,121,29611,5540,1013304,0
width_k8_seed43_current_tta,10m,common,0.3,SID99,2023-08-27,121,29611,5540,1013304,0
width_k8_seed43_current_tta,10m,own,0.5,SID99,2023-08-27,68,21710,5593,1021205,0
width_k8_seed43_current_tta,10m,common,0.5,SID99,2023-08-27,68,21710,5593,1021205,0
width_k8_seed44_current_tta,10m,own,0.3,SID99,2023-08-27,208,40081,5453,1002834,0
width_k8_seed44_current_tta,10m,common,0.3,SID99,2023-08-27,208,40081,5453,1002834,0
width_k8_seed44_current_tta,10m,own,0.5,SID99,2023-08-27,81,31216,5580,1011699,0
width_k8_seed44_current_tta,10m,common,0.5,SID99,2023-08-27,81,31216,5580,1011699,0
width_k16_seed42_current_tta,10m,own,0.3,SID99,2023-08-27,222,38386,5439,1004529,0
width_k16_seed42_current_tta,10m,common,0.3,SID99,2023-08-27,222,38386,5439,1004529,0
width_k16_seed42_current_tta,10m,own,0.5,SID99,2023-08-27,77,30395,5584,1012520,0
width_k16_seed42_current_tta,10m,common,0.5,SID99,2023-08-27,77,30395,5584,1012520,0
width_k16_seed43_current_tta,10m,own,0.3,SID99,2023-08-27,291,35157,5370,1007758,0
width_k16_seed43_current_tta,10m,common,0.3,SID99,2023-08-27,291,35157,5370,1007758,0
width_k16_seed43_current_tta,10m,own,0.5,SID99,2023-08-27,134,26504,5527,1016411,0
width_k16_seed43_current_tta,10m,common,0.5,SID99,2023-08-27,134,26504,5527,1016411,0
width_k16_seed44_current_tta,10m,own,0.3,SID99,2023-08-27,396,38174,5265,1004741,0
width_k16_seed44_current_tta,10m,common,0.3,SID99,2023-08-27,396,38174,5265,1004741,0
width_k16_seed44_current_tta,10m,own,0.5,SID99,2023-08-27,208,29175,5453,1013740,0
width_k16_seed44_current_tta,10m,common,0.5,SID99,2023-08-27,208,29175,5453,1013740,0
train1000_k16_seed42_current_tta,10m,own,0.3,SID99,2023-08-27,0,79061,5661,963854,0
train1000_k16_seed42_current_tta,10m,common,0.3,SID99,2023-08-27,0,79061,5661,963854,0
train1000_k16_seed42_current_tta,10m,own,0.5,SID99,2023-08-27,0,49881,5661,993034,0
train1000_k16_seed42_current_tta,10m,common,0.5,SID99,2023-08-27,0,49881,5661,993034,0
train1000_k16_seed43_current_tta,10m,own,0.3,SID99,2023-08-27,0,77110,5661,965805,0
train1000_k16_seed43_current_tta,10m,common,0.3,SID99,2023-08-27,0,77110,5661,965805,0
train1000_k16_seed43_current_tta,10m,own,0.5,SID99,2023-08-27,0,48411,5661,994504,0
train1000_k16_seed43_current_tta,10m,common,0.5,SID99,2023-08-27,0,48411,5661,994504,0
train1000_k16_seed44_current_tta,10m,own,0.3,SID99,2023-08-27,0,85412,5661,957503,0
train1000_k16_seed44_current_tta,10m,common,0.3,SID99,2023-08-27,0,85412,5661,957503,0
train1000_k16_seed44_current_tta,10m,own,0.5,SID99,2023-08-27,0,58445,5661,984470,0
train1000_k16_seed44_current_tta,10m,common,0.5,SID99,2023-08-27,0,58445,5661,984470,0
train2000_k16_seed42_current_tta,10m,own,0.3,SID99,2023-08-27,94,38380,5567,1004535,0
train2000_k16_seed42_current_tta,10m,common,0.3,SID99,2023-08-27,94,38380,5567,1004535,0
train2000_k16_seed42_current_tta,10m,own,0.5,SID99,2023-08-27,22,27156,5639,1015759,0
train2000_k16_seed42_current_tta,10m,common,0.5,SID99,2023-08-27,22,27156,5639,1015759,0
train2000_k16_seed43_current_tta,10m,own,0.3,SID99,2023-08-27,157,43329,5504,999586,0
train2000_k16_seed43_current_tta,10m,common,0.3,SID99,2023-08-27,157,43329,5504,999586,0
train2000_k16_seed43_current_tta,10m,own,0.5,SID99,2023-08-27,65,34065,5596,1008850,0
train2000_k16_seed43_current_tta,10m,common,0.5,SID99,2023-08-27,65,34065,5596,1008850,0
train2000_k16_seed44_current_tta,10m,own,0.3,SID99,2023-08-27,94,39279,5567,1003636,0
train2000_k16_seed44_current_tta,10m,common,0.3,SID99,2023-08-27,94,39279,5567,1003636,0
train2000_k16_seed44_current_tta,10m,own,0.5,SID99,2023-08-27,27,28355,5634,1014560,0
train2000_k16_seed44_current_tta,10m,common,0.5,SID99,2023-08-27,27,28355,5634,1014560,0
train3000_k16_seed42_current_tta,10m,own,0.3,SID99,2023-08-27,252,39625,5409,1003290,0
train3000_k16_seed42_current_tta,10m,common,0.3,SID99,2023-08-27,252,39625,5409,1003290,0
train3000_k16_seed42_current_tta,10m,own,0.5,SID99,2023-08-27,94,30866,5567,1012049,0
train3000_k16_seed42_current_tta,10m,common,0.5,SID99,2023-08-27,94,30866,5567,1012049,0
train3000_k16_seed43_current_tta,10m,own,0.3,SID99,2023-08-27,368,38478,5293,1004437,0
train3000_k16_seed43_current_tta,10m,common,0.3,SID99,2023-08-27,368,38478,5293,1004437,0
train3000_k16_seed43_current_tta,10m,own,0.5,SID99,2023-08-27,185,28927,5476,1013988,0
train3000_k16_seed43_current_tta,10m,common,0.5,SID99,2023-08-27,185,28927,5476,1013988,0
train3000_k16_seed44_current_tta,10m,own,0.3,SID99,2023-08-27,342,42773,5319,1000142,0
train3000_k16_seed44_current_tta,10m,common,0.3,SID99,2023-08-27,342,42773,5319,1000142,0
train3000_k16_seed44_current_tta,10m,own,0.5,SID99,2023-08-27,153,33655,5508,1009260,0
train3000_k16_seed44_current_tta,10m,common,0.5,SID99,2023-08-27,153,33655,5508,1009260,0
width_k0_seed42_current_tta,10m,own,0.3,SID100,2022-11-12,6572,3050,34926,1004028,0
width_k0_seed42_current_tta,10m,common,0.3,SID100,2022-11-12,6242,2561,34801,836132,0
width_k0_seed42_current_tta,10m,own,0.5,SID100,2022-11-12,5402,1367,36096,1005711,0
width_k0_seed42_current_tta,10m,common,0.5,SID100,2022-11-12,5108,1048,35935,837645,0
width_k0_seed43_current_tta,10m,own,0.3,SID100,2022-11-12,9664,68480,31834,938598,0
width_k0_seed43_current_tta,10m,common,0.3,SID100,2022-11-12,9318,64984,31725,773709,0
width_k0_seed43_current_tta,10m,own,0.5,SID100,2022-11-12,7315,41302,34183,965776,0
width_k0_seed43_current_tta,10m,common,0.5,SID100,2022-11-12,7002,39937,34041,798756,0
width_k0_seed44_current_tta,10m,own,0.3,SID100,2022-11-12,9745,7943,31753,999135,0
width_k0_seed44_current_tta,10m,common,0.3,SID100,2022-11-12,9401,6793,31642,831900,0
width_k0_seed44_current_tta,10m,own,0.5,SID100,2022-11-12,7993,3280,33505,1003798,0
width_k0_seed44_current_tta,10m,common,0.5,SID100,2022-11-12,7686,2606,33357,836087,0
width_k1_seed42_current_tta,10m,own,0.3,SID100,2022-11-12,37727,4093,3771,1002985,0
width_k1_seed42_current_tta,10m,common,0.3,SID100,2022-11-12,37272,3599,3771,835094,0
width_k1_seed42_current_tta,10m,own,0.5,SID100,2022-11-12,36214,2025,5284,1005053,0
width_k1_seed42_current_tta,10m,common,0.5,SID100,2022-11-12,35770,1679,5273,837014,0
width_k1_seed43_current_tta,10m,own,0.3,SID100,2022-11-12,35197,2552,6301,1004526,0
width_k1_seed43_current_tta,10m,common,0.3,SID100,2022-11-12,34818,2360,6225,836333,0
width_k1_seed43_current_tta,10m,own,0.5,SID100,2022-11-12,32636,1092,8862,1005986,0
width_k1_seed43_current_tta,10m,common,0.5,SID100,2022-11-12,32321,985,8722,837708,0
width_k1_seed44_current_tta,10m,own,0.3,SID100,2022-11-12,37640,4530,3858,1002548,0
width_k1_seed44_current_tta,10m,common,0.3,SID100,2022-11-12,37185,3872,3858,834821,0
width_k1_seed44_current_tta,10m,own,0.5,SID100,2022-11-12,35991,2623,5507,1004455,0
width_k1_seed44_current_tta,10m,common,0.5,SID100,2022-11-12,35543,2264,5500,836429,0
width_k2_seed42_current_tta,10m,own,0.3,SID100,2022-11-12,37211,7072,4287,1000006,0
width_k2_seed42_current_tta,10m,common,0.3,SID100,2022-11-12,36764,6832,4279,831861,0
width_k2_seed42_current_tta,10m,own,0.5,SID100,2022-11-12,35800,3355,5698,1003723,0
width_k2_seed42_current_tta,10m,common,0.5,SID100,2022-11-12,35383,3205,5660,835488,0
width_k2_seed43_current_tta,10m,own,0.3,SID100,2022-11-12,39450,17761,2048,989317,0
width_k2_seed43_current_tta,10m,common,0.3,SID100,2022-11-12,38995,16780,2048,821913,0
width_k2_seed43_current_tta,10m,own,0.5,SID100,2022-11-12,38460,14647,3038,992431,0
width_k2_seed43_current_tta,10m,common,0.5,SID100,2022-11-12,38005,13932,3038,824761,0
width_k2_seed44_current_tta,10m,own,0.3,SID100,2022-11-12,35157,1537,6341,1005541,0
width_k2_seed44_current_tta,10m,common,0.3,SID100,2022-11-12,34728,1342,6315,837351,0
width_k2_seed44_current_tta,10m,own,0.5,SID100,2022-11-12,33091,588,8407,1006490,0
width_k2_seed44_current_tta,10m,common,0.5,SID100,2022-11-12,32711,503,8332,838190,0
width_k3_seed42_current_tta,10m,own,0.3,SID100,2022-11-12,35993,3145,5505,1003933,0
width_k3_seed42_current_tta,10m,common,0.3,SID100,2022-11-12,35553,2904,5490,835789,0
width_k3_seed42_current_tta,10m,own,0.5,SID100,2022-11-12,34447,1424,7051,1005654,0
width_k3_seed42_current_tta,10m,common,0.5,SID100,2022-11-12,34036,1280,7007,837413,0
width_k3_seed43_current_tta,10m,own,0.3,SID100,2022-11-12,38467,11164,3031,995914,0
width_k3_seed43_current_tta,10m,common,0.3,SID100,2022-11-12,38012,10760,3031,827933,0
width_k3_seed43_current_tta,10m,own,0.5,SID100,2022-11-12,37348,6685,4150,1000393,0
width_k3_seed43_current_tta,10m,common,0.5,SID100,2022-11-12,36894,6400,4149,832293,0
width_k3_seed44_current_tta,10m,own,0.3,SID100,2022-11-12,35710,2197,5788,1004881,0
width_k3_seed44_current_tta,10m,common,0.3,SID100,2022-11-12,35297,2030,5746,836663,0
width_k3_seed44_current_tta,10m,own,0.5,SID100,2022-11-12,34103,971,7395,1006107,0
width_k3_seed44_current_tta,10m,common,0.5,SID100,2022-11-12,33735,880,7308,837813,0
width_k4_seed42_current_tta,10m,own,0.3,SID100,2022-11-12,37620,6833,3878,1000245,0
width_k4_seed42_current_tta,10m,common,0.3,SID100,2022-11-12,37165,6499,3878,832194,0
width_k4_seed42_current_tta,10m,own,0.5,SID100,2022-11-12,36353,3939,5145,1003139,0
width_k4_seed42_current_tta,10m,common,0.5,SID100,2022-11-12,35903,3713,5140,834980,0
width_k4_seed43_current_tta,10m,own,0.3,SID100,2022-11-12,35018,1573,6480,1005505,0
width_k4_seed43_current_tta,10m,common,0.3,SID100,2022-11-12,34610,1359,6433,837334,0
width_k4_seed43_current_tta,10m,own,0.5,SID100,2022-11-12,33238,562,8260,1006516,0
width_k4_seed43_current_tta,10m,common,0.5,SID100,2022-11-12,32864,445,8179,838248,0
width_k4_seed44_current_tta,10m,own,0.3,SID100,2022-11-12,37960,8466,3538,998612,0
width_k4_seed44_current_tta,10m,common,0.3,SID100,2022-11-12,37505,8008,3538,830685,0
width_k4_seed44_current_tta,10m,own,0.5,SID100,2022-11-12,36848,4939,4650,1002139,0
width_k4_seed44_current_tta,10m,common,0.5,SID100,2022-11-12,36393,4610,4650,834083,0
width_k8_seed42_current_tta,10m,own,0.3,SID100,2022-11-12,37120,5244,4378,1001834,0
width_k8_seed42_current_tta,10m,common,0.3,SID100,2022-11-12,36670,4941,4373,833752,0
width_k8_seed42_current_tta,10m,own,0.5,SID100,2022-11-12,35695,2680,5803,1004398,0
width_k8_seed42_current_tta,10m,common,0.5,SID100,2022-11-12,35271,2476,5772,836217,0
width_k8_seed43_current_tta,10m,own,0.3,SID100,2022-11-12,35376,1765,6122,1005313,0
width_k8_seed43_current_tta,10m,common,0.3,SID100,2022-11-12,34984,1620,6059,837073,0
width_k8_seed43_current_tta,10m,own,0.5,SID100,2022-11-12,33538,722,7960,1006356,0
width_k8_seed43_current_tta,10m,common,0.5,SID100,2022-11-12,33193,652,7850,838041,0
width_k8_seed44_current_tta,10m,own,0.3,SID100,2022-11-12,35657,2297,5841,1004781,0
width_k8_seed44_current_tta,10m,common,0.3,SID100,2022-11-12,35221,2073,5822,836620,0
width_k8_seed44_current_tta,10m,own,0.5,SID100,2022-11-12,34074,1260,7424,1005818,0
width_k8_seed44_current_tta,10m,common,0.5,SID100,2022-11-12,33668,1119,7375,837574,0
width_k16_seed42_current_tta,10m,own,0.3,SID100,2022-11-12,35550,1812,5948,1005266,0
width_k16_seed42_current_tta,10m,common,0.3,SID100,2022-11-12,35136,1662,5907,837031,0
width_k16_seed42_current_tta,10m,own,0.5,SID100,2022-11-12,34080,883,7418,1006195,0
width_k16_seed42_current_tta,10m,common,0.5,SID100,2022-11-12,33700,799,7343,837894,0
width_k16_seed43_current_tta,10m,own,0.3,SID100,2022-11-12,36261,2615,5237,1004463,0
width_k16_seed43_current_tta,10m,common,0.3,SID100,2022-11-12,35821,2348,5222,836345,0
width_k16_seed43_current_tta,10m,own,0.5,SID100,2022-11-12,34657,1488,6841,1005590,0
width_k16_seed43_current_tta,10m,common,0.5,SID100,2022-11-12,34243,1311,6800,837382,0
width_k16_seed44_current_tta,10m,own,0.3,SID100,2022-11-12,35438,1812,6060,1005266,0
width_k16_seed44_current_tta,10m,common,0.3,SID100,2022-11-12,35000,1617,6043,837076,0
width_k16_seed44_current_tta,10m,own,0.5,SID100,2022-11-12,33695,877,7803,1006201,0
width_k16_seed44_current_tta,10m,common,0.5,SID100,2022-11-12,33284,759,7759,837934,0
train1000_k16_seed42_current_tta,10m,own,0.3,SID100,2022-11-12,30492,7709,11006,999369,0
train1000_k16_seed42_current_tta,10m,common,0.3,SID100,2022-11-12,30117,6248,10926,832445,0
train1000_k16_seed42_current_tta,10m,own,0.5,SID100,2022-11-12,24050,2684,17448,1004394,0
train1000_k16_seed42_current_tta,10m,common,0.5,SID100,2022-11-12,23739,2069,17304,836624,0
train1000_k16_seed43_current_tta,10m,own,0.3,SID100,2022-11-12,29515,9081,11983,997997,0
train1000_k16_seed43_current_tta,10m,common,0.3,SID100,2022-11-12,29087,7337,11956,831356,0
train1000_k16_seed43_current_tta,10m,own,0.5,SID100,2022-11-12,20792,3968,20706,1003110,0
train1000_k16_seed43_current_tta,10m,common,0.5,SID100,2022-11-12,20402,3117,20641,835576,0
train1000_k16_seed44_current_tta,10m,own,0.3,SID100,2022-11-12,17531,8119,23967,998959,0
train1000_k16_seed44_current_tta,10m,common,0.3,SID100,2022-11-12,17150,6546,23893,832147,0
train1000_k16_seed44_current_tta,10m,own,0.5,SID100,2022-11-12,12837,3442,28661,1003636,0
train1000_k16_seed44_current_tta,10m,common,0.5,SID100,2022-11-12,12509,2485,28534,836208,0
train2000_k16_seed42_current_tta,10m,own,0.3,SID100,2022-11-12,34994,1304,6504,1005774,0
train2000_k16_seed42_current_tta,10m,common,0.3,SID100,2022-11-12,34593,1135,6450,837558,0
train2000_k16_seed42_current_tta,10m,own,0.5,SID100,2022-11-12,33149,385,8349,1006693,0
train2000_k16_seed42_current_tta,10m,common,0.5,SID100,2022-11-12,32789,296,8254,838397,0
train2000_k16_seed43_current_tta,10m,own,0.3,SID100,2022-11-12,37814,4501,3684,1002577,0
train2000_k16_seed43_current_tta,10m,common,0.3,SID100,2022-11-12,37381,4212,3662,834481,0
train2000_k16_seed43_current_tta,10m,own,0.5,SID100,2022-11-12,36399,2414,5099,1004664,0
train2000_k16_seed43_current_tta,10m,common,0.5,SID100,2022-11-12,35999,2221,5044,836472,0
train2000_k16_seed44_current_tta,10m,own,0.3,SID100,2022-11-12,37765,5483,3733,1001595,0
train2000_k16_seed44_current_tta,10m,common,0.3,SID100,2022-11-12,37316,5160,3727,833533,0
train2000_k16_seed44_current_tta,10m,own,0.5,SID100,2022-11-12,36401,2612,5097,1004466,0
train2000_k16_seed44_current_tta,10m,common,0.5,SID100,2022-11-12,35981,2388,5062,836305,0
train3000_k16_seed42_current_tta,10m,own,0.3,SID100,2022-11-12,34583,1698,6915,1005380,0
train3000_k16_seed42_current_tta,10m,common,0.3,SID100,2022-11-12,34168,1548,6875,837145,0
train3000_k16_seed42_current_tta,10m,own,0.5,SID100,2022-11-12,32781,518,8717,1006560,0
train3000_k16_seed42_current_tta,10m,common,0.5,SID100,2022-11-12,32405,441,8638,838252,0
train3000_k16_seed43_current_tta,10m,own,0.3,SID100,2022-11-12,36750,2923,4748,1004155,0
train3000_k16_seed43_current_tta,10m,common,0.3,SID100,2022-11-12,36316,2663,4727,836030,0
train3000_k16_seed43_current_tta,10m,own,0.5,SID100,2022-11-12,35283,1464,6215,1005614,0
train3000_k16_seed43_current_tta,10m,common,0.5,SID100,2022-11-12,34879,1302,6164,837391,0
train3000_k16_seed44_current_tta,10m,own,0.3,SID100,2022-11-12,36557,3026,4941,1004052,0
train3000_k16_seed44_current_tta,10m,common,0.3,SID100,2022-11-12,36117,2813,4926,835880,0
train3000_k16_seed44_current_tta,10m,own,0.5,SID100,2022-11-12,35116,1357,6382,1005721,0
train3000_k16_seed44_current_tta,10m,common,0.5,SID100,2022-11-12,34705,1227,6338,837466,0
